ISO-10303-21;
HEADER;
FILE_DESCRIPTION(('FreeCAD Model'),'2;1');
FILE_NAME('Open CASCADE Shape Model','2026-10-01T17:36:38',('Author'),(
    ''),'Open CASCADE STEP processor 8.0','FreeCAD','Unknown');
FILE_SCHEMA(('AUTOMOTIVE_DESIGN { 1 0 10303 214 1 1 1 1 }'));
ENDSEC;
DATA;
#1 = APPLICATION_PROTOCOL_DEFINITION('international standard',
  'automotive_design',2000,#2);
#2 = APPLICATION_CONTEXT(
  'core data for automotive mechanical design processes');
#3 = SHAPE_DEFINITION_REPRESENTATION(#4,#10);
#4 = PRODUCT_DEFINITION_SHAPE('','',#5);
#5 = PRODUCT_DEFINITION('design','',#6,#9);
#6 = PRODUCT_DEFINITION_FORMATION('','',#7);
#7 = PRODUCT('04b_fourche_x2','04b_fourche_x2','',(#8));
#8 = PRODUCT_CONTEXT('',#2,'mechanical');
#9 = PRODUCT_DEFINITION_CONTEXT('part definition',#2,'design');
#10 = ADVANCED_BREP_SHAPE_REPRESENTATION('',(#11,#15),#7034);
#11 = AXIS2_PLACEMENT_3D('',#12,#13,#14);
#12 = CARTESIAN_POINT('',(0.,0.,0.));
#13 = DIRECTION('',(0.,0.,1.));
#14 = DIRECTION('',(1.,0.,-0.));
#15 = MANIFOLD_SOLID_BREP('',#16);
#16 = CLOSED_SHELL('',(#17,#84,#114,#161,#193,#249,#281,#321,#351,#382,
    #417,#453,#504,#529,#1018,#1112,#1147,#1214,#1238,#1298,#1788,#1813,
    #1841,#1876,#1904,#1916,#1933,#1952,#1977,#1996,#2021,#2059,#2077,
    #2677,#2745,#2768,#2791,#2842,#2876,#2908,#2920,#2937,#3537,#3562,
    #3940,#3972,#3998,#4024,#4050,#4076,#4102,#4128,#4154,#4180,#4206,
    #4232,#4258,#4284,#4310,#4336,#4362,#4388,#4414,#4440,#4466,#4492,
    #4518,#4544,#4570,#4596,#4622,#4648,#4674,#4700,#4726,#4752,#4778,
    #4804,#4830,#4856,#4882,#4908,#4934,#4960,#4986,#5012,#5038,#5064,
    #5090,#5116,#5142,#5168,#5188,#5204,#5220,#5232,#5264,#5290,#5316,
    #5342,#5368,#5394,#5420,#5446,#5472,#5498,#5524,#5550,#5576,#5602,
    #5628,#5654,#5680,#5706,#5732,#5758,#5784,#5810,#5836,#5862,#5888,
    #5914,#5940,#5966,#5992,#6018,#6044,#6070,#6096,#6122,#6148,#6174,
    #6200,#6226,#6252,#6278,#6304,#6330,#6356,#6382,#6408,#6434,#6460,
    #6480,#6858,#6946));
#17 = ADVANCED_FACE('',(#18),#79,.T.);
#18 = FACE_BOUND('',#19,.T.);
#19 = EDGE_LOOP('',(#20,#29,#37,#44,#52,#59,#66,#73));
#20 = ORIENTED_EDGE('',*,*,#21,.F.);
#21 = EDGE_CURVE('',#22,#24,#26,.T.);
#22 = VERTEX_POINT('',#23);
#23 = CARTESIAN_POINT('',(-27.,14.9,6.9));
#24 = VERTEX_POINT('',#25);
#25 = CARTESIAN_POINT('',(-19.,23.,11.));
#26 = B_SPLINE_CURVE_WITH_KNOTS('',1,(#27,#28),.UNSPECIFIED.,.F.,.F.,(2,
    2),(0.,1.),.PIECEWISE_BEZIER_KNOTS.);
#27 = CARTESIAN_POINT('',(-27.,14.9,6.9));
#28 = CARTESIAN_POINT('',(-19.,23.,11.));
#29 = ORIENTED_EDGE('',*,*,#30,.T.);
#30 = EDGE_CURVE('',#22,#31,#33,.T.);
#31 = VERTEX_POINT('',#32);
#32 = CARTESIAN_POINT('',(-27.,-14.9,6.9));
#33 = LINE('',#34,#35);
#34 = CARTESIAN_POINT('',(-27.,14.9,6.9));
#35 = VECTOR('',#36,1.);
#36 = DIRECTION('',(0.,-1.,0.));
#37 = ORIENTED_EDGE('',*,*,#38,.T.);
#38 = EDGE_CURVE('',#31,#39,#41,.T.);
#39 = VERTEX_POINT('',#40);
#40 = CARTESIAN_POINT('',(-19.,-23.,11.));
#41 = B_SPLINE_CURVE_WITH_KNOTS('',1,(#42,#43),.UNSPECIFIED.,.F.,.F.,(2,
    2),(0.,1.),.PIECEWISE_BEZIER_KNOTS.);
#42 = CARTESIAN_POINT('',(-27.,-14.9,6.9));
#43 = CARTESIAN_POINT('',(-19.,-23.,11.));
#44 = ORIENTED_EDGE('',*,*,#45,.T.);
#45 = EDGE_CURVE('',#39,#46,#48,.T.);
#46 = VERTEX_POINT('',#47);
#47 = CARTESIAN_POINT('',(-19.,-16.,11.));
#48 = LINE('',#49,#50);
#49 = CARTESIAN_POINT('',(-19.,-23.,11.));
#50 = VECTOR('',#51,1.);
#51 = DIRECTION('',(-0.,1.,0.));
#52 = ORIENTED_EDGE('',*,*,#53,.F.);
#53 = EDGE_CURVE('',#54,#46,#56,.T.);
#54 = VERTEX_POINT('',#55);
#55 = CARTESIAN_POINT('',(-19.01,-16.,10.994875));
#56 = B_SPLINE_CURVE_WITH_KNOTS('',1,(#57,#58),.UNSPECIFIED.,.F.,.F.,(2,
    2),(0.,1.),.PIECEWISE_BEZIER_KNOTS.);
#57 = CARTESIAN_POINT('',(-19.01,-16.,10.994875));
#58 = CARTESIAN_POINT('',(-19.,-16.,11.));
#59 = ORIENTED_EDGE('',*,*,#60,.T.);
#60 = EDGE_CURVE('',#54,#61,#63,.T.);
#61 = VERTEX_POINT('',#62);
#62 = CARTESIAN_POINT('',(-19.01,16.,10.994875));
#63 = B_SPLINE_CURVE_WITH_KNOTS('',1,(#64,#65),.UNSPECIFIED.,.F.,.F.,(2,
    2),(0.,1.),.PIECEWISE_BEZIER_KNOTS.);
#64 = CARTESIAN_POINT('',(-19.01,-16.,10.994875));
#65 = CARTESIAN_POINT('',(-19.01,16.,10.994875));
#66 = ORIENTED_EDGE('',*,*,#67,.F.);
#67 = EDGE_CURVE('',#68,#61,#70,.T.);
#68 = VERTEX_POINT('',#69);
#69 = CARTESIAN_POINT('',(-19.,16.,11.));
#70 = B_SPLINE_CURVE_WITH_KNOTS('',1,(#71,#72),.UNSPECIFIED.,.F.,.F.,(2,
    2),(0.,1.),.PIECEWISE_BEZIER_KNOTS.);
#71 = CARTESIAN_POINT('',(-19.,16.,11.));
#72 = CARTESIAN_POINT('',(-19.01,16.,10.994875));
#73 = ORIENTED_EDGE('',*,*,#74,.T.);
#74 = EDGE_CURVE('',#68,#24,#75,.T.);
#75 = LINE('',#76,#77);
#76 = CARTESIAN_POINT('',(-19.,-23.,11.));
#77 = VECTOR('',#78,1.);
#78 = DIRECTION('',(-0.,1.,0.));
#79 = B_SPLINE_SURFACE_WITH_KNOTS('',1,1,(
    (#80,#81)
    ,(#82,#83)),.UNSPECIFIED.,.F.,.F.,.F.,(2,2),(2,2),(0.,46.),(0.,1.),
  .PIECEWISE_BEZIER_KNOTS.);
#80 = CARTESIAN_POINT('',(-27.,14.9,6.9));
#81 = CARTESIAN_POINT('',(-19.,23.,11.));
#82 = CARTESIAN_POINT('',(-27.,-14.9,6.9));
#83 = CARTESIAN_POINT('',(-19.,-23.,11.));
#84 = ADVANCED_FACE('',(#85),#109,.T.);
#85 = FACE_BOUND('',#86,.T.);
#86 = EDGE_LOOP('',(#87,#95,#96,#104));
#87 = ORIENTED_EDGE('',*,*,#88,.T.);
#88 = EDGE_CURVE('',#89,#22,#91,.T.);
#89 = VERTEX_POINT('',#90);
#90 = CARTESIAN_POINT('',(-27.,14.9,-6.9));
#91 = LINE('',#92,#93);
#92 = CARTESIAN_POINT('',(-27.,14.9,-6.9));
#93 = VECTOR('',#94,1.);
#94 = DIRECTION('',(0.,0.,1.));
#95 = ORIENTED_EDGE('',*,*,#21,.T.);
#96 = ORIENTED_EDGE('',*,*,#97,.F.);
#97 = EDGE_CURVE('',#98,#24,#100,.T.);
#98 = VERTEX_POINT('',#99);
#99 = CARTESIAN_POINT('',(-19.,23.,-11.));
#100 = LINE('',#101,#102);
#101 = CARTESIAN_POINT('',(-19.,23.,-11.));
#102 = VECTOR('',#103,1.);
#103 = DIRECTION('',(0.,0.,1.));
#104 = ORIENTED_EDGE('',*,*,#105,.F.);
#105 = EDGE_CURVE('',#89,#98,#106,.T.);
#106 = B_SPLINE_CURVE_WITH_KNOTS('',1,(#107,#108),.UNSPECIFIED.,.F.,.F.,
  (2,2),(0.,1.),.PIECEWISE_BEZIER_KNOTS.);
#107 = CARTESIAN_POINT('',(-27.,14.9,-6.9));
#108 = CARTESIAN_POINT('',(-19.,23.,-11.));
#109 = B_SPLINE_SURFACE_WITH_KNOTS('',1,1,(
    (#110,#111)
    ,(#112,#113
  )),.UNSPECIFIED.,.F.,.F.,.F.,(2,2),(2,2),(0.,22.),(0.,1.),
  .PIECEWISE_BEZIER_KNOTS.);
#110 = CARTESIAN_POINT('',(-27.,14.9,-6.9));
#111 = CARTESIAN_POINT('',(-19.,23.,-11.));
#112 = CARTESIAN_POINT('',(-27.,14.9,6.9));
#113 = CARTESIAN_POINT('',(-19.,23.,11.));
#114 = ADVANCED_FACE('',(#115),#156,.T.);
#115 = FACE_BOUND('',#116,.T.);
#116 = EDGE_LOOP('',(#117,#118,#126,#134,#142,#150));
#117 = ORIENTED_EDGE('',*,*,#74,.F.);
#118 = ORIENTED_EDGE('',*,*,#119,.F.);
#119 = EDGE_CURVE('',#120,#68,#122,.T.);
#120 = VERTEX_POINT('',#121);
#121 = CARTESIAN_POINT('',(-11.,16.,11.));
#122 = LINE('',#123,#124);
#123 = CARTESIAN_POINT('',(-15.34052631578,16.,11.));
#124 = VECTOR('',#125,1.);
#125 = DIRECTION('',(-1.,-0.,0.));
#126 = ORIENTED_EDGE('',*,*,#127,.T.);
#127 = EDGE_CURVE('',#120,#128,#130,.T.);
#128 = VERTEX_POINT('',#129);
#129 = CARTESIAN_POINT('',(-11.,19.,11.));
#130 = LINE('',#131,#132);
#131 = CARTESIAN_POINT('',(-11.,-23.,11.));
#132 = VECTOR('',#133,1.);
#133 = DIRECTION('',(-0.,1.,0.));
#134 = ORIENTED_EDGE('',*,*,#135,.T.);
#135 = EDGE_CURVE('',#128,#136,#138,.T.);
#136 = VERTEX_POINT('',#137);
#137 = CARTESIAN_POINT('',(-1.347111479062E-15,19.,11.));
#138 = LINE('',#139,#140);
#139 = CARTESIAN_POINT('',(-19.,19.,11.));
#140 = VECTOR('',#141,1.);
#141 = DIRECTION('',(1.,0.,-0.));
#142 = ORIENTED_EDGE('',*,*,#143,.T.);
#143 = EDGE_CURVE('',#136,#144,#146,.T.);
#144 = VERTEX_POINT('',#145);
#145 = CARTESIAN_POINT('',(-1.347111479062E-15,23.,11.));
#146 = LINE('',#147,#148);
#147 = CARTESIAN_POINT('',(-2.694222958124E-15,19.,11.));
#148 = VECTOR('',#149,1.);
#149 = DIRECTION('',(0.,1.,0.));
#150 = ORIENTED_EDGE('',*,*,#151,.F.);
#151 = EDGE_CURVE('',#24,#144,#152,.T.);
#152 = LINE('',#153,#154);
#153 = CARTESIAN_POINT('',(-19.,23.,11.));
#154 = VECTOR('',#155,1.);
#155 = DIRECTION('',(1.,0.,-0.));
#156 = PLANE('',#157);
#157 = AXIS2_PLACEMENT_3D('',#158,#159,#160);
#158 = CARTESIAN_POINT('',(-11.67105263157,0.,11.));
#159 = DIRECTION('',(0.,0.,1.));
#160 = DIRECTION('',(1.,0.,-0.));
#161 = ADVANCED_FACE('',(#162),#188,.F.);
#162 = FACE_BOUND('',#163,.F.);
#163 = EDGE_LOOP('',(#164,#174,#180,#181,#182));
#164 = ORIENTED_EDGE('',*,*,#165,.F.);
#165 = EDGE_CURVE('',#166,#168,#170,.T.);
#166 = VERTEX_POINT('',#167);
#167 = CARTESIAN_POINT('',(-19.01,16.,4.));
#168 = VERTEX_POINT('',#169);
#169 = CARTESIAN_POINT('',(-11.,16.,4.));
#170 = LINE('',#171,#172);
#171 = CARTESIAN_POINT('',(-19.01,16.,4.));
#172 = VECTOR('',#173,1.);
#173 = DIRECTION('',(1.,0.,-0.));
#174 = ORIENTED_EDGE('',*,*,#175,.T.);
#175 = EDGE_CURVE('',#166,#61,#176,.T.);
#176 = LINE('',#177,#178);
#177 = CARTESIAN_POINT('',(-19.01,16.,4.));
#178 = VECTOR('',#179,1.);
#179 = DIRECTION('',(0.,0.,1.));
#180 = ORIENTED_EDGE('',*,*,#67,.F.);
#181 = ORIENTED_EDGE('',*,*,#119,.F.);
#182 = ORIENTED_EDGE('',*,*,#183,.F.);
#183 = EDGE_CURVE('',#168,#120,#184,.T.);
#184 = LINE('',#185,#186);
#185 = CARTESIAN_POINT('',(-11.,16.,-3.5));
#186 = VECTOR('',#187,1.);
#187 = DIRECTION('',(0.,0.,1.));
#188 = PLANE('',#189);
#189 = AXIS2_PLACEMENT_3D('',#190,#191,#192);
#190 = CARTESIAN_POINT('',(-19.01,16.,4.));
#191 = DIRECTION('',(-0.,1.,0.));
#192 = DIRECTION('',(0.,0.,1.));
#193 = ADVANCED_FACE('',(#194),#244,.T.);
#194 = FACE_BOUND('',#195,.T.);
#195 = EDGE_LOOP('',(#196,#204,#212,#220,#228,#236,#242,#243));
#196 = ORIENTED_EDGE('',*,*,#197,.F.);
#197 = EDGE_CURVE('',#198,#54,#200,.T.);
#198 = VERTEX_POINT('',#199);
#199 = CARTESIAN_POINT('',(-19.01,-16.,4.));
#200 = LINE('',#201,#202);
#201 = CARTESIAN_POINT('',(-19.01,-16.,4.));
#202 = VECTOR('',#203,1.);
#203 = DIRECTION('',(0.,0.,1.));
#204 = ORIENTED_EDGE('',*,*,#205,.T.);
#205 = EDGE_CURVE('',#198,#206,#208,.T.);
#206 = VERTEX_POINT('',#207);
#207 = CARTESIAN_POINT('',(-19.01,-12.1,4.));
#208 = LINE('',#209,#210);
#209 = CARTESIAN_POINT('',(-19.01,-16.,4.));
#210 = VECTOR('',#211,1.);
#211 = DIRECTION('',(-0.,1.,0.));
#212 = ORIENTED_EDGE('',*,*,#213,.T.);
#213 = EDGE_CURVE('',#206,#214,#216,.T.);
#214 = VERTEX_POINT('',#215);
#215 = CARTESIAN_POINT('',(-19.01,-12.1,4.1));
#216 = LINE('',#217,#218);
#217 = CARTESIAN_POINT('',(-19.01,-12.1,-5.E-02));
#218 = VECTOR('',#219,1.);
#219 = DIRECTION('',(0.,0.,1.));
#220 = ORIENTED_EDGE('',*,*,#221,.F.);
#221 = EDGE_CURVE('',#222,#214,#224,.T.);
#222 = VERTEX_POINT('',#223);
#223 = CARTESIAN_POINT('',(-19.01,12.1,4.1));
#224 = LINE('',#225,#226);
#225 = CARTESIAN_POINT('',(-19.01,-14.05,4.1));
#226 = VECTOR('',#227,1.);
#227 = DIRECTION('',(0.,-1.,0.));
#228 = ORIENTED_EDGE('',*,*,#229,.F.);
#229 = EDGE_CURVE('',#230,#222,#232,.T.);
#230 = VERTEX_POINT('',#231);
#231 = CARTESIAN_POINT('',(-19.01,12.1,4.));
#232 = LINE('',#233,#234);
#233 = CARTESIAN_POINT('',(-19.01,12.1,-5.E-02));
#234 = VECTOR('',#235,1.);
#235 = DIRECTION('',(0.,0.,1.));
#236 = ORIENTED_EDGE('',*,*,#237,.T.);
#237 = EDGE_CURVE('',#230,#166,#238,.T.);
#238 = LINE('',#239,#240);
#239 = CARTESIAN_POINT('',(-19.01,-16.,4.));
#240 = VECTOR('',#241,1.);
#241 = DIRECTION('',(-0.,1.,0.));
#242 = ORIENTED_EDGE('',*,*,#175,.T.);
#243 = ORIENTED_EDGE('',*,*,#60,.F.);
#244 = PLANE('',#245);
#245 = AXIS2_PLACEMENT_3D('',#246,#247,#248);
#246 = CARTESIAN_POINT('',(-19.01,-16.,4.));
#247 = DIRECTION('',(1.,0.,-0.));
#248 = DIRECTION('',(0.,0.,1.));
#249 = ADVANCED_FACE('',(#250),#276,.T.);
#250 = FACE_BOUND('',#251,.T.);
#251 = EDGE_LOOP('',(#252,#260,#261,#262,#270));
#252 = ORIENTED_EDGE('',*,*,#253,.F.);
#253 = EDGE_CURVE('',#198,#254,#256,.T.);
#254 = VERTEX_POINT('',#255);
#255 = CARTESIAN_POINT('',(-11.,-16.,4.));
#256 = LINE('',#257,#258);
#257 = CARTESIAN_POINT('',(-19.01,-16.,4.));
#258 = VECTOR('',#259,1.);
#259 = DIRECTION('',(1.,0.,-0.));
#260 = ORIENTED_EDGE('',*,*,#197,.T.);
#261 = ORIENTED_EDGE('',*,*,#53,.T.);
#262 = ORIENTED_EDGE('',*,*,#263,.F.);
#263 = EDGE_CURVE('',#264,#46,#266,.T.);
#264 = VERTEX_POINT('',#265);
#265 = CARTESIAN_POINT('',(-11.,-16.,11.));
#266 = LINE('',#267,#268);
#267 = CARTESIAN_POINT('',(-15.34052631578,-16.,11.));
#268 = VECTOR('',#269,1.);
#269 = DIRECTION('',(-1.,-0.,0.));
#270 = ORIENTED_EDGE('',*,*,#271,.F.);
#271 = EDGE_CURVE('',#254,#264,#272,.T.);
#272 = LINE('',#273,#274);
#273 = CARTESIAN_POINT('',(-11.,-16.,-3.5));
#274 = VECTOR('',#275,1.);
#275 = DIRECTION('',(0.,0.,1.));
#276 = PLANE('',#277);
#277 = AXIS2_PLACEMENT_3D('',#278,#279,#280);
#278 = CARTESIAN_POINT('',(-19.01,-16.,4.));
#279 = DIRECTION('',(-0.,1.,0.));
#280 = DIRECTION('',(0.,0.,1.));
#281 = ADVANCED_FACE('',(#282),#316,.T.);
#282 = FACE_BOUND('',#283,.T.);
#283 = EDGE_LOOP('',(#284,#285,#293,#301,#309,#315));
#284 = ORIENTED_EDGE('',*,*,#45,.F.);
#285 = ORIENTED_EDGE('',*,*,#286,.T.);
#286 = EDGE_CURVE('',#39,#287,#289,.T.);
#287 = VERTEX_POINT('',#288);
#288 = CARTESIAN_POINT('',(-1.347111479062E-15,-23.,11.));
#289 = LINE('',#290,#291);
#290 = CARTESIAN_POINT('',(-19.,-23.,11.));
#291 = VECTOR('',#292,1.);
#292 = DIRECTION('',(1.,0.,-0.));
#293 = ORIENTED_EDGE('',*,*,#294,.T.);
#294 = EDGE_CURVE('',#287,#295,#297,.T.);
#295 = VERTEX_POINT('',#296);
#296 = CARTESIAN_POINT('',(-1.347111479062E-15,-19.,11.));
#297 = LINE('',#298,#299);
#298 = CARTESIAN_POINT('',(-2.694222958124E-15,-23.,11.));
#299 = VECTOR('',#300,1.);
#300 = DIRECTION('',(0.,1.,0.));
#301 = ORIENTED_EDGE('',*,*,#302,.F.);
#302 = EDGE_CURVE('',#303,#295,#305,.T.);
#303 = VERTEX_POINT('',#304);
#304 = CARTESIAN_POINT('',(-11.,-19.,11.));
#305 = LINE('',#306,#307);
#306 = CARTESIAN_POINT('',(-19.,-19.,11.));
#307 = VECTOR('',#308,1.);
#308 = DIRECTION('',(1.,0.,-0.));
#309 = ORIENTED_EDGE('',*,*,#310,.T.);
#310 = EDGE_CURVE('',#303,#264,#311,.T.);
#311 = LINE('',#312,#313);
#312 = CARTESIAN_POINT('',(-11.,-23.,11.));
#313 = VECTOR('',#314,1.);
#314 = DIRECTION('',(-0.,1.,0.));
#315 = ORIENTED_EDGE('',*,*,#263,.T.);
#316 = PLANE('',#317);
#317 = AXIS2_PLACEMENT_3D('',#318,#319,#320);
#318 = CARTESIAN_POINT('',(-11.67105263157,0.,11.));
#319 = DIRECTION('',(0.,0.,1.));
#320 = DIRECTION('',(1.,0.,-0.));
#321 = ADVANCED_FACE('',(#322),#346,.T.);
#322 = FACE_BOUND('',#323,.T.);
#323 = EDGE_LOOP('',(#324,#332,#339,#345));
#324 = ORIENTED_EDGE('',*,*,#325,.T.);
#325 = EDGE_CURVE('',#31,#326,#328,.T.);
#326 = VERTEX_POINT('',#327);
#327 = CARTESIAN_POINT('',(-27.,-14.9,-6.9));
#328 = LINE('',#329,#330);
#329 = CARTESIAN_POINT('',(-27.,-14.9,6.9));
#330 = VECTOR('',#331,1.);
#331 = DIRECTION('',(0.,0.,-1.));
#332 = ORIENTED_EDGE('',*,*,#333,.T.);
#333 = EDGE_CURVE('',#326,#334,#336,.T.);
#334 = VERTEX_POINT('',#335);
#335 = CARTESIAN_POINT('',(-19.,-23.,-11.));
#336 = B_SPLINE_CURVE_WITH_KNOTS('',1,(#337,#338),.UNSPECIFIED.,.F.,.F.,
  (2,2),(0.,1.),.PIECEWISE_BEZIER_KNOTS.);
#337 = CARTESIAN_POINT('',(-27.,-14.9,-6.9));
#338 = CARTESIAN_POINT('',(-19.,-23.,-11.));
#339 = ORIENTED_EDGE('',*,*,#340,.T.);
#340 = EDGE_CURVE('',#334,#39,#341,.T.);
#341 = LINE('',#342,#343);
#342 = CARTESIAN_POINT('',(-19.,-23.,-11.));
#343 = VECTOR('',#344,1.);
#344 = DIRECTION('',(0.,0.,1.));
#345 = ORIENTED_EDGE('',*,*,#38,.F.);
#346 = B_SPLINE_SURFACE_WITH_KNOTS('',1,1,(
    (#347,#348)
    ,(#349,#350
  )),.UNSPECIFIED.,.F.,.F.,.F.,(2,2),(2,2),(0.,22.),(0.,1.),
  .PIECEWISE_BEZIER_KNOTS.);
#347 = CARTESIAN_POINT('',(-27.,-14.9,6.9));
#348 = CARTESIAN_POINT('',(-19.,-23.,11.));
#349 = CARTESIAN_POINT('',(-27.,-14.9,-6.9));
#350 = CARTESIAN_POINT('',(-19.,-23.,-11.));
#351 = ADVANCED_FACE('',(#352),#377,.T.);
#352 = FACE_BOUND('',#353,.T.);
#353 = EDGE_LOOP('',(#354,#364,#370,#371));
#354 = ORIENTED_EDGE('',*,*,#355,.F.);
#355 = EDGE_CURVE('',#356,#358,#360,.T.);
#356 = VERTEX_POINT('',#357);
#357 = CARTESIAN_POINT('',(-34.,-14.9,6.9));
#358 = VERTEX_POINT('',#359);
#359 = CARTESIAN_POINT('',(-34.,14.9,6.9));
#360 = LINE('',#361,#362);
#361 = CARTESIAN_POINT('',(-34.,-14.9,6.9));
#362 = VECTOR('',#363,1.);
#363 = DIRECTION('',(-0.,1.,0.));
#364 = ORIENTED_EDGE('',*,*,#365,.T.);
#365 = EDGE_CURVE('',#356,#31,#366,.T.);
#366 = LINE('',#367,#368);
#367 = CARTESIAN_POINT('',(-34.,-14.9,6.9));
#368 = VECTOR('',#369,1.);
#369 = DIRECTION('',(1.,0.,-0.));
#370 = ORIENTED_EDGE('',*,*,#30,.F.);
#371 = ORIENTED_EDGE('',*,*,#372,.F.);
#372 = EDGE_CURVE('',#358,#22,#373,.T.);
#373 = LINE('',#374,#375);
#374 = CARTESIAN_POINT('',(-34.,14.9,6.9));
#375 = VECTOR('',#376,1.);
#376 = DIRECTION('',(1.,0.,-0.));
#377 = PLANE('',#378);
#378 = AXIS2_PLACEMENT_3D('',#379,#380,#381);
#379 = CARTESIAN_POINT('',(-34.,-14.9,6.9));
#380 = DIRECTION('',(0.,0.,1.));
#381 = DIRECTION('',(1.,0.,-0.));
#382 = ADVANCED_FACE('',(#383,#401),#412,.T.);
#383 = FACE_BOUND('',#384,.T.);
#384 = EDGE_LOOP('',(#385,#393,#399,#400));
#385 = ORIENTED_EDGE('',*,*,#386,.F.);
#386 = EDGE_CURVE('',#387,#89,#389,.T.);
#387 = VERTEX_POINT('',#388);
#388 = CARTESIAN_POINT('',(-34.,14.9,-6.9));
#389 = LINE('',#390,#391);
#390 = CARTESIAN_POINT('',(-34.,14.9,-6.9));
#391 = VECTOR('',#392,1.);
#392 = DIRECTION('',(1.,0.,-0.));
#393 = ORIENTED_EDGE('',*,*,#394,.T.);
#394 = EDGE_CURVE('',#387,#358,#395,.T.);
#395 = LINE('',#396,#397);
#396 = CARTESIAN_POINT('',(-34.,14.9,-6.9));
#397 = VECTOR('',#398,1.);
#398 = DIRECTION('',(0.,0.,1.));
#399 = ORIENTED_EDGE('',*,*,#372,.T.);
#400 = ORIENTED_EDGE('',*,*,#88,.F.);
#401 = FACE_BOUND('',#402,.T.);
#402 = EDGE_LOOP('',(#403));
#403 = ORIENTED_EDGE('',*,*,#404,.F.);
#404 = EDGE_CURVE('',#405,#405,#407,.T.);
#405 = VERTEX_POINT('',#406);
#406 = CARTESIAN_POINT('',(-30.5,14.9,1.6));
#407 = CIRCLE('',#408,1.6);
#408 = AXIS2_PLACEMENT_3D('',#409,#410,#411);
#409 = CARTESIAN_POINT('',(-30.5,14.9,0.));
#410 = DIRECTION('',(0.,1.,0.));
#411 = DIRECTION('',(0.,-0.,1.));
#412 = PLANE('',#413);
#413 = AXIS2_PLACEMENT_3D('',#414,#415,#416);
#414 = CARTESIAN_POINT('',(-34.,14.9,-6.9));
#415 = DIRECTION('',(-0.,1.,0.));
#416 = DIRECTION('',(0.,0.,1.));
#417 = ADVANCED_FACE('',(#418,#437),#448,.T.);
#418 = FACE_BOUND('',#419,.T.);
#419 = EDGE_LOOP('',(#420,#421,#422,#431));
#420 = ORIENTED_EDGE('',*,*,#97,.T.);
#421 = ORIENTED_EDGE('',*,*,#151,.T.);
#422 = ORIENTED_EDGE('',*,*,#423,.T.);
#423 = EDGE_CURVE('',#144,#424,#426,.T.);
#424 = VERTEX_POINT('',#425);
#425 = CARTESIAN_POINT('',(0.,23.,-11.));
#426 = CIRCLE('',#427,11.);
#427 = AXIS2_PLACEMENT_3D('',#428,#429,#430);
#428 = CARTESIAN_POINT('',(0.,23.,0.));
#429 = DIRECTION('',(0.,1.,0.));
#430 = DIRECTION('',(0.,-0.,1.));
#431 = ORIENTED_EDGE('',*,*,#432,.F.);
#432 = EDGE_CURVE('',#98,#424,#433,.T.);
#433 = LINE('',#434,#435);
#434 = CARTESIAN_POINT('',(-19.,23.,-11.));
#435 = VECTOR('',#436,1.);
#436 = DIRECTION('',(1.,0.,-0.));
#437 = FACE_BOUND('',#438,.T.);
#438 = EDGE_LOOP('',(#439));
#439 = ORIENTED_EDGE('',*,*,#440,.F.);
#440 = EDGE_CURVE('',#441,#441,#443,.T.);
#441 = VERTEX_POINT('',#442);
#442 = CARTESIAN_POINT('',(-1.053196247267E-15,23.,4.3));
#443 = CIRCLE('',#444,4.3);
#444 = AXIS2_PLACEMENT_3D('',#445,#446,#447);
#445 = CARTESIAN_POINT('',(0.,23.,0.));
#446 = DIRECTION('',(0.,1.,0.));
#447 = DIRECTION('',(0.,-0.,1.));
#448 = PLANE('',#449);
#449 = AXIS2_PLACEMENT_3D('',#450,#451,#452);
#450 = CARTESIAN_POINT('',(-6.122815615959,23.,3.056097788215E-16));
#451 = DIRECTION('',(0.,1.,0.));
#452 = DIRECTION('',(0.,-0.,1.));
#453 = ADVANCED_FACE('',(#454),#499,.T.);
#454 = FACE_BOUND('',#455,.T.);
#455 = EDGE_LOOP('',(#456,#457,#463,#464,#472,#479,#486,#493));
#456 = ORIENTED_EDGE('',*,*,#333,.F.);
#457 = ORIENTED_EDGE('',*,*,#458,.T.);
#458 = EDGE_CURVE('',#326,#89,#459,.T.);
#459 = LINE('',#460,#461);
#460 = CARTESIAN_POINT('',(-27.,-14.9,-6.9));
#461 = VECTOR('',#462,1.);
#462 = DIRECTION('',(0.,1.,0.));
#463 = ORIENTED_EDGE('',*,*,#105,.T.);
#464 = ORIENTED_EDGE('',*,*,#465,.F.);
#465 = EDGE_CURVE('',#466,#98,#468,.T.);
#466 = VERTEX_POINT('',#467);
#467 = CARTESIAN_POINT('',(-19.,16.,-11.));
#468 = LINE('',#469,#470);
#469 = CARTESIAN_POINT('',(-19.,19.,-11.));
#470 = VECTOR('',#471,1.);
#471 = DIRECTION('',(-0.,1.,0.));
#472 = ORIENTED_EDGE('',*,*,#473,.F.);
#473 = EDGE_CURVE('',#474,#466,#476,.T.);
#474 = VERTEX_POINT('',#475);
#475 = CARTESIAN_POINT('',(-19.01,16.,-10.994875));
#476 = B_SPLINE_CURVE_WITH_KNOTS('',1,(#477,#478),.UNSPECIFIED.,.F.,.F.,
  (2,2),(0.,1.),.PIECEWISE_BEZIER_KNOTS.);
#477 = CARTESIAN_POINT('',(-19.01,16.,-10.994875));
#478 = CARTESIAN_POINT('',(-19.,16.,-11.));
#479 = ORIENTED_EDGE('',*,*,#480,.T.);
#480 = EDGE_CURVE('',#474,#481,#483,.T.);
#481 = VERTEX_POINT('',#482);
#482 = CARTESIAN_POINT('',(-19.01,-16.,-10.994875));
#483 = B_SPLINE_CURVE_WITH_KNOTS('',1,(#484,#485),.UNSPECIFIED.,.F.,.F.,
  (2,2),(0.,1.),.PIECEWISE_BEZIER_KNOTS.);
#484 = CARTESIAN_POINT('',(-19.01,16.,-10.994875));
#485 = CARTESIAN_POINT('',(-19.01,-16.,-10.994875));
#486 = ORIENTED_EDGE('',*,*,#487,.F.);
#487 = EDGE_CURVE('',#488,#481,#490,.T.);
#488 = VERTEX_POINT('',#489);
#489 = CARTESIAN_POINT('',(-19.,-16.,-11.));
#490 = B_SPLINE_CURVE_WITH_KNOTS('',1,(#491,#492),.UNSPECIFIED.,.F.,.F.,
  (2,2),(0.,1.),.PIECEWISE_BEZIER_KNOTS.);
#491 = CARTESIAN_POINT('',(-19.,-16.,-11.));
#492 = CARTESIAN_POINT('',(-19.01,-16.,-10.994875));
#493 = ORIENTED_EDGE('',*,*,#494,.F.);
#494 = EDGE_CURVE('',#334,#488,#495,.T.);
#495 = LINE('',#496,#497);
#496 = CARTESIAN_POINT('',(-19.,19.,-11.));
#497 = VECTOR('',#498,1.);
#498 = DIRECTION('',(-0.,1.,0.));
#499 = B_SPLINE_SURFACE_WITH_KNOTS('',1,1,(
    (#500,#501)
    ,(#502,#503
  )),.UNSPECIFIED.,.F.,.F.,.F.,(2,2),(2,2),(0.,46.),(0.,1.),
  .PIECEWISE_BEZIER_KNOTS.);
#500 = CARTESIAN_POINT('',(-27.,-14.9,-6.9));
#501 = CARTESIAN_POINT('',(-19.,-23.,-11.));
#502 = CARTESIAN_POINT('',(-27.,14.9,-6.9));
#503 = CARTESIAN_POINT('',(-19.,23.,-11.));
#504 = ADVANCED_FACE('',(#505),#524,.T.);
#505 = FACE_BOUND('',#506,.T.);
#506 = EDGE_LOOP('',(#507,#508,#509,#518));
#507 = ORIENTED_EDGE('',*,*,#423,.F.);
#508 = ORIENTED_EDGE('',*,*,#143,.F.);
#509 = ORIENTED_EDGE('',*,*,#510,.T.);
#510 = EDGE_CURVE('',#136,#511,#513,.T.);
#511 = VERTEX_POINT('',#512);
#512 = CARTESIAN_POINT('',(0.,19.,-11.));
#513 = CIRCLE('',#514,11.);
#514 = AXIS2_PLACEMENT_3D('',#515,#516,#517);
#515 = CARTESIAN_POINT('',(0.,19.,0.));
#516 = DIRECTION('',(0.,1.,0.));
#517 = DIRECTION('',(0.,-0.,1.));
#518 = ORIENTED_EDGE('',*,*,#519,.T.);
#519 = EDGE_CURVE('',#511,#424,#520,.T.);
#520 = LINE('',#521,#522);
#521 = CARTESIAN_POINT('',(0.,19.,-11.));
#522 = VECTOR('',#523,1.);
#523 = DIRECTION('',(-0.,1.,0.));
#524 = CYLINDRICAL_SURFACE('',#525,11.);
#525 = AXIS2_PLACEMENT_3D('',#526,#527,#528);
#526 = CARTESIAN_POINT('',(0.,19.,0.));
#527 = DIRECTION('',(0.,1.,0.));
#528 = DIRECTION('',(0.,-0.,1.));
#529 = ADVANCED_FACE('',(#530,#548),#1013,.T.);
#530 = FACE_BOUND('',#531,.T.);
#531 = EDGE_LOOP('',(#532,#540,#546,#547));
#532 = ORIENTED_EDGE('',*,*,#533,.F.);
#533 = EDGE_CURVE('',#534,#128,#536,.T.);
#534 = VERTEX_POINT('',#535);
#535 = CARTESIAN_POINT('',(-11.,19.,-11.));
#536 = LINE('',#537,#538);
#537 = CARTESIAN_POINT('',(-11.,19.,-5.5));
#538 = VECTOR('',#539,1.);
#539 = DIRECTION('',(0.,-0.,1.));
#540 = ORIENTED_EDGE('',*,*,#541,.T.);
#541 = EDGE_CURVE('',#534,#511,#542,.T.);
#542 = LINE('',#543,#544);
#543 = CARTESIAN_POINT('',(-19.,19.,-11.));
#544 = VECTOR('',#545,1.);
#545 = DIRECTION('',(1.,0.,-0.));
#546 = ORIENTED_EDGE('',*,*,#510,.F.);
#547 = ORIENTED_EDGE('',*,*,#135,.F.);
#548 = FACE_BOUND('',#549,.T.);
#549 = EDGE_LOOP('',(#550,#571,#590,#609,#628,#647,#666,#685,#704,#723,
    #742,#761,#774,#787,#806,#825,#844,#863,#882,#901,#920,#939,#958,
    #977,#996));
#550 = ORIENTED_EDGE('',*,*,#551,.T.);
#551 = EDGE_CURVE('',#552,#554,#556,.T.);
#552 = VERTEX_POINT('',#553);
#553 = CARTESIAN_POINT('',(-9.918471261225,19.,1.274334273355));
#554 = VERTEX_POINT('',#555);
#555 = CARTESIAN_POINT('',(-9.250685568752,19.,3.798001646666));
#556 = B_SPLINE_CURVE_WITH_KNOTS('',4,(#557,#558,#559,#560,#561,#562,
    #563,#564,#565,#566,#567,#568,#569,#570),.UNSPECIFIED.,.F.,.F.,(5,3,
    3,3,5),(0.,0.249457811015,0.499952167163,0.751175151295,1.),
  .UNSPECIFIED.);
#557 = CARTESIAN_POINT('',(-9.918471261225,19.,1.274334273355));
#558 = CARTESIAN_POINT('',(-9.897555585625,19.,1.43712635365));
#559 = CARTESIAN_POINT('',(-9.87301002547,19.,1.599984984641));
#560 = CARTESIAN_POINT('',(-9.844814497724,19.,1.762657077859));
#561 = CARTESIAN_POINT('',(-9.781035623351,19.,2.087798414286));
#562 = CARTESIAN_POINT('',(-9.745422047896,19.,2.250264252978));
#563 = CARTESIAN_POINT('',(-9.706172998701,19.,2.412033123955));
#564 = CARTESIAN_POINT('',(-9.620409652964,19.,2.734150242649));
#565 = CARTESIAN_POINT('',(-9.573874492344,19.,2.894493229466));
#566 = CARTESIAN_POINT('',(-9.523813910607,19.,3.053637357106));
#567 = CARTESIAN_POINT('',(-9.417366743494,19.,3.367552404598));
#568 = CARTESIAN_POINT('',(-9.361045002295,19.,3.522350789415));
#569 = CARTESIAN_POINT('',(-9.301474068366,19.,3.67551447543));
#570 = CARTESIAN_POINT('',(-9.23879511219,19.,3.826834837692));
#571 = ORIENTED_EDGE('',*,*,#572,.T.);
#572 = EDGE_CURVE('',#554,#573,#575,.T.);
#573 = VERTEX_POINT('',#574);
#574 = CARTESIAN_POINT('',(-7.95248094225,19.,6.062841484251));
#575 = B_SPLINE_CURVE_WITH_KNOTS('',4,(#576,#577,#578,#579,#580,#581,
    #582,#583,#584,#585,#586,#587,#588,#589),.UNSPECIFIED.,.F.,.F.,(5,3,
    3,3,5),(0.,0.249457811015,0.499952167163,0.751175151293,1.),
  .UNSPECIFIED.);
#576 = CARTESIAN_POINT('',(-9.250685568752,19.,3.798001646666));
#577 = CARTESIAN_POINT('',(-9.188348886743,19.,3.949833346152));
#578 = CARTESIAN_POINT('',(-9.122488780909,19.,4.10078984542));
#579 = CARTESIAN_POINT('',(-9.053151356642,19.,4.250621481908));
#580 = CARTESIAN_POINT('',(-8.907392924496,19.,4.548176708594));
#581 = CARTESIAN_POINT('',(-8.830943598966,19.,4.695889186484));
#582 = CARTESIAN_POINT('',(-8.751163063977,19.,4.841987515417));
#583 = CARTESIAN_POINT('',(-8.58495198831,19.,5.130931572203));
#584 = CARTESIAN_POINT('',(-8.498502656101,19.,5.273766818398));
#585 = CARTESIAN_POINT('',(-8.408958316173,19.,5.414531609424));
#586 = CARTESIAN_POINT('',(-8.224891055488,19.,5.690199706911));
#587 = CARTESIAN_POINT('',(-8.13042366094,19.,5.825146325399));
#588 = CARTESIAN_POINT('',(-8.033240878402,19.,5.957672993136));
#589 = CARTESIAN_POINT('',(-7.933533064201,19.,6.087614731504));
#590 = ORIENTED_EDGE('',*,*,#591,.T.);
#591 = EDGE_CURVE('',#573,#592,#594,.T.);
#592 = VERTEX_POINT('',#593);
#593 = CARTESIAN_POINT('',(-6.112327881629,19.,7.914508694004));
#594 = B_SPLINE_CURVE_WITH_KNOTS('',4,(#595,#596,#597,#598,#599,#600,
    #601,#602,#603,#604,#605,#606,#607,#608),.UNSPECIFIED.,.F.,.F.,(5,3,
    3,3,5),(0.,0.249457811015,0.499952167163,0.751175151295,1.),
  .UNSPECIFIED.);
#595 = CARTESIAN_POINT('',(-7.95248094225,19.,6.062841484251));
#596 = CARTESIAN_POINT('',(-7.852971395695,19.,6.193365723522));
#597 = CARTESIAN_POINT('',(-7.750285001554,19.,6.322132655108));
#598 = CARTESIAN_POINT('',(-7.644530911645,19.,6.448913056448));
#599 = CARTESIAN_POINT('',(-7.426726118,19.,6.698604276428));
#600 = CARTESIAN_POINT('',(-7.31465093759,19.,6.821497032255));
#601 = CARTESIAN_POINT('',(-7.199775828424,19.,6.941968459465));
#602 = CARTESIAN_POINT('',(-6.964444032955,19.,7.178048394379));
#603 = CARTESIAN_POINT('',(-6.843971908281,19.,7.293641913972));
#604 = CARTESIAN_POINT('',(-6.721046108948,19.,7.406434480502));
#605 = CARTESIAN_POINT('',(-6.471902634321,19.,7.625069302704));
#606 = CARTESIAN_POINT('',(-6.345727383249,19.,7.730967765821));
#607 = CARTESIAN_POINT('',(-6.217555598132,19.,7.833825941883));
#608 = CARTESIAN_POINT('',(-6.08761384867,19.,7.933533741624));
#609 = ORIENTED_EDGE('',*,*,#610,.T.);
#610 = EDGE_CURVE('',#592,#611,#613,.T.);
#611 = VERTEX_POINT('',#612);
#612 = CARTESIAN_POINT('',(-3.855629776974,19.,9.226815215604));
#613 = B_SPLINE_CURVE_WITH_KNOTS('',4,(#614,#615,#616,#617,#618,#619,
    #620,#621,#622,#623,#624,#625,#626,#627),.UNSPECIFIED.,.F.,.F.,(5,3,
    3,3,5),(0.,0.249457811015,0.499952167163,0.751175151294,1.),
  .UNSPECIFIED.);
#614 = CARTESIAN_POINT('',(-6.112327881629,19.,7.914508694004));
#615 = CARTESIAN_POINT('',(-5.982426881678,19.,8.014830461854));
#616 = CARTESIAN_POINT('',(-5.849912107296,19.,8.112632572169));
#617 = CARTESIAN_POINT('',(-5.714948318204,19.,8.207721863525));
#618 = CARTESIAN_POINT('',(-5.439940199807,19.,8.392533032791));
#619 = CARTESIAN_POINT('',(-5.29987690285,19.,8.482231128335));
#620 = CARTESIAN_POINT('',(-5.157735768356,19.,8.568865725147));
#621 = CARTESIAN_POINT('',(-4.869320726044,19.,8.735993080763));
#622 = CARTESIAN_POINT('',(-4.723035785113,19.,8.816467366419));
#623 = CARTESIAN_POINT('',(-4.575105716457,19.,8.893601081442));
#624 = CARTESIAN_POINT('',(-4.277864743955,19.,9.040303026536));
#625 = CARTESIAN_POINT('',(-4.128580271203,19.,9.109936529028));
#626 = CARTESIAN_POINT('',(-3.978154178847,19.,9.176116598698));
#627 = CARTESIAN_POINT('',(-3.82683380961,19.,9.238795538036));
#628 = ORIENTED_EDGE('',*,*,#629,.T.);
#629 = EDGE_CURVE('',#611,#630,#632,.T.);
#630 = VERTEX_POINT('',#631);
#631 = CARTESIAN_POINT('',(-1.336176874749,19.,9.910329528295));
#632 = B_SPLINE_CURVE_WITH_KNOTS('',4,(#633,#634,#635,#636,#637,#638,
    #639,#640,#641,#642,#643,#644,#645,#646),.UNSPECIFIED.,.F.,.F.,(5,3,
    3,3,5),(0.,0.249457811015,0.499952167163,0.751175151292,1.),
  .UNSPECIFIED.);
#633 = CARTESIAN_POINT('',(-3.855629776974,19.,9.226815215604));
#634 = CARTESIAN_POINT('',(-3.704189862103,19.,9.290097749345));
#635 = CARTESIAN_POINT('',(-3.550877370362,19.,9.350269986196));
#636 = CARTESIAN_POINT('',(-3.395901441276,19.,9.407187989504));
#637 = CARTESIAN_POINT('',(-3.082431346923,19.,9.514524532286));
#638 = CARTESIAN_POINT('',(-2.923925015641,19.,9.564915190568));
#639 = CARTESIAN_POINT('',(-2.764204539236,19.,9.611808952379));
#640 = CARTESIAN_POINT('',(-2.442361258586,19.,9.698594275604));
#641 = CARTESIAN_POINT('',(-2.280232578375,19.,9.738465137746));
#642 = CARTESIAN_POINT('',(-2.117379430109,19.,9.774683466053));
#643 = CARTESIAN_POINT('',(-1.792297440794,19.,9.839455038918));
#644 = CARTESIAN_POINT('',(-1.630077236477,19.,9.868078172664));
#645 = CARTESIAN_POINT('',(-1.467648126485,19.,9.893070073562));
#646 = CARTESIAN_POINT('',(-1.305261370566,19.,9.914448686362));
#647 = ORIENTED_EDGE('',*,*,#648,.T.);
#648 = EDGE_CURVE('',#630,#649,#651,.T.);
#649 = VERTEX_POINT('',#650);
#650 = CARTESIAN_POINT('',(1.274334273355,19.,9.918471261225));
#651 = B_SPLINE_CURVE_WITH_KNOTS('',4,(#652,#653,#654,#655,#656,#657,
    #658,#659,#660,#661,#662,#663,#664,#665),.UNSPECIFIED.,.F.,.F.,(5,3,
    3,3,5),(0.,0.249457811015,0.499952167163,0.751175151288,1.),
  .UNSPECIFIED.);
#652 = CARTESIAN_POINT('',(-1.336176874749,19.,9.910329528295));
#653 = CARTESIAN_POINT('',(-1.173518424889,19.,9.93226022783));
#654 = CARTESIAN_POINT('',(-1.00985620874,19.,9.950701952715));
#655 = CARTESIAN_POINT('',(-0.845429493117,19.,9.965569800112));
#656 = CARTESIAN_POINT('',(-0.514859891705,19.,9.9881169084));
#657 = CARTESIAN_POINT('',(-0.348712470631,19.,9.995766089334));
#658 = CARTESIAN_POINT('',(-0.182297338831,19.,9.999723283773));
#659 = CARTESIAN_POINT('',(0.151041092449,19.,10.000252298248));
#660 = CARTESIAN_POINT('',(0.317964710312,19.,9.996802603512));
#661 = CARTESIAN_POINT('',(0.484642765259,19.,9.989637325882));
#662 = CARTESIAN_POINT('',(0.815411971039,19.,9.968064450868));
#663 = CARTESIAN_POINT('',(0.979512868082,19.,9.953726596604));
#664 = CARTESIAN_POINT('',(1.142875720292,19.,9.935827171985));
#665 = CARTESIAN_POINT('',(1.305262473835,19.,9.914448541114));
#666 = ORIENTED_EDGE('',*,*,#667,.T.);
#667 = EDGE_CURVE('',#649,#668,#670,.T.);
#668 = VERTEX_POINT('',#669);
#669 = CARTESIAN_POINT('',(3.798001646666,19.,9.250685568752));
#670 = B_SPLINE_CURVE_WITH_KNOTS('',4,(#671,#672,#673,#674,#675,#676,
    #677,#678,#679,#680,#681,#682,#683,#684),.UNSPECIFIED.,.F.,.F.,(5,3,
    3,3,5),(0.,0.249457811015,0.499952167163,0.751175151295,1.),
  .UNSPECIFIED.);
#671 = CARTESIAN_POINT('',(1.274334273355,19.,9.918471261225));
#672 = CARTESIAN_POINT('',(1.43712635365,19.,9.897555585625));
#673 = CARTESIAN_POINT('',(1.599984984641,19.,9.87301002547));
#674 = CARTESIAN_POINT('',(1.762657077859,19.,9.844814497724));
#675 = CARTESIAN_POINT('',(2.087798414286,19.,9.781035623351));
#676 = CARTESIAN_POINT('',(2.250264252978,19.,9.745422047896));
#677 = CARTESIAN_POINT('',(2.412033123955,19.,9.706172998701));
#678 = CARTESIAN_POINT('',(2.734150242649,19.,9.620409652964));
#679 = CARTESIAN_POINT('',(2.894493229466,19.,9.573874492344));
#680 = CARTESIAN_POINT('',(3.053637357106,19.,9.523813910607));
#681 = CARTESIAN_POINT('',(3.367552404598,19.,9.417366743494));
#682 = CARTESIAN_POINT('',(3.522350789415,19.,9.361045002295));
#683 = CARTESIAN_POINT('',(3.67551447543,19.,9.301474068366));
#684 = CARTESIAN_POINT('',(3.826834837692,19.,9.23879511219));
#685 = ORIENTED_EDGE('',*,*,#686,.T.);
#686 = EDGE_CURVE('',#668,#687,#689,.T.);
#687 = VERTEX_POINT('',#688);
#688 = CARTESIAN_POINT('',(6.062841484251,19.,7.95248094225));
#689 = B_SPLINE_CURVE_WITH_KNOTS('',4,(#690,#691,#692,#693,#694,#695,
    #696,#697,#698,#699,#700,#701,#702,#703),.UNSPECIFIED.,.F.,.F.,(5,3,
    3,3,5),(0.,0.249457811015,0.499952167163,0.751175151295,1.),
  .UNSPECIFIED.);
#690 = CARTESIAN_POINT('',(3.798001646666,19.,9.250685568752));
#691 = CARTESIAN_POINT('',(3.949833346152,19.,9.188348886743));
#692 = CARTESIAN_POINT('',(4.10078984542,19.,9.122488780909));
#693 = CARTESIAN_POINT('',(4.250621481908,19.,9.053151356642));
#694 = CARTESIAN_POINT('',(4.548176708594,19.,8.907392924496));
#695 = CARTESIAN_POINT('',(4.695889186484,19.,8.830943598966));
#696 = CARTESIAN_POINT('',(4.841987515417,19.,8.751163063977));
#697 = CARTESIAN_POINT('',(5.130931572204,19.,8.584951988309));
#698 = CARTESIAN_POINT('',(5.2737668184,19.,8.498502656099));
#699 = CARTESIAN_POINT('',(5.414531609427,19.,8.408958316171));
#700 = CARTESIAN_POINT('',(5.690199706914,19.,8.224891055486));
#701 = CARTESIAN_POINT('',(5.825146325401,19.,8.130423660938));
#702 = CARTESIAN_POINT('',(5.957672993137,19.,8.033240878402));
#703 = CARTESIAN_POINT('',(6.087614731504,19.,7.933533064201));
#704 = ORIENTED_EDGE('',*,*,#705,.T.);
#705 = EDGE_CURVE('',#687,#706,#708,.T.);
#706 = VERTEX_POINT('',#707);
#707 = CARTESIAN_POINT('',(7.914508694004,19.,6.112327881629));
#708 = B_SPLINE_CURVE_WITH_KNOTS('',4,(#709,#710,#711,#712,#713,#714,
    #715,#716,#717,#718,#719,#720,#721,#722),.UNSPECIFIED.,.F.,.F.,(5,3,
    3,3,5),(0.,0.249457811015,0.499952167163,0.751175151295,1.),
  .UNSPECIFIED.);
#709 = CARTESIAN_POINT('',(6.062841484251,19.,7.95248094225));
#710 = CARTESIAN_POINT('',(6.193365723522,19.,7.852971395695));
#711 = CARTESIAN_POINT('',(6.322132655108,19.,7.750285001554));
#712 = CARTESIAN_POINT('',(6.448913056448,19.,7.644530911645));
#713 = CARTESIAN_POINT('',(6.698604276428,19.,7.426726118));
#714 = CARTESIAN_POINT('',(6.821497032255,19.,7.31465093759));
#715 = CARTESIAN_POINT('',(6.941968459465,19.,7.199775828424));
#716 = CARTESIAN_POINT('',(7.178048394379,19.,6.964444032955));
#717 = CARTESIAN_POINT('',(7.293641913972,19.,6.843971908281));
#718 = CARTESIAN_POINT('',(7.406434480502,19.,6.721046108948));
#719 = CARTESIAN_POINT('',(7.625069302704,19.,6.471902634321));
#720 = CARTESIAN_POINT('',(7.730967765821,19.,6.345727383249));
#721 = CARTESIAN_POINT('',(7.833825941883,19.,6.217555598132));
#722 = CARTESIAN_POINT('',(7.933533741624,19.,6.08761384867));
#723 = ORIENTED_EDGE('',*,*,#724,.T.);
#724 = EDGE_CURVE('',#706,#725,#727,.T.);
#725 = VERTEX_POINT('',#726);
#726 = CARTESIAN_POINT('',(9.226815215604,19.,3.855629776974));
#727 = B_SPLINE_CURVE_WITH_KNOTS('',4,(#728,#729,#730,#731,#732,#733,
    #734,#735,#736,#737,#738,#739,#740,#741),.UNSPECIFIED.,.F.,.F.,(5,3,
    3,3,5),(0.,0.249457811015,0.499952167163,0.751175151294,1.),
  .UNSPECIFIED.);
#728 = CARTESIAN_POINT('',(7.914508694004,19.,6.112327881629));
#729 = CARTESIAN_POINT('',(8.014830461854,19.,5.982426881678));
#730 = CARTESIAN_POINT('',(8.112632572169,19.,5.849912107296));
#731 = CARTESIAN_POINT('',(8.207721863525,19.,5.714948318204));
#732 = CARTESIAN_POINT('',(8.392533032791,19.,5.439940199807));
#733 = CARTESIAN_POINT('',(8.482231128335,19.,5.29987690285));
#734 = CARTESIAN_POINT('',(8.568865725147,19.,5.157735768356));
#735 = CARTESIAN_POINT('',(8.735993080763,19.,4.869320726044));
#736 = CARTESIAN_POINT('',(8.816467366419,19.,4.723035785112));
#737 = CARTESIAN_POINT('',(8.893601081442,19.,4.575105716456));
#738 = CARTESIAN_POINT('',(9.040303026537,19.,4.277864743954));
#739 = CARTESIAN_POINT('',(9.109936529028,19.,4.128580271203));
#740 = CARTESIAN_POINT('',(9.176116598698,19.,3.978154178847));
#741 = CARTESIAN_POINT('',(9.238795538036,19.,3.82683380961));
#742 = ORIENTED_EDGE('',*,*,#743,.T.);
#743 = EDGE_CURVE('',#725,#744,#746,.T.);
#744 = VERTEX_POINT('',#745);
#745 = CARTESIAN_POINT('',(9.910329528295,19.,1.336176874749));
#746 = B_SPLINE_CURVE_WITH_KNOTS('',4,(#747,#748,#749,#750,#751,#752,
    #753,#754,#755,#756,#757,#758,#759,#760),.UNSPECIFIED.,.F.,.F.,(5,3,
    3,3,5),(0.,0.249457811015,0.499952167163,0.751175151292,1.),
  .UNSPECIFIED.);
#747 = CARTESIAN_POINT('',(9.226815215604,19.,3.855629776974));
#748 = CARTESIAN_POINT('',(9.290097749345,19.,3.704189862103));
#749 = CARTESIAN_POINT('',(9.350269986196,19.,3.550877370362));
#750 = CARTESIAN_POINT('',(9.407187989504,19.,3.395901441276));
#751 = CARTESIAN_POINT('',(9.514524532286,19.,3.082431346923));
#752 = CARTESIAN_POINT('',(9.564915190568,19.,2.923925015641));
#753 = CARTESIAN_POINT('',(9.611808952379,19.,2.764204539236));
#754 = CARTESIAN_POINT('',(9.698594275604,19.,2.442361258586));
#755 = CARTESIAN_POINT('',(9.738465137746,19.,2.280232578375));
#756 = CARTESIAN_POINT('',(9.774683466053,19.,2.117379430109));
#757 = CARTESIAN_POINT('',(9.839455038918,19.,1.792297440794));
#758 = CARTESIAN_POINT('',(9.868078172664,19.,1.630077236477));
#759 = CARTESIAN_POINT('',(9.893070073562,19.,1.467648126485));
#760 = CARTESIAN_POINT('',(9.914448686362,19.,1.305261370566));
#761 = ORIENTED_EDGE('',*,*,#762,.T.);
#762 = EDGE_CURVE('',#744,#763,#765,.T.);
#763 = VERTEX_POINT('',#764);
#764 = CARTESIAN_POINT('',(10.,19.,-2.449293598295E-15));
#765 = B_SPLINE_CURVE_WITH_KNOTS('',4,(#766,#767,#768,#769,#770,#771,
    #772,#773),.UNSPECIFIED.,.F.,.F.,(5,3,5),(0.,0.498963282644,1.),
  .UNSPECIFIED.);
#766 = CARTESIAN_POINT('',(9.910329528295,19.,1.336176874749));
#767 = CARTESIAN_POINT('',(9.932522174661,19.,1.171575583739));
#768 = CARTESIAN_POINT('',(9.951142003153,19.,1.005946400205));
#769 = CARTESIAN_POINT('',(9.966101027304,19.,0.839537283702));
#770 = CARTESIAN_POINT('',(9.988654508147,19.,0.50498196262));
#771 = CARTESIAN_POINT('',(9.996218152147,19.,0.336831155077));
#772 = CARTESIAN_POINT('',(10.,19.,0.168415512332));
#773 = CARTESIAN_POINT('',(10.,19.,-2.474416523496E-15));
#774 = ORIENTED_EDGE('',*,*,#775,.T.);
#775 = EDGE_CURVE('',#763,#776,#778,.T.);
#776 = VERTEX_POINT('',#777);
#777 = CARTESIAN_POINT('',(9.910329528295,19.,-1.336176874749));
#778 = B_SPLINE_CURVE_WITH_KNOTS('',4,(#779,#780,#781,#782,#783,#784,
    #785,#786),.UNSPECIFIED.,.F.,.F.,(5,3,5),(0.,0.502306504088,1.),
  .UNSPECIFIED.);
#779 = CARTESIAN_POINT('',(10.,19.,-2.442490654175E-15));
#780 = CARTESIAN_POINT('',(10.,19.,-0.168842330955));
#781 = CARTESIAN_POINT('',(9.99619895894,19.,-0.337684793897));
#782 = CARTESIAN_POINT('',(9.988596929318,19.,-0.506260400103));
#783 = CARTESIAN_POINT('',(9.965986750988,19.,-0.840807726687));
#784 = CARTESIAN_POINT('',(9.951047210401,19.,-1.006789397396));
#785 = CARTESIAN_POINT('',(9.932465697705,19.,-1.171994469333));
#786 = CARTESIAN_POINT('',(9.910329528295,19.,-1.336176874749));
#787 = ORIENTED_EDGE('',*,*,#788,.T.);
#788 = EDGE_CURVE('',#776,#789,#791,.T.);
#789 = VERTEX_POINT('',#790);
#790 = CARTESIAN_POINT('',(9.250685568752,19.,-3.798001646666));
#791 = B_SPLINE_CURVE_WITH_KNOTS('',4,(#792,#793,#794,#795,#796,#797,
    #798,#799,#800,#801,#802,#803,#804,#805),.UNSPECIFIED.,.F.,.F.,(5,3,
    3,3,5),(0.,0.249505441647,0.500000165798,0.751129408867,1.),
  .UNSPECIFIED.);
#792 = CARTESIAN_POINT('',(9.914448686362,19.,-1.305261370566));
#793 = CARTESIAN_POINT('',(9.893265577039,19.,-1.46616312951));
#794 = CARTESIAN_POINT('',(9.868534963141,19.,-1.627106468167));
#795 = CARTESIAN_POINT('',(9.840239387959,19.,-1.787846968993));
#796 = CARTESIAN_POINT('',(9.776437827743,19.,-2.109071741323));
#797 = CARTESIAN_POINT('',(9.740903680122,19.,-2.269552702339));
#798 = CARTESIAN_POINT('',(9.701822519955,19.,-2.42933850875));
#799 = CARTESIAN_POINT('',(9.616585962141,19.,-2.747445617752));
#800 = CARTESIAN_POINT('',(9.570412835227,19.,-2.905762411014));
#801 = CARTESIAN_POINT('',(9.520803146803,19.,-3.062901167798));
#802 = CARTESIAN_POINT('',(9.415394273175,19.,-3.372969360751));
#803 = CARTESIAN_POINT('',(9.359654670196,19.,-3.525924152098));
#804 = CARTESIAN_POINT('',(9.300742856721,19.,-3.677279776222));
#805 = CARTESIAN_POINT('',(9.23879511219,19.,-3.826834837692));
#806 = ORIENTED_EDGE('',*,*,#807,.T.);
#807 = EDGE_CURVE('',#789,#808,#810,.T.);
#808 = VERTEX_POINT('',#809);
#809 = CARTESIAN_POINT('',(7.95248094225,19.,-6.062841484251));
#810 = B_SPLINE_CURVE_WITH_KNOTS('',4,(#811,#812,#813,#814,#815,#816,
    #817,#818,#819,#820,#821,#822,#823,#824),.UNSPECIFIED.,.F.,.F.,(5,3,
    3,3,5),(0.,0.249457811015,0.499952167163,0.751175151289,1.),
  .UNSPECIFIED.);
#811 = CARTESIAN_POINT('',(9.250685568752,19.,-3.798001646666));
#812 = CARTESIAN_POINT('',(9.188348886743,19.,-3.949833346152));
#813 = CARTESIAN_POINT('',(9.122488780909,19.,-4.10078984542));
#814 = CARTESIAN_POINT('',(9.053151356642,19.,-4.250621481908));
#815 = CARTESIAN_POINT('',(8.907392924496,19.,-4.548176708594));
#816 = CARTESIAN_POINT('',(8.830943598966,19.,-4.695889186484));
#817 = CARTESIAN_POINT('',(8.751163063977,19.,-4.841987515417));
#818 = CARTESIAN_POINT('',(8.584951988311,19.,-5.130931572201));
#819 = CARTESIAN_POINT('',(8.498502656103,19.,-5.273766818394));
#820 = CARTESIAN_POINT('',(8.408958316177,19.,-5.414531609417));
#821 = CARTESIAN_POINT('',(8.224891055492,19.,-5.690199706905));
#822 = CARTESIAN_POINT('',(8.130423660943,19.,-5.825146325395));
#823 = CARTESIAN_POINT('',(8.033240878404,19.,-5.957672993134));
#824 = CARTESIAN_POINT('',(7.933533064201,19.,-6.087614731504));
#825 = ORIENTED_EDGE('',*,*,#826,.T.);
#826 = EDGE_CURVE('',#808,#827,#829,.T.);
#827 = VERTEX_POINT('',#828);
#828 = CARTESIAN_POINT('',(6.112327881629,19.,-7.914508694004));
#829 = B_SPLINE_CURVE_WITH_KNOTS('',4,(#830,#831,#832,#833,#834,#835,
    #836,#837,#838,#839,#840,#841,#842,#843),.UNSPECIFIED.,.F.,.F.,(5,3,
    3,3,5),(0.,0.249457811015,0.499952167163,0.751175151295,1.),
  .UNSPECIFIED.);
#830 = CARTESIAN_POINT('',(7.95248094225,19.,-6.062841484251));
#831 = CARTESIAN_POINT('',(7.852971395695,19.,-6.193365723522));
#832 = CARTESIAN_POINT('',(7.750285001554,19.,-6.322132655108));
#833 = CARTESIAN_POINT('',(7.644530911645,19.,-6.448913056448));
#834 = CARTESIAN_POINT('',(7.426726118,19.,-6.698604276428));
#835 = CARTESIAN_POINT('',(7.31465093759,19.,-6.821497032255));
#836 = CARTESIAN_POINT('',(7.199775828424,19.,-6.941968459465));
#837 = CARTESIAN_POINT('',(6.964444032955,19.,-7.178048394379));
#838 = CARTESIAN_POINT('',(6.843971908281,19.,-7.293641913972));
#839 = CARTESIAN_POINT('',(6.721046108948,19.,-7.406434480502));
#840 = CARTESIAN_POINT('',(6.471902634321,19.,-7.625069302704));
#841 = CARTESIAN_POINT('',(6.345727383249,19.,-7.730967765821));
#842 = CARTESIAN_POINT('',(6.217555598132,19.,-7.833825941883));
#843 = CARTESIAN_POINT('',(6.08761384867,19.,-7.933533741624));
#844 = ORIENTED_EDGE('',*,*,#845,.T.);
#845 = EDGE_CURVE('',#827,#846,#848,.T.);
#846 = VERTEX_POINT('',#847);
#847 = CARTESIAN_POINT('',(3.855629776974,19.,-9.226815215604));
#848 = B_SPLINE_CURVE_WITH_KNOTS('',4,(#849,#850,#851,#852,#853,#854,
    #855,#856,#857,#858,#859,#860,#861,#862),.UNSPECIFIED.,.F.,.F.,(5,3,
    3,3,5),(0.,0.249457811015,0.499952167163,0.751175151295,1.),
  .UNSPECIFIED.);
#849 = CARTESIAN_POINT('',(6.112327881629,19.,-7.914508694004));
#850 = CARTESIAN_POINT('',(5.982426881678,19.,-8.014830461854));
#851 = CARTESIAN_POINT('',(5.849912107296,19.,-8.112632572169));
#852 = CARTESIAN_POINT('',(5.714948318204,19.,-8.207721863525));
#853 = CARTESIAN_POINT('',(5.439940199807,19.,-8.392533032791));
#854 = CARTESIAN_POINT('',(5.29987690285,19.,-8.482231128335));
#855 = CARTESIAN_POINT('',(5.157735768356,19.,-8.568865725147));
#856 = CARTESIAN_POINT('',(4.869320726043,19.,-8.735993080763));
#857 = CARTESIAN_POINT('',(4.723035785112,19.,-8.81646736642));
#858 = CARTESIAN_POINT('',(4.575105716455,19.,-8.893601081443));
#859 = CARTESIAN_POINT('',(4.277864743953,19.,-9.040303026537));
#860 = CARTESIAN_POINT('',(4.128580271202,19.,-9.109936529028));
#861 = CARTESIAN_POINT('',(3.978154178847,19.,-9.176116598698));
#862 = CARTESIAN_POINT('',(3.82683380961,19.,-9.238795538036));
#863 = ORIENTED_EDGE('',*,*,#864,.T.);
#864 = EDGE_CURVE('',#846,#865,#867,.T.);
#865 = VERTEX_POINT('',#866);
#866 = CARTESIAN_POINT('',(1.336176874749,19.,-9.910329528295));
#867 = B_SPLINE_CURVE_WITH_KNOTS('',4,(#868,#869,#870,#871,#872,#873,
    #874,#875,#876,#877,#878,#879,#880,#881),.UNSPECIFIED.,.F.,.F.,(5,3,
    3,3,5),(0.,0.249457811015,0.499952167163,0.751175151289,1.),
  .UNSPECIFIED.);
#868 = CARTESIAN_POINT('',(3.855629776974,19.,-9.226815215604));
#869 = CARTESIAN_POINT('',(3.704189862103,19.,-9.290097749345));
#870 = CARTESIAN_POINT('',(3.550877370362,19.,-9.350269986196));
#871 = CARTESIAN_POINT('',(3.395901441276,19.,-9.407187989504));
#872 = CARTESIAN_POINT('',(3.082431346923,19.,-9.514524532286));
#873 = CARTESIAN_POINT('',(2.923925015641,19.,-9.564915190568));
#874 = CARTESIAN_POINT('',(2.764204539236,19.,-9.611808952379));
#875 = CARTESIAN_POINT('',(2.442361258588,19.,-9.698594275603));
#876 = CARTESIAN_POINT('',(2.28023257838,19.,-9.738465137745));
#877 = CARTESIAN_POINT('',(2.117379430116,19.,-9.774683466051));
#878 = CARTESIAN_POINT('',(1.792297440801,19.,-9.839455038917));
#879 = CARTESIAN_POINT('',(1.630077236481,19.,-9.868078172663));
#880 = CARTESIAN_POINT('',(1.467648126487,19.,-9.893070073562));
#881 = CARTESIAN_POINT('',(1.305261370566,19.,-9.914448686362));
#882 = ORIENTED_EDGE('',*,*,#883,.T.);
#883 = EDGE_CURVE('',#865,#884,#886,.T.);
#884 = VERTEX_POINT('',#885);
#885 = CARTESIAN_POINT('',(-1.274334273355,19.,-9.918471261225));
#886 = B_SPLINE_CURVE_WITH_KNOTS('',4,(#887,#888,#889,#890,#891,#892,
    #893,#894,#895,#896,#897,#898,#899,#900),.UNSPECIFIED.,.F.,.F.,(5,3,
    3,3,5),(0.,0.249457811015,0.499952167163,0.751175151288,1.),
  .UNSPECIFIED.);
#887 = CARTESIAN_POINT('',(1.336176874749,19.,-9.910329528295));
#888 = CARTESIAN_POINT('',(1.173518424889,19.,-9.93226022783));
#889 = CARTESIAN_POINT('',(1.00985620874,19.,-9.950701952715));
#890 = CARTESIAN_POINT('',(0.845429493117,19.,-9.965569800112));
#891 = CARTESIAN_POINT('',(0.514859891705,19.,-9.9881169084));
#892 = CARTESIAN_POINT('',(0.348712470631,19.,-9.995766089334));
#893 = CARTESIAN_POINT('',(0.182297338831,19.,-9.999723283773));
#894 = CARTESIAN_POINT('',(-0.151041092449,19.,-10.00025229824));
#895 = CARTESIAN_POINT('',(-0.317964710312,19.,-9.996802603512));
#896 = CARTESIAN_POINT('',(-0.484642765259,19.,-9.989637325882));
#897 = CARTESIAN_POINT('',(-0.815411971039,19.,-9.968064450868));
#898 = CARTESIAN_POINT('',(-0.979512868082,19.,-9.953726596604));
#899 = CARTESIAN_POINT('',(-1.142875720292,19.,-9.935827171985));
#900 = CARTESIAN_POINT('',(-1.305262473835,19.,-9.914448541114));
#901 = ORIENTED_EDGE('',*,*,#902,.T.);
#902 = EDGE_CURVE('',#884,#903,#905,.T.);
#903 = VERTEX_POINT('',#904);
#904 = CARTESIAN_POINT('',(-3.798001646666,19.,-9.250685568752));
#905 = B_SPLINE_CURVE_WITH_KNOTS('',4,(#906,#907,#908,#909,#910,#911,
    #912,#913,#914,#915,#916,#917,#918,#919),.UNSPECIFIED.,.F.,.F.,(5,3,
    3,3,5),(0.,0.249457811015,0.499952167163,0.751175151295,1.),
  .UNSPECIFIED.);
#906 = CARTESIAN_POINT('',(-1.274334273355,19.,-9.918471261225));
#907 = CARTESIAN_POINT('',(-1.43712635365,19.,-9.897555585625));
#908 = CARTESIAN_POINT('',(-1.599984984641,19.,-9.87301002547));
#909 = CARTESIAN_POINT('',(-1.762657077859,19.,-9.844814497724));
#910 = CARTESIAN_POINT('',(-2.087798414286,19.,-9.781035623351));
#911 = CARTESIAN_POINT('',(-2.250264252978,19.,-9.745422047896));
#912 = CARTESIAN_POINT('',(-2.412033123955,19.,-9.706172998701));
#913 = CARTESIAN_POINT('',(-2.734150242649,19.,-9.620409652964));
#914 = CARTESIAN_POINT('',(-2.894493229466,19.,-9.573874492344));
#915 = CARTESIAN_POINT('',(-3.053637357106,19.,-9.523813910607));
#916 = CARTESIAN_POINT('',(-3.367552404598,19.,-9.417366743494));
#917 = CARTESIAN_POINT('',(-3.522350789415,19.,-9.361045002295));
#918 = CARTESIAN_POINT('',(-3.67551447543,19.,-9.301474068366));
#919 = CARTESIAN_POINT('',(-3.826834837692,19.,-9.23879511219));
#920 = ORIENTED_EDGE('',*,*,#921,.T.);
#921 = EDGE_CURVE('',#903,#922,#924,.T.);
#922 = VERTEX_POINT('',#923);
#923 = CARTESIAN_POINT('',(-6.062841484251,19.,-7.95248094225));
#924 = B_SPLINE_CURVE_WITH_KNOTS('',4,(#925,#926,#927,#928,#929,#930,
    #931,#932,#933,#934,#935,#936,#937,#938),.UNSPECIFIED.,.F.,.F.,(5,3,
    3,3,5),(0.,0.249457811015,0.499952167163,0.751175151289,1.),
  .UNSPECIFIED.);
#925 = CARTESIAN_POINT('',(-3.798001646666,19.,-9.250685568752));
#926 = CARTESIAN_POINT('',(-3.949833346152,19.,-9.188348886743));
#927 = CARTESIAN_POINT('',(-4.10078984542,19.,-9.122488780909));
#928 = CARTESIAN_POINT('',(-4.250621481908,19.,-9.053151356642));
#929 = CARTESIAN_POINT('',(-4.548176708594,19.,-8.907392924496));
#930 = CARTESIAN_POINT('',(-4.695889186484,19.,-8.830943598966));
#931 = CARTESIAN_POINT('',(-4.841987515417,19.,-8.751163063977));
#932 = CARTESIAN_POINT('',(-5.130931572201,19.,-8.584951988311));
#933 = CARTESIAN_POINT('',(-5.273766818394,19.,-8.498502656103));
#934 = CARTESIAN_POINT('',(-5.414531609417,19.,-8.408958316177));
#935 = CARTESIAN_POINT('',(-5.690199706905,19.,-8.224891055492));
#936 = CARTESIAN_POINT('',(-5.825146325395,19.,-8.130423660943));
#937 = CARTESIAN_POINT('',(-5.957672993134,19.,-8.033240878404));
#938 = CARTESIAN_POINT('',(-6.087614731504,19.,-7.933533064201));
#939 = ORIENTED_EDGE('',*,*,#940,.T.);
#940 = EDGE_CURVE('',#922,#941,#943,.T.);
#941 = VERTEX_POINT('',#942);
#942 = CARTESIAN_POINT('',(-7.914508694004,19.,-6.112327881629));
#943 = B_SPLINE_CURVE_WITH_KNOTS('',4,(#944,#945,#946,#947,#948,#949,
    #950,#951,#952,#953,#954,#955,#956,#957),.UNSPECIFIED.,.F.,.F.,(5,3,
    3,3,5),(0.,0.249457811015,0.499952167163,0.751175151293,1.),
  .UNSPECIFIED.);
#944 = CARTESIAN_POINT('',(-6.062841484251,19.,-7.95248094225));
#945 = CARTESIAN_POINT('',(-6.193365723522,19.,-7.852971395695));
#946 = CARTESIAN_POINT('',(-6.322132655108,19.,-7.750285001554));
#947 = CARTESIAN_POINT('',(-6.448913056448,19.,-7.644530911645));
#948 = CARTESIAN_POINT('',(-6.698604276428,19.,-7.426726118));
#949 = CARTESIAN_POINT('',(-6.821497032255,19.,-7.31465093759));
#950 = CARTESIAN_POINT('',(-6.941968459465,19.,-7.199775828424));
#951 = CARTESIAN_POINT('',(-7.178048394379,19.,-6.964444032956));
#952 = CARTESIAN_POINT('',(-7.293641913971,19.,-6.843971908282));
#953 = CARTESIAN_POINT('',(-7.406434480501,19.,-6.72104610895));
#954 = CARTESIAN_POINT('',(-7.625069302702,19.,-6.471902634323));
#955 = CARTESIAN_POINT('',(-7.73096776582,19.,-6.34572738325));
#956 = CARTESIAN_POINT('',(-7.833825941882,19.,-6.217555598133));
#957 = CARTESIAN_POINT('',(-7.933533741624,19.,-6.08761384867));
#958 = ORIENTED_EDGE('',*,*,#959,.T.);
#959 = EDGE_CURVE('',#941,#960,#962,.T.);
#960 = VERTEX_POINT('',#961);
#961 = CARTESIAN_POINT('',(-9.226815215604,19.,-3.855629776974));
#962 = B_SPLINE_CURVE_WITH_KNOTS('',4,(#963,#964,#965,#966,#967,#968,
    #969,#970,#971,#972,#973,#974,#975,#976),.UNSPECIFIED.,.F.,.F.,(5,3,
    3,3,5),(0.,0.249457811015,0.499952167163,0.751175151295,1.),
  .UNSPECIFIED.);
#963 = CARTESIAN_POINT('',(-7.914508694004,19.,-6.112327881629));
#964 = CARTESIAN_POINT('',(-8.014830461854,19.,-5.982426881678));
#965 = CARTESIAN_POINT('',(-8.112632572169,19.,-5.849912107296));
#966 = CARTESIAN_POINT('',(-8.207721863525,19.,-5.714948318204));
#967 = CARTESIAN_POINT('',(-8.392533032791,19.,-5.439940199807));
#968 = CARTESIAN_POINT('',(-8.482231128335,19.,-5.29987690285));
#969 = CARTESIAN_POINT('',(-8.568865725147,19.,-5.157735768356));
#970 = CARTESIAN_POINT('',(-8.735993080763,19.,-4.869320726043));
#971 = CARTESIAN_POINT('',(-8.81646736642,19.,-4.723035785111));
#972 = CARTESIAN_POINT('',(-8.893601081443,19.,-4.575105716455));
#973 = CARTESIAN_POINT('',(-9.040303026537,19.,-4.277864743953));
#974 = CARTESIAN_POINT('',(-9.109936529028,19.,-4.128580271202));
#975 = CARTESIAN_POINT('',(-9.176116598698,19.,-3.978154178847));
#976 = CARTESIAN_POINT('',(-9.238795538036,19.,-3.82683380961));
#977 = ORIENTED_EDGE('',*,*,#978,.T.);
#978 = EDGE_CURVE('',#960,#979,#981,.T.);
#979 = VERTEX_POINT('',#980);
#980 = CARTESIAN_POINT('',(-9.910329528295,19.,-1.336176874749));
#981 = B_SPLINE_CURVE_WITH_KNOTS('',4,(#982,#983,#984,#985,#986,#987,
    #988,#989,#990,#991,#992,#993,#994,#995),.UNSPECIFIED.,.F.,.F.,(5,3,
    3,3,5),(0.,0.249457811015,0.499952167163,0.751175151286,1.),
  .UNSPECIFIED.);
#982 = CARTESIAN_POINT('',(-9.226815215604,19.,-3.855629776974));
#983 = CARTESIAN_POINT('',(-9.290097749345,19.,-3.704189862103));
#984 = CARTESIAN_POINT('',(-9.350269986196,19.,-3.550877370362));
#985 = CARTESIAN_POINT('',(-9.407187989504,19.,-3.395901441276));
#986 = CARTESIAN_POINT('',(-9.514524532286,19.,-3.082431346923));
#987 = CARTESIAN_POINT('',(-9.564915190568,19.,-2.923925015641));
#988 = CARTESIAN_POINT('',(-9.611808952379,19.,-2.764204539236));
#989 = CARTESIAN_POINT('',(-9.698594275603,19.,-2.44236125859));
#990 = CARTESIAN_POINT('',(-9.738465137745,19.,-2.280232578383));
#991 = CARTESIAN_POINT('',(-9.77468346605,19.,-2.11737943012));
#992 = CARTESIAN_POINT('',(-9.839455038916,19.,-1.792297440806));
#993 = CARTESIAN_POINT('',(-9.868078172663,19.,-1.630077236484));
#994 = CARTESIAN_POINT('',(-9.893070073562,19.,-1.467648126489));
#995 = CARTESIAN_POINT('',(-9.914448686362,19.,-1.305261370566));
#996 = ORIENTED_EDGE('',*,*,#997,.T.);
#997 = EDGE_CURVE('',#979,#552,#998,.T.);
#998 = B_SPLINE_CURVE_WITH_KNOTS('',4,(#999,#1000,#1001,#1002,#1003,
    #1004,#1005,#1006,#1007,#1008,#1009,#1010,#1011,#1012),
  .UNSPECIFIED.,.F.,.F.,(5,3,3,3,5),(0.,0.249457811015,0.499952167163,
    0.751175151288,1.),.UNSPECIFIED.);
#999 = CARTESIAN_POINT('',(-9.910329528295,19.,-1.336176874749));
#1000 = CARTESIAN_POINT('',(-9.93226022783,19.,-1.173518424889));
#1001 = CARTESIAN_POINT('',(-9.950701952715,19.,-1.00985620874));
#1002 = CARTESIAN_POINT('',(-9.965569800112,19.,-0.845429493117));
#1003 = CARTESIAN_POINT('',(-9.9881169084,19.,-0.514859891705));
#1004 = CARTESIAN_POINT('',(-9.995766089334,19.,-0.348712470631));
#1005 = CARTESIAN_POINT('',(-9.999723283773,19.,-0.182297338831));
#1006 = CARTESIAN_POINT('',(-10.00025229824,19.,0.151041092449));
#1007 = CARTESIAN_POINT('',(-9.996802603512,19.,0.317964710312));
#1008 = CARTESIAN_POINT('',(-9.989637325882,19.,0.484642765259));
#1009 = CARTESIAN_POINT('',(-9.968064450868,19.,0.815411971039));
#1010 = CARTESIAN_POINT('',(-9.953726596604,19.,0.979512868082));
#1011 = CARTESIAN_POINT('',(-9.935827171985,19.,1.142875720292));
#1012 = CARTESIAN_POINT('',(-9.914448541114,19.,1.305262473835));
#1013 = PLANE('',#1014);
#1014 = AXIS2_PLACEMENT_3D('',#1015,#1016,#1017);
#1015 = CARTESIAN_POINT('',(-6.122815615959,19.,3.056097788215E-16));
#1016 = DIRECTION('',(-0.,-1.,-0.));
#1017 = DIRECTION('',(0.,0.,-1.));
#1018 = ADVANCED_FACE('',(#1019),#1107,.T.);
#1019 = FACE_BOUND('',#1020,.T.);
#1020 = EDGE_LOOP('',(#1021,#1022,#1030,#1038,#1046,#1054,#1061,#1068,
    #1075,#1083,#1091,#1097,#1098,#1099,#1100,#1106));
#1021 = ORIENTED_EDGE('',*,*,#310,.F.);
#1022 = ORIENTED_EDGE('',*,*,#1023,.T.);
#1023 = EDGE_CURVE('',#303,#1024,#1026,.T.);
#1024 = VERTEX_POINT('',#1025);
#1025 = CARTESIAN_POINT('',(-11.,-19.,-11.));
#1026 = LINE('',#1027,#1028);
#1027 = CARTESIAN_POINT('',(-11.,-19.,-5.5));
#1028 = VECTOR('',#1029,1.);
#1029 = DIRECTION('',(-0.,0.,-1.));
#1030 = ORIENTED_EDGE('',*,*,#1031,.T.);
#1031 = EDGE_CURVE('',#1024,#1032,#1034,.T.);
#1032 = VERTEX_POINT('',#1033);
#1033 = CARTESIAN_POINT('',(-11.,-16.,-11.));
#1034 = LINE('',#1035,#1036);
#1035 = CARTESIAN_POINT('',(-11.,-23.,-11.));
#1036 = VECTOR('',#1037,1.);
#1037 = DIRECTION('',(-0.,1.,0.));
#1038 = ORIENTED_EDGE('',*,*,#1039,.T.);
#1039 = EDGE_CURVE('',#1032,#1040,#1042,.T.);
#1040 = VERTEX_POINT('',#1041);
#1041 = CARTESIAN_POINT('',(-11.,-16.,-1.));
#1042 = LINE('',#1043,#1044);
#1043 = CARTESIAN_POINT('',(-11.,-16.,-11.5));
#1044 = VECTOR('',#1045,1.);
#1045 = DIRECTION('',(0.,0.,1.));
#1046 = ORIENTED_EDGE('',*,*,#1047,.F.);
#1047 = EDGE_CURVE('',#1048,#1040,#1050,.T.);
#1048 = VERTEX_POINT('',#1049);
#1049 = CARTESIAN_POINT('',(-11.,-9.993377483444,-1.));
#1050 = LINE('',#1051,#1052);
#1051 = CARTESIAN_POINT('',(-11.,-19.5,-1.));
#1052 = VECTOR('',#1053,1.);
#1053 = DIRECTION('',(0.,-1.,0.));
#1054 = ORIENTED_EDGE('',*,*,#1055,.T.);
#1055 = EDGE_CURVE('',#1048,#1056,#1058,.T.);
#1056 = VERTEX_POINT('',#1057);
#1057 = CARTESIAN_POINT('',(-11.,-9.993377483444,2.690066225166));
#1058 = B_SPLINE_CURVE_WITH_KNOTS('',1,(#1059,#1060),.UNSPECIFIED.,.F.,
  .F.,(2,2),(0.,1.),.PIECEWISE_BEZIER_KNOTS.);
#1059 = CARTESIAN_POINT('',(-11.,-9.993377483444,-2.690066225166));
#1060 = CARTESIAN_POINT('',(-11.,-9.993377483444,2.690066225166));
#1061 = ORIENTED_EDGE('',*,*,#1062,.T.);
#1062 = EDGE_CURVE('',#1056,#1063,#1065,.T.);
#1063 = VERTEX_POINT('',#1064);
#1064 = CARTESIAN_POINT('',(-11.,9.993377483444,2.690066225166));
#1065 = B_SPLINE_CURVE_WITH_KNOTS('',1,(#1066,#1067),.UNSPECIFIED.,.F.,
  .F.,(2,2),(0.,1.),.PIECEWISE_BEZIER_KNOTS.);
#1066 = CARTESIAN_POINT('',(-11.,-9.993377483444,2.690066225166));
#1067 = CARTESIAN_POINT('',(-11.,9.993377483444,2.690066225166));
#1068 = ORIENTED_EDGE('',*,*,#1069,.T.);
#1069 = EDGE_CURVE('',#1063,#1070,#1072,.T.);
#1070 = VERTEX_POINT('',#1071);
#1071 = CARTESIAN_POINT('',(-11.,9.993377483444,-1.));
#1072 = B_SPLINE_CURVE_WITH_KNOTS('',1,(#1073,#1074),.UNSPECIFIED.,.F.,
  .F.,(2,2),(0.,1.),.PIECEWISE_BEZIER_KNOTS.);
#1073 = CARTESIAN_POINT('',(-11.,9.993377483444,2.690066225166));
#1074 = CARTESIAN_POINT('',(-11.,9.993377483444,-2.690066225166));
#1075 = ORIENTED_EDGE('',*,*,#1076,.F.);
#1076 = EDGE_CURVE('',#1077,#1070,#1079,.T.);
#1077 = VERTEX_POINT('',#1078);
#1078 = CARTESIAN_POINT('',(-11.,16.,-1.));
#1079 = LINE('',#1080,#1081);
#1080 = CARTESIAN_POINT('',(-11.,-19.5,-1.));
#1081 = VECTOR('',#1082,1.);
#1082 = DIRECTION('',(0.,-1.,0.));
#1083 = ORIENTED_EDGE('',*,*,#1084,.F.);
#1084 = EDGE_CURVE('',#1085,#1077,#1087,.T.);
#1085 = VERTEX_POINT('',#1086);
#1086 = CARTESIAN_POINT('',(-11.,16.,-11.));
#1087 = LINE('',#1088,#1089);
#1088 = CARTESIAN_POINT('',(-11.,16.,-11.5));
#1089 = VECTOR('',#1090,1.);
#1090 = DIRECTION('',(0.,0.,1.));
#1091 = ORIENTED_EDGE('',*,*,#1092,.T.);
#1092 = EDGE_CURVE('',#1085,#534,#1093,.T.);
#1093 = LINE('',#1094,#1095);
#1094 = CARTESIAN_POINT('',(-11.,-23.,-11.));
#1095 = VECTOR('',#1096,1.);
#1096 = DIRECTION('',(-0.,1.,0.));
#1097 = ORIENTED_EDGE('',*,*,#533,.T.);
#1098 = ORIENTED_EDGE('',*,*,#127,.F.);
#1099 = ORIENTED_EDGE('',*,*,#183,.F.);
#1100 = ORIENTED_EDGE('',*,*,#1101,.T.);
#1101 = EDGE_CURVE('',#168,#254,#1102,.T.);
#1102 = LINE('',#1103,#1104);
#1103 = CARTESIAN_POINT('',(-11.,-19.5,4.));
#1104 = VECTOR('',#1105,1.);
#1105 = DIRECTION('',(0.,-1.,0.));
#1106 = ORIENTED_EDGE('',*,*,#271,.T.);
#1107 = PLANE('',#1108);
#1108 = AXIS2_PLACEMENT_3D('',#1109,#1110,#1111);
#1109 = CARTESIAN_POINT('',(-11.,-23.,-11.));
#1110 = DIRECTION('',(1.,0.,-0.));
#1111 = DIRECTION('',(0.,0.,1.));
#1112 = ADVANCED_FACE('',(#1113),#1142,.T.);
#1113 = FACE_BOUND('',#1114,.T.);
#1114 = EDGE_LOOP('',(#1115,#1116,#1117,#1125,#1133,#1139,#1140,#1141));
#1115 = ORIENTED_EDGE('',*,*,#165,.F.);
#1116 = ORIENTED_EDGE('',*,*,#237,.F.);
#1117 = ORIENTED_EDGE('',*,*,#1118,.F.);
#1118 = EDGE_CURVE('',#1119,#230,#1121,.T.);
#1119 = VERTEX_POINT('',#1120);
#1120 = CARTESIAN_POINT('',(-13.,12.1,4.));
#1121 = LINE('',#1122,#1123);
#1122 = CARTESIAN_POINT('',(-27.005,12.1,4.));
#1123 = VECTOR('',#1124,1.);
#1124 = DIRECTION('',(-1.,-0.,0.));
#1125 = ORIENTED_EDGE('',*,*,#1126,.F.);
#1126 = EDGE_CURVE('',#1127,#1119,#1129,.T.);
#1127 = VERTEX_POINT('',#1128);
#1128 = CARTESIAN_POINT('',(-13.,-12.1,4.));
#1129 = LINE('',#1130,#1131);
#1130 = CARTESIAN_POINT('',(-13.,-14.05,4.));
#1131 = VECTOR('',#1132,1.);
#1132 = DIRECTION('',(-0.,1.,0.));
#1133 = ORIENTED_EDGE('',*,*,#1134,.T.);
#1134 = EDGE_CURVE('',#1127,#206,#1135,.T.);
#1135 = LINE('',#1136,#1137);
#1136 = CARTESIAN_POINT('',(-27.005,-12.1,4.));
#1137 = VECTOR('',#1138,1.);
#1138 = DIRECTION('',(-1.,-0.,0.));
#1139 = ORIENTED_EDGE('',*,*,#205,.F.);
#1140 = ORIENTED_EDGE('',*,*,#253,.T.);
#1141 = ORIENTED_EDGE('',*,*,#1101,.F.);
#1142 = PLANE('',#1143);
#1143 = AXIS2_PLACEMENT_3D('',#1144,#1145,#1146);
#1144 = CARTESIAN_POINT('',(-19.01,-16.,4.));
#1145 = DIRECTION('',(0.,0.,1.));
#1146 = DIRECTION('',(1.,0.,-0.));
#1147 = ADVANCED_FACE('',(#1148,#1198),#1209,.F.);
#1148 = FACE_BOUND('',#1149,.F.);
#1149 = EDGE_LOOP('',(#1150,#1160,#1168,#1174,#1175,#1176,#1184,#1192));
#1150 = ORIENTED_EDGE('',*,*,#1151,.F.);
#1151 = EDGE_CURVE('',#1152,#1154,#1156,.T.);
#1152 = VERTEX_POINT('',#1153);
#1153 = CARTESIAN_POINT('',(-34.,12.1,-4.1));
#1154 = VERTEX_POINT('',#1155);
#1155 = CARTESIAN_POINT('',(-19.01,12.1,-4.1));
#1156 = LINE('',#1157,#1158);
#1157 = CARTESIAN_POINT('',(-35.,12.1,-4.1));
#1158 = VECTOR('',#1159,1.);
#1159 = DIRECTION('',(1.,0.,-0.));
#1160 = ORIENTED_EDGE('',*,*,#1161,.T.);
#1161 = EDGE_CURVE('',#1152,#1162,#1164,.T.);
#1162 = VERTEX_POINT('',#1163);
#1163 = CARTESIAN_POINT('',(-34.,12.1,4.1));
#1164 = LINE('',#1165,#1166);
#1165 = CARTESIAN_POINT('',(-34.,12.1,-5.5));
#1166 = VECTOR('',#1167,1.);
#1167 = DIRECTION('',(0.,0.,1.));
#1168 = ORIENTED_EDGE('',*,*,#1169,.T.);
#1169 = EDGE_CURVE('',#1162,#222,#1170,.T.);
#1170 = LINE('',#1171,#1172);
#1171 = CARTESIAN_POINT('',(-35.,12.1,4.1));
#1172 = VECTOR('',#1173,1.);
#1173 = DIRECTION('',(1.,0.,-0.));
#1174 = ORIENTED_EDGE('',*,*,#229,.F.);
#1175 = ORIENTED_EDGE('',*,*,#1118,.F.);
#1176 = ORIENTED_EDGE('',*,*,#1177,.F.);
#1177 = EDGE_CURVE('',#1178,#1119,#1180,.T.);
#1178 = VERTEX_POINT('',#1179);
#1179 = CARTESIAN_POINT('',(-13.,12.1,-1.));
#1180 = LINE('',#1181,#1182);
#1181 = CARTESIAN_POINT('',(-13.,12.1,-4.1));
#1182 = VECTOR('',#1183,1.);
#1183 = DIRECTION('',(0.,0.,1.));
#1184 = ORIENTED_EDGE('',*,*,#1185,.T.);
#1185 = EDGE_CURVE('',#1178,#1186,#1188,.T.);
#1186 = VERTEX_POINT('',#1187);
#1187 = CARTESIAN_POINT('',(-19.01,12.1,-1.));
#1188 = LINE('',#1189,#1190);
#1189 = CARTESIAN_POINT('',(-27.005,12.1,-1.));
#1190 = VECTOR('',#1191,1.);
#1191 = DIRECTION('',(-1.,-0.,0.));
#1192 = ORIENTED_EDGE('',*,*,#1193,.F.);
#1193 = EDGE_CURVE('',#1154,#1186,#1194,.T.);
#1194 = LINE('',#1195,#1196);
#1195 = CARTESIAN_POINT('',(-19.01,12.1,-8.05));
#1196 = VECTOR('',#1197,1.);
#1197 = DIRECTION('',(0.,0.,1.));
#1198 = FACE_BOUND('',#1199,.F.);
#1199 = EDGE_LOOP('',(#1200));
#1200 = ORIENTED_EDGE('',*,*,#1201,.F.);
#1201 = EDGE_CURVE('',#1202,#1202,#1204,.T.);
#1202 = VERTEX_POINT('',#1203);
#1203 = CARTESIAN_POINT('',(-30.5,12.1,1.6));
#1204 = CIRCLE('',#1205,1.6);
#1205 = AXIS2_PLACEMENT_3D('',#1206,#1207,#1208);
#1206 = CARTESIAN_POINT('',(-30.5,12.1,0.));
#1207 = DIRECTION('',(0.,1.,0.));
#1208 = DIRECTION('',(0.,-0.,1.));
#1209 = PLANE('',#1210);
#1210 = AXIS2_PLACEMENT_3D('',#1211,#1212,#1213);
#1211 = CARTESIAN_POINT('',(-35.,12.1,-4.1));
#1212 = DIRECTION('',(-0.,1.,0.));
#1213 = DIRECTION('',(0.,0.,1.));
#1214 = ADVANCED_FACE('',(#1215),#1233,.F.);
#1215 = FACE_BOUND('',#1216,.F.);
#1216 = EDGE_LOOP('',(#1217,#1218,#1226,#1232));
#1217 = ORIENTED_EDGE('',*,*,#1169,.F.);
#1218 = ORIENTED_EDGE('',*,*,#1219,.T.);
#1219 = EDGE_CURVE('',#1162,#1220,#1222,.T.);
#1220 = VERTEX_POINT('',#1221);
#1221 = CARTESIAN_POINT('',(-34.,-12.1,4.1));
#1222 = LINE('',#1223,#1224);
#1223 = CARTESIAN_POINT('',(-34.,-13.5,4.1));
#1224 = VECTOR('',#1225,1.);
#1225 = DIRECTION('',(0.,-1.,0.));
#1226 = ORIENTED_EDGE('',*,*,#1227,.T.);
#1227 = EDGE_CURVE('',#1220,#214,#1228,.T.);
#1228 = LINE('',#1229,#1230);
#1229 = CARTESIAN_POINT('',(-35.,-12.1,4.1));
#1230 = VECTOR('',#1231,1.);
#1231 = DIRECTION('',(1.,0.,-0.));
#1232 = ORIENTED_EDGE('',*,*,#221,.F.);
#1233 = PLANE('',#1234);
#1234 = AXIS2_PLACEMENT_3D('',#1235,#1236,#1237);
#1235 = CARTESIAN_POINT('',(-35.,-12.1,4.1));
#1236 = DIRECTION('',(0.,0.,1.));
#1237 = DIRECTION('',(1.,0.,-0.));
#1238 = ADVANCED_FACE('',(#1239,#1282),#1293,.T.);
#1239 = FACE_BOUND('',#1240,.T.);
#1240 = EDGE_LOOP('',(#1241,#1251,#1257,#1258,#1259,#1260,#1268,#1276));
#1241 = ORIENTED_EDGE('',*,*,#1242,.F.);
#1242 = EDGE_CURVE('',#1243,#1245,#1247,.T.);
#1243 = VERTEX_POINT('',#1244);
#1244 = CARTESIAN_POINT('',(-34.,-12.1,-4.1));
#1245 = VERTEX_POINT('',#1246);
#1246 = CARTESIAN_POINT('',(-19.01,-12.1,-4.1));
#1247 = LINE('',#1248,#1249);
#1248 = CARTESIAN_POINT('',(-35.,-12.1,-4.1));
#1249 = VECTOR('',#1250,1.);
#1250 = DIRECTION('',(1.,0.,-0.));
#1251 = ORIENTED_EDGE('',*,*,#1252,.T.);
#1252 = EDGE_CURVE('',#1243,#1220,#1253,.T.);
#1253 = LINE('',#1254,#1255);
#1254 = CARTESIAN_POINT('',(-34.,-12.1,-5.5));
#1255 = VECTOR('',#1256,1.);
#1256 = DIRECTION('',(0.,0.,1.));
#1257 = ORIENTED_EDGE('',*,*,#1227,.T.);
#1258 = ORIENTED_EDGE('',*,*,#213,.F.);
#1259 = ORIENTED_EDGE('',*,*,#1134,.F.);
#1260 = ORIENTED_EDGE('',*,*,#1261,.F.);
#1261 = EDGE_CURVE('',#1262,#1127,#1264,.T.);
#1262 = VERTEX_POINT('',#1263);
#1263 = CARTESIAN_POINT('',(-13.,-12.1,-1.));
#1264 = LINE('',#1265,#1266);
#1265 = CARTESIAN_POINT('',(-13.,-12.1,-4.1));
#1266 = VECTOR('',#1267,1.);
#1267 = DIRECTION('',(0.,0.,1.));
#1268 = ORIENTED_EDGE('',*,*,#1269,.T.);
#1269 = EDGE_CURVE('',#1262,#1270,#1272,.T.);
#1270 = VERTEX_POINT('',#1271);
#1271 = CARTESIAN_POINT('',(-19.01,-12.1,-1.));
#1272 = LINE('',#1273,#1274);
#1273 = CARTESIAN_POINT('',(-27.005,-12.1,-1.));
#1274 = VECTOR('',#1275,1.);
#1275 = DIRECTION('',(-1.,-0.,0.));
#1276 = ORIENTED_EDGE('',*,*,#1277,.F.);
#1277 = EDGE_CURVE('',#1245,#1270,#1278,.T.);
#1278 = LINE('',#1279,#1280);
#1279 = CARTESIAN_POINT('',(-19.01,-12.1,-8.05));
#1280 = VECTOR('',#1281,1.);
#1281 = DIRECTION('',(0.,0.,1.));
#1282 = FACE_BOUND('',#1283,.T.);
#1283 = EDGE_LOOP('',(#1284));
#1284 = ORIENTED_EDGE('',*,*,#1285,.F.);
#1285 = EDGE_CURVE('',#1286,#1286,#1288,.T.);
#1286 = VERTEX_POINT('',#1287);
#1287 = CARTESIAN_POINT('',(-30.5,-12.1,1.6));
#1288 = CIRCLE('',#1289,1.6);
#1289 = AXIS2_PLACEMENT_3D('',#1290,#1291,#1292);
#1290 = CARTESIAN_POINT('',(-30.5,-12.1,0.));
#1291 = DIRECTION('',(0.,1.,0.));
#1292 = DIRECTION('',(0.,-0.,1.));
#1293 = PLANE('',#1294);
#1294 = AXIS2_PLACEMENT_3D('',#1295,#1296,#1297);
#1295 = CARTESIAN_POINT('',(-35.,-12.1,-4.1));
#1296 = DIRECTION('',(-0.,1.,0.));
#1297 = DIRECTION('',(0.,0.,1.));
#1298 = ADVANCED_FACE('',(#1299,#1318),#1783,.T.);
#1299 = FACE_BOUND('',#1300,.T.);
#1300 = EDGE_LOOP('',(#1301,#1309,#1310,#1311));
#1301 = ORIENTED_EDGE('',*,*,#1302,.F.);
#1302 = EDGE_CURVE('',#1024,#1303,#1305,.T.);
#1303 = VERTEX_POINT('',#1304);
#1304 = CARTESIAN_POINT('',(0.,-19.,-11.));
#1305 = LINE('',#1306,#1307);
#1306 = CARTESIAN_POINT('',(-19.,-19.,-11.));
#1307 = VECTOR('',#1308,1.);
#1308 = DIRECTION('',(1.,0.,-0.));
#1309 = ORIENTED_EDGE('',*,*,#1023,.F.);
#1310 = ORIENTED_EDGE('',*,*,#302,.T.);
#1311 = ORIENTED_EDGE('',*,*,#1312,.T.);
#1312 = EDGE_CURVE('',#295,#1303,#1313,.T.);
#1313 = CIRCLE('',#1314,11.);
#1314 = AXIS2_PLACEMENT_3D('',#1315,#1316,#1317);
#1315 = CARTESIAN_POINT('',(0.,-19.,0.));
#1316 = DIRECTION('',(0.,1.,0.));
#1317 = DIRECTION('',(0.,-0.,1.));
#1318 = FACE_BOUND('',#1319,.T.);
#1319 = EDGE_LOOP('',(#1320,#1341,#1360,#1379,#1398,#1417,#1436,#1455,
    #1474,#1493,#1512,#1531,#1544,#1557,#1576,#1595,#1614,#1633,#1652,
    #1671,#1690,#1709,#1728,#1747,#1766));
#1320 = ORIENTED_EDGE('',*,*,#1321,.T.);
#1321 = EDGE_CURVE('',#1322,#1324,#1326,.T.);
#1322 = VERTEX_POINT('',#1323);
#1323 = CARTESIAN_POINT('',(-9.918471261225,-19.,-1.274334273355));
#1324 = VERTEX_POINT('',#1325);
#1325 = CARTESIAN_POINT('',(-9.250685568752,-19.,-3.798001646666));
#1326 = B_SPLINE_CURVE_WITH_KNOTS('',4,(#1327,#1328,#1329,#1330,#1331,
    #1332,#1333,#1334,#1335,#1336,#1337,#1338,#1339,#1340),
  .UNSPECIFIED.,.F.,.F.,(5,3,3,3,5),(0.,0.249457811015,0.499952167163,
    0.751175151295,1.),.UNSPECIFIED.);
#1327 = CARTESIAN_POINT('',(-9.918471261225,-19.,-1.274334273355));
#1328 = CARTESIAN_POINT('',(-9.897555585625,-19.,-1.43712635365));
#1329 = CARTESIAN_POINT('',(-9.87301002547,-19.,-1.599984984641));
#1330 = CARTESIAN_POINT('',(-9.844814497724,-19.,-1.762657077859));
#1331 = CARTESIAN_POINT('',(-9.781035623351,-19.,-2.087798414286));
#1332 = CARTESIAN_POINT('',(-9.745422047896,-19.,-2.250264252978));
#1333 = CARTESIAN_POINT('',(-9.706172998701,-19.,-2.412033123955));
#1334 = CARTESIAN_POINT('',(-9.620409652964,-19.,-2.734150242649));
#1335 = CARTESIAN_POINT('',(-9.573874492344,-19.,-2.894493229466));
#1336 = CARTESIAN_POINT('',(-9.523813910607,-19.,-3.053637357106));
#1337 = CARTESIAN_POINT('',(-9.417366743494,-19.,-3.367552404598));
#1338 = CARTESIAN_POINT('',(-9.361045002295,-19.,-3.522350789415));
#1339 = CARTESIAN_POINT('',(-9.301474068366,-19.,-3.67551447543));
#1340 = CARTESIAN_POINT('',(-9.23879511219,-19.,-3.826834837692));
#1341 = ORIENTED_EDGE('',*,*,#1342,.T.);
#1342 = EDGE_CURVE('',#1324,#1343,#1345,.T.);
#1343 = VERTEX_POINT('',#1344);
#1344 = CARTESIAN_POINT('',(-7.95248094225,-19.,-6.062841484251));
#1345 = B_SPLINE_CURVE_WITH_KNOTS('',4,(#1346,#1347,#1348,#1349,#1350,
    #1351,#1352,#1353,#1354,#1355,#1356,#1357,#1358,#1359),
  .UNSPECIFIED.,.F.,.F.,(5,3,3,3,5),(0.,0.249457811015,0.499952167163,
    0.751175151293,1.),.UNSPECIFIED.);
#1346 = CARTESIAN_POINT('',(-9.250685568752,-19.,-3.798001646666));
#1347 = CARTESIAN_POINT('',(-9.188348886743,-19.,-3.949833346152));
#1348 = CARTESIAN_POINT('',(-9.122488780909,-19.,-4.10078984542));
#1349 = CARTESIAN_POINT('',(-9.053151356642,-19.,-4.250621481908));
#1350 = CARTESIAN_POINT('',(-8.907392924496,-19.,-4.548176708594));
#1351 = CARTESIAN_POINT('',(-8.830943598966,-19.,-4.695889186484));
#1352 = CARTESIAN_POINT('',(-8.751163063977,-19.,-4.841987515417));
#1353 = CARTESIAN_POINT('',(-8.58495198831,-19.,-5.130931572203));
#1354 = CARTESIAN_POINT('',(-8.498502656101,-19.,-5.273766818398));
#1355 = CARTESIAN_POINT('',(-8.408958316173,-19.,-5.414531609424));
#1356 = CARTESIAN_POINT('',(-8.224891055488,-19.,-5.690199706911));
#1357 = CARTESIAN_POINT('',(-8.13042366094,-19.,-5.825146325399));
#1358 = CARTESIAN_POINT('',(-8.033240878402,-19.,-5.957672993136));
#1359 = CARTESIAN_POINT('',(-7.933533064201,-19.,-6.087614731504));
#1360 = ORIENTED_EDGE('',*,*,#1361,.T.);
#1361 = EDGE_CURVE('',#1343,#1362,#1364,.T.);
#1362 = VERTEX_POINT('',#1363);
#1363 = CARTESIAN_POINT('',(-6.112327881629,-19.,-7.914508694004));
#1364 = B_SPLINE_CURVE_WITH_KNOTS('',4,(#1365,#1366,#1367,#1368,#1369,
    #1370,#1371,#1372,#1373,#1374,#1375,#1376,#1377,#1378),
  .UNSPECIFIED.,.F.,.F.,(5,3,3,3,5),(0.,0.249457811015,0.499952167163,
    0.751175151295,1.),.UNSPECIFIED.);
#1365 = CARTESIAN_POINT('',(-7.95248094225,-19.,-6.062841484251));
#1366 = CARTESIAN_POINT('',(-7.852971395695,-19.,-6.193365723522));
#1367 = CARTESIAN_POINT('',(-7.750285001554,-19.,-6.322132655108));
#1368 = CARTESIAN_POINT('',(-7.644530911645,-19.,-6.448913056448));
#1369 = CARTESIAN_POINT('',(-7.426726118,-19.,-6.698604276428));
#1370 = CARTESIAN_POINT('',(-7.31465093759,-19.,-6.821497032255));
#1371 = CARTESIAN_POINT('',(-7.199775828424,-19.,-6.941968459465));
#1372 = CARTESIAN_POINT('',(-6.964444032955,-19.,-7.178048394379));
#1373 = CARTESIAN_POINT('',(-6.843971908281,-19.,-7.293641913972));
#1374 = CARTESIAN_POINT('',(-6.721046108948,-19.,-7.406434480502));
#1375 = CARTESIAN_POINT('',(-6.471902634321,-19.,-7.625069302704));
#1376 = CARTESIAN_POINT('',(-6.345727383249,-19.,-7.730967765821));
#1377 = CARTESIAN_POINT('',(-6.217555598132,-19.,-7.833825941883));
#1378 = CARTESIAN_POINT('',(-6.08761384867,-19.,-7.933533741624));
#1379 = ORIENTED_EDGE('',*,*,#1380,.T.);
#1380 = EDGE_CURVE('',#1362,#1381,#1383,.T.);
#1381 = VERTEX_POINT('',#1382);
#1382 = CARTESIAN_POINT('',(-3.855629776974,-19.,-9.226815215604));
#1383 = B_SPLINE_CURVE_WITH_KNOTS('',4,(#1384,#1385,#1386,#1387,#1388,
    #1389,#1390,#1391,#1392,#1393,#1394,#1395,#1396,#1397),
  .UNSPECIFIED.,.F.,.F.,(5,3,3,3,5),(0.,0.249457811015,0.499952167163,
    0.751175151294,1.),.UNSPECIFIED.);
#1384 = CARTESIAN_POINT('',(-6.112327881629,-19.,-7.914508694004));
#1385 = CARTESIAN_POINT('',(-5.982426881678,-19.,-8.014830461854));
#1386 = CARTESIAN_POINT('',(-5.849912107296,-19.,-8.112632572169));
#1387 = CARTESIAN_POINT('',(-5.714948318204,-19.,-8.207721863525));
#1388 = CARTESIAN_POINT('',(-5.439940199807,-19.,-8.392533032791));
#1389 = CARTESIAN_POINT('',(-5.29987690285,-19.,-8.482231128335));
#1390 = CARTESIAN_POINT('',(-5.157735768356,-19.,-8.568865725147));
#1391 = CARTESIAN_POINT('',(-4.869320726044,-19.,-8.735993080763));
#1392 = CARTESIAN_POINT('',(-4.723035785113,-19.,-8.816467366419));
#1393 = CARTESIAN_POINT('',(-4.575105716457,-19.,-8.893601081442));
#1394 = CARTESIAN_POINT('',(-4.277864743955,-19.,-9.040303026536));
#1395 = CARTESIAN_POINT('',(-4.128580271203,-19.,-9.109936529028));
#1396 = CARTESIAN_POINT('',(-3.978154178847,-19.,-9.176116598698));
#1397 = CARTESIAN_POINT('',(-3.82683380961,-19.,-9.238795538036));
#1398 = ORIENTED_EDGE('',*,*,#1399,.T.);
#1399 = EDGE_CURVE('',#1381,#1400,#1402,.T.);
#1400 = VERTEX_POINT('',#1401);
#1401 = CARTESIAN_POINT('',(-1.336176874749,-19.,-9.910329528295));
#1402 = B_SPLINE_CURVE_WITH_KNOTS('',4,(#1403,#1404,#1405,#1406,#1407,
    #1408,#1409,#1410,#1411,#1412,#1413,#1414,#1415,#1416),
  .UNSPECIFIED.,.F.,.F.,(5,3,3,3,5),(0.,0.249457811015,0.499952167163,
    0.751175151292,1.),.UNSPECIFIED.);
#1403 = CARTESIAN_POINT('',(-3.855629776974,-19.,-9.226815215604));
#1404 = CARTESIAN_POINT('',(-3.704189862103,-19.,-9.290097749345));
#1405 = CARTESIAN_POINT('',(-3.550877370362,-19.,-9.350269986196));
#1406 = CARTESIAN_POINT('',(-3.395901441276,-19.,-9.407187989504));
#1407 = CARTESIAN_POINT('',(-3.082431346923,-19.,-9.514524532286));
#1408 = CARTESIAN_POINT('',(-2.923925015641,-19.,-9.564915190568));
#1409 = CARTESIAN_POINT('',(-2.764204539236,-19.,-9.611808952379));
#1410 = CARTESIAN_POINT('',(-2.442361258586,-19.,-9.698594275604));
#1411 = CARTESIAN_POINT('',(-2.280232578375,-19.,-9.738465137746));
#1412 = CARTESIAN_POINT('',(-2.117379430109,-19.,-9.774683466053));
#1413 = CARTESIAN_POINT('',(-1.792297440794,-19.,-9.839455038918));
#1414 = CARTESIAN_POINT('',(-1.630077236477,-19.,-9.868078172664));
#1415 = CARTESIAN_POINT('',(-1.467648126485,-19.,-9.893070073562));
#1416 = CARTESIAN_POINT('',(-1.305261370566,-19.,-9.914448686362));
#1417 = ORIENTED_EDGE('',*,*,#1418,.T.);
#1418 = EDGE_CURVE('',#1400,#1419,#1421,.T.);
#1419 = VERTEX_POINT('',#1420);
#1420 = CARTESIAN_POINT('',(1.274334273355,-19.,-9.918471261225));
#1421 = B_SPLINE_CURVE_WITH_KNOTS('',4,(#1422,#1423,#1424,#1425,#1426,
    #1427,#1428,#1429,#1430,#1431,#1432,#1433,#1434,#1435),
  .UNSPECIFIED.,.F.,.F.,(5,3,3,3,5),(0.,0.249457811015,0.499952167163,
    0.751175151288,1.),.UNSPECIFIED.);
#1422 = CARTESIAN_POINT('',(-1.336176874749,-19.,-9.910329528295));
#1423 = CARTESIAN_POINT('',(-1.173518424889,-19.,-9.93226022783));
#1424 = CARTESIAN_POINT('',(-1.00985620874,-19.,-9.950701952715));
#1425 = CARTESIAN_POINT('',(-0.845429493117,-19.,-9.965569800112));
#1426 = CARTESIAN_POINT('',(-0.514859891705,-19.,-9.9881169084));
#1427 = CARTESIAN_POINT('',(-0.348712470631,-19.,-9.995766089334));
#1428 = CARTESIAN_POINT('',(-0.182297338831,-19.,-9.999723283773));
#1429 = CARTESIAN_POINT('',(0.151041092449,-19.,-10.00025229824));
#1430 = CARTESIAN_POINT('',(0.317964710312,-19.,-9.996802603512));
#1431 = CARTESIAN_POINT('',(0.484642765259,-19.,-9.989637325882));
#1432 = CARTESIAN_POINT('',(0.815411971039,-19.,-9.968064450868));
#1433 = CARTESIAN_POINT('',(0.979512868082,-19.,-9.953726596604));
#1434 = CARTESIAN_POINT('',(1.142875720292,-19.,-9.935827171985));
#1435 = CARTESIAN_POINT('',(1.305262473835,-19.,-9.914448541114));
#1436 = ORIENTED_EDGE('',*,*,#1437,.T.);
#1437 = EDGE_CURVE('',#1419,#1438,#1440,.T.);
#1438 = VERTEX_POINT('',#1439);
#1439 = CARTESIAN_POINT('',(3.798001646666,-19.,-9.250685568752));
#1440 = B_SPLINE_CURVE_WITH_KNOTS('',4,(#1441,#1442,#1443,#1444,#1445,
    #1446,#1447,#1448,#1449,#1450,#1451,#1452,#1453,#1454),
  .UNSPECIFIED.,.F.,.F.,(5,3,3,3,5),(0.,0.249457811015,0.499952167163,
    0.751175151295,1.),.UNSPECIFIED.);
#1441 = CARTESIAN_POINT('',(1.274334273355,-19.,-9.918471261225));
#1442 = CARTESIAN_POINT('',(1.43712635365,-19.,-9.897555585625));
#1443 = CARTESIAN_POINT('',(1.599984984641,-19.,-9.87301002547));
#1444 = CARTESIAN_POINT('',(1.762657077859,-19.,-9.844814497724));
#1445 = CARTESIAN_POINT('',(2.087798414286,-19.,-9.781035623351));
#1446 = CARTESIAN_POINT('',(2.250264252978,-19.,-9.745422047896));
#1447 = CARTESIAN_POINT('',(2.412033123955,-19.,-9.706172998701));
#1448 = CARTESIAN_POINT('',(2.734150242649,-19.,-9.620409652964));
#1449 = CARTESIAN_POINT('',(2.894493229466,-19.,-9.573874492344));
#1450 = CARTESIAN_POINT('',(3.053637357106,-19.,-9.523813910607));
#1451 = CARTESIAN_POINT('',(3.367552404598,-19.,-9.417366743494));
#1452 = CARTESIAN_POINT('',(3.522350789415,-19.,-9.361045002295));
#1453 = CARTESIAN_POINT('',(3.67551447543,-19.,-9.301474068366));
#1454 = CARTESIAN_POINT('',(3.826834837692,-19.,-9.23879511219));
#1455 = ORIENTED_EDGE('',*,*,#1456,.T.);
#1456 = EDGE_CURVE('',#1438,#1457,#1459,.T.);
#1457 = VERTEX_POINT('',#1458);
#1458 = CARTESIAN_POINT('',(6.062841484251,-19.,-7.95248094225));
#1459 = B_SPLINE_CURVE_WITH_KNOTS('',4,(#1460,#1461,#1462,#1463,#1464,
    #1465,#1466,#1467,#1468,#1469,#1470,#1471,#1472,#1473),
  .UNSPECIFIED.,.F.,.F.,(5,3,3,3,5),(0.,0.249457811015,0.499952167163,
    0.751175151295,1.),.UNSPECIFIED.);
#1460 = CARTESIAN_POINT('',(3.798001646666,-19.,-9.250685568752));
#1461 = CARTESIAN_POINT('',(3.949833346152,-19.,-9.188348886743));
#1462 = CARTESIAN_POINT('',(4.10078984542,-19.,-9.122488780909));
#1463 = CARTESIAN_POINT('',(4.250621481908,-19.,-9.053151356642));
#1464 = CARTESIAN_POINT('',(4.548176708594,-19.,-8.907392924496));
#1465 = CARTESIAN_POINT('',(4.695889186484,-19.,-8.830943598966));
#1466 = CARTESIAN_POINT('',(4.841987515417,-19.,-8.751163063977));
#1467 = CARTESIAN_POINT('',(5.130931572204,-19.,-8.584951988309));
#1468 = CARTESIAN_POINT('',(5.2737668184,-19.,-8.498502656099));
#1469 = CARTESIAN_POINT('',(5.414531609427,-19.,-8.408958316171));
#1470 = CARTESIAN_POINT('',(5.690199706914,-19.,-8.224891055486));
#1471 = CARTESIAN_POINT('',(5.825146325401,-19.,-8.130423660938));
#1472 = CARTESIAN_POINT('',(5.957672993137,-19.,-8.033240878402));
#1473 = CARTESIAN_POINT('',(6.087614731504,-19.,-7.933533064201));
#1474 = ORIENTED_EDGE('',*,*,#1475,.T.);
#1475 = EDGE_CURVE('',#1457,#1476,#1478,.T.);
#1476 = VERTEX_POINT('',#1477);
#1477 = CARTESIAN_POINT('',(7.914508694004,-19.,-6.112327881629));
#1478 = B_SPLINE_CURVE_WITH_KNOTS('',4,(#1479,#1480,#1481,#1482,#1483,
    #1484,#1485,#1486,#1487,#1488,#1489,#1490,#1491,#1492),
  .UNSPECIFIED.,.F.,.F.,(5,3,3,3,5),(0.,0.249457811015,0.499952167163,
    0.751175151295,1.),.UNSPECIFIED.);
#1479 = CARTESIAN_POINT('',(6.062841484251,-19.,-7.95248094225));
#1480 = CARTESIAN_POINT('',(6.193365723522,-19.,-7.852971395695));
#1481 = CARTESIAN_POINT('',(6.322132655108,-19.,-7.750285001554));
#1482 = CARTESIAN_POINT('',(6.448913056448,-19.,-7.644530911645));
#1483 = CARTESIAN_POINT('',(6.698604276428,-19.,-7.426726118));
#1484 = CARTESIAN_POINT('',(6.821497032255,-19.,-7.31465093759));
#1485 = CARTESIAN_POINT('',(6.941968459465,-19.,-7.199775828424));
#1486 = CARTESIAN_POINT('',(7.178048394379,-19.,-6.964444032955));
#1487 = CARTESIAN_POINT('',(7.293641913972,-19.,-6.843971908281));
#1488 = CARTESIAN_POINT('',(7.406434480502,-19.,-6.721046108948));
#1489 = CARTESIAN_POINT('',(7.625069302704,-19.,-6.471902634321));
#1490 = CARTESIAN_POINT('',(7.730967765821,-19.,-6.345727383249));
#1491 = CARTESIAN_POINT('',(7.833825941883,-19.,-6.217555598132));
#1492 = CARTESIAN_POINT('',(7.933533741624,-19.,-6.08761384867));
#1493 = ORIENTED_EDGE('',*,*,#1494,.T.);
#1494 = EDGE_CURVE('',#1476,#1495,#1497,.T.);
#1495 = VERTEX_POINT('',#1496);
#1496 = CARTESIAN_POINT('',(9.226815215604,-19.,-3.855629776974));
#1497 = B_SPLINE_CURVE_WITH_KNOTS('',4,(#1498,#1499,#1500,#1501,#1502,
    #1503,#1504,#1505,#1506,#1507,#1508,#1509,#1510,#1511),
  .UNSPECIFIED.,.F.,.F.,(5,3,3,3,5),(0.,0.249457811015,0.499952167163,
    0.751175151294,1.),.UNSPECIFIED.);
#1498 = CARTESIAN_POINT('',(7.914508694004,-19.,-6.112327881629));
#1499 = CARTESIAN_POINT('',(8.014830461854,-19.,-5.982426881678));
#1500 = CARTESIAN_POINT('',(8.112632572169,-19.,-5.849912107296));
#1501 = CARTESIAN_POINT('',(8.207721863525,-19.,-5.714948318204));
#1502 = CARTESIAN_POINT('',(8.392533032791,-19.,-5.439940199807));
#1503 = CARTESIAN_POINT('',(8.482231128335,-19.,-5.29987690285));
#1504 = CARTESIAN_POINT('',(8.568865725147,-19.,-5.157735768356));
#1505 = CARTESIAN_POINT('',(8.735993080763,-19.,-4.869320726044));
#1506 = CARTESIAN_POINT('',(8.816467366419,-19.,-4.723035785112));
#1507 = CARTESIAN_POINT('',(8.893601081442,-19.,-4.575105716456));
#1508 = CARTESIAN_POINT('',(9.040303026537,-19.,-4.277864743954));
#1509 = CARTESIAN_POINT('',(9.109936529028,-19.,-4.128580271203));
#1510 = CARTESIAN_POINT('',(9.176116598698,-19.,-3.978154178847));
#1511 = CARTESIAN_POINT('',(9.238795538036,-19.,-3.82683380961));
#1512 = ORIENTED_EDGE('',*,*,#1513,.T.);
#1513 = EDGE_CURVE('',#1495,#1514,#1516,.T.);
#1514 = VERTEX_POINT('',#1515);
#1515 = CARTESIAN_POINT('',(9.910329528295,-19.,-1.336176874749));
#1516 = B_SPLINE_CURVE_WITH_KNOTS('',4,(#1517,#1518,#1519,#1520,#1521,
    #1522,#1523,#1524,#1525,#1526,#1527,#1528,#1529,#1530),
  .UNSPECIFIED.,.F.,.F.,(5,3,3,3,5),(0.,0.249457811015,0.499952167163,
    0.751175151292,1.),.UNSPECIFIED.);
#1517 = CARTESIAN_POINT('',(9.226815215604,-19.,-3.855629776974));
#1518 = CARTESIAN_POINT('',(9.290097749345,-19.,-3.704189862103));
#1519 = CARTESIAN_POINT('',(9.350269986196,-19.,-3.550877370362));
#1520 = CARTESIAN_POINT('',(9.407187989504,-19.,-3.395901441276));
#1521 = CARTESIAN_POINT('',(9.514524532286,-19.,-3.082431346923));
#1522 = CARTESIAN_POINT('',(9.564915190568,-19.,-2.923925015641));
#1523 = CARTESIAN_POINT('',(9.611808952379,-19.,-2.764204539236));
#1524 = CARTESIAN_POINT('',(9.698594275604,-19.,-2.442361258586));
#1525 = CARTESIAN_POINT('',(9.738465137746,-19.,-2.280232578375));
#1526 = CARTESIAN_POINT('',(9.774683466053,-19.,-2.117379430109));
#1527 = CARTESIAN_POINT('',(9.839455038918,-19.,-1.792297440794));
#1528 = CARTESIAN_POINT('',(9.868078172664,-19.,-1.630077236477));
#1529 = CARTESIAN_POINT('',(9.893070073562,-19.,-1.467648126485));
#1530 = CARTESIAN_POINT('',(9.914448686362,-19.,-1.305261370566));
#1531 = ORIENTED_EDGE('',*,*,#1532,.T.);
#1532 = EDGE_CURVE('',#1514,#1533,#1535,.T.);
#1533 = VERTEX_POINT('',#1534);
#1534 = CARTESIAN_POINT('',(10.,-19.,2.449293598295E-15));
#1535 = B_SPLINE_CURVE_WITH_KNOTS('',4,(#1536,#1537,#1538,#1539,#1540,
    #1541,#1542,#1543),.UNSPECIFIED.,.F.,.F.,(5,3,5),(0.,0.498963282644,
    1.),.UNSPECIFIED.);
#1536 = CARTESIAN_POINT('',(9.910329528295,-19.,-1.336176874749));
#1537 = CARTESIAN_POINT('',(9.932522174661,-19.,-1.171575583739));
#1538 = CARTESIAN_POINT('',(9.951142003153,-19.,-1.005946400205));
#1539 = CARTESIAN_POINT('',(9.966101027304,-19.,-0.839537283702));
#1540 = CARTESIAN_POINT('',(9.988654508147,-19.,-0.50498196262));
#1541 = CARTESIAN_POINT('',(9.996218152147,-19.,-0.336831155077));
#1542 = CARTESIAN_POINT('',(10.,-19.,-0.168415512332));
#1543 = CARTESIAN_POINT('',(10.,-19.,2.474416523496E-15));
#1544 = ORIENTED_EDGE('',*,*,#1545,.T.);
#1545 = EDGE_CURVE('',#1533,#1546,#1548,.T.);
#1546 = VERTEX_POINT('',#1547);
#1547 = CARTESIAN_POINT('',(9.910329528295,-19.,1.336176874749));
#1548 = B_SPLINE_CURVE_WITH_KNOTS('',4,(#1549,#1550,#1551,#1552,#1553,
    #1554,#1555,#1556),.UNSPECIFIED.,.F.,.F.,(5,3,5),(0.,0.502306504088,
    1.),.UNSPECIFIED.);
#1549 = CARTESIAN_POINT('',(10.,-19.,2.442490654175E-15));
#1550 = CARTESIAN_POINT('',(10.,-19.,0.168842330955));
#1551 = CARTESIAN_POINT('',(9.99619895894,-19.,0.337684793897));
#1552 = CARTESIAN_POINT('',(9.988596929318,-19.,0.506260400103));
#1553 = CARTESIAN_POINT('',(9.965986750988,-19.,0.840807726687));
#1554 = CARTESIAN_POINT('',(9.951047210401,-19.,1.006789397396));
#1555 = CARTESIAN_POINT('',(9.932465697705,-19.,1.171994469333));
#1556 = CARTESIAN_POINT('',(9.910329528295,-19.,1.336176874749));
#1557 = ORIENTED_EDGE('',*,*,#1558,.T.);
#1558 = EDGE_CURVE('',#1546,#1559,#1561,.T.);
#1559 = VERTEX_POINT('',#1560);
#1560 = CARTESIAN_POINT('',(9.250685568752,-19.,3.798001646666));
#1561 = B_SPLINE_CURVE_WITH_KNOTS('',4,(#1562,#1563,#1564,#1565,#1566,
    #1567,#1568,#1569,#1570,#1571,#1572,#1573,#1574,#1575),
  .UNSPECIFIED.,.F.,.F.,(5,3,3,3,5),(0.,0.249505441647,0.500000165798,
    0.751129408867,1.),.UNSPECIFIED.);
#1562 = CARTESIAN_POINT('',(9.914448686362,-19.,1.305261370566));
#1563 = CARTESIAN_POINT('',(9.893265577039,-19.,1.46616312951));
#1564 = CARTESIAN_POINT('',(9.868534963141,-19.,1.627106468167));
#1565 = CARTESIAN_POINT('',(9.840239387959,-19.,1.787846968993));
#1566 = CARTESIAN_POINT('',(9.776437827743,-19.,2.109071741323));
#1567 = CARTESIAN_POINT('',(9.740903680122,-19.,2.269552702339));
#1568 = CARTESIAN_POINT('',(9.701822519955,-19.,2.42933850875));
#1569 = CARTESIAN_POINT('',(9.616585962141,-19.,2.747445617752));
#1570 = CARTESIAN_POINT('',(9.570412835227,-19.,2.905762411014));
#1571 = CARTESIAN_POINT('',(9.520803146803,-19.,3.062901167798));
#1572 = CARTESIAN_POINT('',(9.415394273175,-19.,3.372969360751));
#1573 = CARTESIAN_POINT('',(9.359654670196,-19.,3.525924152098));
#1574 = CARTESIAN_POINT('',(9.300742856721,-19.,3.677279776222));
#1575 = CARTESIAN_POINT('',(9.23879511219,-19.,3.826834837692));
#1576 = ORIENTED_EDGE('',*,*,#1577,.T.);
#1577 = EDGE_CURVE('',#1559,#1578,#1580,.T.);
#1578 = VERTEX_POINT('',#1579);
#1579 = CARTESIAN_POINT('',(7.95248094225,-19.,6.062841484251));
#1580 = B_SPLINE_CURVE_WITH_KNOTS('',4,(#1581,#1582,#1583,#1584,#1585,
    #1586,#1587,#1588,#1589,#1590,#1591,#1592,#1593,#1594),
  .UNSPECIFIED.,.F.,.F.,(5,3,3,3,5),(0.,0.249457811015,0.499952167163,
    0.751175151289,1.),.UNSPECIFIED.);
#1581 = CARTESIAN_POINT('',(9.250685568752,-19.,3.798001646666));
#1582 = CARTESIAN_POINT('',(9.188348886743,-19.,3.949833346152));
#1583 = CARTESIAN_POINT('',(9.122488780909,-19.,4.10078984542));
#1584 = CARTESIAN_POINT('',(9.053151356642,-19.,4.250621481908));
#1585 = CARTESIAN_POINT('',(8.907392924496,-19.,4.548176708594));
#1586 = CARTESIAN_POINT('',(8.830943598966,-19.,4.695889186484));
#1587 = CARTESIAN_POINT('',(8.751163063977,-19.,4.841987515417));
#1588 = CARTESIAN_POINT('',(8.584951988311,-19.,5.130931572201));
#1589 = CARTESIAN_POINT('',(8.498502656103,-19.,5.273766818394));
#1590 = CARTESIAN_POINT('',(8.408958316177,-19.,5.414531609417));
#1591 = CARTESIAN_POINT('',(8.224891055492,-19.,5.690199706905));
#1592 = CARTESIAN_POINT('',(8.130423660943,-19.,5.825146325395));
#1593 = CARTESIAN_POINT('',(8.033240878404,-19.,5.957672993134));
#1594 = CARTESIAN_POINT('',(7.933533064201,-19.,6.087614731504));
#1595 = ORIENTED_EDGE('',*,*,#1596,.T.);
#1596 = EDGE_CURVE('',#1578,#1597,#1599,.T.);
#1597 = VERTEX_POINT('',#1598);
#1598 = CARTESIAN_POINT('',(6.112327881629,-19.,7.914508694004));
#1599 = B_SPLINE_CURVE_WITH_KNOTS('',4,(#1600,#1601,#1602,#1603,#1604,
    #1605,#1606,#1607,#1608,#1609,#1610,#1611,#1612,#1613),
  .UNSPECIFIED.,.F.,.F.,(5,3,3,3,5),(0.,0.249457811015,0.499952167163,
    0.751175151295,1.),.UNSPECIFIED.);
#1600 = CARTESIAN_POINT('',(7.95248094225,-19.,6.062841484251));
#1601 = CARTESIAN_POINT('',(7.852971395695,-19.,6.193365723522));
#1602 = CARTESIAN_POINT('',(7.750285001554,-19.,6.322132655108));
#1603 = CARTESIAN_POINT('',(7.644530911645,-19.,6.448913056448));
#1604 = CARTESIAN_POINT('',(7.426726118,-19.,6.698604276428));
#1605 = CARTESIAN_POINT('',(7.31465093759,-19.,6.821497032255));
#1606 = CARTESIAN_POINT('',(7.199775828424,-19.,6.941968459465));
#1607 = CARTESIAN_POINT('',(6.964444032955,-19.,7.178048394379));
#1608 = CARTESIAN_POINT('',(6.843971908281,-19.,7.293641913972));
#1609 = CARTESIAN_POINT('',(6.721046108948,-19.,7.406434480502));
#1610 = CARTESIAN_POINT('',(6.471902634321,-19.,7.625069302704));
#1611 = CARTESIAN_POINT('',(6.345727383249,-19.,7.730967765821));
#1612 = CARTESIAN_POINT('',(6.217555598132,-19.,7.833825941883));
#1613 = CARTESIAN_POINT('',(6.08761384867,-19.,7.933533741624));
#1614 = ORIENTED_EDGE('',*,*,#1615,.T.);
#1615 = EDGE_CURVE('',#1597,#1616,#1618,.T.);
#1616 = VERTEX_POINT('',#1617);
#1617 = CARTESIAN_POINT('',(3.855629776974,-19.,9.226815215604));
#1618 = B_SPLINE_CURVE_WITH_KNOTS('',4,(#1619,#1620,#1621,#1622,#1623,
    #1624,#1625,#1626,#1627,#1628,#1629,#1630,#1631,#1632),
  .UNSPECIFIED.,.F.,.F.,(5,3,3,3,5),(0.,0.249457811015,0.499952167163,
    0.751175151295,1.),.UNSPECIFIED.);
#1619 = CARTESIAN_POINT('',(6.112327881629,-19.,7.914508694004));
#1620 = CARTESIAN_POINT('',(5.982426881678,-19.,8.014830461854));
#1621 = CARTESIAN_POINT('',(5.849912107296,-19.,8.112632572169));
#1622 = CARTESIAN_POINT('',(5.714948318204,-19.,8.207721863525));
#1623 = CARTESIAN_POINT('',(5.439940199807,-19.,8.392533032791));
#1624 = CARTESIAN_POINT('',(5.29987690285,-19.,8.482231128335));
#1625 = CARTESIAN_POINT('',(5.157735768356,-19.,8.568865725147));
#1626 = CARTESIAN_POINT('',(4.869320726043,-19.,8.735993080763));
#1627 = CARTESIAN_POINT('',(4.723035785112,-19.,8.81646736642));
#1628 = CARTESIAN_POINT('',(4.575105716455,-19.,8.893601081443));
#1629 = CARTESIAN_POINT('',(4.277864743953,-19.,9.040303026537));
#1630 = CARTESIAN_POINT('',(4.128580271202,-19.,9.109936529028));
#1631 = CARTESIAN_POINT('',(3.978154178847,-19.,9.176116598698));
#1632 = CARTESIAN_POINT('',(3.82683380961,-19.,9.238795538036));
#1633 = ORIENTED_EDGE('',*,*,#1634,.T.);
#1634 = EDGE_CURVE('',#1616,#1635,#1637,.T.);
#1635 = VERTEX_POINT('',#1636);
#1636 = CARTESIAN_POINT('',(1.336176874749,-19.,9.910329528295));
#1637 = B_SPLINE_CURVE_WITH_KNOTS('',4,(#1638,#1639,#1640,#1641,#1642,
    #1643,#1644,#1645,#1646,#1647,#1648,#1649,#1650,#1651),
  .UNSPECIFIED.,.F.,.F.,(5,3,3,3,5),(0.,0.249457811015,0.499952167163,
    0.751175151289,1.),.UNSPECIFIED.);
#1638 = CARTESIAN_POINT('',(3.855629776974,-19.,9.226815215604));
#1639 = CARTESIAN_POINT('',(3.704189862103,-19.,9.290097749345));
#1640 = CARTESIAN_POINT('',(3.550877370362,-19.,9.350269986196));
#1641 = CARTESIAN_POINT('',(3.395901441276,-19.,9.407187989504));
#1642 = CARTESIAN_POINT('',(3.082431346923,-19.,9.514524532286));
#1643 = CARTESIAN_POINT('',(2.923925015641,-19.,9.564915190568));
#1644 = CARTESIAN_POINT('',(2.764204539236,-19.,9.611808952379));
#1645 = CARTESIAN_POINT('',(2.442361258588,-19.,9.698594275603));
#1646 = CARTESIAN_POINT('',(2.28023257838,-19.,9.738465137745));
#1647 = CARTESIAN_POINT('',(2.117379430116,-19.,9.774683466051));
#1648 = CARTESIAN_POINT('',(1.792297440801,-19.,9.839455038917));
#1649 = CARTESIAN_POINT('',(1.630077236481,-19.,9.868078172663));
#1650 = CARTESIAN_POINT('',(1.467648126487,-19.,9.893070073562));
#1651 = CARTESIAN_POINT('',(1.305261370566,-19.,9.914448686362));
#1652 = ORIENTED_EDGE('',*,*,#1653,.T.);
#1653 = EDGE_CURVE('',#1635,#1654,#1656,.T.);
#1654 = VERTEX_POINT('',#1655);
#1655 = CARTESIAN_POINT('',(-1.274334273355,-19.,9.918471261225));
#1656 = B_SPLINE_CURVE_WITH_KNOTS('',4,(#1657,#1658,#1659,#1660,#1661,
    #1662,#1663,#1664,#1665,#1666,#1667,#1668,#1669,#1670),
  .UNSPECIFIED.,.F.,.F.,(5,3,3,3,5),(0.,0.249457811015,0.499952167163,
    0.751175151288,1.),.UNSPECIFIED.);
#1657 = CARTESIAN_POINT('',(1.336176874749,-19.,9.910329528295));
#1658 = CARTESIAN_POINT('',(1.173518424889,-19.,9.93226022783));
#1659 = CARTESIAN_POINT('',(1.00985620874,-19.,9.950701952715));
#1660 = CARTESIAN_POINT('',(0.845429493117,-19.,9.965569800112));
#1661 = CARTESIAN_POINT('',(0.514859891705,-19.,9.9881169084));
#1662 = CARTESIAN_POINT('',(0.348712470631,-19.,9.995766089334));
#1663 = CARTESIAN_POINT('',(0.182297338831,-19.,9.999723283773));
#1664 = CARTESIAN_POINT('',(-0.151041092449,-19.,10.000252298248));
#1665 = CARTESIAN_POINT('',(-0.317964710312,-19.,9.996802603512));
#1666 = CARTESIAN_POINT('',(-0.484642765259,-19.,9.989637325882));
#1667 = CARTESIAN_POINT('',(-0.815411971039,-19.,9.968064450868));
#1668 = CARTESIAN_POINT('',(-0.979512868082,-19.,9.953726596604));
#1669 = CARTESIAN_POINT('',(-1.142875720292,-19.,9.935827171985));
#1670 = CARTESIAN_POINT('',(-1.305262473835,-19.,9.914448541114));
#1671 = ORIENTED_EDGE('',*,*,#1672,.T.);
#1672 = EDGE_CURVE('',#1654,#1673,#1675,.T.);
#1673 = VERTEX_POINT('',#1674);
#1674 = CARTESIAN_POINT('',(-3.798001646666,-19.,9.250685568752));
#1675 = B_SPLINE_CURVE_WITH_KNOTS('',4,(#1676,#1677,#1678,#1679,#1680,
    #1681,#1682,#1683,#1684,#1685,#1686,#1687,#1688,#1689),
  .UNSPECIFIED.,.F.,.F.,(5,3,3,3,5),(0.,0.249457811015,0.499952167163,
    0.751175151295,1.),.UNSPECIFIED.);
#1676 = CARTESIAN_POINT('',(-1.274334273355,-19.,9.918471261225));
#1677 = CARTESIAN_POINT('',(-1.43712635365,-19.,9.897555585625));
#1678 = CARTESIAN_POINT('',(-1.599984984641,-19.,9.87301002547));
#1679 = CARTESIAN_POINT('',(-1.762657077859,-19.,9.844814497724));
#1680 = CARTESIAN_POINT('',(-2.087798414286,-19.,9.781035623351));
#1681 = CARTESIAN_POINT('',(-2.250264252978,-19.,9.745422047896));
#1682 = CARTESIAN_POINT('',(-2.412033123955,-19.,9.706172998701));
#1683 = CARTESIAN_POINT('',(-2.734150242649,-19.,9.620409652964));
#1684 = CARTESIAN_POINT('',(-2.894493229466,-19.,9.573874492344));
#1685 = CARTESIAN_POINT('',(-3.053637357106,-19.,9.523813910607));
#1686 = CARTESIAN_POINT('',(-3.367552404598,-19.,9.417366743494));
#1687 = CARTESIAN_POINT('',(-3.522350789415,-19.,9.361045002295));
#1688 = CARTESIAN_POINT('',(-3.67551447543,-19.,9.301474068366));
#1689 = CARTESIAN_POINT('',(-3.826834837692,-19.,9.23879511219));
#1690 = ORIENTED_EDGE('',*,*,#1691,.T.);
#1691 = EDGE_CURVE('',#1673,#1692,#1694,.T.);
#1692 = VERTEX_POINT('',#1693);
#1693 = CARTESIAN_POINT('',(-6.062841484251,-19.,7.95248094225));
#1694 = B_SPLINE_CURVE_WITH_KNOTS('',4,(#1695,#1696,#1697,#1698,#1699,
    #1700,#1701,#1702,#1703,#1704,#1705,#1706,#1707,#1708),
  .UNSPECIFIED.,.F.,.F.,(5,3,3,3,5),(0.,0.249457811015,0.499952167163,
    0.751175151289,1.),.UNSPECIFIED.);
#1695 = CARTESIAN_POINT('',(-3.798001646666,-19.,9.250685568752));
#1696 = CARTESIAN_POINT('',(-3.949833346152,-19.,9.188348886743));
#1697 = CARTESIAN_POINT('',(-4.10078984542,-19.,9.122488780909));
#1698 = CARTESIAN_POINT('',(-4.250621481908,-19.,9.053151356642));
#1699 = CARTESIAN_POINT('',(-4.548176708594,-19.,8.907392924496));
#1700 = CARTESIAN_POINT('',(-4.695889186484,-19.,8.830943598966));
#1701 = CARTESIAN_POINT('',(-4.841987515417,-19.,8.751163063977));
#1702 = CARTESIAN_POINT('',(-5.130931572201,-19.,8.584951988311));
#1703 = CARTESIAN_POINT('',(-5.273766818394,-19.,8.498502656103));
#1704 = CARTESIAN_POINT('',(-5.414531609417,-19.,8.408958316177));
#1705 = CARTESIAN_POINT('',(-5.690199706905,-19.,8.224891055492));
#1706 = CARTESIAN_POINT('',(-5.825146325395,-19.,8.130423660943));
#1707 = CARTESIAN_POINT('',(-5.957672993134,-19.,8.033240878404));
#1708 = CARTESIAN_POINT('',(-6.087614731504,-19.,7.933533064201));
#1709 = ORIENTED_EDGE('',*,*,#1710,.T.);
#1710 = EDGE_CURVE('',#1692,#1711,#1713,.T.);
#1711 = VERTEX_POINT('',#1712);
#1712 = CARTESIAN_POINT('',(-7.914508694004,-19.,6.112327881629));
#1713 = B_SPLINE_CURVE_WITH_KNOTS('',4,(#1714,#1715,#1716,#1717,#1718,
    #1719,#1720,#1721,#1722,#1723,#1724,#1725,#1726,#1727),
  .UNSPECIFIED.,.F.,.F.,(5,3,3,3,5),(0.,0.249457811015,0.499952167163,
    0.751175151293,1.),.UNSPECIFIED.);
#1714 = CARTESIAN_POINT('',(-6.062841484251,-19.,7.95248094225));
#1715 = CARTESIAN_POINT('',(-6.193365723522,-19.,7.852971395695));
#1716 = CARTESIAN_POINT('',(-6.322132655108,-19.,7.750285001554));
#1717 = CARTESIAN_POINT('',(-6.448913056448,-19.,7.644530911645));
#1718 = CARTESIAN_POINT('',(-6.698604276428,-19.,7.426726118));
#1719 = CARTESIAN_POINT('',(-6.821497032255,-19.,7.31465093759));
#1720 = CARTESIAN_POINT('',(-6.941968459465,-19.,7.199775828424));
#1721 = CARTESIAN_POINT('',(-7.178048394379,-19.,6.964444032956));
#1722 = CARTESIAN_POINT('',(-7.293641913971,-19.,6.843971908282));
#1723 = CARTESIAN_POINT('',(-7.406434480501,-19.,6.72104610895));
#1724 = CARTESIAN_POINT('',(-7.625069302702,-19.,6.471902634323));
#1725 = CARTESIAN_POINT('',(-7.73096776582,-19.,6.34572738325));
#1726 = CARTESIAN_POINT('',(-7.833825941882,-19.,6.217555598133));
#1727 = CARTESIAN_POINT('',(-7.933533741624,-19.,6.08761384867));
#1728 = ORIENTED_EDGE('',*,*,#1729,.T.);
#1729 = EDGE_CURVE('',#1711,#1730,#1732,.T.);
#1730 = VERTEX_POINT('',#1731);
#1731 = CARTESIAN_POINT('',(-9.226815215604,-19.,3.855629776974));
#1732 = B_SPLINE_CURVE_WITH_KNOTS('',4,(#1733,#1734,#1735,#1736,#1737,
    #1738,#1739,#1740,#1741,#1742,#1743,#1744,#1745,#1746),
  .UNSPECIFIED.,.F.,.F.,(5,3,3,3,5),(0.,0.249457811015,0.499952167163,
    0.751175151295,1.),.UNSPECIFIED.);
#1733 = CARTESIAN_POINT('',(-7.914508694004,-19.,6.112327881629));
#1734 = CARTESIAN_POINT('',(-8.014830461854,-19.,5.982426881678));
#1735 = CARTESIAN_POINT('',(-8.112632572169,-19.,5.849912107296));
#1736 = CARTESIAN_POINT('',(-8.207721863525,-19.,5.714948318204));
#1737 = CARTESIAN_POINT('',(-8.392533032791,-19.,5.439940199807));
#1738 = CARTESIAN_POINT('',(-8.482231128335,-19.,5.29987690285));
#1739 = CARTESIAN_POINT('',(-8.568865725147,-19.,5.157735768356));
#1740 = CARTESIAN_POINT('',(-8.735993080763,-19.,4.869320726043));
#1741 = CARTESIAN_POINT('',(-8.81646736642,-19.,4.723035785111));
#1742 = CARTESIAN_POINT('',(-8.893601081443,-19.,4.575105716455));
#1743 = CARTESIAN_POINT('',(-9.040303026537,-19.,4.277864743953));
#1744 = CARTESIAN_POINT('',(-9.109936529028,-19.,4.128580271202));
#1745 = CARTESIAN_POINT('',(-9.176116598698,-19.,3.978154178847));
#1746 = CARTESIAN_POINT('',(-9.238795538036,-19.,3.82683380961));
#1747 = ORIENTED_EDGE('',*,*,#1748,.T.);
#1748 = EDGE_CURVE('',#1730,#1749,#1751,.T.);
#1749 = VERTEX_POINT('',#1750);
#1750 = CARTESIAN_POINT('',(-9.910329528295,-19.,1.336176874749));
#1751 = B_SPLINE_CURVE_WITH_KNOTS('',4,(#1752,#1753,#1754,#1755,#1756,
    #1757,#1758,#1759,#1760,#1761,#1762,#1763,#1764,#1765),
  .UNSPECIFIED.,.F.,.F.,(5,3,3,3,5),(0.,0.249457811015,0.499952167163,
    0.751175151286,1.),.UNSPECIFIED.);
#1752 = CARTESIAN_POINT('',(-9.226815215604,-19.,3.855629776974));
#1753 = CARTESIAN_POINT('',(-9.290097749345,-19.,3.704189862103));
#1754 = CARTESIAN_POINT('',(-9.350269986196,-19.,3.550877370362));
#1755 = CARTESIAN_POINT('',(-9.407187989504,-19.,3.395901441276));
#1756 = CARTESIAN_POINT('',(-9.514524532286,-19.,3.082431346923));
#1757 = CARTESIAN_POINT('',(-9.564915190568,-19.,2.923925015641));
#1758 = CARTESIAN_POINT('',(-9.611808952379,-19.,2.764204539236));
#1759 = CARTESIAN_POINT('',(-9.698594275603,-19.,2.44236125859));
#1760 = CARTESIAN_POINT('',(-9.738465137745,-19.,2.280232578383));
#1761 = CARTESIAN_POINT('',(-9.77468346605,-19.,2.11737943012));
#1762 = CARTESIAN_POINT('',(-9.839455038916,-19.,1.792297440806));
#1763 = CARTESIAN_POINT('',(-9.868078172663,-19.,1.630077236484));
#1764 = CARTESIAN_POINT('',(-9.893070073562,-19.,1.467648126489));
#1765 = CARTESIAN_POINT('',(-9.914448686362,-19.,1.305261370566));
#1766 = ORIENTED_EDGE('',*,*,#1767,.T.);
#1767 = EDGE_CURVE('',#1749,#1322,#1768,.T.);
#1768 = B_SPLINE_CURVE_WITH_KNOTS('',4,(#1769,#1770,#1771,#1772,#1773,
    #1774,#1775,#1776,#1777,#1778,#1779,#1780,#1781,#1782),
  .UNSPECIFIED.,.F.,.F.,(5,3,3,3,5),(0.,0.249457811015,0.499952167163,
    0.751175151288,1.),.UNSPECIFIED.);
#1769 = CARTESIAN_POINT('',(-9.910329528295,-19.,1.336176874749));
#1770 = CARTESIAN_POINT('',(-9.93226022783,-19.,1.173518424889));
#1771 = CARTESIAN_POINT('',(-9.950701952715,-19.,1.00985620874));
#1772 = CARTESIAN_POINT('',(-9.965569800112,-19.,0.845429493117));
#1773 = CARTESIAN_POINT('',(-9.9881169084,-19.,0.514859891705));
#1774 = CARTESIAN_POINT('',(-9.995766089334,-19.,0.348712470631));
#1775 = CARTESIAN_POINT('',(-9.999723283773,-19.,0.182297338831));
#1776 = CARTESIAN_POINT('',(-10.00025229824,-19.,-0.151041092449));
#1777 = CARTESIAN_POINT('',(-9.996802603512,-19.,-0.317964710312));
#1778 = CARTESIAN_POINT('',(-9.989637325882,-19.,-0.484642765259));
#1779 = CARTESIAN_POINT('',(-9.968064450868,-19.,-0.815411971039));
#1780 = CARTESIAN_POINT('',(-9.953726596604,-19.,-0.979512868082));
#1781 = CARTESIAN_POINT('',(-9.935827171985,-19.,-1.142875720292));
#1782 = CARTESIAN_POINT('',(-9.914448541114,-19.,-1.305262473835));
#1783 = PLANE('',#1784);
#1784 = AXIS2_PLACEMENT_3D('',#1785,#1786,#1787);
#1785 = CARTESIAN_POINT('',(-6.122815615959,-19.,2.292073341162E-16));
#1786 = DIRECTION('',(0.,1.,0.));
#1787 = DIRECTION('',(0.,-0.,1.));
#1788 = ADVANCED_FACE('',(#1789),#1808,.T.);
#1789 = FACE_BOUND('',#1790,.T.);
#1790 = EDGE_LOOP('',(#1791,#1792,#1793,#1802));
#1791 = ORIENTED_EDGE('',*,*,#1312,.F.);
#1792 = ORIENTED_EDGE('',*,*,#294,.F.);
#1793 = ORIENTED_EDGE('',*,*,#1794,.T.);
#1794 = EDGE_CURVE('',#287,#1795,#1797,.T.);
#1795 = VERTEX_POINT('',#1796);
#1796 = CARTESIAN_POINT('',(0.,-23.,-11.));
#1797 = CIRCLE('',#1798,11.);
#1798 = AXIS2_PLACEMENT_3D('',#1799,#1800,#1801);
#1799 = CARTESIAN_POINT('',(0.,-23.,0.));
#1800 = DIRECTION('',(0.,1.,0.));
#1801 = DIRECTION('',(0.,-0.,1.));
#1802 = ORIENTED_EDGE('',*,*,#1803,.T.);
#1803 = EDGE_CURVE('',#1795,#1303,#1804,.T.);
#1804 = LINE('',#1805,#1806);
#1805 = CARTESIAN_POINT('',(0.,-23.,-11.));
#1806 = VECTOR('',#1807,1.);
#1807 = DIRECTION('',(-0.,1.,0.));
#1808 = CYLINDRICAL_SURFACE('',#1809,11.);
#1809 = AXIS2_PLACEMENT_3D('',#1810,#1811,#1812);
#1810 = CARTESIAN_POINT('',(0.,-23.,0.));
#1811 = DIRECTION('',(0.,1.,0.));
#1812 = DIRECTION('',(0.,-0.,1.));
#1813 = ADVANCED_FACE('',(#1814,#1825),#1836,.T.);
#1814 = FACE_BOUND('',#1815,.T.);
#1815 = EDGE_LOOP('',(#1816,#1817,#1823,#1824));
#1816 = ORIENTED_EDGE('',*,*,#340,.F.);
#1817 = ORIENTED_EDGE('',*,*,#1818,.T.);
#1818 = EDGE_CURVE('',#334,#1795,#1819,.T.);
#1819 = LINE('',#1820,#1821);
#1820 = CARTESIAN_POINT('',(-19.,-23.,-11.));
#1821 = VECTOR('',#1822,1.);
#1822 = DIRECTION('',(1.,0.,-0.));
#1823 = ORIENTED_EDGE('',*,*,#1794,.F.);
#1824 = ORIENTED_EDGE('',*,*,#286,.F.);
#1825 = FACE_BOUND('',#1826,.T.);
#1826 = EDGE_LOOP('',(#1827));
#1827 = ORIENTED_EDGE('',*,*,#1828,.T.);
#1828 = EDGE_CURVE('',#1829,#1829,#1831,.T.);
#1829 = VERTEX_POINT('',#1830);
#1830 = CARTESIAN_POINT('',(-1.053196247267E-15,-23.,4.3));
#1831 = CIRCLE('',#1832,4.3);
#1832 = AXIS2_PLACEMENT_3D('',#1833,#1834,#1835);
#1833 = CARTESIAN_POINT('',(0.,-23.,0.));
#1834 = DIRECTION('',(0.,1.,0.));
#1835 = DIRECTION('',(0.,-0.,1.));
#1836 = PLANE('',#1837);
#1837 = AXIS2_PLACEMENT_3D('',#1838,#1839,#1840);
#1838 = CARTESIAN_POINT('',(-6.122815615959,-23.,3.056097788215E-16));
#1839 = DIRECTION('',(-0.,-1.,-0.));
#1840 = DIRECTION('',(0.,0.,-1.));
#1841 = ADVANCED_FACE('',(#1842,#1860),#1871,.F.);
#1842 = FACE_BOUND('',#1843,.F.);
#1843 = EDGE_LOOP('',(#1844,#1852,#1858,#1859));
#1844 = ORIENTED_EDGE('',*,*,#1845,.F.);
#1845 = EDGE_CURVE('',#1846,#326,#1848,.T.);
#1846 = VERTEX_POINT('',#1847);
#1847 = CARTESIAN_POINT('',(-34.,-14.9,-6.9));
#1848 = LINE('',#1849,#1850);
#1849 = CARTESIAN_POINT('',(-34.,-14.9,-6.9));
#1850 = VECTOR('',#1851,1.);
#1851 = DIRECTION('',(1.,0.,-0.));
#1852 = ORIENTED_EDGE('',*,*,#1853,.T.);
#1853 = EDGE_CURVE('',#1846,#356,#1854,.T.);
#1854 = LINE('',#1855,#1856);
#1855 = CARTESIAN_POINT('',(-34.,-14.9,-6.9));
#1856 = VECTOR('',#1857,1.);
#1857 = DIRECTION('',(0.,0.,1.));
#1858 = ORIENTED_EDGE('',*,*,#365,.T.);
#1859 = ORIENTED_EDGE('',*,*,#325,.T.);
#1860 = FACE_BOUND('',#1861,.F.);
#1861 = EDGE_LOOP('',(#1862));
#1862 = ORIENTED_EDGE('',*,*,#1863,.F.);
#1863 = EDGE_CURVE('',#1864,#1864,#1866,.T.);
#1864 = VERTEX_POINT('',#1865);
#1865 = CARTESIAN_POINT('',(-30.5,-14.9,1.6));
#1866 = CIRCLE('',#1867,1.6);
#1867 = AXIS2_PLACEMENT_3D('',#1868,#1869,#1870);
#1868 = CARTESIAN_POINT('',(-30.5,-14.9,0.));
#1869 = DIRECTION('',(0.,1.,0.));
#1870 = DIRECTION('',(0.,-0.,1.));
#1871 = PLANE('',#1872);
#1872 = AXIS2_PLACEMENT_3D('',#1873,#1874,#1875);
#1873 = CARTESIAN_POINT('',(-34.,-14.9,-6.9));
#1874 = DIRECTION('',(-0.,1.,0.));
#1875 = DIRECTION('',(0.,0.,1.));
#1876 = ADVANCED_FACE('',(#1877,#1888),#1899,.F.);
#1877 = FACE_BOUND('',#1878,.F.);
#1878 = EDGE_LOOP('',(#1879,#1880,#1886,#1887));
#1879 = ORIENTED_EDGE('',*,*,#1853,.F.);
#1880 = ORIENTED_EDGE('',*,*,#1881,.T.);
#1881 = EDGE_CURVE('',#1846,#387,#1882,.T.);
#1882 = LINE('',#1883,#1884);
#1883 = CARTESIAN_POINT('',(-34.,-14.9,-6.9));
#1884 = VECTOR('',#1885,1.);
#1885 = DIRECTION('',(-0.,1.,0.));
#1886 = ORIENTED_EDGE('',*,*,#394,.T.);
#1887 = ORIENTED_EDGE('',*,*,#355,.F.);
#1888 = FACE_BOUND('',#1889,.F.);
#1889 = EDGE_LOOP('',(#1890,#1896,#1897,#1898));
#1890 = ORIENTED_EDGE('',*,*,#1891,.T.);
#1891 = EDGE_CURVE('',#1152,#1243,#1892,.T.);
#1892 = LINE('',#1893,#1894);
#1893 = CARTESIAN_POINT('',(-34.,-13.5,-4.1));
#1894 = VECTOR('',#1895,1.);
#1895 = DIRECTION('',(0.,-1.,0.));
#1896 = ORIENTED_EDGE('',*,*,#1252,.T.);
#1897 = ORIENTED_EDGE('',*,*,#1219,.F.);
#1898 = ORIENTED_EDGE('',*,*,#1161,.F.);
#1899 = PLANE('',#1900);
#1900 = AXIS2_PLACEMENT_3D('',#1901,#1902,#1903);
#1901 = CARTESIAN_POINT('',(-34.,-14.9,-6.9));
#1902 = DIRECTION('',(1.,0.,-0.));
#1903 = DIRECTION('',(0.,0.,1.));
#1904 = ADVANCED_FACE('',(#1905),#1911,.F.);
#1905 = FACE_BOUND('',#1906,.F.);
#1906 = EDGE_LOOP('',(#1907,#1908,#1909,#1910));
#1907 = ORIENTED_EDGE('',*,*,#1881,.F.);
#1908 = ORIENTED_EDGE('',*,*,#1845,.T.);
#1909 = ORIENTED_EDGE('',*,*,#458,.T.);
#1910 = ORIENTED_EDGE('',*,*,#386,.F.);
#1911 = PLANE('',#1912);
#1912 = AXIS2_PLACEMENT_3D('',#1913,#1914,#1915);
#1913 = CARTESIAN_POINT('',(-34.,-14.9,-6.9));
#1914 = DIRECTION('',(0.,0.,1.));
#1915 = DIRECTION('',(1.,0.,-0.));
#1916 = ADVANCED_FACE('',(#1917),#1928,.F.);
#1917 = FACE_BOUND('',#1918,.F.);
#1918 = EDGE_LOOP('',(#1919,#1920,#1926,#1927));
#1919 = ORIENTED_EDGE('',*,*,#404,.F.);
#1920 = ORIENTED_EDGE('',*,*,#1921,.F.);
#1921 = EDGE_CURVE('',#1202,#405,#1922,.T.);
#1922 = LINE('',#1923,#1924);
#1923 = CARTESIAN_POINT('',(-30.5,9.,1.6));
#1924 = VECTOR('',#1925,1.);
#1925 = DIRECTION('',(0.,1.,0.));
#1926 = ORIENTED_EDGE('',*,*,#1201,.T.);
#1927 = ORIENTED_EDGE('',*,*,#1921,.T.);
#1928 = CYLINDRICAL_SURFACE('',#1929,1.6);
#1929 = AXIS2_PLACEMENT_3D('',#1930,#1931,#1932);
#1930 = CARTESIAN_POINT('',(-30.5,9.,0.));
#1931 = DIRECTION('',(0.,1.,0.));
#1932 = DIRECTION('',(0.,-0.,1.));
#1933 = ADVANCED_FACE('',(#1934),#1947,.T.);
#1934 = FACE_BOUND('',#1935,.T.);
#1935 = EDGE_LOOP('',(#1936,#1942,#1943,#1944,#1945,#1946));
#1936 = ORIENTED_EDGE('',*,*,#1937,.F.);
#1937 = EDGE_CURVE('',#466,#1085,#1938,.T.);
#1938 = LINE('',#1939,#1940);
#1939 = CARTESIAN_POINT('',(-15.34052631578,16.,-11.));
#1940 = VECTOR('',#1941,1.);
#1941 = DIRECTION('',(1.,0.,-0.));
#1942 = ORIENTED_EDGE('',*,*,#465,.T.);
#1943 = ORIENTED_EDGE('',*,*,#432,.T.);
#1944 = ORIENTED_EDGE('',*,*,#519,.F.);
#1945 = ORIENTED_EDGE('',*,*,#541,.F.);
#1946 = ORIENTED_EDGE('',*,*,#1092,.F.);
#1947 = PLANE('',#1948);
#1948 = AXIS2_PLACEMENT_3D('',#1949,#1950,#1951);
#1949 = CARTESIAN_POINT('',(-11.67105263157,0.,-11.));
#1950 = DIRECTION('',(-0.,-0.,-1.));
#1951 = DIRECTION('',(-1.,0.,0.));
#1952 = ADVANCED_FACE('',(#1953),#1972,.F.);
#1953 = FACE_BOUND('',#1954,.F.);
#1954 = EDGE_LOOP('',(#1955,#1956,#1964,#1971));
#1955 = ORIENTED_EDGE('',*,*,#440,.F.);
#1956 = ORIENTED_EDGE('',*,*,#1957,.F.);
#1957 = EDGE_CURVE('',#1958,#441,#1960,.T.);
#1958 = VERTEX_POINT('',#1959);
#1959 = CARTESIAN_POINT('',(-1.053196247267E-15,19.,4.3));
#1960 = LINE('',#1961,#1962);
#1961 = CARTESIAN_POINT('',(-1.053196247267E-15,18.,4.3));
#1962 = VECTOR('',#1963,1.);
#1963 = DIRECTION('',(0.,1.,0.));
#1964 = ORIENTED_EDGE('',*,*,#1965,.T.);
#1965 = EDGE_CURVE('',#1958,#1958,#1966,.T.);
#1966 = CIRCLE('',#1967,4.3);
#1967 = AXIS2_PLACEMENT_3D('',#1968,#1969,#1970);
#1968 = CARTESIAN_POINT('',(0.,19.,0.));
#1969 = DIRECTION('',(0.,1.,0.));
#1970 = DIRECTION('',(0.,-0.,1.));
#1971 = ORIENTED_EDGE('',*,*,#1957,.T.);
#1972 = CYLINDRICAL_SURFACE('',#1973,4.3);
#1973 = AXIS2_PLACEMENT_3D('',#1974,#1975,#1976);
#1974 = CARTESIAN_POINT('',(0.,18.,0.));
#1975 = DIRECTION('',(0.,1.,0.));
#1976 = DIRECTION('',(0.,-0.,1.));
#1977 = ADVANCED_FACE('',(#1978),#1991,.T.);
#1978 = FACE_BOUND('',#1979,.T.);
#1979 = EDGE_LOOP('',(#1980,#1981,#1982,#1988,#1989,#1990));
#1980 = ORIENTED_EDGE('',*,*,#1818,.F.);
#1981 = ORIENTED_EDGE('',*,*,#494,.T.);
#1982 = ORIENTED_EDGE('',*,*,#1983,.T.);
#1983 = EDGE_CURVE('',#488,#1032,#1984,.T.);
#1984 = LINE('',#1985,#1986);
#1985 = CARTESIAN_POINT('',(-15.34052631578,-16.,-11.));
#1986 = VECTOR('',#1987,1.);
#1987 = DIRECTION('',(1.,0.,-0.));
#1988 = ORIENTED_EDGE('',*,*,#1031,.F.);
#1989 = ORIENTED_EDGE('',*,*,#1302,.T.);
#1990 = ORIENTED_EDGE('',*,*,#1803,.F.);
#1991 = PLANE('',#1992);
#1992 = AXIS2_PLACEMENT_3D('',#1993,#1994,#1995);
#1993 = CARTESIAN_POINT('',(-11.67105263157,0.,-11.));
#1994 = DIRECTION('',(-0.,-0.,-1.));
#1995 = DIRECTION('',(-1.,0.,0.));
#1996 = ADVANCED_FACE('',(#1997),#2016,.T.);
#1997 = FACE_BOUND('',#1998,.T.);
#1998 = EDGE_LOOP('',(#1999,#2000,#2008,#2014,#2015));
#1999 = ORIENTED_EDGE('',*,*,#487,.T.);
#2000 = ORIENTED_EDGE('',*,*,#2001,.T.);
#2001 = EDGE_CURVE('',#481,#2002,#2004,.T.);
#2002 = VERTEX_POINT('',#2003);
#2003 = CARTESIAN_POINT('',(-19.01,-16.,-1.));
#2004 = LINE('',#2005,#2006);
#2005 = CARTESIAN_POINT('',(-19.01,-16.,-12.));
#2006 = VECTOR('',#2007,1.);
#2007 = DIRECTION('',(0.,0.,1.));
#2008 = ORIENTED_EDGE('',*,*,#2009,.T.);
#2009 = EDGE_CURVE('',#2002,#1040,#2010,.T.);
#2010 = LINE('',#2011,#2012);
#2011 = CARTESIAN_POINT('',(-19.01,-16.,-1.));
#2012 = VECTOR('',#2013,1.);
#2013 = DIRECTION('',(1.,0.,-0.));
#2014 = ORIENTED_EDGE('',*,*,#1039,.F.);
#2015 = ORIENTED_EDGE('',*,*,#1983,.F.);
#2016 = PLANE('',#2017);
#2017 = AXIS2_PLACEMENT_3D('',#2018,#2019,#2020);
#2018 = CARTESIAN_POINT('',(-19.01,-16.,-12.));
#2019 = DIRECTION('',(-0.,1.,0.));
#2020 = DIRECTION('',(0.,0.,1.));
#2021 = ADVANCED_FACE('',(#2022),#2054,.T.);
#2022 = FACE_BOUND('',#2023,.T.);
#2023 = EDGE_LOOP('',(#2024,#2025,#2026,#2034,#2040,#2041,#2047,#2048));
#2024 = ORIENTED_EDGE('',*,*,#2001,.F.);
#2025 = ORIENTED_EDGE('',*,*,#480,.F.);
#2026 = ORIENTED_EDGE('',*,*,#2027,.T.);
#2027 = EDGE_CURVE('',#474,#2028,#2030,.T.);
#2028 = VERTEX_POINT('',#2029);
#2029 = CARTESIAN_POINT('',(-19.01,16.,-1.));
#2030 = LINE('',#2031,#2032);
#2031 = CARTESIAN_POINT('',(-19.01,16.,-12.));
#2032 = VECTOR('',#2033,1.);
#2033 = DIRECTION('',(0.,0.,1.));
#2034 = ORIENTED_EDGE('',*,*,#2035,.F.);
#2035 = EDGE_CURVE('',#1186,#2028,#2036,.T.);
#2036 = LINE('',#2037,#2038);
#2037 = CARTESIAN_POINT('',(-19.01,-16.,-1.));
#2038 = VECTOR('',#2039,1.);
#2039 = DIRECTION('',(-0.,1.,0.));
#2040 = ORIENTED_EDGE('',*,*,#1193,.F.);
#2041 = ORIENTED_EDGE('',*,*,#2042,.T.);
#2042 = EDGE_CURVE('',#1154,#1245,#2043,.T.);
#2043 = LINE('',#2044,#2045);
#2044 = CARTESIAN_POINT('',(-19.01,-14.05,-4.1));
#2045 = VECTOR('',#2046,1.);
#2046 = DIRECTION('',(0.,-1.,0.));
#2047 = ORIENTED_EDGE('',*,*,#1277,.T.);
#2048 = ORIENTED_EDGE('',*,*,#2049,.F.);
#2049 = EDGE_CURVE('',#2002,#1270,#2050,.T.);
#2050 = LINE('',#2051,#2052);
#2051 = CARTESIAN_POINT('',(-19.01,-16.,-1.));
#2052 = VECTOR('',#2053,1.);
#2053 = DIRECTION('',(-0.,1.,0.));
#2054 = PLANE('',#2055);
#2055 = AXIS2_PLACEMENT_3D('',#2056,#2057,#2058);
#2056 = CARTESIAN_POINT('',(-19.01,-16.,-12.));
#2057 = DIRECTION('',(1.,0.,-0.));
#2058 = DIRECTION('',(0.,0.,1.));
#2059 = ADVANCED_FACE('',(#2060),#2072,.F.);
#2060 = FACE_BOUND('',#2061,.F.);
#2061 = EDGE_LOOP('',(#2062,#2063,#2064,#2070,#2071));
#2062 = ORIENTED_EDGE('',*,*,#473,.F.);
#2063 = ORIENTED_EDGE('',*,*,#2027,.T.);
#2064 = ORIENTED_EDGE('',*,*,#2065,.T.);
#2065 = EDGE_CURVE('',#2028,#1077,#2066,.T.);
#2066 = LINE('',#2067,#2068);
#2067 = CARTESIAN_POINT('',(-19.01,16.,-1.));
#2068 = VECTOR('',#2069,1.);
#2069 = DIRECTION('',(1.,0.,-0.));
#2070 = ORIENTED_EDGE('',*,*,#1084,.F.);
#2071 = ORIENTED_EDGE('',*,*,#1937,.F.);
#2072 = PLANE('',#2073);
#2073 = AXIS2_PLACEMENT_3D('',#2074,#2075,#2076);
#2074 = CARTESIAN_POINT('',(-19.01,16.,-12.));
#2075 = DIRECTION('',(-0.,1.,0.));
#2076 = DIRECTION('',(0.,0.,1.));
#2077 = ADVANCED_FACE('',(#2078),#2672,.T.);
#2078 = FACE_BOUND('',#2079,.T.);
#2079 = EDGE_LOOP('',(#2080,#2088,#2099,#2110,#2121,#2132,#2145,#2158,
    #2171,#2184,#2195,#2206,#2217,#2228,#2239,#2250,#2261,#2272,#2285,
    #2298,#2311,#2324,#2335,#2346,#2357,#2368,#2379,#2390,#2401,#2412,
    #2425,#2438,#2451,#2464,#2475,#2486,#2497,#2508,#2519,#2530,#2541,
    #2552,#2565,#2578,#2591,#2604,#2615,#2626,#2637,#2646,#2647,#2648,
    #2649,#2650,#2651,#2652,#2653,#2654,#2655,#2656,#2657,#2658,#2659,
    #2660,#2661,#2662,#2663,#2664,#2665,#2666,#2667,#2668,#2669,#2670,
    #2671));
#2080 = ORIENTED_EDGE('',*,*,#2081,.T.);
#2081 = EDGE_CURVE('',#763,#2082,#2084,.T.);
#2082 = VERTEX_POINT('',#2083);
#2083 = CARTESIAN_POINT('',(10.,18.,-1.120711026629E-15));
#2084 = LINE('',#2085,#2086);
#2085 = CARTESIAN_POINT('',(10.,19.1,-2.460395828541E-15));
#2086 = VECTOR('',#2087,1.);
#2087 = DIRECTION('',(0.,-1.,1.110223024625E-16));
#2088 = ORIENTED_EDGE('',*,*,#2089,.F.);
#2089 = EDGE_CURVE('',#2090,#2082,#2092,.T.);
#2090 = VERTEX_POINT('',#2091);
#2091 = CARTESIAN_POINT('',(9.914448613738,18.976457278202,
    -1.305261922201));
#2092 = B_SPLINE_CURVE_WITH_KNOTS('',5,(#2093,#2094,#2095,#2096,#2097,
    #2098),.UNSPECIFIED.,.F.,.F.,(6,6),(0.,1.),
  .PIECEWISE_BEZIER_KNOTS.);
#2093 = CARTESIAN_POINT('',(9.914448554234,18.976457622184,
    -1.305262374178));
#2094 = CARTESIAN_POINT('',(9.948330755406,18.78059082817,
    -1.047901595937));
#2095 = CARTESIAN_POINT('',(9.974078157766,18.585149763663,
    -0.787802058604));
#2096 = CARTESIAN_POINT('',(9.991359699974,18.390002498288,
    -0.52582747881));
#2097 = CARTESIAN_POINT('',(10.,18.195001058157,-0.262913461876));
#2098 = CARTESIAN_POINT('',(10.,18.,1.110223024625E-16));
#2099 = ORIENTED_EDGE('',*,*,#2100,.F.);
#2100 = EDGE_CURVE('',#2101,#2090,#2103,.T.);
#2101 = VERTEX_POINT('',#2102);
#2102 = CARTESIAN_POINT('',(9.659258262891,18.,-2.588190451025));
#2103 = B_SPLINE_CURVE_WITH_KNOTS('',5,(#2104,#2105,#2106,#2107,#2108,
    #2109),.UNSPECIFIED.,.F.,.F.,(6,6),(0.,1.),
  .PIECEWISE_BEZIER_KNOTS.);
#2104 = CARTESIAN_POINT('',(9.659258262891,18.,-2.588190451025));
#2105 = CARTESIAN_POINT('',(9.727305274039,18.19500105816,
    -2.334235548117));
#2106 = CARTESIAN_POINT('',(9.787006539902,18.390002498288,
    -2.078043834869));
#2107 = CARTESIAN_POINT('',(9.83811786255,18.585149763664,
    -1.820523030161));
#2108 = CARTESIAN_POINT('',(9.880566495536,18.780590828174,
    -1.562622251547));
#2109 = CARTESIAN_POINT('',(9.914448673242,18.976457622184,
    -1.305261470223));
#2110 = ORIENTED_EDGE('',*,*,#2111,.F.);
#2111 = EDGE_CURVE('',#2112,#2101,#2114,.T.);
#2112 = VERTEX_POINT('',#2113);
#2113 = CARTESIAN_POINT('',(9.238795325113,18.976457278202,
    -3.826834323651));
#2114 = B_SPLINE_CURVE_WITH_KNOTS('',5,(#2115,#2116,#2117,#2118,#2119,
    #2120),.UNSPECIFIED.,.F.,.F.,(6,6),(0.,1.),
  .PIECEWISE_BEZIER_KNOTS.);
#2115 = CARTESIAN_POINT('',(9.238795150656,18.976457622184,
    -3.826834744827));
#2116 = CARTESIAN_POINT('',(9.338132714691,18.78059082817,
    -3.587012681404));
#2117 = CARTESIAN_POINT('',(9.430321509474,18.585149763663,
    -3.34243973898));
#2118 = CARTESIAN_POINT('',(9.514818207994,18.390002498288,
    -3.093864518778));
#2119 = CARTESIAN_POINT('',(9.591211251743,18.195001058157,
    -2.84214535393));
#2120 = CARTESIAN_POINT('',(9.659258262891,18.,-2.588190451025));
#2121 = ORIENTED_EDGE('',*,*,#2122,.F.);
#2122 = EDGE_CURVE('',#2123,#2112,#2125,.T.);
#2123 = VERTEX_POINT('',#2124);
#2124 = CARTESIAN_POINT('',(8.660254037844,18.,-5.));
#2125 = B_SPLINE_CURVE_WITH_KNOTS('',5,(#2126,#2127,#2128,#2129,#2130,
    #2131),.UNSPECIFIED.,.F.,.F.,(6,6),(0.,1.),
  .PIECEWISE_BEZIER_KNOTS.);
#2126 = CARTESIAN_POINT('',(8.660254037844,18.,-5.));
#2127 = CARTESIAN_POINT('',(8.791710773345,18.195001064926,
    -4.772310255116));
#2128 = CARTESIAN_POINT('',(8.915685048687,18.390002495131,
    -4.540299897331));
#2129 = CARTESIAN_POINT('',(9.031706095958,18.585149758716,
    -4.304782490268));
#2130 = CARTESIAN_POINT('',(9.139457959326,18.780590831967,
    -4.066655970306));
#2131 = CARTESIAN_POINT('',(9.23879549957,18.976457622184,
    -3.826833902475));
#2132 = ORIENTED_EDGE('',*,*,#2133,.F.);
#2133 = EDGE_CURVE('',#2134,#2123,#2136,.T.);
#2134 = VERTEX_POINT('',#2135);
#2135 = CARTESIAN_POINT('',(7.933533402912,18.976457278202,
    -6.087614290087));
#2136 = B_SPLINE_CURVE_WITH_KNOTS('',4,(#2137,#2138,#2139,#2140,#2141,
    #2142,#2143,#2144),.UNSPECIFIED.,.F.,.F.,(5,3,5),(0.,0.548466594435,
    1.),.UNSPECIFIED.);
#2137 = CARTESIAN_POINT('',(7.933533125391,18.976457622184,
    -6.087614651759));
#2138 = CARTESIAN_POINT('',(8.041871255985,18.84217457093,
    -5.946425664451));
#2139 = CARTESIAN_POINT('',(8.147363955462,18.708105218257,
    -5.802008261249));
#2140 = CARTESIAN_POINT('',(8.249713865128,18.574194331942,
    -5.654603627069));
#2141 = CARTESIAN_POINT('',(8.430144873396,18.330219527881,
    -5.380944479741));
#2142 = CARTESIAN_POINT('',(8.509318440373,18.220123800866,
    -5.255555983211));
#2143 = CARTESIAN_POINT('',(8.586057626225,18.110061909147,
    -5.128511954663));
#2144 = CARTESIAN_POINT('',(8.660254037844,18.,-5.));
#2145 = ORIENTED_EDGE('',*,*,#2146,.F.);
#2146 = EDGE_CURVE('',#2147,#2134,#2149,.T.);
#2147 = VERTEX_POINT('',#2148);
#2148 = CARTESIAN_POINT('',(7.071067811865,18.,-7.071067811865));
#2149 = B_SPLINE_CURVE_WITH_KNOTS('',4,(#2150,#2151,#2152,#2153,#2154,
    #2155,#2156,#2157),.UNSPECIFIED.,.F.,.F.,(5,3,5),(0.,0.453168327355,
    1.),.UNSPECIFIED.);
#2150 = CARTESIAN_POINT('',(7.071067811865,18.,-7.071067811865));
#2151 = CARTESIAN_POINT('',(7.176377314707,18.110460423675,
    -6.965758309024));
#2152 = CARTESIAN_POINT('',(7.279595731171,18.22092082959,
    -6.858357538677));
#2153 = CARTESIAN_POINT('',(7.380568229153,18.331415440463,
    -6.74902043154));
#2154 = CARTESIAN_POINT('',(7.598147030676,18.575391859963,
    -6.503867243318));
#2155 = CARTESIAN_POINT('',(7.713671421076,18.708904513247,
    -6.367248668004));
#2156 = CARTESIAN_POINT('',(7.825518507334,18.84257485469,
    -6.228382055937));
#2157 = CARTESIAN_POINT('',(7.933533680433,18.976457622184,
    -6.087613928415));
#2158 = ORIENTED_EDGE('',*,*,#2159,.F.);
#2159 = EDGE_CURVE('',#2160,#2147,#2162,.T.);
#2160 = VERTEX_POINT('',#2161);
#2161 = CARTESIAN_POINT('',(6.087614290087,18.976457278202,
    -7.933533402912));
#2162 = B_SPLINE_CURVE_WITH_KNOTS('',4,(#2163,#2164,#2165,#2166,#2167,
    #2168,#2169,#2170),.UNSPECIFIED.,.F.,.F.,(5,3,5),(0.,0.549467168624,
    1.),.UNSPECIFIED.);
#2163 = CARTESIAN_POINT('',(6.087613928415,18.976457622184,
    -7.933533680433));
#2164 = CARTESIAN_POINT('',(6.229060498349,18.84192959678,
    -7.824997920211));
#2165 = CARTESIAN_POINT('',(6.368587184381,18.707616050578,
    -7.712593219339));
#2166 = CARTESIAN_POINT('',(6.505842412962,18.573461447438,
    -7.596476440811));
#2167 = CARTESIAN_POINT('',(6.750927852603,18.329487629192,
    -7.378806321765));
#2168 = CARTESIAN_POINT('',(6.859606693407,18.219636018276,
    -7.278395082129));
#2169 = CARTESIAN_POINT('',(6.966370758674,18.109818017757,
    -7.175764865057));
#2170 = CARTESIAN_POINT('',(7.071067811865,18.,-7.071067811865));
#2171 = ORIENTED_EDGE('',*,*,#2172,.F.);
#2172 = EDGE_CURVE('',#2173,#2160,#2175,.T.);
#2173 = VERTEX_POINT('',#2174);
#2174 = CARTESIAN_POINT('',(5.,18.,-8.660254037844));
#2175 = B_SPLINE_CURVE_WITH_KNOTS('',4,(#2176,#2177,#2178,#2179,#2180,
    #2181,#2182,#2183),.UNSPECIFIED.,.F.,.F.,(5,3,5),(0.,0.455169449895,
    1.),.UNSPECIFIED.);
#2176 = CARTESIAN_POINT('',(5.,18.,-8.660254037844));
#2177 = CARTESIAN_POINT('',(5.129546817596,18.110948200156,
    -8.585460147833));
#2178 = CARTESIAN_POINT('',(5.257601974924,18.221896382156,
    -8.508082364609));
#2179 = CARTESIAN_POINT('',(5.383973287795,18.332879225222,
    -8.428231728438));
#2180 = CARTESIAN_POINT('',(5.657534874822,18.57685762985,-8.2476778774)
  );
#2181 = CARTESIAN_POINT('',(5.803922946024,18.709882844901,
    -8.145965103196));
#2182 = CARTESIAN_POINT('',(5.947361672904,18.843064796673,
    -8.04115303137));
#2183 = CARTESIAN_POINT('',(6.087614651759,18.976457622184,
    -7.933533125391));
#2184 = ORIENTED_EDGE('',*,*,#2185,.F.);
#2185 = EDGE_CURVE('',#2186,#2173,#2188,.T.);
#2186 = VERTEX_POINT('',#2187);
#2187 = CARTESIAN_POINT('',(3.826834323651,18.976457278202,
    -9.238795325113));
#2188 = B_SPLINE_CURVE_WITH_KNOTS('',5,(#2189,#2190,#2191,#2192,#2193,
    #2194),.UNSPECIFIED.,.F.,.F.,(6,6),(0.,1.),
  .PIECEWISE_BEZIER_KNOTS.);
#2189 = CARTESIAN_POINT('',(3.826833902475,18.976457622184,
    -9.23879549957));
#2190 = CARTESIAN_POINT('',(4.066655970298,18.780590831973,
    -9.13945795933));
#2191 = CARTESIAN_POINT('',(4.30478249029,18.585149758712,
    -9.031706096038));
#2192 = CARTESIAN_POINT('',(4.540299897318,18.390002495123,
    -8.915685048567));
#2193 = CARTESIAN_POINT('',(4.772310255171,18.195001064878,
    -8.791710773313));
#2194 = CARTESIAN_POINT('',(5.,18.,-8.660254037844));
#2195 = ORIENTED_EDGE('',*,*,#2196,.F.);
#2196 = EDGE_CURVE('',#2197,#2186,#2199,.T.);
#2197 = VERTEX_POINT('',#2198);
#2198 = CARTESIAN_POINT('',(2.588190451025,18.,-9.659258262891));
#2199 = B_SPLINE_CURVE_WITH_KNOTS('',5,(#2200,#2201,#2202,#2203,#2204,
    #2205),.UNSPECIFIED.,.F.,.F.,(6,6),(0.,1.),
  .PIECEWISE_BEZIER_KNOTS.);
#2200 = CARTESIAN_POINT('',(2.588190451025,18.,-9.659258262891));
#2201 = CARTESIAN_POINT('',(2.842145353933,18.19500105816,
    -9.591211251743));
#2202 = CARTESIAN_POINT('',(3.093864518777,18.390002498288,
    -9.514818207994));
#2203 = CARTESIAN_POINT('',(3.342439738981,18.585149763664,
    -9.430321509474));
#2204 = CARTESIAN_POINT('',(3.587012681409,18.780590828174,
    -9.338132714689));
#2205 = CARTESIAN_POINT('',(3.826834744827,18.976457622184,
    -9.238795150656));
#2206 = ORIENTED_EDGE('',*,*,#2207,.F.);
#2207 = EDGE_CURVE('',#2208,#2197,#2210,.T.);
#2208 = VERTEX_POINT('',#2209);
#2209 = CARTESIAN_POINT('',(1.305261922201,18.976457278202,
    -9.914448613738));
#2210 = B_SPLINE_CURVE_WITH_KNOTS('',5,(#2211,#2212,#2213,#2214,#2215,
    #2216),.UNSPECIFIED.,.F.,.F.,(6,6),(0.,1.),
  .PIECEWISE_BEZIER_KNOTS.);
#2211 = CARTESIAN_POINT('',(1.305261470223,18.976457622184,
    -9.914448673242));
#2212 = CARTESIAN_POINT('',(1.562622251553,18.78059082817,
    -9.880566495535));
#2213 = CARTESIAN_POINT('',(1.820523030161,18.585149763663,
    -9.83811786255));
#2214 = CARTESIAN_POINT('',(2.078043834868,18.390002498288,
    -9.787006539902));
#2215 = CARTESIAN_POINT('',(2.334235548121,18.195001058157,
    -9.727305274038));
#2216 = CARTESIAN_POINT('',(2.588190451025,18.,-9.659258262891));
#2217 = ORIENTED_EDGE('',*,*,#2218,.F.);
#2218 = EDGE_CURVE('',#2219,#2208,#2221,.T.);
#2219 = VERTEX_POINT('',#2220);
#2220 = CARTESIAN_POINT('',(-2.234619109139E-15,18.,-10.));
#2221 = B_SPLINE_CURVE_WITH_KNOTS('',5,(#2222,#2223,#2224,#2225,#2226,
    #2227),.UNSPECIFIED.,.F.,.F.,(6,6),(0.,1.),
  .PIECEWISE_BEZIER_KNOTS.);
#2222 = CARTESIAN_POINT('',(-2.22044604925E-15,18.,-10.));
#2223 = CARTESIAN_POINT('',(0.262913461879,18.19500105816,-10.));
#2224 = CARTESIAN_POINT('',(0.525827478809,18.390002498288,
    -9.991359699973));
#2225 = CARTESIAN_POINT('',(0.787802058605,18.585149763664,
    -9.974078157766));
#2226 = CARTESIAN_POINT('',(1.047901595943,18.780590828174,
    -9.948330755406));
#2227 = CARTESIAN_POINT('',(1.305262374178,18.976457622184,
    -9.914448554234));
#2228 = ORIENTED_EDGE('',*,*,#2229,.F.);
#2229 = EDGE_CURVE('',#2230,#2219,#2232,.T.);
#2230 = VERTEX_POINT('',#2231);
#2231 = CARTESIAN_POINT('',(-1.305261922201,18.976457278202,
    -9.914448613738));
#2232 = B_SPLINE_CURVE_WITH_KNOTS('',5,(#2233,#2234,#2235,#2236,#2237,
    #2238),.UNSPECIFIED.,.F.,.F.,(6,6),(0.,1.),
  .PIECEWISE_BEZIER_KNOTS.);
#2233 = CARTESIAN_POINT('',(-1.305262374178,18.976457622184,
    -9.914448554234));
#2234 = CARTESIAN_POINT('',(-1.047901595937,18.78059082817,
    -9.948330755406));
#2235 = CARTESIAN_POINT('',(-0.787802058604,18.585149763663,
    -9.974078157766));
#2236 = CARTESIAN_POINT('',(-0.52582747881,18.390002498288,
    -9.991359699974));
#2237 = CARTESIAN_POINT('',(-0.262913461876,18.195001058157,-10.));
#2238 = CARTESIAN_POINT('',(-2.442490654175E-15,18.,-10.));
#2239 = ORIENTED_EDGE('',*,*,#2240,.F.);
#2240 = EDGE_CURVE('',#2241,#2230,#2243,.T.);
#2241 = VERTEX_POINT('',#2242);
#2242 = CARTESIAN_POINT('',(-2.588190451025,18.,-9.659258262891));
#2243 = B_SPLINE_CURVE_WITH_KNOTS('',5,(#2244,#2245,#2246,#2247,#2248,
    #2249),.UNSPECIFIED.,.F.,.F.,(6,6),(0.,1.),
  .PIECEWISE_BEZIER_KNOTS.);
#2244 = CARTESIAN_POINT('',(-2.588190451025,18.,-9.659258262891));
#2245 = CARTESIAN_POINT('',(-2.334235548117,18.19500105816,
    -9.727305274039));
#2246 = CARTESIAN_POINT('',(-2.078043834869,18.390002498288,
    -9.787006539902));
#2247 = CARTESIAN_POINT('',(-1.820523030161,18.585149763664,
    -9.83811786255));
#2248 = CARTESIAN_POINT('',(-1.562622251547,18.780590828174,
    -9.880566495536));
#2249 = CARTESIAN_POINT('',(-1.305261470223,18.976457622184,
    -9.914448673242));
#2250 = ORIENTED_EDGE('',*,*,#2251,.F.);
#2251 = EDGE_CURVE('',#2252,#2241,#2254,.T.);
#2252 = VERTEX_POINT('',#2253);
#2253 = CARTESIAN_POINT('',(-3.826834323651,18.976457278202,
    -9.238795325113));
#2254 = B_SPLINE_CURVE_WITH_KNOTS('',5,(#2255,#2256,#2257,#2258,#2259,
    #2260),.UNSPECIFIED.,.F.,.F.,(6,6),(0.,1.),
  .PIECEWISE_BEZIER_KNOTS.);
#2255 = CARTESIAN_POINT('',(-3.826834744827,18.976457622184,
    -9.238795150656));
#2256 = CARTESIAN_POINT('',(-3.587012681404,18.78059082817,
    -9.338132714691));
#2257 = CARTESIAN_POINT('',(-3.34243973898,18.585149763663,
    -9.430321509474));
#2258 = CARTESIAN_POINT('',(-3.093864518778,18.390002498288,
    -9.514818207994));
#2259 = CARTESIAN_POINT('',(-2.84214535393,18.195001058157,
    -9.591211251743));
#2260 = CARTESIAN_POINT('',(-2.588190451025,18.,-9.659258262891));
#2261 = ORIENTED_EDGE('',*,*,#2262,.F.);
#2262 = EDGE_CURVE('',#2263,#2252,#2265,.T.);
#2263 = VERTEX_POINT('',#2264);
#2264 = CARTESIAN_POINT('',(-5.,18.,-8.660254037844));
#2265 = B_SPLINE_CURVE_WITH_KNOTS('',5,(#2266,#2267,#2268,#2269,#2270,
    #2271),.UNSPECIFIED.,.F.,.F.,(6,6),(0.,1.),
  .PIECEWISE_BEZIER_KNOTS.);
#2266 = CARTESIAN_POINT('',(-5.,18.,-8.660254037844));
#2267 = CARTESIAN_POINT('',(-4.772310255116,18.195001064926,
    -8.791710773345));
#2268 = CARTESIAN_POINT('',(-4.540299897331,18.390002495131,
    -8.915685048687));
#2269 = CARTESIAN_POINT('',(-4.304782490268,18.585149758716,
    -9.031706095958));
#2270 = CARTESIAN_POINT('',(-4.066655970306,18.780590831967,
    -9.139457959326));
#2271 = CARTESIAN_POINT('',(-3.826833902475,18.976457622184,
    -9.23879549957));
#2272 = ORIENTED_EDGE('',*,*,#2273,.F.);
#2273 = EDGE_CURVE('',#2274,#2263,#2276,.T.);
#2274 = VERTEX_POINT('',#2275);
#2275 = CARTESIAN_POINT('',(-6.087614290087,18.976457278202,
    -7.933533402912));
#2276 = B_SPLINE_CURVE_WITH_KNOTS('',4,(#2277,#2278,#2279,#2280,#2281,
    #2282,#2283,#2284),.UNSPECIFIED.,.F.,.F.,(5,3,5),(0.,0.548466594435,
    1.),.UNSPECIFIED.);
#2277 = CARTESIAN_POINT('',(-6.087614651759,18.976457622184,
    -7.933533125391));
#2278 = CARTESIAN_POINT('',(-5.946425664451,18.84217457093,
    -8.041871255985));
#2279 = CARTESIAN_POINT('',(-5.802008261249,18.708105218257,
    -8.147363955462));
#2280 = CARTESIAN_POINT('',(-5.654603627069,18.574194331942,
    -8.249713865128));
#2281 = CARTESIAN_POINT('',(-5.380944479741,18.330219527881,
    -8.430144873396));
#2282 = CARTESIAN_POINT('',(-5.255555983211,18.220123800866,
    -8.509318440373));
#2283 = CARTESIAN_POINT('',(-5.128511954663,18.110061909147,
    -8.586057626225));
#2284 = CARTESIAN_POINT('',(-5.,18.,-8.660254037844));
#2285 = ORIENTED_EDGE('',*,*,#2286,.F.);
#2286 = EDGE_CURVE('',#2287,#2274,#2289,.T.);
#2287 = VERTEX_POINT('',#2288);
#2288 = CARTESIAN_POINT('',(-7.071067811865,18.,-7.071067811865));
#2289 = B_SPLINE_CURVE_WITH_KNOTS('',4,(#2290,#2291,#2292,#2293,#2294,
    #2295,#2296,#2297),.UNSPECIFIED.,.F.,.F.,(5,3,5),(0.,0.453168327375,
    1.),.UNSPECIFIED.);
#2290 = CARTESIAN_POINT('',(-7.071067811865,18.,-7.071067811865));
#2291 = CARTESIAN_POINT('',(-6.96575830902,18.11046042368,
    -7.176377314711));
#2292 = CARTESIAN_POINT('',(-6.858357538668,18.2209208296,-7.27959573118
    ));
#2293 = CARTESIAN_POINT('',(-6.749020431526,18.331415440478,
    -7.380568229166));
#2294 = CARTESIAN_POINT('',(-6.503867243303,18.575391859977,
    -7.598147030689));
#2295 = CARTESIAN_POINT('',(-6.367248667994,18.708904513257,
    -7.713671421084));
#2296 = CARTESIAN_POINT('',(-6.228382055932,18.842574854695,
    -7.825518507338));
#2297 = CARTESIAN_POINT('',(-6.087613928415,18.976457622184,
    -7.933533680433));
#2298 = ORIENTED_EDGE('',*,*,#2299,.F.);
#2299 = EDGE_CURVE('',#2300,#2287,#2302,.T.);
#2300 = VERTEX_POINT('',#2301);
#2301 = CARTESIAN_POINT('',(-7.933533402912,18.976457278202,
    -6.087614290087));
#2302 = B_SPLINE_CURVE_WITH_KNOTS('',4,(#2303,#2304,#2305,#2306,#2307,
    #2308,#2309,#2310),.UNSPECIFIED.,.F.,.F.,(5,3,5),(0.,0.549467168624,
    1.),.UNSPECIFIED.);
#2303 = CARTESIAN_POINT('',(-7.933533680433,18.976457622184,
    -6.087613928415));
#2304 = CARTESIAN_POINT('',(-7.824997920211,18.84192959678,
    -6.229060498349));
#2305 = CARTESIAN_POINT('',(-7.712593219339,18.707616050578,
    -6.368587184381));
#2306 = CARTESIAN_POINT('',(-7.596476440811,18.573461447438,
    -6.505842412962));
#2307 = CARTESIAN_POINT('',(-7.378806321765,18.329487629192,
    -6.750927852603));
#2308 = CARTESIAN_POINT('',(-7.278395082129,18.219636018276,
    -6.859606693407));
#2309 = CARTESIAN_POINT('',(-7.175764865057,18.109818017757,
    -6.966370758674));
#2310 = CARTESIAN_POINT('',(-7.071067811865,18.,-7.071067811865));
#2311 = ORIENTED_EDGE('',*,*,#2312,.F.);
#2312 = EDGE_CURVE('',#2313,#2300,#2315,.T.);
#2313 = VERTEX_POINT('',#2314);
#2314 = CARTESIAN_POINT('',(-8.660254037844,18.,-5.));
#2315 = B_SPLINE_CURVE_WITH_KNOTS('',4,(#2316,#2317,#2318,#2319,#2320,
    #2321,#2322,#2323),.UNSPECIFIED.,.F.,.F.,(5,3,5),(0.,0.455169449895,
    1.),.UNSPECIFIED.);
#2316 = CARTESIAN_POINT('',(-8.660254037844,18.,-5.));
#2317 = CARTESIAN_POINT('',(-8.585460147833,18.110948200156,
    -5.129546817596));
#2318 = CARTESIAN_POINT('',(-8.508082364609,18.221896382156,
    -5.257601974924));
#2319 = CARTESIAN_POINT('',(-8.428231728438,18.332879225222,
    -5.383973287795));
#2320 = CARTESIAN_POINT('',(-8.2476778774,18.57685762985,-5.657534874822
    ));
#2321 = CARTESIAN_POINT('',(-8.145965103196,18.709882844901,
    -5.803922946024));
#2322 = CARTESIAN_POINT('',(-8.04115303137,18.843064796673,
    -5.947361672904));
#2323 = CARTESIAN_POINT('',(-7.933533125391,18.976457622184,
    -6.087614651759));
#2324 = ORIENTED_EDGE('',*,*,#2325,.F.);
#2325 = EDGE_CURVE('',#2326,#2313,#2328,.T.);
#2326 = VERTEX_POINT('',#2327);
#2327 = CARTESIAN_POINT('',(-9.238795325113,18.976457278202,
    -3.826834323651));
#2328 = B_SPLINE_CURVE_WITH_KNOTS('',5,(#2329,#2330,#2331,#2332,#2333,
    #2334),.UNSPECIFIED.,.F.,.F.,(6,6),(0.,1.),
  .PIECEWISE_BEZIER_KNOTS.);
#2329 = CARTESIAN_POINT('',(-9.23879549957,18.976457622184,
    -3.826833902475));
#2330 = CARTESIAN_POINT('',(-9.13945795933,18.780590831973,
    -4.066655970298));
#2331 = CARTESIAN_POINT('',(-9.031706096038,18.585149758712,
    -4.30478249029));
#2332 = CARTESIAN_POINT('',(-8.915685048567,18.390002495123,
    -4.540299897318));
#2333 = CARTESIAN_POINT('',(-8.791710773313,18.195001064878,
    -4.772310255171));
#2334 = CARTESIAN_POINT('',(-8.660254037844,18.,-5.));
#2335 = ORIENTED_EDGE('',*,*,#2336,.F.);
#2336 = EDGE_CURVE('',#2337,#2326,#2339,.T.);
#2337 = VERTEX_POINT('',#2338);
#2338 = CARTESIAN_POINT('',(-9.659258262891,18.,-2.588190451025));
#2339 = B_SPLINE_CURVE_WITH_KNOTS('',5,(#2340,#2341,#2342,#2343,#2344,
    #2345),.UNSPECIFIED.,.F.,.F.,(6,6),(0.,1.),
  .PIECEWISE_BEZIER_KNOTS.);
#2340 = CARTESIAN_POINT('',(-9.659258262891,18.,-2.588190451025));
#2341 = CARTESIAN_POINT('',(-9.591211251743,18.19500105816,
    -2.842145353933));
#2342 = CARTESIAN_POINT('',(-9.514818207994,18.390002498288,
    -3.093864518777));
#2343 = CARTESIAN_POINT('',(-9.430321509474,18.585149763664,
    -3.342439738981));
#2344 = CARTESIAN_POINT('',(-9.338132714689,18.780590828174,
    -3.587012681409));
#2345 = CARTESIAN_POINT('',(-9.238795150656,18.976457622184,
    -3.826834744827));
#2346 = ORIENTED_EDGE('',*,*,#2347,.F.);
#2347 = EDGE_CURVE('',#2348,#2337,#2350,.T.);
#2348 = VERTEX_POINT('',#2349);
#2349 = CARTESIAN_POINT('',(-9.914448613738,18.976457278202,
    -1.305261922201));
#2350 = B_SPLINE_CURVE_WITH_KNOTS('',5,(#2351,#2352,#2353,#2354,#2355,
    #2356),.UNSPECIFIED.,.F.,.F.,(6,6),(0.,1.),
  .PIECEWISE_BEZIER_KNOTS.);
#2351 = CARTESIAN_POINT('',(-9.914448673242,18.976457622184,
    -1.305261470223));
#2352 = CARTESIAN_POINT('',(-9.880566495535,18.78059082817,
    -1.562622251553));
#2353 = CARTESIAN_POINT('',(-9.83811786255,18.585149763663,
    -1.820523030161));
#2354 = CARTESIAN_POINT('',(-9.787006539903,18.390002498288,
    -2.078043834868));
#2355 = CARTESIAN_POINT('',(-9.727305274038,18.195001058157,
    -2.334235548121));
#2356 = CARTESIAN_POINT('',(-9.659258262891,18.,-2.588190451025));
#2357 = ORIENTED_EDGE('',*,*,#2358,.F.);
#2358 = EDGE_CURVE('',#2359,#2348,#2361,.T.);
#2359 = VERTEX_POINT('',#2360);
#2360 = CARTESIAN_POINT('',(-10.,18.,1.349842161499E-15));
#2361 = B_SPLINE_CURVE_WITH_KNOTS('',5,(#2362,#2363,#2364,#2365,#2366,
    #2367),.UNSPECIFIED.,.F.,.F.,(6,6),(0.,1.),
  .PIECEWISE_BEZIER_KNOTS.);
#2362 = CARTESIAN_POINT('',(-10.,18.,1.443289932013E-15));
#2363 = CARTESIAN_POINT('',(-10.,18.19500105816,-0.262913461879));
#2364 = CARTESIAN_POINT('',(-9.991359699973,18.390002498288,
    -0.525827478809));
#2365 = CARTESIAN_POINT('',(-9.974078157766,18.585149763664,
    -0.787802058605));
#2366 = CARTESIAN_POINT('',(-9.948330755406,18.780590828174,
    -1.047901595943));
#2367 = CARTESIAN_POINT('',(-9.914448554234,18.976457622184,
    -1.305262374178));
#2368 = ORIENTED_EDGE('',*,*,#2369,.F.);
#2369 = EDGE_CURVE('',#2370,#2359,#2372,.T.);
#2370 = VERTEX_POINT('',#2371);
#2371 = CARTESIAN_POINT('',(-9.914448613738,18.976457278202,
    1.305261922201));
#2372 = B_SPLINE_CURVE_WITH_KNOTS('',5,(#2373,#2374,#2375,#2376,#2377,
    #2378),.UNSPECIFIED.,.F.,.F.,(6,6),(0.,1.),
  .PIECEWISE_BEZIER_KNOTS.);
#2373 = CARTESIAN_POINT('',(-9.914448554234,18.976457622184,
    1.305262374178));
#2374 = CARTESIAN_POINT('',(-9.948330755406,18.78059082817,
    1.047901595937));
#2375 = CARTESIAN_POINT('',(-9.974078157766,18.585149763663,
    0.787802058604));
#2376 = CARTESIAN_POINT('',(-9.991359699974,18.390002498288,
    0.52582747881));
#2377 = CARTESIAN_POINT('',(-10.,18.195001058157,0.262913461876));
#2378 = CARTESIAN_POINT('',(-10.,18.,1.33226762955E-15));
#2379 = ORIENTED_EDGE('',*,*,#2380,.F.);
#2380 = EDGE_CURVE('',#2381,#2370,#2383,.T.);
#2381 = VERTEX_POINT('',#2382);
#2382 = CARTESIAN_POINT('',(-9.659258262891,18.,2.588190451025));
#2383 = B_SPLINE_CURVE_WITH_KNOTS('',5,(#2384,#2385,#2386,#2387,#2388,
    #2389),.UNSPECIFIED.,.F.,.F.,(6,6),(0.,1.),
  .PIECEWISE_BEZIER_KNOTS.);
#2384 = CARTESIAN_POINT('',(-9.659258262891,18.,2.588190451025));
#2385 = CARTESIAN_POINT('',(-9.727305274039,18.19500105816,
    2.334235548117));
#2386 = CARTESIAN_POINT('',(-9.787006539902,18.390002498288,
    2.078043834869));
#2387 = CARTESIAN_POINT('',(-9.83811786255,18.585149763664,
    1.820523030161));
#2388 = CARTESIAN_POINT('',(-9.880566495536,18.780590828174,
    1.562622251547));
#2389 = CARTESIAN_POINT('',(-9.914448673242,18.976457622184,
    1.305261470223));
#2390 = ORIENTED_EDGE('',*,*,#2391,.F.);
#2391 = EDGE_CURVE('',#2392,#2381,#2394,.T.);
#2392 = VERTEX_POINT('',#2393);
#2393 = CARTESIAN_POINT('',(-9.238795325113,18.976457278202,
    3.826834323651));
#2394 = B_SPLINE_CURVE_WITH_KNOTS('',5,(#2395,#2396,#2397,#2398,#2399,
    #2400),.UNSPECIFIED.,.F.,.F.,(6,6),(0.,1.),
  .PIECEWISE_BEZIER_KNOTS.);
#2395 = CARTESIAN_POINT('',(-9.238795150656,18.976457622184,
    3.826834744827));
#2396 = CARTESIAN_POINT('',(-9.338132714691,18.78059082817,
    3.587012681404));
#2397 = CARTESIAN_POINT('',(-9.430321509474,18.585149763663,
    3.34243973898));
#2398 = CARTESIAN_POINT('',(-9.514818207994,18.390002498288,
    3.093864518778));
#2399 = CARTESIAN_POINT('',(-9.591211251743,18.195001058157,
    2.84214535393));
#2400 = CARTESIAN_POINT('',(-9.659258262891,18.,2.588190451025));
#2401 = ORIENTED_EDGE('',*,*,#2402,.F.);
#2402 = EDGE_CURVE('',#2403,#2392,#2405,.T.);
#2403 = VERTEX_POINT('',#2404);
#2404 = CARTESIAN_POINT('',(-8.660254037844,18.,5.));
#2405 = B_SPLINE_CURVE_WITH_KNOTS('',5,(#2406,#2407,#2408,#2409,#2410,
    #2411),.UNSPECIFIED.,.F.,.F.,(6,6),(0.,1.),
  .PIECEWISE_BEZIER_KNOTS.);
#2406 = CARTESIAN_POINT('',(-8.660254037844,18.,5.));
#2407 = CARTESIAN_POINT('',(-8.791710773345,18.195001064926,
    4.772310255116));
#2408 = CARTESIAN_POINT('',(-8.915685048687,18.390002495131,
    4.540299897331));
#2409 = CARTESIAN_POINT('',(-9.031706095958,18.585149758716,
    4.304782490268));
#2410 = CARTESIAN_POINT('',(-9.139457959326,18.780590831967,
    4.066655970306));
#2411 = CARTESIAN_POINT('',(-9.23879549957,18.976457622184,
    3.826833902475));
#2412 = ORIENTED_EDGE('',*,*,#2413,.F.);
#2413 = EDGE_CURVE('',#2414,#2403,#2416,.T.);
#2414 = VERTEX_POINT('',#2415);
#2415 = CARTESIAN_POINT('',(-7.933533402912,18.976457278202,
    6.087614290087));
#2416 = B_SPLINE_CURVE_WITH_KNOTS('',4,(#2417,#2418,#2419,#2420,#2421,
    #2422,#2423,#2424),.UNSPECIFIED.,.F.,.F.,(5,3,5),(0.,0.548466594435,
    1.),.UNSPECIFIED.);
#2417 = CARTESIAN_POINT('',(-7.933533125392,18.976457622184,
    6.087614651759));
#2418 = CARTESIAN_POINT('',(-8.041871255985,18.84217457093,
    5.946425664451));
#2419 = CARTESIAN_POINT('',(-8.147363955462,18.708105218257,
    5.802008261249));
#2420 = CARTESIAN_POINT('',(-8.249713865128,18.574194331942,
    5.654603627069));
#2421 = CARTESIAN_POINT('',(-8.430144873396,18.330219527881,
    5.380944479741));
#2422 = CARTESIAN_POINT('',(-8.509318440373,18.220123800866,
    5.255555983211));
#2423 = CARTESIAN_POINT('',(-8.586057626225,18.110061909147,
    5.128511954663));
#2424 = CARTESIAN_POINT('',(-8.660254037844,18.,5.));
#2425 = ORIENTED_EDGE('',*,*,#2426,.F.);
#2426 = EDGE_CURVE('',#2427,#2414,#2429,.T.);
#2427 = VERTEX_POINT('',#2428);
#2428 = CARTESIAN_POINT('',(-7.071067811865,18.,7.071067811865));
#2429 = B_SPLINE_CURVE_WITH_KNOTS('',4,(#2430,#2431,#2432,#2433,#2434,
    #2435,#2436,#2437),.UNSPECIFIED.,.F.,.F.,(5,3,5),(0.,0.453168327355,
    1.),.UNSPECIFIED.);
#2430 = CARTESIAN_POINT('',(-7.071067811865,18.,7.071067811865));
#2431 = CARTESIAN_POINT('',(-7.176377314707,18.110460423675,
    6.965758309024));
#2432 = CARTESIAN_POINT('',(-7.279595731171,18.22092082959,
    6.858357538677));
#2433 = CARTESIAN_POINT('',(-7.380568229153,18.331415440463,
    6.74902043154));
#2434 = CARTESIAN_POINT('',(-7.598147030676,18.575391859963,
    6.503867243318));
#2435 = CARTESIAN_POINT('',(-7.713671421076,18.708904513247,
    6.367248668004));
#2436 = CARTESIAN_POINT('',(-7.825518507334,18.84257485469,
    6.228382055937));
#2437 = CARTESIAN_POINT('',(-7.933533680433,18.976457622184,
    6.087613928415));
#2438 = ORIENTED_EDGE('',*,*,#2439,.F.);
#2439 = EDGE_CURVE('',#2440,#2427,#2442,.T.);
#2440 = VERTEX_POINT('',#2441);
#2441 = CARTESIAN_POINT('',(-6.087614290087,18.976457278202,
    7.933533402912));
#2442 = B_SPLINE_CURVE_WITH_KNOTS('',4,(#2443,#2444,#2445,#2446,#2447,
    #2448,#2449,#2450),.UNSPECIFIED.,.F.,.F.,(5,3,5),(0.,0.549467168624,
    1.),.UNSPECIFIED.);
#2443 = CARTESIAN_POINT('',(-6.087613928415,18.976457622184,
    7.933533680433));
#2444 = CARTESIAN_POINT('',(-6.229060498349,18.84192959678,
    7.824997920211));
#2445 = CARTESIAN_POINT('',(-6.368587184381,18.707616050578,
    7.712593219339));
#2446 = CARTESIAN_POINT('',(-6.505842412962,18.573461447438,
    7.596476440811));
#2447 = CARTESIAN_POINT('',(-6.750927852603,18.329487629192,
    7.378806321765));
#2448 = CARTESIAN_POINT('',(-6.859606693407,18.219636018276,
    7.278395082129));
#2449 = CARTESIAN_POINT('',(-6.966370758674,18.109818017757,
    7.175764865057));
#2450 = CARTESIAN_POINT('',(-7.071067811865,18.,7.071067811865));
#2451 = ORIENTED_EDGE('',*,*,#2452,.F.);
#2452 = EDGE_CURVE('',#2453,#2440,#2455,.T.);
#2453 = VERTEX_POINT('',#2454);
#2454 = CARTESIAN_POINT('',(-5.,18.,8.660254037844));
#2455 = B_SPLINE_CURVE_WITH_KNOTS('',4,(#2456,#2457,#2458,#2459,#2460,
    #2461,#2462,#2463),.UNSPECIFIED.,.F.,.F.,(5,3,5),(0.,0.455169449895,
    1.),.UNSPECIFIED.);
#2456 = CARTESIAN_POINT('',(-5.,18.,8.660254037844));
#2457 = CARTESIAN_POINT('',(-5.129546817595,18.110948200156,
    8.585460147833));
#2458 = CARTESIAN_POINT('',(-5.257601974924,18.221896382156,
    8.508082364609));
#2459 = CARTESIAN_POINT('',(-5.383973287795,18.332879225222,
    8.428231728438));
#2460 = CARTESIAN_POINT('',(-5.657534874822,18.57685762985,8.2476778774)
  );
#2461 = CARTESIAN_POINT('',(-5.803922946024,18.709882844901,
    8.145965103196));
#2462 = CARTESIAN_POINT('',(-5.947361672904,18.843064796673,
    8.04115303137));
#2463 = CARTESIAN_POINT('',(-6.087614651759,18.976457622184,
    7.933533125392));
#2464 = ORIENTED_EDGE('',*,*,#2465,.F.);
#2465 = EDGE_CURVE('',#2466,#2453,#2468,.T.);
#2466 = VERTEX_POINT('',#2467);
#2467 = CARTESIAN_POINT('',(-3.826834323651,18.976457278202,
    9.238795325113));
#2468 = B_SPLINE_CURVE_WITH_KNOTS('',5,(#2469,#2470,#2471,#2472,#2473,
    #2474),.UNSPECIFIED.,.F.,.F.,(6,6),(0.,1.),
  .PIECEWISE_BEZIER_KNOTS.);
#2469 = CARTESIAN_POINT('',(-3.826833902475,18.976457622184,
    9.23879549957));
#2470 = CARTESIAN_POINT('',(-4.066655970298,18.780590831973,
    9.13945795933));
#2471 = CARTESIAN_POINT('',(-4.30478249029,18.585149758712,
    9.031706096038));
#2472 = CARTESIAN_POINT('',(-4.540299897318,18.390002495123,
    8.915685048567));
#2473 = CARTESIAN_POINT('',(-4.772310255171,18.195001064878,
    8.791710773313));
#2474 = CARTESIAN_POINT('',(-5.,18.,8.660254037844));
#2475 = ORIENTED_EDGE('',*,*,#2476,.F.);
#2476 = EDGE_CURVE('',#2477,#2466,#2479,.T.);
#2477 = VERTEX_POINT('',#2478);
#2478 = CARTESIAN_POINT('',(-2.588190451025,18.,9.659258262891));
#2479 = B_SPLINE_CURVE_WITH_KNOTS('',5,(#2480,#2481,#2482,#2483,#2484,
    #2485),.UNSPECIFIED.,.F.,.F.,(6,6),(0.,1.),
  .PIECEWISE_BEZIER_KNOTS.);
#2480 = CARTESIAN_POINT('',(-2.588190451025,18.,9.659258262891));
#2481 = CARTESIAN_POINT('',(-2.842145353933,18.19500105816,
    9.591211251743));
#2482 = CARTESIAN_POINT('',(-3.093864518777,18.390002498288,
    9.514818207994));
#2483 = CARTESIAN_POINT('',(-3.342439738981,18.585149763664,
    9.430321509474));
#2484 = CARTESIAN_POINT('',(-3.587012681409,18.780590828174,
    9.338132714689));
#2485 = CARTESIAN_POINT('',(-3.826834744827,18.976457622184,
    9.238795150656));
#2486 = ORIENTED_EDGE('',*,*,#2487,.F.);
#2487 = EDGE_CURVE('',#2488,#2477,#2490,.T.);
#2488 = VERTEX_POINT('',#2489);
#2489 = CARTESIAN_POINT('',(-1.305261922201,18.976457278202,
    9.914448613738));
#2490 = B_SPLINE_CURVE_WITH_KNOTS('',5,(#2491,#2492,#2493,#2494,#2495,
    #2496),.UNSPECIFIED.,.F.,.F.,(6,6),(0.,1.),
  .PIECEWISE_BEZIER_KNOTS.);
#2491 = CARTESIAN_POINT('',(-1.305261470223,18.976457622184,
    9.914448673242));
#2492 = CARTESIAN_POINT('',(-1.562622251553,18.78059082817,
    9.880566495535));
#2493 = CARTESIAN_POINT('',(-1.820523030161,18.585149763663,
    9.83811786255));
#2494 = CARTESIAN_POINT('',(-2.078043834868,18.390002498288,
    9.787006539903));
#2495 = CARTESIAN_POINT('',(-2.334235548121,18.195001058157,
    9.727305274038));
#2496 = CARTESIAN_POINT('',(-2.588190451025,18.,9.659258262891));
#2497 = ORIENTED_EDGE('',*,*,#2498,.F.);
#2498 = EDGE_CURVE('',#2499,#2488,#2501,.T.);
#2499 = VERTEX_POINT('',#2500);
#2500 = CARTESIAN_POINT('',(1.124396084514E-15,18.,10.));
#2501 = B_SPLINE_CURVE_WITH_KNOTS('',5,(#2502,#2503,#2504,#2505,#2506,
    #2507),.UNSPECIFIED.,.F.,.F.,(6,6),(0.,1.),
  .PIECEWISE_BEZIER_KNOTS.);
#2502 = CARTESIAN_POINT('',(1.110223024625E-15,18.,10.));
#2503 = CARTESIAN_POINT('',(-0.262913461879,18.19500105816,10.));
#2504 = CARTESIAN_POINT('',(-0.525827478809,18.390002498288,
    9.991359699973));
#2505 = CARTESIAN_POINT('',(-0.787802058605,18.585149763664,
    9.974078157766));
#2506 = CARTESIAN_POINT('',(-1.047901595943,18.780590828174,
    9.948330755406));
#2507 = CARTESIAN_POINT('',(-1.305262374178,18.976457622184,
    9.914448554234));
#2508 = ORIENTED_EDGE('',*,*,#2509,.F.);
#2509 = EDGE_CURVE('',#2510,#2499,#2512,.T.);
#2510 = VERTEX_POINT('',#2511);
#2511 = CARTESIAN_POINT('',(1.305261922201,18.976457278202,
    9.914448613738));
#2512 = B_SPLINE_CURVE_WITH_KNOTS('',5,(#2513,#2514,#2515,#2516,#2517,
    #2518),.UNSPECIFIED.,.F.,.F.,(6,6),(0.,1.),
  .PIECEWISE_BEZIER_KNOTS.);
#2513 = CARTESIAN_POINT('',(1.305262374178,18.976457622184,
    9.914448554234));
#2514 = CARTESIAN_POINT('',(1.047901595937,18.78059082817,9.948330755406
    ));
#2515 = CARTESIAN_POINT('',(0.787802058604,18.585149763663,
    9.974078157766));
#2516 = CARTESIAN_POINT('',(0.52582747881,18.390002498288,9.991359699974
    ));
#2517 = CARTESIAN_POINT('',(0.262913461876,18.195001058157,10.));
#2518 = CARTESIAN_POINT('',(1.221245327088E-15,18.,10.));
#2519 = ORIENTED_EDGE('',*,*,#2520,.F.);
#2520 = EDGE_CURVE('',#2521,#2510,#2523,.T.);
#2521 = VERTEX_POINT('',#2522);
#2522 = CARTESIAN_POINT('',(2.588190451025,18.,9.659258262891));
#2523 = B_SPLINE_CURVE_WITH_KNOTS('',5,(#2524,#2525,#2526,#2527,#2528,
    #2529),.UNSPECIFIED.,.F.,.F.,(6,6),(0.,1.),
  .PIECEWISE_BEZIER_KNOTS.);
#2524 = CARTESIAN_POINT('',(2.588190451025,18.,9.659258262891));
#2525 = CARTESIAN_POINT('',(2.334235548117,18.19500105816,9.727305274039
    ));
#2526 = CARTESIAN_POINT('',(2.078043834869,18.390002498288,
    9.787006539902));
#2527 = CARTESIAN_POINT('',(1.820523030161,18.585149763664,9.83811786255
    ));
#2528 = CARTESIAN_POINT('',(1.562622251547,18.780590828174,
    9.880566495536));
#2529 = CARTESIAN_POINT('',(1.305261470223,18.976457622184,
    9.914448673242));
#2530 = ORIENTED_EDGE('',*,*,#2531,.F.);
#2531 = EDGE_CURVE('',#2532,#2521,#2534,.T.);
#2532 = VERTEX_POINT('',#2533);
#2533 = CARTESIAN_POINT('',(3.826834323651,18.976457278202,
    9.238795325113));
#2534 = B_SPLINE_CURVE_WITH_KNOTS('',5,(#2535,#2536,#2537,#2538,#2539,
    #2540),.UNSPECIFIED.,.F.,.F.,(6,6),(0.,1.),
  .PIECEWISE_BEZIER_KNOTS.);
#2535 = CARTESIAN_POINT('',(3.826834744827,18.976457622184,
    9.238795150656));
#2536 = CARTESIAN_POINT('',(3.587012681404,18.78059082817,9.338132714691
    ));
#2537 = CARTESIAN_POINT('',(3.34243973898,18.585149763663,9.430321509474
    ));
#2538 = CARTESIAN_POINT('',(3.093864518778,18.390002498288,
    9.514818207994));
#2539 = CARTESIAN_POINT('',(2.84214535393,18.195001058157,9.591211251743
    ));
#2540 = CARTESIAN_POINT('',(2.588190451025,18.,9.659258262891));
#2541 = ORIENTED_EDGE('',*,*,#2542,.F.);
#2542 = EDGE_CURVE('',#2543,#2532,#2545,.T.);
#2543 = VERTEX_POINT('',#2544);
#2544 = CARTESIAN_POINT('',(5.,18.,8.660254037844));
#2545 = B_SPLINE_CURVE_WITH_KNOTS('',5,(#2546,#2547,#2548,#2549,#2550,
    #2551),.UNSPECIFIED.,.F.,.F.,(6,6),(0.,1.),
  .PIECEWISE_BEZIER_KNOTS.);
#2546 = CARTESIAN_POINT('',(5.,18.,8.660254037844));
#2547 = CARTESIAN_POINT('',(4.772310255116,18.195001064926,
    8.791710773345));
#2548 = CARTESIAN_POINT('',(4.540299897331,18.390002495131,
    8.915685048687));
#2549 = CARTESIAN_POINT('',(4.304782490268,18.585149758716,
    9.031706095958));
#2550 = CARTESIAN_POINT('',(4.066655970306,18.780590831967,
    9.139457959326));
#2551 = CARTESIAN_POINT('',(3.826833902475,18.976457622184,9.23879549957
    ));
#2552 = ORIENTED_EDGE('',*,*,#2553,.F.);
#2553 = EDGE_CURVE('',#2554,#2543,#2556,.T.);
#2554 = VERTEX_POINT('',#2555);
#2555 = CARTESIAN_POINT('',(6.087614290087,18.976457278202,
    7.933533402912));
#2556 = B_SPLINE_CURVE_WITH_KNOTS('',4,(#2557,#2558,#2559,#2560,#2561,
    #2562,#2563,#2564),.UNSPECIFIED.,.F.,.F.,(5,3,5),(0.,0.548466594435,
    1.),.UNSPECIFIED.);
#2557 = CARTESIAN_POINT('',(6.087614651759,18.976457622184,
    7.933533125391));
#2558 = CARTESIAN_POINT('',(5.946425664451,18.84217457093,8.041871255985
    ));
#2559 = CARTESIAN_POINT('',(5.802008261249,18.708105218257,
    8.147363955462));
#2560 = CARTESIAN_POINT('',(5.654603627069,18.574194331942,
    8.249713865128));
#2561 = CARTESIAN_POINT('',(5.380944479741,18.330219527881,
    8.430144873396));
#2562 = CARTESIAN_POINT('',(5.255555983211,18.220123800866,
    8.509318440373));
#2563 = CARTESIAN_POINT('',(5.128511954663,18.110061909147,
    8.586057626225));
#2564 = CARTESIAN_POINT('',(5.,18.,8.660254037844));
#2565 = ORIENTED_EDGE('',*,*,#2566,.F.);
#2566 = EDGE_CURVE('',#2567,#2554,#2569,.T.);
#2567 = VERTEX_POINT('',#2568);
#2568 = CARTESIAN_POINT('',(7.071067811865,18.,7.071067811865));
#2569 = B_SPLINE_CURVE_WITH_KNOTS('',4,(#2570,#2571,#2572,#2573,#2574,
    #2575,#2576,#2577),.UNSPECIFIED.,.F.,.F.,(5,3,5),(0.,0.453168327355,
    1.),.UNSPECIFIED.);
#2570 = CARTESIAN_POINT('',(7.071067811865,18.,7.071067811865));
#2571 = CARTESIAN_POINT('',(6.965758309024,18.110460423675,
    7.176377314707));
#2572 = CARTESIAN_POINT('',(6.858357538677,18.22092082959,7.279595731171
    ));
#2573 = CARTESIAN_POINT('',(6.74902043154,18.331415440463,7.380568229153
    ));
#2574 = CARTESIAN_POINT('',(6.503867243318,18.575391859963,
    7.598147030676));
#2575 = CARTESIAN_POINT('',(6.367248668004,18.708904513247,
    7.713671421076));
#2576 = CARTESIAN_POINT('',(6.228382055937,18.84257485469,7.825518507334
    ));
#2577 = CARTESIAN_POINT('',(6.087613928415,18.976457622184,
    7.933533680433));
#2578 = ORIENTED_EDGE('',*,*,#2579,.F.);
#2579 = EDGE_CURVE('',#2580,#2567,#2582,.T.);
#2580 = VERTEX_POINT('',#2581);
#2581 = CARTESIAN_POINT('',(7.933533402912,18.976457278202,
    6.087614290087));
#2582 = B_SPLINE_CURVE_WITH_KNOTS('',4,(#2583,#2584,#2585,#2586,#2587,
    #2588,#2589,#2590),.UNSPECIFIED.,.F.,.F.,(5,3,5),(0.,0.549467168624,
    1.),.UNSPECIFIED.);
#2583 = CARTESIAN_POINT('',(7.933533680433,18.976457622184,
    6.087613928415));
#2584 = CARTESIAN_POINT('',(7.824997920211,18.84192959678,6.229060498349
    ));
#2585 = CARTESIAN_POINT('',(7.712593219339,18.707616050578,
    6.368587184381));
#2586 = CARTESIAN_POINT('',(7.596476440811,18.573461447438,
    6.505842412962));
#2587 = CARTESIAN_POINT('',(7.378806321765,18.329487629192,
    6.750927852603));
#2588 = CARTESIAN_POINT('',(7.278395082129,18.219636018276,
    6.859606693407));
#2589 = CARTESIAN_POINT('',(7.175764865057,18.109818017757,
    6.966370758674));
#2590 = CARTESIAN_POINT('',(7.071067811865,18.,7.071067811865));
#2591 = ORIENTED_EDGE('',*,*,#2592,.F.);
#2592 = EDGE_CURVE('',#2593,#2580,#2595,.T.);
#2593 = VERTEX_POINT('',#2594);
#2594 = CARTESIAN_POINT('',(8.660254037844,18.,5.));
#2595 = B_SPLINE_CURVE_WITH_KNOTS('',4,(#2596,#2597,#2598,#2599,#2600,
    #2601,#2602,#2603),.UNSPECIFIED.,.F.,.F.,(5,3,5),(0.,0.455169449923,
    1.),.UNSPECIFIED.);
#2596 = CARTESIAN_POINT('',(8.660254037844,18.,5.));
#2597 = CARTESIAN_POINT('',(8.585460147828,18.110948200163,
    5.129546817603));
#2598 = CARTESIAN_POINT('',(8.508082364599,18.221896382169,5.25760197494
    ));
#2599 = CARTESIAN_POINT('',(8.428231728424,18.332879225242,
    5.383973287817));
#2600 = CARTESIAN_POINT('',(8.247677877384,18.57685762987,5.657534874844
    ));
#2601 = CARTESIAN_POINT('',(8.145965103185,18.709882844915,
    5.803922946039));
#2602 = CARTESIAN_POINT('',(8.041153031365,18.843064796679,
    5.947361672911));
#2603 = CARTESIAN_POINT('',(7.933533125391,18.976457622184,
    6.087614651759));
#2604 = ORIENTED_EDGE('',*,*,#2605,.F.);
#2605 = EDGE_CURVE('',#2606,#2593,#2608,.T.);
#2606 = VERTEX_POINT('',#2607);
#2607 = CARTESIAN_POINT('',(9.238795325113,18.976457278202,
    3.826834323651));
#2608 = B_SPLINE_CURVE_WITH_KNOTS('',5,(#2609,#2610,#2611,#2612,#2613,
    #2614),.UNSPECIFIED.,.F.,.F.,(6,6),(0.,1.),
  .PIECEWISE_BEZIER_KNOTS.);
#2609 = CARTESIAN_POINT('',(9.23879549957,18.976457622184,3.826833902475
    ));
#2610 = CARTESIAN_POINT('',(9.13945795933,18.780590831973,4.066655970298
    ));
#2611 = CARTESIAN_POINT('',(9.031706096038,18.585149758712,4.30478249029
    ));
#2612 = CARTESIAN_POINT('',(8.915685048567,18.390002495123,
    4.540299897318));
#2613 = CARTESIAN_POINT('',(8.791710773313,18.195001064878,
    4.772310255171));
#2614 = CARTESIAN_POINT('',(8.660254037844,18.,5.));
#2615 = ORIENTED_EDGE('',*,*,#2616,.F.);
#2616 = EDGE_CURVE('',#2617,#2606,#2619,.T.);
#2617 = VERTEX_POINT('',#2618);
#2618 = CARTESIAN_POINT('',(9.659258262891,18.,2.588190451025));
#2619 = B_SPLINE_CURVE_WITH_KNOTS('',5,(#2620,#2621,#2622,#2623,#2624,
    #2625),.UNSPECIFIED.,.F.,.F.,(6,6),(0.,1.),
  .PIECEWISE_BEZIER_KNOTS.);
#2620 = CARTESIAN_POINT('',(9.659258262891,18.,2.588190451025));
#2621 = CARTESIAN_POINT('',(9.591211251743,18.19500105816,2.842145353933
    ));
#2622 = CARTESIAN_POINT('',(9.514818207994,18.390002498288,
    3.093864518777));
#2623 = CARTESIAN_POINT('',(9.430321509474,18.585149763664,
    3.342439738981));
#2624 = CARTESIAN_POINT('',(9.338132714689,18.780590828174,
    3.587012681409));
#2625 = CARTESIAN_POINT('',(9.238795150656,18.976457622184,
    3.826834744827));
#2626 = ORIENTED_EDGE('',*,*,#2627,.F.);
#2627 = EDGE_CURVE('',#2628,#2617,#2630,.T.);
#2628 = VERTEX_POINT('',#2629);
#2629 = CARTESIAN_POINT('',(9.914448613738,18.976457278202,
    1.305261922201));
#2630 = B_SPLINE_CURVE_WITH_KNOTS('',5,(#2631,#2632,#2633,#2634,#2635,
    #2636),.UNSPECIFIED.,.F.,.F.,(6,6),(0.,1.),
  .PIECEWISE_BEZIER_KNOTS.);
#2631 = CARTESIAN_POINT('',(9.914448673242,18.976457622184,
    1.305261470223));
#2632 = CARTESIAN_POINT('',(9.880566495535,18.78059082817,1.562622251553
    ));
#2633 = CARTESIAN_POINT('',(9.83811786255,18.585149763663,1.820523030161
    ));
#2634 = CARTESIAN_POINT('',(9.787006539903,18.390002498288,
    2.078043834868));
#2635 = CARTESIAN_POINT('',(9.727305274038,18.195001058157,
    2.334235548121));
#2636 = CARTESIAN_POINT('',(9.659258262891,18.,2.588190451025));
#2637 = ORIENTED_EDGE('',*,*,#2638,.F.);
#2638 = EDGE_CURVE('',#2082,#2628,#2639,.T.);
#2639 = B_SPLINE_CURVE_WITH_KNOTS('',5,(#2640,#2641,#2642,#2643,#2644,
    #2645),.UNSPECIFIED.,.F.,.F.,(6,6),(0.,1.),
  .PIECEWISE_BEZIER_KNOTS.);
#2640 = CARTESIAN_POINT('',(10.,18.,2.22044604925E-16));
#2641 = CARTESIAN_POINT('',(10.,18.19500105816,0.262913461879));
#2642 = CARTESIAN_POINT('',(9.991359699973,18.390002498288,
    0.525827478809));
#2643 = CARTESIAN_POINT('',(9.974078157766,18.585149763664,
    0.787802058605));
#2644 = CARTESIAN_POINT('',(9.948330755406,18.780590828174,
    1.047901595943));
#2645 = CARTESIAN_POINT('',(9.914448554234,18.976457622184,
    1.305262374178));
#2646 = ORIENTED_EDGE('',*,*,#2081,.F.);
#2647 = ORIENTED_EDGE('',*,*,#762,.F.);
#2648 = ORIENTED_EDGE('',*,*,#743,.F.);
#2649 = ORIENTED_EDGE('',*,*,#724,.F.);
#2650 = ORIENTED_EDGE('',*,*,#705,.F.);
#2651 = ORIENTED_EDGE('',*,*,#686,.F.);
#2652 = ORIENTED_EDGE('',*,*,#667,.F.);
#2653 = ORIENTED_EDGE('',*,*,#648,.F.);
#2654 = ORIENTED_EDGE('',*,*,#629,.F.);
#2655 = ORIENTED_EDGE('',*,*,#610,.F.);
#2656 = ORIENTED_EDGE('',*,*,#591,.F.);
#2657 = ORIENTED_EDGE('',*,*,#572,.F.);
#2658 = ORIENTED_EDGE('',*,*,#551,.F.);
#2659 = ORIENTED_EDGE('',*,*,#997,.F.);
#2660 = ORIENTED_EDGE('',*,*,#978,.F.);
#2661 = ORIENTED_EDGE('',*,*,#959,.F.);
#2662 = ORIENTED_EDGE('',*,*,#940,.F.);
#2663 = ORIENTED_EDGE('',*,*,#921,.F.);
#2664 = ORIENTED_EDGE('',*,*,#902,.F.);
#2665 = ORIENTED_EDGE('',*,*,#883,.F.);
#2666 = ORIENTED_EDGE('',*,*,#864,.F.);
#2667 = ORIENTED_EDGE('',*,*,#845,.F.);
#2668 = ORIENTED_EDGE('',*,*,#826,.F.);
#2669 = ORIENTED_EDGE('',*,*,#807,.F.);
#2670 = ORIENTED_EDGE('',*,*,#788,.F.);
#2671 = ORIENTED_EDGE('',*,*,#775,.F.);
#2672 = CYLINDRICAL_SURFACE('',#2673,10.);
#2673 = AXIS2_PLACEMENT_3D('',#2674,#2675,#2676);
#2674 = CARTESIAN_POINT('',(0.,19.1,-1.110223024625E-17));
#2675 = DIRECTION('',(0.,-1.,1.110223024625E-16));
#2676 = DIRECTION('',(1.,0.,0.));
#2677 = ADVANCED_FACE('',(#2678),#2740,.F.);
#2678 = FACE_BOUND('',#2679,.F.);
#2679 = EDGE_LOOP('',(#2680,#2681,#2682,#2683,#2691,#2706,#2739));
#2680 = ORIENTED_EDGE('',*,*,#2065,.F.);
#2681 = ORIENTED_EDGE('',*,*,#2035,.F.);
#2682 = ORIENTED_EDGE('',*,*,#1185,.F.);
#2683 = ORIENTED_EDGE('',*,*,#2684,.F.);
#2684 = EDGE_CURVE('',#2685,#1178,#2687,.T.);
#2685 = VERTEX_POINT('',#2686);
#2686 = CARTESIAN_POINT('',(-13.,9.490196078431,-1.));
#2687 = LINE('',#2688,#2689);
#2688 = CARTESIAN_POINT('',(-13.,-14.05,-1.));
#2689 = VECTOR('',#2690,1.);
#2690 = DIRECTION('',(-0.,1.,0.));
#2691 = ORIENTED_EDGE('',*,*,#2692,.T.);
#2692 = EDGE_CURVE('',#2685,#2693,#2695,.T.);
#2693 = VERTEX_POINT('',#2694);
#2694 = CARTESIAN_POINT('',(-12.5,9.,-1.));
#2695 = B_SPLINE_CURVE_WITH_KNOTS('',5,(#2696,#2697,#2698,#2699,#2700,
    #2701,#2702,#2703,#2704,#2705),.UNSPECIFIED.,.F.,.F.,(6,4,6),(0.,
    0.491013127578,1.),.UNSPECIFIED.);
#2696 = CARTESIAN_POINT('',(-13.01,9.5,-1.));
#2697 = CARTESIAN_POINT('',(-12.95847189083,9.449482245915,-1.));
#2698 = CARTESIAN_POINT('',(-12.90715247652,9.399169094632,-1.));
#2699 = CARTESIAN_POINT('',(-12.85608509434,9.349103033673,-1.));
#2700 = CARTESIAN_POINT('',(-12.80533850771,9.299351478151,-1.));
#2701 = CARTESIAN_POINT('',(-12.70283659682,9.198859408653,-1.));
#2702 = CARTESIAN_POINT('',(-12.65111628192,9.148153217575,-1.));
#2703 = CARTESIAN_POINT('',(-12.59995135611,9.097991525604,-1.));
#2704 = CARTESIAN_POINT('',(-12.54950784773,9.048537105626,-1.));
#2705 = CARTESIAN_POINT('',(-12.5,9.,-1.));
#2706 = ORIENTED_EDGE('',*,*,#2707,.F.);
#2707 = EDGE_CURVE('',#1070,#2693,#2708,.T.);
#2708 = B_SPLINE_CURVE_WITH_KNOTS('',8,(#2709,#2710,#2711,#2712,#2713,
    #2714,#2715,#2716,#2717,#2718,#2719,#2720,#2721,#2722,#2723,#2724,
    #2725,#2726,#2727,#2728,#2729,#2730,#2731,#2732,#2733,#2734,#2735,
    #2736,#2737,#2738),.UNSPECIFIED.,.F.,.F.,(9,7,7,7,9),(0.,
    2.307292831565E-02,0.391398895127,0.828344041622,1.),.UNSPECIFIED.);
#2709 = CARTESIAN_POINT('',(-11.,9.993377483444,-1.));
#2710 = CARTESIAN_POINT('',(-11.0049830158,9.990077472976,-1.));
#2711 = CARTESIAN_POINT('',(-11.00996470768,9.986778339283,-1.));
#2712 = CARTESIAN_POINT('',(-11.01494457378,9.983480414713,-1.));
#2713 = CARTESIAN_POINT('',(-11.01992361343,9.980183037459,-1.));
#2714 = CARTESIAN_POINT('',(-11.02490053734,9.976887061363,-1.));
#2715 = CARTESIAN_POINT('',(-11.02987637133,9.973591807064,-1.));
#2716 = CARTESIAN_POINT('',(-11.03485054806,9.970297650288,-1.));
#2717 = CARTESIAN_POINT('',(-11.11920476933,9.914433927592,-1.));
#2718 = CARTESIAN_POINT('',(-11.19818929178,9.862126296833,-1.));
#2719 = CARTESIAN_POINT('',(-11.27672029569,9.810119009475,-1.));
#2720 = CARTESIAN_POINT('',(-11.35471545827,9.758466583921,-1.));
#2721 = CARTESIAN_POINT('',(-11.43206579502,9.707241195348,-1.));
#2722 = CARTESIAN_POINT('',(-11.50863617809,9.656532332391,-1.));
#2723 = CARTESIAN_POINT('',(-11.58426720525,9.606445559433,-1.));
#2724 = CARTESIAN_POINT('',(-11.74717108325,9.498562196521,-1.));
#2725 = CARTESIAN_POINT('',(-11.83402176394,9.441045189442,-1.));
#2726 = CARTESIAN_POINT('',(-11.91896177787,9.384793524586,-1.));
#2727 = CARTESIAN_POINT('',(-12.00157294195,9.3300841444,-1.));
#2728 = CARTESIAN_POINT('',(-12.08140531471,9.277215023368,-1.));
#2729 = CARTESIAN_POINT('',(-12.15801979047,9.226476959953,-1.));
#2730 = CARTESIAN_POINT('',(-12.2310343671,9.17812293569,-1.));
#2731 = CARTESIAN_POINT('',(-12.32730645221,9.114366587934,-1.));
#2732 = CARTESIAN_POINT('',(-12.35386149175,9.096780469036,-1.));
#2733 = CARTESIAN_POINT('',(-12.37980171218,9.079601515112,-1.));
#2734 = CARTESIAN_POINT('',(-12.405115212,9.062837607945,-1.));
#2735 = CARTESIAN_POINT('',(-12.42979417357,9.046493924784,-1.));
#2736 = CARTESIAN_POINT('',(-12.45383453405,9.030573156256,-1.));
#2737 = CARTESIAN_POINT('',(-12.47723565633,9.015075724284,-1.));
#2738 = CARTESIAN_POINT('',(-12.5,9.,-1.));
#2739 = ORIENTED_EDGE('',*,*,#1076,.F.);
#2740 = PLANE('',#2741);
#2741 = AXIS2_PLACEMENT_3D('',#2742,#2743,#2744);
#2742 = CARTESIAN_POINT('',(-19.01,-16.,-1.));
#2743 = DIRECTION('',(0.,0.,1.));
#2744 = DIRECTION('',(1.,0.,-0.));
#2745 = ADVANCED_FACE('',(#2746),#2763,.T.);
#2746 = FACE_BOUND('',#2747,.T.);
#2747 = EDGE_LOOP('',(#2748,#2749,#2756,#2762));
#2748 = ORIENTED_EDGE('',*,*,#1069,.F.);
#2749 = ORIENTED_EDGE('',*,*,#2750,.T.);
#2750 = EDGE_CURVE('',#1063,#2751,#2753,.T.);
#2751 = VERTEX_POINT('',#2752);
#2752 = CARTESIAN_POINT('',(-12.5,9.,1.2));
#2753 = B_SPLINE_CURVE_WITH_KNOTS('',1,(#2754,#2755),.UNSPECIFIED.,.F.,
  .F.,(2,2),(0.,1.),.PIECEWISE_BEZIER_KNOTS.);
#2754 = CARTESIAN_POINT('',(-10.99,10.,2.7));
#2755 = CARTESIAN_POINT('',(-12.5,9.,1.2));
#2756 = ORIENTED_EDGE('',*,*,#2757,.F.);
#2757 = EDGE_CURVE('',#2693,#2751,#2758,.T.);
#2758 = LINE('',#2759,#2760);
#2759 = CARTESIAN_POINT('',(-12.5,9.,-1.2));
#2760 = VECTOR('',#2761,1.);
#2761 = DIRECTION('',(0.,0.,1.));
#2762 = ORIENTED_EDGE('',*,*,#2707,.F.);
#2763 = B_SPLINE_SURFACE_WITH_KNOTS('',1,1,(
    (#2764,#2765)
    ,(#2766,#2767
    )),.UNSPECIFIED.,.F.,.F.,.F.,(2,2),(2,2),(0.,5.4),(0.,1.),
  .PIECEWISE_BEZIER_KNOTS.);
#2764 = CARTESIAN_POINT('',(-10.99,10.,-2.7));
#2765 = CARTESIAN_POINT('',(-12.5,9.,-1.2));
#2766 = CARTESIAN_POINT('',(-10.99,10.,2.7));
#2767 = CARTESIAN_POINT('',(-12.5,9.,1.2));
#2768 = ADVANCED_FACE('',(#2769),#2786,.T.);
#2769 = FACE_BOUND('',#2770,.T.);
#2770 = EDGE_LOOP('',(#2771,#2772,#2773,#2780));
#2771 = ORIENTED_EDGE('',*,*,#2750,.F.);
#2772 = ORIENTED_EDGE('',*,*,#1062,.F.);
#2773 = ORIENTED_EDGE('',*,*,#2774,.T.);
#2774 = EDGE_CURVE('',#1056,#2775,#2777,.T.);
#2775 = VERTEX_POINT('',#2776);
#2776 = CARTESIAN_POINT('',(-12.5,-9.,1.2));
#2777 = B_SPLINE_CURVE_WITH_KNOTS('',1,(#2778,#2779),.UNSPECIFIED.,.F.,
  .F.,(2,2),(0.,1.),.PIECEWISE_BEZIER_KNOTS.);
#2778 = CARTESIAN_POINT('',(-10.99,-10.,2.7));
#2779 = CARTESIAN_POINT('',(-12.5,-9.,1.2));
#2780 = ORIENTED_EDGE('',*,*,#2781,.F.);
#2781 = EDGE_CURVE('',#2751,#2775,#2782,.T.);
#2782 = LINE('',#2783,#2784);
#2783 = CARTESIAN_POINT('',(-12.5,9.,1.2));
#2784 = VECTOR('',#2785,1.);
#2785 = DIRECTION('',(0.,-1.,0.));
#2786 = B_SPLINE_SURFACE_WITH_KNOTS('',1,1,(
    (#2787,#2788)
    ,(#2789,#2790
    )),.UNSPECIFIED.,.F.,.F.,.F.,(2,2),(2,2),(0.,20.),(0.,1.),
  .PIECEWISE_BEZIER_KNOTS.);
#2787 = CARTESIAN_POINT('',(-10.99,10.,2.7));
#2788 = CARTESIAN_POINT('',(-12.5,9.,1.2));
#2789 = CARTESIAN_POINT('',(-10.99,-10.,2.7));
#2790 = CARTESIAN_POINT('',(-12.5,-9.,1.2));
#2791 = ADVANCED_FACE('',(#2792),#2837,.T.);
#2792 = FACE_BOUND('',#2793,.T.);
#2793 = EDGE_LOOP('',(#2794,#2795,#2796,#2831));
#2794 = ORIENTED_EDGE('',*,*,#2774,.F.);
#2795 = ORIENTED_EDGE('',*,*,#1055,.F.);
#2796 = ORIENTED_EDGE('',*,*,#2797,.T.);
#2797 = EDGE_CURVE('',#1048,#2798,#2800,.T.);
#2798 = VERTEX_POINT('',#2799);
#2799 = CARTESIAN_POINT('',(-12.5,-9.,-1.));
#2800 = B_SPLINE_CURVE_WITH_KNOTS('',8,(#2801,#2802,#2803,#2804,#2805,
    #2806,#2807,#2808,#2809,#2810,#2811,#2812,#2813,#2814,#2815,#2816,
    #2817,#2818,#2819,#2820,#2821,#2822,#2823,#2824,#2825,#2826,#2827,
    #2828,#2829,#2830),.UNSPECIFIED.,.F.,.F.,(9,7,7,7,9),(0.,
    2.307292831603E-02,0.391398895127,0.828344041622,1.),.UNSPECIFIED.);
#2801 = CARTESIAN_POINT('',(-11.,-9.993377483444,-1.));
#2802 = CARTESIAN_POINT('',(-11.0049830158,-9.990077472976,-1.));
#2803 = CARTESIAN_POINT('',(-11.00996470768,-9.986778339282,-1.));
#2804 = CARTESIAN_POINT('',(-11.01494457378,-9.983480414714,-1.));
#2805 = CARTESIAN_POINT('',(-11.01992361344,-9.980183037457,-1.));
#2806 = CARTESIAN_POINT('',(-11.02490053734,-9.976887061364,-1.));
#2807 = CARTESIAN_POINT('',(-11.02987637133,-9.973591807063,-1.));
#2808 = CARTESIAN_POINT('',(-11.03485054806,-9.970297650288,-1.));
#2809 = CARTESIAN_POINT('',(-11.11920476933,-9.914433927592,-1.));
#2810 = CARTESIAN_POINT('',(-11.19818929178,-9.862126296833,-1.));
#2811 = CARTESIAN_POINT('',(-11.27672029569,-9.810119009475,-1.));
#2812 = CARTESIAN_POINT('',(-11.35471545827,-9.758466583921,-1.));
#2813 = CARTESIAN_POINT('',(-11.43206579502,-9.707241195348,-1.));
#2814 = CARTESIAN_POINT('',(-11.50863617809,-9.656532332391,-1.));
#2815 = CARTESIAN_POINT('',(-11.58426720525,-9.606445559433,-1.));
#2816 = CARTESIAN_POINT('',(-11.74717108325,-9.498562196521,-1.));
#2817 = CARTESIAN_POINT('',(-11.83402176394,-9.441045189442,-1.));
#2818 = CARTESIAN_POINT('',(-11.91896177787,-9.384793524587,-1.));
#2819 = CARTESIAN_POINT('',(-12.00157294195,-9.3300841444,-1.));
#2820 = CARTESIAN_POINT('',(-12.08140531471,-9.277215023368,-1.));
#2821 = CARTESIAN_POINT('',(-12.15801979047,-9.226476959953,-1.));
#2822 = CARTESIAN_POINT('',(-12.2310343671,-9.17812293569,-1.));
#2823 = CARTESIAN_POINT('',(-12.32730645221,-9.114366587934,-1.));
#2824 = CARTESIAN_POINT('',(-12.35386149175,-9.096780469036,-1.));
#2825 = CARTESIAN_POINT('',(-12.37980171218,-9.079601515112,-1.));
#2826 = CARTESIAN_POINT('',(-12.405115212,-9.062837607945,-1.));
#2827 = CARTESIAN_POINT('',(-12.42979417357,-9.046493924784,-1.));
#2828 = CARTESIAN_POINT('',(-12.45383453405,-9.030573156256,-1.));
#2829 = CARTESIAN_POINT('',(-12.47723565633,-9.015075724284,-1.));
#2830 = CARTESIAN_POINT('',(-12.5,-9.,-1.));
#2831 = ORIENTED_EDGE('',*,*,#2832,.F.);
#2832 = EDGE_CURVE('',#2775,#2798,#2833,.T.);
#2833 = LINE('',#2834,#2835);
#2834 = CARTESIAN_POINT('',(-12.5,-9.,1.2));
#2835 = VECTOR('',#2836,1.);
#2836 = DIRECTION('',(0.,0.,-1.));
#2837 = B_SPLINE_SURFACE_WITH_KNOTS('',1,1,(
    (#2838,#2839)
    ,(#2840,#2841
    )),.UNSPECIFIED.,.F.,.F.,.F.,(2,2),(2,2),(0.,5.4),(0.,1.),
  .PIECEWISE_BEZIER_KNOTS.);
#2838 = CARTESIAN_POINT('',(-10.99,-10.,2.7));
#2839 = CARTESIAN_POINT('',(-12.5,-9.,1.2));
#2840 = CARTESIAN_POINT('',(-10.99,-10.,-2.7));
#2841 = CARTESIAN_POINT('',(-12.5,-9.,-1.2));
#2842 = ADVANCED_FACE('',(#2843),#2871,.F.);
#2843 = FACE_BOUND('',#2844,.F.);
#2844 = EDGE_LOOP('',(#2845,#2846,#2847,#2862,#2868,#2869,#2870));
#2845 = ORIENTED_EDGE('',*,*,#1047,.F.);
#2846 = ORIENTED_EDGE('',*,*,#2797,.T.);
#2847 = ORIENTED_EDGE('',*,*,#2848,.F.);
#2848 = EDGE_CURVE('',#2849,#2798,#2851,.T.);
#2849 = VERTEX_POINT('',#2850);
#2850 = CARTESIAN_POINT('',(-13.,-9.490196078431,-1.));
#2851 = B_SPLINE_CURVE_WITH_KNOTS('',5,(#2852,#2853,#2854,#2855,#2856,
    #2857,#2858,#2859,#2860,#2861),.UNSPECIFIED.,.F.,.F.,(6,4,6),(0.,
    0.491013127578,1.),.UNSPECIFIED.);
#2852 = CARTESIAN_POINT('',(-13.01,-9.5,-1.));
#2853 = CARTESIAN_POINT('',(-12.95847189083,-9.449482245915,-1.));
#2854 = CARTESIAN_POINT('',(-12.90715247652,-9.399169094632,-1.));
#2855 = CARTESIAN_POINT('',(-12.85608509434,-9.349103033673,-1.));
#2856 = CARTESIAN_POINT('',(-12.80533850771,-9.299351478151,-1.));
#2857 = CARTESIAN_POINT('',(-12.70283659682,-9.198859408653,-1.));
#2858 = CARTESIAN_POINT('',(-12.65111628192,-9.148153217575,-1.));
#2859 = CARTESIAN_POINT('',(-12.59995135611,-9.097991525604,-1.));
#2860 = CARTESIAN_POINT('',(-12.54950784773,-9.048537105626,-1.));
#2861 = CARTESIAN_POINT('',(-12.5,-9.,-1.));
#2862 = ORIENTED_EDGE('',*,*,#2863,.F.);
#2863 = EDGE_CURVE('',#1262,#2849,#2864,.T.);
#2864 = LINE('',#2865,#2866);
#2865 = CARTESIAN_POINT('',(-13.,-14.05,-1.));
#2866 = VECTOR('',#2867,1.);
#2867 = DIRECTION('',(-0.,1.,0.));
#2868 = ORIENTED_EDGE('',*,*,#1269,.T.);
#2869 = ORIENTED_EDGE('',*,*,#2049,.F.);
#2870 = ORIENTED_EDGE('',*,*,#2009,.T.);
#2871 = PLANE('',#2872);
#2872 = AXIS2_PLACEMENT_3D('',#2873,#2874,#2875);
#2873 = CARTESIAN_POINT('',(-19.01,-16.,-1.));
#2874 = DIRECTION('',(0.,0.,1.));
#2875 = DIRECTION('',(1.,0.,-0.));
#2876 = ADVANCED_FACE('',(#2877),#2903,.F.);
#2877 = FACE_BOUND('',#2878,.F.);
#2878 = EDGE_LOOP('',(#2879,#2880,#2881,#2888,#2895,#2900,#2901,#2902));
#2879 = ORIENTED_EDGE('',*,*,#1261,.F.);
#2880 = ORIENTED_EDGE('',*,*,#2863,.T.);
#2881 = ORIENTED_EDGE('',*,*,#2882,.T.);
#2882 = EDGE_CURVE('',#2849,#2883,#2885,.T.);
#2883 = VERTEX_POINT('',#2884);
#2884 = CARTESIAN_POINT('',(-13.,-9.490196078431,1.690196078431));
#2885 = B_SPLINE_CURVE_WITH_KNOTS('',1,(#2886,#2887),.UNSPECIFIED.,.F.,
  .F.,(2,2),(0.,1.),.PIECEWISE_BEZIER_KNOTS.);
#2886 = CARTESIAN_POINT('',(-13.,-9.490196078431,-1.));
#2887 = CARTESIAN_POINT('',(-13.,-9.490196078431,1.690196078431));
#2888 = ORIENTED_EDGE('',*,*,#2889,.T.);
#2889 = EDGE_CURVE('',#2883,#2890,#2892,.T.);
#2890 = VERTEX_POINT('',#2891);
#2891 = CARTESIAN_POINT('',(-13.,9.490196078431,1.690196078431));
#2892 = B_SPLINE_CURVE_WITH_KNOTS('',1,(#2893,#2894),.UNSPECIFIED.,.F.,
  .F.,(2,2),(0.,1.),.PIECEWISE_BEZIER_KNOTS.);
#2893 = CARTESIAN_POINT('',(-13.,-9.490196078431,1.690196078431));
#2894 = CARTESIAN_POINT('',(-13.,9.490196078431,1.690196078431));
#2895 = ORIENTED_EDGE('',*,*,#2896,.T.);
#2896 = EDGE_CURVE('',#2890,#2685,#2897,.T.);
#2897 = B_SPLINE_CURVE_WITH_KNOTS('',1,(#2898,#2899),.UNSPECIFIED.,.F.,
  .F.,(2,2),(0.,1.),.PIECEWISE_BEZIER_KNOTS.);
#2898 = CARTESIAN_POINT('',(-13.,9.490196078431,1.690196078431));
#2899 = CARTESIAN_POINT('',(-13.,9.490196078431,-1.));
#2900 = ORIENTED_EDGE('',*,*,#2684,.T.);
#2901 = ORIENTED_EDGE('',*,*,#1177,.T.);
#2902 = ORIENTED_EDGE('',*,*,#1126,.F.);
#2903 = PLANE('',#2904);
#2904 = AXIS2_PLACEMENT_3D('',#2905,#2906,#2907);
#2905 = CARTESIAN_POINT('',(-13.,-12.1,-4.1));
#2906 = DIRECTION('',(1.,0.,-0.));
#2907 = DIRECTION('',(0.,0.,1.));
#2908 = ADVANCED_FACE('',(#2909),#2915,.T.);
#2909 = FACE_BOUND('',#2910,.T.);
#2910 = EDGE_LOOP('',(#2911,#2912,#2913,#2914));
#2911 = ORIENTED_EDGE('',*,*,#1151,.F.);
#2912 = ORIENTED_EDGE('',*,*,#1891,.T.);
#2913 = ORIENTED_EDGE('',*,*,#1242,.T.);
#2914 = ORIENTED_EDGE('',*,*,#2042,.F.);
#2915 = PLANE('',#2916);
#2916 = AXIS2_PLACEMENT_3D('',#2917,#2918,#2919);
#2917 = CARTESIAN_POINT('',(-35.,-12.1,-4.1));
#2918 = DIRECTION('',(0.,0.,1.));
#2919 = DIRECTION('',(1.,0.,-0.));
#2920 = ADVANCED_FACE('',(#2921),#2932,.F.);
#2921 = FACE_BOUND('',#2922,.F.);
#2922 = EDGE_LOOP('',(#2923,#2924,#2930,#2931));
#2923 = ORIENTED_EDGE('',*,*,#1285,.F.);
#2924 = ORIENTED_EDGE('',*,*,#2925,.F.);
#2925 = EDGE_CURVE('',#1864,#1286,#2926,.T.);
#2926 = LINE('',#2927,#2928);
#2927 = CARTESIAN_POINT('',(-30.5,-15.9,1.6));
#2928 = VECTOR('',#2929,1.);
#2929 = DIRECTION('',(0.,1.,0.));
#2930 = ORIENTED_EDGE('',*,*,#1863,.T.);
#2931 = ORIENTED_EDGE('',*,*,#2925,.T.);
#2932 = CYLINDRICAL_SURFACE('',#2933,1.6);
#2933 = AXIS2_PLACEMENT_3D('',#2934,#2935,#2936);
#2934 = CARTESIAN_POINT('',(-30.5,-15.9,0.));
#2935 = DIRECTION('',(0.,1.,0.));
#2936 = DIRECTION('',(0.,-0.,1.));
#2937 = ADVANCED_FACE('',(#2938),#3532,.T.);
#2938 = FACE_BOUND('',#2939,.T.);
#2939 = EDGE_LOOP('',(#2940,#2948,#2959,#2970,#2981,#2992,#3005,#3018,
    #3031,#3044,#3055,#3066,#3077,#3088,#3099,#3110,#3121,#3132,#3145,
    #3158,#3171,#3184,#3195,#3206,#3217,#3228,#3239,#3250,#3261,#3272,
    #3285,#3298,#3311,#3324,#3335,#3346,#3357,#3368,#3379,#3390,#3401,
    #3412,#3425,#3438,#3451,#3464,#3475,#3486,#3497,#3506,#3507,#3508,
    #3509,#3510,#3511,#3512,#3513,#3514,#3515,#3516,#3517,#3518,#3519,
    #3520,#3521,#3522,#3523,#3524,#3525,#3526,#3527,#3528,#3529,#3530,
    #3531));
#2940 = ORIENTED_EDGE('',*,*,#2941,.T.);
#2941 = EDGE_CURVE('',#1533,#2942,#2944,.T.);
#2942 = VERTEX_POINT('',#2943);
#2943 = CARTESIAN_POINT('',(10.,-18.,1.342755631554E-15));
#2944 = LINE('',#2945,#2946);
#2945 = CARTESIAN_POINT('',(10.,-19.1,2.438191368048E-15));
#2946 = VECTOR('',#2947,1.);
#2947 = DIRECTION('',(0.,1.,1.110223024625E-16));
#2948 = ORIENTED_EDGE('',*,*,#2949,.F.);
#2949 = EDGE_CURVE('',#2950,#2942,#2952,.T.);
#2950 = VERTEX_POINT('',#2951);
#2951 = CARTESIAN_POINT('',(9.914448613738,-18.9764572782,1.305261922201
    ));
#2952 = B_SPLINE_CURVE_WITH_KNOTS('',5,(#2953,#2954,#2955,#2956,#2957,
    #2958),.UNSPECIFIED.,.F.,.F.,(6,6),(0.,1.),
  .PIECEWISE_BEZIER_KNOTS.);
#2953 = CARTESIAN_POINT('',(9.914448554234,-18.97645762218,
    1.305262374178));
#2954 = CARTESIAN_POINT('',(9.948330755406,-18.78059082817,
    1.047901595937));
#2955 = CARTESIAN_POINT('',(9.974078157766,-18.58514976366,
    0.787802058604));
#2956 = CARTESIAN_POINT('',(9.991359699974,-18.39000249828,0.52582747881
    ));
#2957 = CARTESIAN_POINT('',(10.,-18.19500105815,0.262913461876));
#2958 = CARTESIAN_POINT('',(10.,-18.,1.110223024625E-16));
#2959 = ORIENTED_EDGE('',*,*,#2960,.F.);
#2960 = EDGE_CURVE('',#2961,#2950,#2963,.T.);
#2961 = VERTEX_POINT('',#2962);
#2962 = CARTESIAN_POINT('',(9.659258262891,-18.,2.588190451025));
#2963 = B_SPLINE_CURVE_WITH_KNOTS('',5,(#2964,#2965,#2966,#2967,#2968,
    #2969),.UNSPECIFIED.,.F.,.F.,(6,6),(0.,1.),
  .PIECEWISE_BEZIER_KNOTS.);
#2964 = CARTESIAN_POINT('',(9.659258262891,-18.,2.588190451025));
#2965 = CARTESIAN_POINT('',(9.727305274039,-18.19500105816,
    2.334235548117));
#2966 = CARTESIAN_POINT('',(9.787006539902,-18.39000249828,
    2.078043834869));
#2967 = CARTESIAN_POINT('',(9.83811786255,-18.58514976366,1.820523030161
    ));
#2968 = CARTESIAN_POINT('',(9.880566495536,-18.78059082817,
    1.562622251547));
#2969 = CARTESIAN_POINT('',(9.914448673242,-18.97645762218,
    1.305261470223));
#2970 = ORIENTED_EDGE('',*,*,#2971,.F.);
#2971 = EDGE_CURVE('',#2972,#2961,#2974,.T.);
#2972 = VERTEX_POINT('',#2973);
#2973 = CARTESIAN_POINT('',(9.238795325113,-18.9764572782,3.826834323651
    ));
#2974 = B_SPLINE_CURVE_WITH_KNOTS('',5,(#2975,#2976,#2977,#2978,#2979,
    #2980),.UNSPECIFIED.,.F.,.F.,(6,6),(0.,1.),
  .PIECEWISE_BEZIER_KNOTS.);
#2975 = CARTESIAN_POINT('',(9.238795150656,-18.97645762218,
    3.826834744827));
#2976 = CARTESIAN_POINT('',(9.338132714691,-18.78059082817,
    3.587012681404));
#2977 = CARTESIAN_POINT('',(9.430321509474,-18.58514976366,3.34243973898
    ));
#2978 = CARTESIAN_POINT('',(9.514818207994,-18.39000249828,
    3.093864518778));
#2979 = CARTESIAN_POINT('',(9.591211251743,-18.19500105815,2.84214535393
    ));
#2980 = CARTESIAN_POINT('',(9.659258262891,-18.,2.588190451025));
#2981 = ORIENTED_EDGE('',*,*,#2982,.F.);
#2982 = EDGE_CURVE('',#2983,#2972,#2985,.T.);
#2983 = VERTEX_POINT('',#2984);
#2984 = CARTESIAN_POINT('',(8.660254037844,-18.,5.));
#2985 = B_SPLINE_CURVE_WITH_KNOTS('',5,(#2986,#2987,#2988,#2989,#2990,
    #2991),.UNSPECIFIED.,.F.,.F.,(6,6),(0.,1.),
  .PIECEWISE_BEZIER_KNOTS.);
#2986 = CARTESIAN_POINT('',(8.660254037844,-18.,5.));
#2987 = CARTESIAN_POINT('',(8.791710773345,-18.19500106492,
    4.772310255116));
#2988 = CARTESIAN_POINT('',(8.915685048687,-18.39000249513,
    4.540299897331));
#2989 = CARTESIAN_POINT('',(9.031706095958,-18.58514975871,
    4.304782490268));
#2990 = CARTESIAN_POINT('',(9.139457959326,-18.78059083196,
    4.066655970306));
#2991 = CARTESIAN_POINT('',(9.23879549957,-18.97645762218,3.826833902475
    ));
#2992 = ORIENTED_EDGE('',*,*,#2993,.F.);
#2993 = EDGE_CURVE('',#2994,#2983,#2996,.T.);
#2994 = VERTEX_POINT('',#2995);
#2995 = CARTESIAN_POINT('',(7.933533402912,-18.9764572782,6.087614290087
    ));
#2996 = B_SPLINE_CURVE_WITH_KNOTS('',4,(#2997,#2998,#2999,#3000,#3001,
    #3002,#3003,#3004),.UNSPECIFIED.,.F.,.F.,(5,3,5),(0.,0.548466594435,
    1.),.UNSPECIFIED.);
#2997 = CARTESIAN_POINT('',(7.933533125391,-18.97645762218,
    6.087614651759));
#2998 = CARTESIAN_POINT('',(8.041871255985,-18.84217457093,
    5.946425664451));
#2999 = CARTESIAN_POINT('',(8.147363955462,-18.70810521825,
    5.802008261249));
#3000 = CARTESIAN_POINT('',(8.249713865128,-18.57419433194,
    5.654603627069));
#3001 = CARTESIAN_POINT('',(8.430144873396,-18.33021952788,
    5.380944479741));
#3002 = CARTESIAN_POINT('',(8.509318440373,-18.22012380086,
    5.255555983211));
#3003 = CARTESIAN_POINT('',(8.586057626225,-18.11006190914,
    5.128511954663));
#3004 = CARTESIAN_POINT('',(8.660254037844,-18.,5.));
#3005 = ORIENTED_EDGE('',*,*,#3006,.F.);
#3006 = EDGE_CURVE('',#3007,#2994,#3009,.T.);
#3007 = VERTEX_POINT('',#3008);
#3008 = CARTESIAN_POINT('',(7.071067811865,-18.,7.071067811865));
#3009 = B_SPLINE_CURVE_WITH_KNOTS('',4,(#3010,#3011,#3012,#3013,#3014,
    #3015,#3016,#3017),.UNSPECIFIED.,.F.,.F.,(5,3,5),(0.,0.453168327355,
    1.),.UNSPECIFIED.);
#3010 = CARTESIAN_POINT('',(7.071067811865,-18.,7.071067811865));
#3011 = CARTESIAN_POINT('',(7.176377314707,-18.11046042367,
    6.965758309024));
#3012 = CARTESIAN_POINT('',(7.279595731171,-18.22092082959,
    6.858357538677));
#3013 = CARTESIAN_POINT('',(7.380568229153,-18.33141544046,6.74902043154
    ));
#3014 = CARTESIAN_POINT('',(7.598147030676,-18.57539185996,
    6.503867243318));
#3015 = CARTESIAN_POINT('',(7.713671421076,-18.70890451324,
    6.367248668004));
#3016 = CARTESIAN_POINT('',(7.825518507334,-18.84257485469,
    6.228382055937));
#3017 = CARTESIAN_POINT('',(7.933533680433,-18.97645762218,
    6.087613928415));
#3018 = ORIENTED_EDGE('',*,*,#3019,.F.);
#3019 = EDGE_CURVE('',#3020,#3007,#3022,.T.);
#3020 = VERTEX_POINT('',#3021);
#3021 = CARTESIAN_POINT('',(6.087614290087,-18.9764572782,7.933533402912
    ));
#3022 = B_SPLINE_CURVE_WITH_KNOTS('',4,(#3023,#3024,#3025,#3026,#3027,
    #3028,#3029,#3030),.UNSPECIFIED.,.F.,.F.,(5,3,5),(0.,0.549467168624,
    1.),.UNSPECIFIED.);
#3023 = CARTESIAN_POINT('',(6.087613928415,-18.97645762218,
    7.933533680433));
#3024 = CARTESIAN_POINT('',(6.229060498349,-18.84192959678,
    7.824997920211));
#3025 = CARTESIAN_POINT('',(6.368587184381,-18.70761605057,
    7.712593219339));
#3026 = CARTESIAN_POINT('',(6.505842412962,-18.57346144743,
    7.596476440811));
#3027 = CARTESIAN_POINT('',(6.750927852603,-18.32948762919,
    7.378806321765));
#3028 = CARTESIAN_POINT('',(6.859606693407,-18.21963601827,
    7.278395082129));
#3029 = CARTESIAN_POINT('',(6.966370758674,-18.10981801775,
    7.175764865057));
#3030 = CARTESIAN_POINT('',(7.071067811865,-18.,7.071067811865));
#3031 = ORIENTED_EDGE('',*,*,#3032,.F.);
#3032 = EDGE_CURVE('',#3033,#3020,#3035,.T.);
#3033 = VERTEX_POINT('',#3034);
#3034 = CARTESIAN_POINT('',(5.,-18.,8.660254037844));
#3035 = B_SPLINE_CURVE_WITH_KNOTS('',4,(#3036,#3037,#3038,#3039,#3040,
    #3041,#3042,#3043),.UNSPECIFIED.,.F.,.F.,(5,3,5),(0.,0.455169449895,
    1.),.UNSPECIFIED.);
#3036 = CARTESIAN_POINT('',(5.,-18.,8.660254037844));
#3037 = CARTESIAN_POINT('',(5.129546817596,-18.11094820015,
    8.585460147833));
#3038 = CARTESIAN_POINT('',(5.257601974924,-18.22189638215,
    8.508082364609));
#3039 = CARTESIAN_POINT('',(5.383973287795,-18.33287922522,
    8.428231728438));
#3040 = CARTESIAN_POINT('',(5.657534874822,-18.57685762985,8.2476778774)
  );
#3041 = CARTESIAN_POINT('',(5.803922946024,-18.7098828449,8.145965103196
    ));
#3042 = CARTESIAN_POINT('',(5.947361672904,-18.84306479667,8.04115303137
    ));
#3043 = CARTESIAN_POINT('',(6.087614651759,-18.97645762218,
    7.933533125391));
#3044 = ORIENTED_EDGE('',*,*,#3045,.F.);
#3045 = EDGE_CURVE('',#3046,#3033,#3048,.T.);
#3046 = VERTEX_POINT('',#3047);
#3047 = CARTESIAN_POINT('',(3.826834323651,-18.9764572782,9.238795325113
    ));
#3048 = B_SPLINE_CURVE_WITH_KNOTS('',5,(#3049,#3050,#3051,#3052,#3053,
    #3054),.UNSPECIFIED.,.F.,.F.,(6,6),(0.,1.),
  .PIECEWISE_BEZIER_KNOTS.);
#3049 = CARTESIAN_POINT('',(3.826833902475,-18.97645762218,9.23879549957
    ));
#3050 = CARTESIAN_POINT('',(4.066655970298,-18.78059083197,9.13945795933
    ));
#3051 = CARTESIAN_POINT('',(4.30478249029,-18.58514975871,9.031706096038
    ));
#3052 = CARTESIAN_POINT('',(4.540299897318,-18.39000249512,
    8.915685048567));
#3053 = CARTESIAN_POINT('',(4.772310255171,-18.19500106487,
    8.791710773313));
#3054 = CARTESIAN_POINT('',(5.,-18.,8.660254037844));
#3055 = ORIENTED_EDGE('',*,*,#3056,.F.);
#3056 = EDGE_CURVE('',#3057,#3046,#3059,.T.);
#3057 = VERTEX_POINT('',#3058);
#3058 = CARTESIAN_POINT('',(2.588190451025,-18.,9.659258262891));
#3059 = B_SPLINE_CURVE_WITH_KNOTS('',5,(#3060,#3061,#3062,#3063,#3064,
    #3065),.UNSPECIFIED.,.F.,.F.,(6,6),(0.,1.),
  .PIECEWISE_BEZIER_KNOTS.);
#3060 = CARTESIAN_POINT('',(2.588190451025,-18.,9.659258262891));
#3061 = CARTESIAN_POINT('',(2.842145353933,-18.19500105816,
    9.591211251743));
#3062 = CARTESIAN_POINT('',(3.093864518777,-18.39000249828,
    9.514818207994));
#3063 = CARTESIAN_POINT('',(3.342439738981,-18.58514976366,
    9.430321509474));
#3064 = CARTESIAN_POINT('',(3.587012681409,-18.78059082817,
    9.338132714689));
#3065 = CARTESIAN_POINT('',(3.826834744827,-18.97645762218,
    9.238795150656));
#3066 = ORIENTED_EDGE('',*,*,#3067,.F.);
#3067 = EDGE_CURVE('',#3068,#3057,#3070,.T.);
#3068 = VERTEX_POINT('',#3069);
#3069 = CARTESIAN_POINT('',(1.305261922201,-18.9764572782,9.914448613738
    ));
#3070 = B_SPLINE_CURVE_WITH_KNOTS('',5,(#3071,#3072,#3073,#3074,#3075,
    #3076),.UNSPECIFIED.,.F.,.F.,(6,6),(0.,1.),
  .PIECEWISE_BEZIER_KNOTS.);
#3071 = CARTESIAN_POINT('',(1.305261470223,-18.97645762218,
    9.914448673242));
#3072 = CARTESIAN_POINT('',(1.562622251553,-18.78059082817,
    9.880566495535));
#3073 = CARTESIAN_POINT('',(1.820523030161,-18.58514976366,9.83811786255
    ));
#3074 = CARTESIAN_POINT('',(2.078043834868,-18.39000249828,
    9.787006539902));
#3075 = CARTESIAN_POINT('',(2.334235548121,-18.19500105815,
    9.727305274038));
#3076 = CARTESIAN_POINT('',(2.588190451025,-18.,9.659258262891));
#3077 = ORIENTED_EDGE('',*,*,#3078,.F.);
#3078 = EDGE_CURVE('',#3079,#3068,#3081,.T.);
#3079 = VERTEX_POINT('',#3080);
#3080 = CARTESIAN_POINT('',(-2.234619109139E-15,-18.,10.));
#3081 = B_SPLINE_CURVE_WITH_KNOTS('',5,(#3082,#3083,#3084,#3085,#3086,
    #3087),.UNSPECIFIED.,.F.,.F.,(6,6),(0.,1.),
  .PIECEWISE_BEZIER_KNOTS.);
#3082 = CARTESIAN_POINT('',(-2.22044604925E-15,-18.,10.));
#3083 = CARTESIAN_POINT('',(0.262913461879,-18.19500105816,10.));
#3084 = CARTESIAN_POINT('',(0.525827478809,-18.39000249828,
    9.991359699973));
#3085 = CARTESIAN_POINT('',(0.787802058605,-18.58514976366,
    9.974078157766));
#3086 = CARTESIAN_POINT('',(1.047901595943,-18.78059082817,
    9.948330755406));
#3087 = CARTESIAN_POINT('',(1.305262374178,-18.97645762218,
    9.914448554234));
#3088 = ORIENTED_EDGE('',*,*,#3089,.F.);
#3089 = EDGE_CURVE('',#3090,#3079,#3092,.T.);
#3090 = VERTEX_POINT('',#3091);
#3091 = CARTESIAN_POINT('',(-1.305261922201,-18.9764572782,
    9.914448613738));
#3092 = B_SPLINE_CURVE_WITH_KNOTS('',5,(#3093,#3094,#3095,#3096,#3097,
    #3098),.UNSPECIFIED.,.F.,.F.,(6,6),(0.,1.),
  .PIECEWISE_BEZIER_KNOTS.);
#3093 = CARTESIAN_POINT('',(-1.305262374178,-18.97645762218,
    9.914448554234));
#3094 = CARTESIAN_POINT('',(-1.047901595937,-18.78059082817,
    9.948330755406));
#3095 = CARTESIAN_POINT('',(-0.787802058604,-18.58514976366,
    9.974078157766));
#3096 = CARTESIAN_POINT('',(-0.52582747881,-18.39000249828,
    9.991359699974));
#3097 = CARTESIAN_POINT('',(-0.262913461876,-18.19500105815,10.));
#3098 = CARTESIAN_POINT('',(-2.442490654175E-15,-18.,10.));
#3099 = ORIENTED_EDGE('',*,*,#3100,.F.);
#3100 = EDGE_CURVE('',#3101,#3090,#3103,.T.);
#3101 = VERTEX_POINT('',#3102);
#3102 = CARTESIAN_POINT('',(-2.588190451025,-18.,9.659258262891));
#3103 = B_SPLINE_CURVE_WITH_KNOTS('',5,(#3104,#3105,#3106,#3107,#3108,
    #3109),.UNSPECIFIED.,.F.,.F.,(6,6),(0.,1.),
  .PIECEWISE_BEZIER_KNOTS.);
#3104 = CARTESIAN_POINT('',(-2.588190451025,-18.,9.659258262891));
#3105 = CARTESIAN_POINT('',(-2.334235548117,-18.19500105816,
    9.727305274039));
#3106 = CARTESIAN_POINT('',(-2.078043834869,-18.39000249828,
    9.787006539902));
#3107 = CARTESIAN_POINT('',(-1.820523030161,-18.58514976366,
    9.83811786255));
#3108 = CARTESIAN_POINT('',(-1.562622251547,-18.78059082817,
    9.880566495536));
#3109 = CARTESIAN_POINT('',(-1.305261470223,-18.97645762218,
    9.914448673242));
#3110 = ORIENTED_EDGE('',*,*,#3111,.F.);
#3111 = EDGE_CURVE('',#3112,#3101,#3114,.T.);
#3112 = VERTEX_POINT('',#3113);
#3113 = CARTESIAN_POINT('',(-3.826834323651,-18.9764572782,
    9.238795325113));
#3114 = B_SPLINE_CURVE_WITH_KNOTS('',5,(#3115,#3116,#3117,#3118,#3119,
    #3120),.UNSPECIFIED.,.F.,.F.,(6,6),(0.,1.),
  .PIECEWISE_BEZIER_KNOTS.);
#3115 = CARTESIAN_POINT('',(-3.826834744827,-18.97645762218,
    9.238795150656));
#3116 = CARTESIAN_POINT('',(-3.587012681404,-18.78059082817,
    9.338132714691));
#3117 = CARTESIAN_POINT('',(-3.34243973898,-18.58514976366,
    9.430321509474));
#3118 = CARTESIAN_POINT('',(-3.093864518778,-18.39000249828,
    9.514818207994));
#3119 = CARTESIAN_POINT('',(-2.84214535393,-18.19500105815,
    9.591211251743));
#3120 = CARTESIAN_POINT('',(-2.588190451025,-18.,9.659258262891));
#3121 = ORIENTED_EDGE('',*,*,#3122,.F.);
#3122 = EDGE_CURVE('',#3123,#3112,#3125,.T.);
#3123 = VERTEX_POINT('',#3124);
#3124 = CARTESIAN_POINT('',(-5.,-18.,8.660254037844));
#3125 = B_SPLINE_CURVE_WITH_KNOTS('',5,(#3126,#3127,#3128,#3129,#3130,
    #3131),.UNSPECIFIED.,.F.,.F.,(6,6),(0.,1.),
  .PIECEWISE_BEZIER_KNOTS.);
#3126 = CARTESIAN_POINT('',(-5.,-18.,8.660254037844));
#3127 = CARTESIAN_POINT('',(-4.772310255116,-18.19500106492,
    8.791710773345));
#3128 = CARTESIAN_POINT('',(-4.540299897331,-18.39000249513,
    8.915685048687));
#3129 = CARTESIAN_POINT('',(-4.304782490268,-18.58514975871,
    9.031706095958));
#3130 = CARTESIAN_POINT('',(-4.066655970306,-18.78059083196,
    9.139457959326));
#3131 = CARTESIAN_POINT('',(-3.826833902475,-18.97645762218,
    9.23879549957));
#3132 = ORIENTED_EDGE('',*,*,#3133,.F.);
#3133 = EDGE_CURVE('',#3134,#3123,#3136,.T.);
#3134 = VERTEX_POINT('',#3135);
#3135 = CARTESIAN_POINT('',(-6.087614290087,-18.9764572782,
    7.933533402912));
#3136 = B_SPLINE_CURVE_WITH_KNOTS('',4,(#3137,#3138,#3139,#3140,#3141,
    #3142,#3143,#3144),.UNSPECIFIED.,.F.,.F.,(5,3,5),(0.,0.548466594435,
    1.),.UNSPECIFIED.);
#3137 = CARTESIAN_POINT('',(-6.087614651759,-18.97645762218,
    7.933533125391));
#3138 = CARTESIAN_POINT('',(-5.946425664451,-18.84217457093,
    8.041871255985));
#3139 = CARTESIAN_POINT('',(-5.802008261249,-18.70810521825,
    8.147363955462));
#3140 = CARTESIAN_POINT('',(-5.654603627069,-18.57419433194,
    8.249713865128));
#3141 = CARTESIAN_POINT('',(-5.380944479741,-18.33021952788,
    8.430144873396));
#3142 = CARTESIAN_POINT('',(-5.255555983211,-18.22012380086,
    8.509318440373));
#3143 = CARTESIAN_POINT('',(-5.128511954663,-18.11006190914,
    8.586057626225));
#3144 = CARTESIAN_POINT('',(-5.,-18.,8.660254037844));
#3145 = ORIENTED_EDGE('',*,*,#3146,.F.);
#3146 = EDGE_CURVE('',#3147,#3134,#3149,.T.);
#3147 = VERTEX_POINT('',#3148);
#3148 = CARTESIAN_POINT('',(-7.071067811865,-18.,7.071067811865));
#3149 = B_SPLINE_CURVE_WITH_KNOTS('',4,(#3150,#3151,#3152,#3153,#3154,
    #3155,#3156,#3157),.UNSPECIFIED.,.F.,.F.,(5,3,5),(0.,0.453168327375,
    1.),.UNSPECIFIED.);
#3150 = CARTESIAN_POINT('',(-7.071067811865,-18.,7.071067811865));
#3151 = CARTESIAN_POINT('',(-6.96575830902,-18.11046042368,
    7.176377314711));
#3152 = CARTESIAN_POINT('',(-6.858357538668,-18.2209208296,7.27959573118
    ));
#3153 = CARTESIAN_POINT('',(-6.749020431526,-18.33141544047,
    7.380568229166));
#3154 = CARTESIAN_POINT('',(-6.503867243303,-18.57539185997,
    7.598147030689));
#3155 = CARTESIAN_POINT('',(-6.367248667994,-18.70890451325,
    7.713671421084));
#3156 = CARTESIAN_POINT('',(-6.228382055932,-18.84257485469,
    7.825518507338));
#3157 = CARTESIAN_POINT('',(-6.087613928415,-18.97645762218,
    7.933533680433));
#3158 = ORIENTED_EDGE('',*,*,#3159,.F.);
#3159 = EDGE_CURVE('',#3160,#3147,#3162,.T.);
#3160 = VERTEX_POINT('',#3161);
#3161 = CARTESIAN_POINT('',(-7.933533402912,-18.9764572782,
    6.087614290087));
#3162 = B_SPLINE_CURVE_WITH_KNOTS('',4,(#3163,#3164,#3165,#3166,#3167,
    #3168,#3169,#3170),.UNSPECIFIED.,.F.,.F.,(5,3,5),(0.,0.549467168624,
    1.),.UNSPECIFIED.);
#3163 = CARTESIAN_POINT('',(-7.933533680433,-18.97645762218,
    6.087613928415));
#3164 = CARTESIAN_POINT('',(-7.824997920211,-18.84192959678,
    6.229060498349));
#3165 = CARTESIAN_POINT('',(-7.712593219339,-18.70761605057,
    6.368587184381));
#3166 = CARTESIAN_POINT('',(-7.596476440811,-18.57346144743,
    6.505842412962));
#3167 = CARTESIAN_POINT('',(-7.378806321765,-18.32948762919,
    6.750927852603));
#3168 = CARTESIAN_POINT('',(-7.278395082129,-18.21963601827,
    6.859606693407));
#3169 = CARTESIAN_POINT('',(-7.175764865057,-18.10981801775,
    6.966370758674));
#3170 = CARTESIAN_POINT('',(-7.071067811865,-18.,7.071067811865));
#3171 = ORIENTED_EDGE('',*,*,#3172,.F.);
#3172 = EDGE_CURVE('',#3173,#3160,#3175,.T.);
#3173 = VERTEX_POINT('',#3174);
#3174 = CARTESIAN_POINT('',(-8.660254037844,-18.,5.));
#3175 = B_SPLINE_CURVE_WITH_KNOTS('',4,(#3176,#3177,#3178,#3179,#3180,
    #3181,#3182,#3183),.UNSPECIFIED.,.F.,.F.,(5,3,5),(0.,0.455169449895,
    1.),.UNSPECIFIED.);
#3176 = CARTESIAN_POINT('',(-8.660254037844,-18.,5.));
#3177 = CARTESIAN_POINT('',(-8.585460147833,-18.11094820015,
    5.129546817596));
#3178 = CARTESIAN_POINT('',(-8.508082364609,-18.22189638215,
    5.257601974924));
#3179 = CARTESIAN_POINT('',(-8.428231728438,-18.33287922522,
    5.383973287795));
#3180 = CARTESIAN_POINT('',(-8.2476778774,-18.57685762985,5.657534874822
    ));
#3181 = CARTESIAN_POINT('',(-8.145965103196,-18.7098828449,
    5.803922946024));
#3182 = CARTESIAN_POINT('',(-8.04115303137,-18.84306479667,
    5.947361672904));
#3183 = CARTESIAN_POINT('',(-7.933533125391,-18.97645762218,
    6.087614651759));
#3184 = ORIENTED_EDGE('',*,*,#3185,.F.);
#3185 = EDGE_CURVE('',#3186,#3173,#3188,.T.);
#3186 = VERTEX_POINT('',#3187);
#3187 = CARTESIAN_POINT('',(-9.238795325113,-18.9764572782,
    3.826834323651));
#3188 = B_SPLINE_CURVE_WITH_KNOTS('',5,(#3189,#3190,#3191,#3192,#3193,
    #3194),.UNSPECIFIED.,.F.,.F.,(6,6),(0.,1.),
  .PIECEWISE_BEZIER_KNOTS.);
#3189 = CARTESIAN_POINT('',(-9.23879549957,-18.97645762218,
    3.826833902475));
#3190 = CARTESIAN_POINT('',(-9.13945795933,-18.78059083197,
    4.066655970298));
#3191 = CARTESIAN_POINT('',(-9.031706096038,-18.58514975871,
    4.30478249029));
#3192 = CARTESIAN_POINT('',(-8.915685048567,-18.39000249512,
    4.540299897318));
#3193 = CARTESIAN_POINT('',(-8.791710773313,-18.19500106487,
    4.772310255171));
#3194 = CARTESIAN_POINT('',(-8.660254037844,-18.,5.));
#3195 = ORIENTED_EDGE('',*,*,#3196,.F.);
#3196 = EDGE_CURVE('',#3197,#3186,#3199,.T.);
#3197 = VERTEX_POINT('',#3198);
#3198 = CARTESIAN_POINT('',(-9.659258262891,-18.,2.588190451025));
#3199 = B_SPLINE_CURVE_WITH_KNOTS('',5,(#3200,#3201,#3202,#3203,#3204,
    #3205),.UNSPECIFIED.,.F.,.F.,(6,6),(0.,1.),
  .PIECEWISE_BEZIER_KNOTS.);
#3200 = CARTESIAN_POINT('',(-9.659258262891,-18.,2.588190451025));
#3201 = CARTESIAN_POINT('',(-9.591211251743,-18.19500105816,
    2.842145353933));
#3202 = CARTESIAN_POINT('',(-9.514818207994,-18.39000249828,
    3.093864518777));
#3203 = CARTESIAN_POINT('',(-9.430321509474,-18.58514976366,
    3.342439738981));
#3204 = CARTESIAN_POINT('',(-9.338132714689,-18.78059082817,
    3.587012681409));
#3205 = CARTESIAN_POINT('',(-9.238795150656,-18.97645762218,
    3.826834744827));
#3206 = ORIENTED_EDGE('',*,*,#3207,.F.);
#3207 = EDGE_CURVE('',#3208,#3197,#3210,.T.);
#3208 = VERTEX_POINT('',#3209);
#3209 = CARTESIAN_POINT('',(-9.914448613738,-18.9764572782,
    1.305261922201));
#3210 = B_SPLINE_CURVE_WITH_KNOTS('',5,(#3211,#3212,#3213,#3214,#3215,
    #3216),.UNSPECIFIED.,.F.,.F.,(6,6),(0.,1.),
  .PIECEWISE_BEZIER_KNOTS.);
#3211 = CARTESIAN_POINT('',(-9.914448673242,-18.97645762218,
    1.305261470223));
#3212 = CARTESIAN_POINT('',(-9.880566495535,-18.78059082817,
    1.562622251553));
#3213 = CARTESIAN_POINT('',(-9.83811786255,-18.58514976366,
    1.820523030161));
#3214 = CARTESIAN_POINT('',(-9.787006539903,-18.39000249828,
    2.078043834868));
#3215 = CARTESIAN_POINT('',(-9.727305274038,-18.19500105815,
    2.334235548121));
#3216 = CARTESIAN_POINT('',(-9.659258262891,-18.,2.588190451025));
#3217 = ORIENTED_EDGE('',*,*,#3218,.F.);
#3218 = EDGE_CURVE('',#3219,#3208,#3221,.T.);
#3219 = VERTEX_POINT('',#3220);
#3220 = CARTESIAN_POINT('',(-10.,-18.,-1.127797556574E-15));
#3221 = B_SPLINE_CURVE_WITH_KNOTS('',5,(#3222,#3223,#3224,#3225,#3226,
    #3227),.UNSPECIFIED.,.F.,.F.,(6,6),(0.,1.),
  .PIECEWISE_BEZIER_KNOTS.);
#3222 = CARTESIAN_POINT('',(-10.,-18.,-1.221245327088E-15));
#3223 = CARTESIAN_POINT('',(-10.,-18.19500105816,0.262913461879));
#3224 = CARTESIAN_POINT('',(-9.991359699973,-18.39000249828,
    0.525827478809));
#3225 = CARTESIAN_POINT('',(-9.974078157766,-18.58514976366,
    0.787802058605));
#3226 = CARTESIAN_POINT('',(-9.948330755406,-18.78059082817,
    1.047901595943));
#3227 = CARTESIAN_POINT('',(-9.914448554234,-18.97645762218,
    1.305262374178));
#3228 = ORIENTED_EDGE('',*,*,#3229,.F.);
#3229 = EDGE_CURVE('',#3230,#3219,#3232,.T.);
#3230 = VERTEX_POINT('',#3231);
#3231 = CARTESIAN_POINT('',(-9.914448613738,-18.9764572782,
    -1.305261922201));
#3232 = B_SPLINE_CURVE_WITH_KNOTS('',5,(#3233,#3234,#3235,#3236,#3237,
    #3238),.UNSPECIFIED.,.F.,.F.,(6,6),(0.,1.),
  .PIECEWISE_BEZIER_KNOTS.);
#3233 = CARTESIAN_POINT('',(-9.914448554234,-18.97645762218,
    -1.305262374178));
#3234 = CARTESIAN_POINT('',(-9.948330755406,-18.78059082817,
    -1.047901595937));
#3235 = CARTESIAN_POINT('',(-9.974078157766,-18.58514976366,
    -0.787802058604));
#3236 = CARTESIAN_POINT('',(-9.991359699974,-18.39000249828,
    -0.52582747881));
#3237 = CARTESIAN_POINT('',(-10.,-18.19500105815,-0.262913461876));
#3238 = CARTESIAN_POINT('',(-10.,-18.,-1.110223024625E-15));
#3239 = ORIENTED_EDGE('',*,*,#3240,.F.);
#3240 = EDGE_CURVE('',#3241,#3230,#3243,.T.);
#3241 = VERTEX_POINT('',#3242);
#3242 = CARTESIAN_POINT('',(-9.659258262891,-18.,-2.588190451025));
#3243 = B_SPLINE_CURVE_WITH_KNOTS('',5,(#3244,#3245,#3246,#3247,#3248,
    #3249),.UNSPECIFIED.,.F.,.F.,(6,6),(0.,1.),
  .PIECEWISE_BEZIER_KNOTS.);
#3244 = CARTESIAN_POINT('',(-9.659258262891,-18.,-2.588190451025));
#3245 = CARTESIAN_POINT('',(-9.727305274039,-18.19500105816,
    -2.334235548117));
#3246 = CARTESIAN_POINT('',(-9.787006539902,-18.39000249828,
    -2.078043834869));
#3247 = CARTESIAN_POINT('',(-9.83811786255,-18.58514976366,
    -1.820523030161));
#3248 = CARTESIAN_POINT('',(-9.880566495536,-18.78059082817,
    -1.562622251547));
#3249 = CARTESIAN_POINT('',(-9.914448673242,-18.97645762218,
    -1.305261470223));
#3250 = ORIENTED_EDGE('',*,*,#3251,.F.);
#3251 = EDGE_CURVE('',#3252,#3241,#3254,.T.);
#3252 = VERTEX_POINT('',#3253);
#3253 = CARTESIAN_POINT('',(-9.238795325113,-18.9764572782,
    -3.826834323651));
#3254 = B_SPLINE_CURVE_WITH_KNOTS('',5,(#3255,#3256,#3257,#3258,#3259,
    #3260),.UNSPECIFIED.,.F.,.F.,(6,6),(0.,1.),
  .PIECEWISE_BEZIER_KNOTS.);
#3255 = CARTESIAN_POINT('',(-9.238795150656,-18.97645762218,
    -3.826834744827));
#3256 = CARTESIAN_POINT('',(-9.338132714691,-18.78059082817,
    -3.587012681404));
#3257 = CARTESIAN_POINT('',(-9.430321509474,-18.58514976366,
    -3.34243973898));
#3258 = CARTESIAN_POINT('',(-9.514818207994,-18.39000249828,
    -3.093864518778));
#3259 = CARTESIAN_POINT('',(-9.591211251743,-18.19500105815,
    -2.84214535393));
#3260 = CARTESIAN_POINT('',(-9.659258262891,-18.,-2.588190451025));
#3261 = ORIENTED_EDGE('',*,*,#3262,.F.);
#3262 = EDGE_CURVE('',#3263,#3252,#3265,.T.);
#3263 = VERTEX_POINT('',#3264);
#3264 = CARTESIAN_POINT('',(-8.660254037844,-18.,-5.));
#3265 = B_SPLINE_CURVE_WITH_KNOTS('',5,(#3266,#3267,#3268,#3269,#3270,
    #3271),.UNSPECIFIED.,.F.,.F.,(6,6),(0.,1.),
  .PIECEWISE_BEZIER_KNOTS.);
#3266 = CARTESIAN_POINT('',(-8.660254037844,-18.,-5.));
#3267 = CARTESIAN_POINT('',(-8.791710773345,-18.19500106492,
    -4.772310255116));
#3268 = CARTESIAN_POINT('',(-8.915685048687,-18.39000249513,
    -4.540299897331));
#3269 = CARTESIAN_POINT('',(-9.031706095958,-18.58514975871,
    -4.304782490268));
#3270 = CARTESIAN_POINT('',(-9.139457959326,-18.78059083196,
    -4.066655970306));
#3271 = CARTESIAN_POINT('',(-9.23879549957,-18.97645762218,
    -3.826833902475));
#3272 = ORIENTED_EDGE('',*,*,#3273,.F.);
#3273 = EDGE_CURVE('',#3274,#3263,#3276,.T.);
#3274 = VERTEX_POINT('',#3275);
#3275 = CARTESIAN_POINT('',(-7.933533402912,-18.9764572782,
    -6.087614290087));
#3276 = B_SPLINE_CURVE_WITH_KNOTS('',4,(#3277,#3278,#3279,#3280,#3281,
    #3282,#3283,#3284),.UNSPECIFIED.,.F.,.F.,(5,3,5),(0.,0.548466594435,
    1.),.UNSPECIFIED.);
#3277 = CARTESIAN_POINT('',(-7.933533125392,-18.97645762218,
    -6.087614651759));
#3278 = CARTESIAN_POINT('',(-8.041871255985,-18.84217457093,
    -5.946425664451));
#3279 = CARTESIAN_POINT('',(-8.147363955462,-18.70810521825,
    -5.802008261249));
#3280 = CARTESIAN_POINT('',(-8.249713865128,-18.57419433194,
    -5.654603627069));
#3281 = CARTESIAN_POINT('',(-8.430144873396,-18.33021952788,
    -5.380944479741));
#3282 = CARTESIAN_POINT('',(-8.509318440373,-18.22012380086,
    -5.255555983211));
#3283 = CARTESIAN_POINT('',(-8.586057626225,-18.11006190914,
    -5.128511954663));
#3284 = CARTESIAN_POINT('',(-8.660254037844,-18.,-5.));
#3285 = ORIENTED_EDGE('',*,*,#3286,.F.);
#3286 = EDGE_CURVE('',#3287,#3274,#3289,.T.);
#3287 = VERTEX_POINT('',#3288);
#3288 = CARTESIAN_POINT('',(-7.071067811865,-18.,-7.071067811865));
#3289 = B_SPLINE_CURVE_WITH_KNOTS('',4,(#3290,#3291,#3292,#3293,#3294,
    #3295,#3296,#3297),.UNSPECIFIED.,.F.,.F.,(5,3,5),(0.,0.453168327355,
    1.),.UNSPECIFIED.);
#3290 = CARTESIAN_POINT('',(-7.071067811865,-18.,-7.071067811865));
#3291 = CARTESIAN_POINT('',(-7.176377314707,-18.11046042367,
    -6.965758309024));
#3292 = CARTESIAN_POINT('',(-7.279595731171,-18.22092082959,
    -6.858357538677));
#3293 = CARTESIAN_POINT('',(-7.380568229153,-18.33141544046,
    -6.74902043154));
#3294 = CARTESIAN_POINT('',(-7.598147030676,-18.57539185996,
    -6.503867243318));
#3295 = CARTESIAN_POINT('',(-7.713671421076,-18.70890451324,
    -6.367248668004));
#3296 = CARTESIAN_POINT('',(-7.825518507334,-18.84257485469,
    -6.228382055937));
#3297 = CARTESIAN_POINT('',(-7.933533680433,-18.97645762218,
    -6.087613928415));
#3298 = ORIENTED_EDGE('',*,*,#3299,.F.);
#3299 = EDGE_CURVE('',#3300,#3287,#3302,.T.);
#3300 = VERTEX_POINT('',#3301);
#3301 = CARTESIAN_POINT('',(-6.087614290087,-18.9764572782,
    -7.933533402912));
#3302 = B_SPLINE_CURVE_WITH_KNOTS('',4,(#3303,#3304,#3305,#3306,#3307,
    #3308,#3309,#3310),.UNSPECIFIED.,.F.,.F.,(5,3,5),(0.,0.549467168624,
    1.),.UNSPECIFIED.);
#3303 = CARTESIAN_POINT('',(-6.087613928415,-18.97645762218,
    -7.933533680433));
#3304 = CARTESIAN_POINT('',(-6.229060498349,-18.84192959678,
    -7.824997920211));
#3305 = CARTESIAN_POINT('',(-6.368587184381,-18.70761605057,
    -7.712593219339));
#3306 = CARTESIAN_POINT('',(-6.505842412962,-18.57346144743,
    -7.596476440811));
#3307 = CARTESIAN_POINT('',(-6.750927852603,-18.32948762919,
    -7.378806321765));
#3308 = CARTESIAN_POINT('',(-6.859606693407,-18.21963601827,
    -7.278395082129));
#3309 = CARTESIAN_POINT('',(-6.966370758674,-18.10981801775,
    -7.175764865057));
#3310 = CARTESIAN_POINT('',(-7.071067811865,-18.,-7.071067811865));
#3311 = ORIENTED_EDGE('',*,*,#3312,.F.);
#3312 = EDGE_CURVE('',#3313,#3300,#3315,.T.);
#3313 = VERTEX_POINT('',#3314);
#3314 = CARTESIAN_POINT('',(-5.,-18.,-8.660254037844));
#3315 = B_SPLINE_CURVE_WITH_KNOTS('',4,(#3316,#3317,#3318,#3319,#3320,
    #3321,#3322,#3323),.UNSPECIFIED.,.F.,.F.,(5,3,5),(0.,0.455169449895,
    1.),.UNSPECIFIED.);
#3316 = CARTESIAN_POINT('',(-5.,-18.,-8.660254037844));
#3317 = CARTESIAN_POINT('',(-5.129546817595,-18.11094820015,
    -8.585460147833));
#3318 = CARTESIAN_POINT('',(-5.257601974924,-18.22189638215,
    -8.508082364609));
#3319 = CARTESIAN_POINT('',(-5.383973287795,-18.33287922522,
    -8.428231728438));
#3320 = CARTESIAN_POINT('',(-5.657534874822,-18.57685762985,
    -8.2476778774));
#3321 = CARTESIAN_POINT('',(-5.803922946024,-18.7098828449,
    -8.145965103196));
#3322 = CARTESIAN_POINT('',(-5.947361672904,-18.84306479667,
    -8.04115303137));
#3323 = CARTESIAN_POINT('',(-6.087614651759,-18.97645762218,
    -7.933533125392));
#3324 = ORIENTED_EDGE('',*,*,#3325,.F.);
#3325 = EDGE_CURVE('',#3326,#3313,#3328,.T.);
#3326 = VERTEX_POINT('',#3327);
#3327 = CARTESIAN_POINT('',(-3.826834323651,-18.9764572782,
    -9.238795325113));
#3328 = B_SPLINE_CURVE_WITH_KNOTS('',5,(#3329,#3330,#3331,#3332,#3333,
    #3334),.UNSPECIFIED.,.F.,.F.,(6,6),(0.,1.),
  .PIECEWISE_BEZIER_KNOTS.);
#3329 = CARTESIAN_POINT('',(-3.826833902475,-18.97645762218,
    -9.23879549957));
#3330 = CARTESIAN_POINT('',(-4.066655970298,-18.78059083197,
    -9.13945795933));
#3331 = CARTESIAN_POINT('',(-4.30478249029,-18.58514975871,
    -9.031706096038));
#3332 = CARTESIAN_POINT('',(-4.540299897318,-18.39000249512,
    -8.915685048567));
#3333 = CARTESIAN_POINT('',(-4.772310255171,-18.19500106487,
    -8.791710773313));
#3334 = CARTESIAN_POINT('',(-5.,-18.,-8.660254037844));
#3335 = ORIENTED_EDGE('',*,*,#3336,.F.);
#3336 = EDGE_CURVE('',#3337,#3326,#3339,.T.);
#3337 = VERTEX_POINT('',#3338);
#3338 = CARTESIAN_POINT('',(-2.588190451025,-18.,-9.659258262891));
#3339 = B_SPLINE_CURVE_WITH_KNOTS('',5,(#3340,#3341,#3342,#3343,#3344,
    #3345),.UNSPECIFIED.,.F.,.F.,(6,6),(0.,1.),
  .PIECEWISE_BEZIER_KNOTS.);
#3340 = CARTESIAN_POINT('',(-2.588190451025,-18.,-9.659258262891));
#3341 = CARTESIAN_POINT('',(-2.842145353933,-18.19500105816,
    -9.591211251743));
#3342 = CARTESIAN_POINT('',(-3.093864518777,-18.39000249828,
    -9.514818207994));
#3343 = CARTESIAN_POINT('',(-3.342439738981,-18.58514976366,
    -9.430321509474));
#3344 = CARTESIAN_POINT('',(-3.587012681409,-18.78059082817,
    -9.338132714689));
#3345 = CARTESIAN_POINT('',(-3.826834744827,-18.97645762218,
    -9.238795150656));
#3346 = ORIENTED_EDGE('',*,*,#3347,.F.);
#3347 = EDGE_CURVE('',#3348,#3337,#3350,.T.);
#3348 = VERTEX_POINT('',#3349);
#3349 = CARTESIAN_POINT('',(-1.305261922201,-18.9764572782,
    -9.914448613738));
#3350 = B_SPLINE_CURVE_WITH_KNOTS('',5,(#3351,#3352,#3353,#3354,#3355,
    #3356),.UNSPECIFIED.,.F.,.F.,(6,6),(0.,1.),
  .PIECEWISE_BEZIER_KNOTS.);
#3351 = CARTESIAN_POINT('',(-1.305261470223,-18.97645762218,
    -9.914448673242));
#3352 = CARTESIAN_POINT('',(-1.562622251553,-18.78059082817,
    -9.880566495535));
#3353 = CARTESIAN_POINT('',(-1.820523030161,-18.58514976366,
    -9.83811786255));
#3354 = CARTESIAN_POINT('',(-2.078043834868,-18.39000249828,
    -9.787006539903));
#3355 = CARTESIAN_POINT('',(-2.334235548121,-18.19500105815,
    -9.727305274038));
#3356 = CARTESIAN_POINT('',(-2.588190451025,-18.,-9.659258262891));
#3357 = ORIENTED_EDGE('',*,*,#3358,.F.);
#3358 = EDGE_CURVE('',#3359,#3348,#3361,.T.);
#3359 = VERTEX_POINT('',#3360);
#3360 = CARTESIAN_POINT('',(1.124396084514E-15,-18.,-10.));
#3361 = B_SPLINE_CURVE_WITH_KNOTS('',5,(#3362,#3363,#3364,#3365,#3366,
    #3367),.UNSPECIFIED.,.F.,.F.,(6,6),(0.,1.),
  .PIECEWISE_BEZIER_KNOTS.);
#3362 = CARTESIAN_POINT('',(1.110223024625E-15,-18.,-10.));
#3363 = CARTESIAN_POINT('',(-0.262913461879,-18.19500105816,-10.));
#3364 = CARTESIAN_POINT('',(-0.525827478809,-18.39000249828,
    -9.991359699973));
#3365 = CARTESIAN_POINT('',(-0.787802058605,-18.58514976366,
    -9.974078157766));
#3366 = CARTESIAN_POINT('',(-1.047901595943,-18.78059082817,
    -9.948330755406));
#3367 = CARTESIAN_POINT('',(-1.305262374178,-18.97645762218,
    -9.914448554234));
#3368 = ORIENTED_EDGE('',*,*,#3369,.F.);
#3369 = EDGE_CURVE('',#3370,#3359,#3372,.T.);
#3370 = VERTEX_POINT('',#3371);
#3371 = CARTESIAN_POINT('',(1.305261922201,-18.9764572782,
    -9.914448613738));
#3372 = B_SPLINE_CURVE_WITH_KNOTS('',5,(#3373,#3374,#3375,#3376,#3377,
    #3378),.UNSPECIFIED.,.F.,.F.,(6,6),(0.,1.),
  .PIECEWISE_BEZIER_KNOTS.);
#3373 = CARTESIAN_POINT('',(1.305262374178,-18.97645762218,
    -9.914448554234));
#3374 = CARTESIAN_POINT('',(1.047901595937,-18.78059082817,
    -9.948330755406));
#3375 = CARTESIAN_POINT('',(0.787802058604,-18.58514976366,
    -9.974078157766));
#3376 = CARTESIAN_POINT('',(0.52582747881,-18.39000249828,
    -9.991359699974));
#3377 = CARTESIAN_POINT('',(0.262913461876,-18.19500105815,-10.));
#3378 = CARTESIAN_POINT('',(1.221245327088E-15,-18.,-10.));
#3379 = ORIENTED_EDGE('',*,*,#3380,.F.);
#3380 = EDGE_CURVE('',#3381,#3370,#3383,.T.);
#3381 = VERTEX_POINT('',#3382);
#3382 = CARTESIAN_POINT('',(2.588190451025,-18.,-9.659258262891));
#3383 = B_SPLINE_CURVE_WITH_KNOTS('',5,(#3384,#3385,#3386,#3387,#3388,
    #3389),.UNSPECIFIED.,.F.,.F.,(6,6),(0.,1.),
  .PIECEWISE_BEZIER_KNOTS.);
#3384 = CARTESIAN_POINT('',(2.588190451025,-18.,-9.659258262891));
#3385 = CARTESIAN_POINT('',(2.334235548117,-18.19500105816,
    -9.727305274039));
#3386 = CARTESIAN_POINT('',(2.078043834869,-18.39000249828,
    -9.787006539902));
#3387 = CARTESIAN_POINT('',(1.820523030161,-18.58514976366,
    -9.83811786255));
#3388 = CARTESIAN_POINT('',(1.562622251547,-18.78059082817,
    -9.880566495536));
#3389 = CARTESIAN_POINT('',(1.305261470223,-18.97645762218,
    -9.914448673242));
#3390 = ORIENTED_EDGE('',*,*,#3391,.F.);
#3391 = EDGE_CURVE('',#3392,#3381,#3394,.T.);
#3392 = VERTEX_POINT('',#3393);
#3393 = CARTESIAN_POINT('',(3.826834323651,-18.9764572782,
    -9.238795325113));
#3394 = B_SPLINE_CURVE_WITH_KNOTS('',5,(#3395,#3396,#3397,#3398,#3399,
    #3400),.UNSPECIFIED.,.F.,.F.,(6,6),(0.,1.),
  .PIECEWISE_BEZIER_KNOTS.);
#3395 = CARTESIAN_POINT('',(3.826834744827,-18.97645762218,
    -9.238795150656));
#3396 = CARTESIAN_POINT('',(3.587012681404,-18.78059082817,
    -9.338132714691));
#3397 = CARTESIAN_POINT('',(3.34243973898,-18.58514976366,
    -9.430321509474));
#3398 = CARTESIAN_POINT('',(3.093864518778,-18.39000249828,
    -9.514818207994));
#3399 = CARTESIAN_POINT('',(2.84214535393,-18.19500105815,
    -9.591211251743));
#3400 = CARTESIAN_POINT('',(2.588190451025,-18.,-9.659258262891));
#3401 = ORIENTED_EDGE('',*,*,#3402,.F.);
#3402 = EDGE_CURVE('',#3403,#3392,#3405,.T.);
#3403 = VERTEX_POINT('',#3404);
#3404 = CARTESIAN_POINT('',(5.,-18.,-8.660254037844));
#3405 = B_SPLINE_CURVE_WITH_KNOTS('',5,(#3406,#3407,#3408,#3409,#3410,
    #3411),.UNSPECIFIED.,.F.,.F.,(6,6),(0.,1.),
  .PIECEWISE_BEZIER_KNOTS.);
#3406 = CARTESIAN_POINT('',(5.,-18.,-8.660254037844));
#3407 = CARTESIAN_POINT('',(4.772310255116,-18.19500106492,
    -8.791710773345));
#3408 = CARTESIAN_POINT('',(4.540299897331,-18.39000249513,
    -8.915685048687));
#3409 = CARTESIAN_POINT('',(4.304782490268,-18.58514975871,
    -9.031706095958));
#3410 = CARTESIAN_POINT('',(4.066655970306,-18.78059083196,
    -9.139457959326));
#3411 = CARTESIAN_POINT('',(3.826833902475,-18.97645762218,
    -9.23879549957));
#3412 = ORIENTED_EDGE('',*,*,#3413,.F.);
#3413 = EDGE_CURVE('',#3414,#3403,#3416,.T.);
#3414 = VERTEX_POINT('',#3415);
#3415 = CARTESIAN_POINT('',(6.087614290087,-18.9764572782,
    -7.933533402912));
#3416 = B_SPLINE_CURVE_WITH_KNOTS('',4,(#3417,#3418,#3419,#3420,#3421,
    #3422,#3423,#3424),.UNSPECIFIED.,.F.,.F.,(5,3,5),(0.,0.548466594435,
    1.),.UNSPECIFIED.);
#3417 = CARTESIAN_POINT('',(6.087614651759,-18.97645762218,
    -7.933533125391));
#3418 = CARTESIAN_POINT('',(5.946425664451,-18.84217457093,
    -8.041871255985));
#3419 = CARTESIAN_POINT('',(5.802008261249,-18.70810521825,
    -8.147363955462));
#3420 = CARTESIAN_POINT('',(5.654603627069,-18.57419433194,
    -8.249713865128));
#3421 = CARTESIAN_POINT('',(5.380944479741,-18.33021952788,
    -8.430144873396));
#3422 = CARTESIAN_POINT('',(5.255555983211,-18.22012380086,
    -8.509318440373));
#3423 = CARTESIAN_POINT('',(5.128511954663,-18.11006190914,
    -8.586057626225));
#3424 = CARTESIAN_POINT('',(5.,-18.,-8.660254037844));
#3425 = ORIENTED_EDGE('',*,*,#3426,.F.);
#3426 = EDGE_CURVE('',#3427,#3414,#3429,.T.);
#3427 = VERTEX_POINT('',#3428);
#3428 = CARTESIAN_POINT('',(7.071067811865,-18.,-7.071067811865));
#3429 = B_SPLINE_CURVE_WITH_KNOTS('',4,(#3430,#3431,#3432,#3433,#3434,
    #3435,#3436,#3437),.UNSPECIFIED.,.F.,.F.,(5,3,5),(0.,0.453168327355,
    1.),.UNSPECIFIED.);
#3430 = CARTESIAN_POINT('',(7.071067811865,-18.,-7.071067811865));
#3431 = CARTESIAN_POINT('',(6.965758309024,-18.11046042367,
    -7.176377314707));
#3432 = CARTESIAN_POINT('',(6.858357538677,-18.22092082959,
    -7.279595731171));
#3433 = CARTESIAN_POINT('',(6.74902043154,-18.33141544046,
    -7.380568229153));
#3434 = CARTESIAN_POINT('',(6.503867243318,-18.57539185996,
    -7.598147030676));
#3435 = CARTESIAN_POINT('',(6.367248668004,-18.70890451324,
    -7.713671421076));
#3436 = CARTESIAN_POINT('',(6.228382055937,-18.84257485469,
    -7.825518507334));
#3437 = CARTESIAN_POINT('',(6.087613928415,-18.97645762218,
    -7.933533680433));
#3438 = ORIENTED_EDGE('',*,*,#3439,.F.);
#3439 = EDGE_CURVE('',#3440,#3427,#3442,.T.);
#3440 = VERTEX_POINT('',#3441);
#3441 = CARTESIAN_POINT('',(7.933533402912,-18.9764572782,
    -6.087614290087));
#3442 = B_SPLINE_CURVE_WITH_KNOTS('',4,(#3443,#3444,#3445,#3446,#3447,
    #3448,#3449,#3450),.UNSPECIFIED.,.F.,.F.,(5,3,5),(0.,0.549467168624,
    1.),.UNSPECIFIED.);
#3443 = CARTESIAN_POINT('',(7.933533680433,-18.97645762218,
    -6.087613928415));
#3444 = CARTESIAN_POINT('',(7.824997920211,-18.84192959678,
    -6.229060498349));
#3445 = CARTESIAN_POINT('',(7.712593219339,-18.70761605057,
    -6.368587184381));
#3446 = CARTESIAN_POINT('',(7.596476440811,-18.57346144743,
    -6.505842412962));
#3447 = CARTESIAN_POINT('',(7.378806321765,-18.32948762919,
    -6.750927852603));
#3448 = CARTESIAN_POINT('',(7.278395082129,-18.21963601827,
    -6.859606693407));
#3449 = CARTESIAN_POINT('',(7.175764865057,-18.10981801775,
    -6.966370758674));
#3450 = CARTESIAN_POINT('',(7.071067811865,-18.,-7.071067811865));
#3451 = ORIENTED_EDGE('',*,*,#3452,.F.);
#3452 = EDGE_CURVE('',#3453,#3440,#3455,.T.);
#3453 = VERTEX_POINT('',#3454);
#3454 = CARTESIAN_POINT('',(8.660254037844,-18.,-5.));
#3455 = B_SPLINE_CURVE_WITH_KNOTS('',4,(#3456,#3457,#3458,#3459,#3460,
    #3461,#3462,#3463),.UNSPECIFIED.,.F.,.F.,(5,3,5),(0.,0.455169449923,
    1.),.UNSPECIFIED.);
#3456 = CARTESIAN_POINT('',(8.660254037844,-18.,-5.));
#3457 = CARTESIAN_POINT('',(8.585460147828,-18.11094820016,
    -5.129546817603));
#3458 = CARTESIAN_POINT('',(8.508082364599,-18.22189638216,
    -5.25760197494));
#3459 = CARTESIAN_POINT('',(8.428231728424,-18.33287922524,
    -5.383973287817));
#3460 = CARTESIAN_POINT('',(8.247677877384,-18.57685762987,
    -5.657534874844));
#3461 = CARTESIAN_POINT('',(8.145965103185,-18.70988284491,
    -5.803922946039));
#3462 = CARTESIAN_POINT('',(8.041153031365,-18.84306479667,
    -5.947361672911));
#3463 = CARTESIAN_POINT('',(7.933533125391,-18.97645762218,
    -6.087614651759));
#3464 = ORIENTED_EDGE('',*,*,#3465,.F.);
#3465 = EDGE_CURVE('',#3466,#3453,#3468,.T.);
#3466 = VERTEX_POINT('',#3467);
#3467 = CARTESIAN_POINT('',(9.238795325113,-18.9764572782,
    -3.826834323651));
#3468 = B_SPLINE_CURVE_WITH_KNOTS('',5,(#3469,#3470,#3471,#3472,#3473,
    #3474),.UNSPECIFIED.,.F.,.F.,(6,6),(0.,1.),
  .PIECEWISE_BEZIER_KNOTS.);
#3469 = CARTESIAN_POINT('',(9.23879549957,-18.97645762218,
    -3.826833902475));
#3470 = CARTESIAN_POINT('',(9.13945795933,-18.78059083197,
    -4.066655970298));
#3471 = CARTESIAN_POINT('',(9.031706096038,-18.58514975871,
    -4.30478249029));
#3472 = CARTESIAN_POINT('',(8.915685048567,-18.39000249512,
    -4.540299897318));
#3473 = CARTESIAN_POINT('',(8.791710773313,-18.19500106487,
    -4.772310255171));
#3474 = CARTESIAN_POINT('',(8.660254037844,-18.,-5.));
#3475 = ORIENTED_EDGE('',*,*,#3476,.F.);
#3476 = EDGE_CURVE('',#3477,#3466,#3479,.T.);
#3477 = VERTEX_POINT('',#3478);
#3478 = CARTESIAN_POINT('',(9.659258262891,-18.,-2.588190451025));
#3479 = B_SPLINE_CURVE_WITH_KNOTS('',5,(#3480,#3481,#3482,#3483,#3484,
    #3485),.UNSPECIFIED.,.F.,.F.,(6,6),(0.,1.),
  .PIECEWISE_BEZIER_KNOTS.);
#3480 = CARTESIAN_POINT('',(9.659258262891,-18.,-2.588190451025));
#3481 = CARTESIAN_POINT('',(9.591211251743,-18.19500105816,
    -2.842145353933));
#3482 = CARTESIAN_POINT('',(9.514818207994,-18.39000249828,
    -3.093864518777));
#3483 = CARTESIAN_POINT('',(9.430321509474,-18.58514976366,
    -3.342439738981));
#3484 = CARTESIAN_POINT('',(9.338132714689,-18.78059082817,
    -3.587012681409));
#3485 = CARTESIAN_POINT('',(9.238795150656,-18.97645762218,
    -3.826834744827));
#3486 = ORIENTED_EDGE('',*,*,#3487,.F.);
#3487 = EDGE_CURVE('',#3488,#3477,#3490,.T.);
#3488 = VERTEX_POINT('',#3489);
#3489 = CARTESIAN_POINT('',(9.914448613738,-18.9764572782,
    -1.305261922201));
#3490 = B_SPLINE_CURVE_WITH_KNOTS('',5,(#3491,#3492,#3493,#3494,#3495,
    #3496),.UNSPECIFIED.,.F.,.F.,(6,6),(0.,1.),
  .PIECEWISE_BEZIER_KNOTS.);
#3491 = CARTESIAN_POINT('',(9.914448673242,-18.97645762218,
    -1.305261470223));
#3492 = CARTESIAN_POINT('',(9.880566495535,-18.78059082817,
    -1.562622251553));
#3493 = CARTESIAN_POINT('',(9.83811786255,-18.58514976366,
    -1.820523030161));
#3494 = CARTESIAN_POINT('',(9.787006539903,-18.39000249828,
    -2.078043834868));
#3495 = CARTESIAN_POINT('',(9.727305274038,-18.19500105815,
    -2.334235548121));
#3496 = CARTESIAN_POINT('',(9.659258262891,-18.,-2.588190451025));
#3497 = ORIENTED_EDGE('',*,*,#3498,.F.);
#3498 = EDGE_CURVE('',#2942,#3488,#3499,.T.);
#3499 = B_SPLINE_CURVE_WITH_KNOTS('',5,(#3500,#3501,#3502,#3503,#3504,
    #3505),.UNSPECIFIED.,.F.,.F.,(6,6),(0.,1.),
  .PIECEWISE_BEZIER_KNOTS.);
#3500 = CARTESIAN_POINT('',(10.,-18.,0.));
#3501 = CARTESIAN_POINT('',(10.,-18.19500105816,-0.262913461879));
#3502 = CARTESIAN_POINT('',(9.991359699973,-18.39000249828,
    -0.525827478809));
#3503 = CARTESIAN_POINT('',(9.974078157766,-18.58514976366,
    -0.787802058605));
#3504 = CARTESIAN_POINT('',(9.948330755406,-18.78059082817,
    -1.047901595943));
#3505 = CARTESIAN_POINT('',(9.914448554234,-18.97645762218,
    -1.305262374178));
#3506 = ORIENTED_EDGE('',*,*,#2941,.F.);
#3507 = ORIENTED_EDGE('',*,*,#1532,.F.);
#3508 = ORIENTED_EDGE('',*,*,#1513,.F.);
#3509 = ORIENTED_EDGE('',*,*,#1494,.F.);
#3510 = ORIENTED_EDGE('',*,*,#1475,.F.);
#3511 = ORIENTED_EDGE('',*,*,#1456,.F.);
#3512 = ORIENTED_EDGE('',*,*,#1437,.F.);
#3513 = ORIENTED_EDGE('',*,*,#1418,.F.);
#3514 = ORIENTED_EDGE('',*,*,#1399,.F.);
#3515 = ORIENTED_EDGE('',*,*,#1380,.F.);
#3516 = ORIENTED_EDGE('',*,*,#1361,.F.);
#3517 = ORIENTED_EDGE('',*,*,#1342,.F.);
#3518 = ORIENTED_EDGE('',*,*,#1321,.F.);
#3519 = ORIENTED_EDGE('',*,*,#1767,.F.);
#3520 = ORIENTED_EDGE('',*,*,#1748,.F.);
#3521 = ORIENTED_EDGE('',*,*,#1729,.F.);
#3522 = ORIENTED_EDGE('',*,*,#1710,.F.);
#3523 = ORIENTED_EDGE('',*,*,#1691,.F.);
#3524 = ORIENTED_EDGE('',*,*,#1672,.F.);
#3525 = ORIENTED_EDGE('',*,*,#1653,.F.);
#3526 = ORIENTED_EDGE('',*,*,#1634,.F.);
#3527 = ORIENTED_EDGE('',*,*,#1615,.F.);
#3528 = ORIENTED_EDGE('',*,*,#1596,.F.);
#3529 = ORIENTED_EDGE('',*,*,#1577,.F.);
#3530 = ORIENTED_EDGE('',*,*,#1558,.F.);
#3531 = ORIENTED_EDGE('',*,*,#1545,.F.);
#3532 = CYLINDRICAL_SURFACE('',#3533,10.);
#3533 = AXIS2_PLACEMENT_3D('',#3534,#3535,#3536);
#3534 = CARTESIAN_POINT('',(0.,-19.1,-1.110223024625E-17));
#3535 = DIRECTION('',(0.,1.,1.110223024625E-16));
#3536 = DIRECTION('',(1.,0.,0.));
#3537 = ADVANCED_FACE('',(#3538),#3557,.F.);
#3538 = FACE_BOUND('',#3539,.F.);
#3539 = EDGE_LOOP('',(#3540,#3549,#3555,#3556));
#3540 = ORIENTED_EDGE('',*,*,#3541,.F.);
#3541 = EDGE_CURVE('',#3542,#3542,#3544,.T.);
#3542 = VERTEX_POINT('',#3543);
#3543 = CARTESIAN_POINT('',(-1.053196247267E-15,-19.,4.3));
#3544 = CIRCLE('',#3545,4.3);
#3545 = AXIS2_PLACEMENT_3D('',#3546,#3547,#3548);
#3546 = CARTESIAN_POINT('',(0.,-19.,0.));
#3547 = DIRECTION('',(0.,1.,0.));
#3548 = DIRECTION('',(0.,-0.,1.));
#3549 = ORIENTED_EDGE('',*,*,#3550,.F.);
#3550 = EDGE_CURVE('',#1829,#3542,#3551,.T.);
#3551 = LINE('',#3552,#3553);
#3552 = CARTESIAN_POINT('',(-1.053196247267E-15,-24.,4.3));
#3553 = VECTOR('',#3554,1.);
#3554 = DIRECTION('',(0.,1.,0.));
#3555 = ORIENTED_EDGE('',*,*,#1828,.T.);
#3556 = ORIENTED_EDGE('',*,*,#3550,.T.);
#3557 = CYLINDRICAL_SURFACE('',#3558,4.3);
#3558 = AXIS2_PLACEMENT_3D('',#3559,#3560,#3561);
#3559 = CARTESIAN_POINT('',(0.,-24.,0.));
#3560 = DIRECTION('',(0.,1.,0.));
#3561 = DIRECTION('',(0.,-0.,1.));
#3562 = ADVANCED_FACE('',(#3563,#3932),#3935,.T.);
#3563 = FACE_BOUND('',#3564,.T.);
#3564 = EDGE_LOOP('',(#3565,#3582,#3597,#3612,#3627,#3642,#3657,#3672,
    #3687,#3702,#3717,#3732,#3747,#3762,#3777,#3788,#3799,#3814,#3829,
    #3844,#3859,#3874,#3889,#3904,#3919));
#3565 = ORIENTED_EDGE('',*,*,#3566,.F.);
#3566 = EDGE_CURVE('',#3567,#3569,#3571,.T.);
#3567 = VERTEX_POINT('',#3568);
#3568 = CARTESIAN_POINT('',(-6.012945619689,19.,2.468701070333));
#3569 = VERTEX_POINT('',#3570);
#3570 = CARTESIAN_POINT('',(-5.169112612462,19.,3.940846964763));
#3571 = B_SPLINE_CURVE_WITH_KNOTS('',5,(#3572,#3573,#3574,#3575,#3576,
    #3577,#3578,#3579,#3580,#3581),.UNSPECIFIED.,.F.,.F.,(6,4,6),(0.,
    0.505981479588,1.),.UNSPECIFIED.);
#3572 = CARTESIAN_POINT('',(-6.012945619689,19.,2.468701070333));
#3573 = CARTESIAN_POINT('',(-5.947348786294,19.,2.628473428667));
#3574 = CARTESIAN_POINT('',(-5.87601338306,19.,2.787119144971));
#3575 = CARTESIAN_POINT('',(-5.799035379537,19.,2.944004982206));
#3576 = CARTESIAN_POINT('',(-5.716631196268,19.,3.098508459531));
#3577 = CARTESIAN_POINT('',(-5.543691035445,19.,3.39804142162));
#3578 = CARTESIAN_POINT('',(-5.453393001911,19.,3.543209175884));
#3579 = CARTESIAN_POINT('',(-5.358534769622,19.,3.685045308915));
#3580 = CARTESIAN_POINT('',(-5.259515002688,19.,3.82308422116));
#3581 = CARTESIAN_POINT('',(-5.156796491731,19.,3.956949575478));
#3582 = ORIENTED_EDGE('',*,*,#3583,.F.);
#3583 = EDGE_CURVE('',#3584,#3567,#3586,.T.);
#3584 = VERTEX_POINT('',#3585);
#3585 = CARTESIAN_POINT('',(-6.447006319796,19.,0.828317277681));
#3586 = B_SPLINE_CURVE_WITH_KNOTS('',5,(#3587,#3588,#3589,#3590,#3591,
    #3592,#3593,#3594,#3595,#3596),.UNSPECIFIED.,.F.,.F.,(6,4,6),(0.,
    0.505981479588,1.),.UNSPECIFIED.);
#3587 = CARTESIAN_POINT('',(-6.447006319796,19.,0.828317277681));
#3588 = CARTESIAN_POINT('',(-6.424996773515,19.,0.999623234704));
#3589 = CARTESIAN_POINT('',(-6.397152598006,19.,1.171326190259));
#3590 = CARTESIAN_POINT('',(-6.36340259893,19.,1.342789645588));
#3591 = CARTESIAN_POINT('',(-6.323794712583,19.,1.513356316615));
#3592 = CARTESIAN_POINT('',(-6.234272180066,19.,1.847443147806));
#3593 = CARTESIAN_POINT('',(-6.184623156951,19.,2.011035281607));
#3594 = CARTESIAN_POINT('',(-6.129707033058,19.,2.172589582704));
#3595 = CARTESIAN_POINT('',(-6.069788382318,19.,2.331553134598));
#3596 = CARTESIAN_POINT('',(-6.005216822924,19.,2.4874426445));
#3597 = ORIENTED_EDGE('',*,*,#3598,.F.);
#3598 = EDGE_CURVE('',#3599,#3584,#3601,.T.);
#3599 = VERTEX_POINT('',#3600);
#3600 = CARTESIAN_POINT('',(-6.441714193391,19.,-0.868514968587));
#3601 = B_SPLINE_CURVE_WITH_KNOTS('',5,(#3602,#3603,#3604,#3605,#3606,
    #3607,#3608,#3609,#3610,#3611),.UNSPECIFIED.,.F.,.F.,(6,4,6),(0.,
    0.505981479588,1.),.UNSPECIFIED.);
#3602 = CARTESIAN_POINT('',(-6.441714193391,19.,-0.868514968587));
#3603 = CARTESIAN_POINT('',(-6.46479184843,19.,-0.697349630749));
#3604 = CARTESIAN_POINT('',(-6.482336435193,19.,-0.524290708611));
#3605 = CARTESIAN_POINT('',(-6.494114447227,19.,-0.349934586311));
#3606 = CARTESIAN_POINT('',(-6.5000020698,19.,-0.174928558339));
#3607 = CARTESIAN_POINT('',(-6.499997978238,19.,0.170944676512));
#3608 = CARTESIAN_POINT('',(-6.494381464417,19.,0.341812656282));
#3609 = CARTESIAN_POINT('',(-6.483149892012,19.,0.512075466806));
#3610 = CARTESIAN_POINT('',(-6.466415714493,19.,0.681130554988));
#3611 = CARTESIAN_POINT('',(-6.444391551724,19.,0.848420607992));
#3612 = ORIENTED_EDGE('',*,*,#3613,.F.);
#3613 = EDGE_CURVE('',#3614,#3599,#3616,.T.);
#3614 = VERTEX_POINT('',#3615);
#3615 = CARTESIAN_POINT('',(-5.997429890143,19.,-2.506159355033));
#3616 = B_SPLINE_CURVE_WITH_KNOTS('',5,(#3617,#3618,#3619,#3620,#3621,
    #3622,#3623,#3624,#3625,#3626),.UNSPECIFIED.,.F.,.F.,(6,4,6),(0.,
    0.505981479588,1.),.UNSPECIFIED.);
#3617 = CARTESIAN_POINT('',(-5.997429890143,19.,-2.506159355033));
#3618 = CARTESIAN_POINT('',(-6.064022042449,19.,-2.346799271291));
#3619 = CARTESIAN_POINT('',(-6.125759756889,19.,-2.18417806212));
#3620 = CARTESIAN_POINT('',(-6.182263127976,19.,-2.018811354447));
#3621 = CARTESIAN_POINT('',(-6.233245027722,19.,-1.851292341125));
#3622 = CARTESIAN_POINT('',(-6.322759655947,19.,-1.517203391986));
#3623 = CARTESIAN_POINT('',(-6.361558407556,19.,-1.350703936697));
#3624 = CARTESIAN_POINT('',(-6.394776799737,19.,-1.18333574591));
#3625 = CARTESIAN_POINT('',(-6.422367501982,19.,-1.015709946324));
#3626 = CARTESIAN_POINT('',(-6.444391646135,19.,-0.848419890868));
#3627 = ORIENTED_EDGE('',*,*,#3628,.F.);
#3628 = EDGE_CURVE('',#3629,#3614,#3631,.T.);
#3629 = VERTEX_POINT('',#3630);
#3630 = CARTESIAN_POINT('',(-5.144430651102,19.,-3.973013123059));
#3631 = B_SPLINE_CURVE_WITH_KNOTS('',5,(#3632,#3633,#3634,#3635,#3636,
    #3637,#3638,#3639,#3640,#3641),.UNSPECIFIED.,.F.,.F.,(6,4,6),(0.,
    0.505981479588,1.),.UNSPECIFIED.);
#3632 = CARTESIAN_POINT('',(-5.144430651102,19.,-3.973013123059));
#3633 = CARTESIAN_POINT('',(-5.249999155545,19.,-3.836318419764));
#3634 = CARTESIAN_POINT('',(-5.351722674449,19.,-3.695217290221));
#3635 = CARTESIAN_POINT('',(-5.449100793226,19.,-3.550109465021));
#3636 = CARTESIAN_POINT('',(-5.541702637929,19.,-3.401493610269));
#3637 = CARTESIAN_POINT('',(-5.714635711957,19.,-3.101956556617));
#3638 = CARTESIAN_POINT('',(-5.795205658193,19.,-2.951172288533));
#3639 = CARTESIAN_POINT('',(-5.870610236428,19.,-2.798104583097));
#3640 = CARTESIAN_POINT('',(-5.940645557676,19.,-2.643331493333));
#3641 = CARTESIAN_POINT('',(-6.005217099723,19.,-2.487441976246));
#3642 = ORIENTED_EDGE('',*,*,#3643,.F.);
#3643 = EDGE_CURVE('',#3644,#3629,#3646,.T.);
#3644 = VERTEX_POINT('',#3645);
#3645 = CARTESIAN_POINT('',(-3.940846964763,19.,-5.169112612462));
#3646 = B_SPLINE_CURVE_WITH_KNOTS('',5,(#3647,#3648,#3649,#3650,#3651,
    #3652,#3653,#3654,#3655,#3656),.UNSPECIFIED.,.F.,.F.,(6,4,6),(0.,
    0.505981479588,1.),.UNSPECIFIED.);
#3647 = CARTESIAN_POINT('',(-3.940846964763,19.,-5.169112612462));
#3648 = CARTESIAN_POINT('',(-4.078197502224,19.,-5.064398807745));
#3649 = CARTESIAN_POINT('',(-4.212974535886,19.,-4.954433566629));
#3650 = CARTESIAN_POINT('',(-4.344591244484,19.,-4.839473482387));
#3651 = CARTESIAN_POINT('',(-4.472502371457,19.,-4.719888711107));
#3652 = CARTESIAN_POINT('',(-4.71706878808,19.,-4.475316508141));
#3653 = CARTESIAN_POINT('',(-4.833919220254,19.,-4.350523125949));
#3654 = CARTESIAN_POINT('',(-4.946371287148,19.,-4.222187217033));
#3655 = CARTESIAN_POINT('',(-5.054078435995,19.,-4.090814367384));
#3656 = CARTESIAN_POINT('',(-5.156796932055,19.,-3.956949001636));
#3657 = ORIENTED_EDGE('',*,*,#3658,.F.);
#3658 = EDGE_CURVE('',#3659,#3644,#3661,.T.);
#3659 = VERTEX_POINT('',#3660);
#3660 = CARTESIAN_POINT('',(-2.468701070333,19.,-6.012945619689));
#3661 = B_SPLINE_CURVE_WITH_KNOTS('',5,(#3662,#3663,#3664,#3665,#3666,
    #3667,#3668,#3669,#3670,#3671),.UNSPECIFIED.,.F.,.F.,(6,4,6),(0.,
    0.505981479588,1.),.UNSPECIFIED.);
#3662 = CARTESIAN_POINT('',(-2.468701070333,19.,-6.012945619689));
#3663 = CARTESIAN_POINT('',(-2.628473428667,19.,-5.947348786294));
#3664 = CARTESIAN_POINT('',(-2.787119144971,19.,-5.87601338306));
#3665 = CARTESIAN_POINT('',(-2.944004982206,19.,-5.799035379537));
#3666 = CARTESIAN_POINT('',(-3.098508459531,19.,-5.716631196268));
#3667 = CARTESIAN_POINT('',(-3.39804142162,19.,-5.543691035445));
#3668 = CARTESIAN_POINT('',(-3.543209175884,19.,-5.453393001911));
#3669 = CARTESIAN_POINT('',(-3.685045308915,19.,-5.358534769622));
#3670 = CARTESIAN_POINT('',(-3.82308422116,19.,-5.259515002688));
#3671 = CARTESIAN_POINT('',(-3.956949575478,19.,-5.156796491731));
#3672 = ORIENTED_EDGE('',*,*,#3673,.F.);
#3673 = EDGE_CURVE('',#3674,#3659,#3676,.T.);
#3674 = VERTEX_POINT('',#3675);
#3675 = CARTESIAN_POINT('',(-0.828317277681,19.,-6.447006319796));
#3676 = B_SPLINE_CURVE_WITH_KNOTS('',5,(#3677,#3678,#3679,#3680,#3681,
    #3682,#3683,#3684,#3685,#3686),.UNSPECIFIED.,.F.,.F.,(6,4,6),(0.,
    0.505981479588,1.),.UNSPECIFIED.);
#3677 = CARTESIAN_POINT('',(-0.828317277681,19.,-6.447006319796));
#3678 = CARTESIAN_POINT('',(-0.999623234704,19.,-6.424996773515));
#3679 = CARTESIAN_POINT('',(-1.171326190259,19.,-6.397152598006));
#3680 = CARTESIAN_POINT('',(-1.342789645589,19.,-6.36340259893));
#3681 = CARTESIAN_POINT('',(-1.513356316615,19.,-6.323794712583));
#3682 = CARTESIAN_POINT('',(-1.847443147806,19.,-6.234272180066));
#3683 = CARTESIAN_POINT('',(-2.011035281607,19.,-6.184623156951));
#3684 = CARTESIAN_POINT('',(-2.172589582704,19.,-6.129707033058));
#3685 = CARTESIAN_POINT('',(-2.331553134598,19.,-6.069788382318));
#3686 = CARTESIAN_POINT('',(-2.4874426445,19.,-6.005216822924));
#3687 = ORIENTED_EDGE('',*,*,#3688,.F.);
#3688 = EDGE_CURVE('',#3689,#3674,#3691,.T.);
#3689 = VERTEX_POINT('',#3690);
#3690 = CARTESIAN_POINT('',(0.868514968587,19.,-6.441714193391));
#3691 = B_SPLINE_CURVE_WITH_KNOTS('',5,(#3692,#3693,#3694,#3695,#3696,
    #3697,#3698,#3699,#3700,#3701),.UNSPECIFIED.,.F.,.F.,(6,4,6),(0.,
    0.505981479588,1.),.UNSPECIFIED.);
#3692 = CARTESIAN_POINT('',(0.868514968587,19.,-6.441714193391));
#3693 = CARTESIAN_POINT('',(0.697349630749,19.,-6.46479184843));
#3694 = CARTESIAN_POINT('',(0.524290708611,19.,-6.482336435193));
#3695 = CARTESIAN_POINT('',(0.349934586311,19.,-6.494114447227));
#3696 = CARTESIAN_POINT('',(0.174928558339,19.,-6.5000020698));
#3697 = CARTESIAN_POINT('',(-0.170944676512,19.,-6.499997978238));
#3698 = CARTESIAN_POINT('',(-0.341812656282,19.,-6.494381464417));
#3699 = CARTESIAN_POINT('',(-0.512075466806,19.,-6.483149892012));
#3700 = CARTESIAN_POINT('',(-0.681130554988,19.,-6.466415714493));
#3701 = CARTESIAN_POINT('',(-0.848420607992,19.,-6.444391551724));
#3702 = ORIENTED_EDGE('',*,*,#3703,.F.);
#3703 = EDGE_CURVE('',#3704,#3689,#3706,.T.);
#3704 = VERTEX_POINT('',#3705);
#3705 = CARTESIAN_POINT('',(2.506159355033,19.,-5.997429890143));
#3706 = B_SPLINE_CURVE_WITH_KNOTS('',5,(#3707,#3708,#3709,#3710,#3711,
    #3712,#3713,#3714,#3715,#3716),.UNSPECIFIED.,.F.,.F.,(6,4,6),(0.,
    0.505981479588,1.),.UNSPECIFIED.);
#3707 = CARTESIAN_POINT('',(2.506159355033,19.,-5.997429890143));
#3708 = CARTESIAN_POINT('',(2.346799271291,19.,-6.064022042449));
#3709 = CARTESIAN_POINT('',(2.18417806212,19.,-6.125759756889));
#3710 = CARTESIAN_POINT('',(2.018811354447,19.,-6.182263127976));
#3711 = CARTESIAN_POINT('',(1.851292341125,19.,-6.233245027722));
#3712 = CARTESIAN_POINT('',(1.517203391986,19.,-6.322759655947));
#3713 = CARTESIAN_POINT('',(1.350703936697,19.,-6.361558407556));
#3714 = CARTESIAN_POINT('',(1.18333574591,19.,-6.394776799737));
#3715 = CARTESIAN_POINT('',(1.015709946324,19.,-6.422367501982));
#3716 = CARTESIAN_POINT('',(0.848419890868,19.,-6.444391646135));
#3717 = ORIENTED_EDGE('',*,*,#3718,.F.);
#3718 = EDGE_CURVE('',#3719,#3704,#3721,.T.);
#3719 = VERTEX_POINT('',#3720);
#3720 = CARTESIAN_POINT('',(3.973013123059,19.,-5.144430651102));
#3721 = B_SPLINE_CURVE_WITH_KNOTS('',5,(#3722,#3723,#3724,#3725,#3726,
    #3727,#3728,#3729,#3730,#3731),.UNSPECIFIED.,.F.,.F.,(6,4,6),(0.,
    0.505981479588,1.),.UNSPECIFIED.);
#3722 = CARTESIAN_POINT('',(3.973013123059,19.,-5.144430651102));
#3723 = CARTESIAN_POINT('',(3.836318419764,19.,-5.249999155545));
#3724 = CARTESIAN_POINT('',(3.695217290221,19.,-5.351722674449));
#3725 = CARTESIAN_POINT('',(3.550109465021,19.,-5.449100793227));
#3726 = CARTESIAN_POINT('',(3.401493610269,19.,-5.541702637929));
#3727 = CARTESIAN_POINT('',(3.101956556617,19.,-5.714635711957));
#3728 = CARTESIAN_POINT('',(2.951172288533,19.,-5.795205658193));
#3729 = CARTESIAN_POINT('',(2.798104583097,19.,-5.870610236428));
#3730 = CARTESIAN_POINT('',(2.643331493333,19.,-5.940645557676));
#3731 = CARTESIAN_POINT('',(2.487441976246,19.,-6.005217099723));
#3732 = ORIENTED_EDGE('',*,*,#3733,.F.);
#3733 = EDGE_CURVE('',#3734,#3719,#3736,.T.);
#3734 = VERTEX_POINT('',#3735);
#3735 = CARTESIAN_POINT('',(5.169112612462,19.,-3.940846964763));
#3736 = B_SPLINE_CURVE_WITH_KNOTS('',5,(#3737,#3738,#3739,#3740,#3741,
    #3742,#3743,#3744,#3745,#3746),.UNSPECIFIED.,.F.,.F.,(6,4,6),(0.,
    0.505981479588,1.),.UNSPECIFIED.);
#3737 = CARTESIAN_POINT('',(5.169112612462,19.,-3.940846964763));
#3738 = CARTESIAN_POINT('',(5.064398807745,19.,-4.078197502224));
#3739 = CARTESIAN_POINT('',(4.954433566629,19.,-4.212974535886));
#3740 = CARTESIAN_POINT('',(4.839473482387,19.,-4.344591244484));
#3741 = CARTESIAN_POINT('',(4.719888711107,19.,-4.472502371457));
#3742 = CARTESIAN_POINT('',(4.475316508141,19.,-4.71706878808));
#3743 = CARTESIAN_POINT('',(4.350523125949,19.,-4.833919220254));
#3744 = CARTESIAN_POINT('',(4.222187217033,19.,-4.946371287148));
#3745 = CARTESIAN_POINT('',(4.090814367384,19.,-5.054078435995));
#3746 = CARTESIAN_POINT('',(3.956949001636,19.,-5.156796932055));
#3747 = ORIENTED_EDGE('',*,*,#3748,.F.);
#3748 = EDGE_CURVE('',#3749,#3734,#3751,.T.);
#3749 = VERTEX_POINT('',#3750);
#3750 = CARTESIAN_POINT('',(6.012945619689,19.,-2.468701070333));
#3751 = B_SPLINE_CURVE_WITH_KNOTS('',5,(#3752,#3753,#3754,#3755,#3756,
    #3757,#3758,#3759,#3760,#3761),.UNSPECIFIED.,.F.,.F.,(6,4,6),(0.,
    0.505981479588,1.),.UNSPECIFIED.);
#3752 = CARTESIAN_POINT('',(6.012945619689,19.,-2.468701070333));
#3753 = CARTESIAN_POINT('',(5.947348786294,19.,-2.628473428667));
#3754 = CARTESIAN_POINT('',(5.87601338306,19.,-2.787119144971));
#3755 = CARTESIAN_POINT('',(5.799035379537,19.,-2.944004982206));
#3756 = CARTESIAN_POINT('',(5.716631196268,19.,-3.098508459531));
#3757 = CARTESIAN_POINT('',(5.543691035445,19.,-3.39804142162));
#3758 = CARTESIAN_POINT('',(5.453393001911,19.,-3.543209175884));
#3759 = CARTESIAN_POINT('',(5.358534769622,19.,-3.685045308915));
#3760 = CARTESIAN_POINT('',(5.259515002688,19.,-3.82308422116));
#3761 = CARTESIAN_POINT('',(5.156796491731,19.,-3.956949575478));
#3762 = ORIENTED_EDGE('',*,*,#3763,.F.);
#3763 = EDGE_CURVE('',#3764,#3749,#3766,.T.);
#3764 = VERTEX_POINT('',#3765);
#3765 = CARTESIAN_POINT('',(6.441714193391,19.,-0.868514968587));
#3766 = B_SPLINE_CURVE_WITH_KNOTS('',5,(#3767,#3768,#3769,#3770,#3771,
    #3772,#3773,#3774,#3775,#3776),.UNSPECIFIED.,.F.,.F.,(6,4,6),(0.,
    0.501752834197,1.),.UNSPECIFIED.);
#3767 = CARTESIAN_POINT('',(6.444391646135,19.,-0.848419890868));
#3768 = CARTESIAN_POINT('',(6.422288303478,19.,-1.016311518951));
#3769 = CARTESIAN_POINT('',(6.394578296955,19.,-1.184541314178));
#3770 = CARTESIAN_POINT('',(6.361199827305,19.,-1.35250949161));
#3771 = CARTESIAN_POINT('',(6.322201144874,19.,-1.519598245298));
#3772 = CARTESIAN_POINT('',(6.233593409161,19.,-1.849678316866));
#3773 = CARTESIAN_POINT('',(6.18406020531,19.,-2.012690794963));
#3774 = CARTESIAN_POINT('',(6.129297614392,19.,-2.173675582601));
#3775 = CARTESIAN_POINT('',(6.069567807112,19.,-2.332085650169));
#3776 = CARTESIAN_POINT('',(6.005216822924,19.,-2.4874426445));
#3777 = ORIENTED_EDGE('',*,*,#3778,.F.);
#3778 = EDGE_CURVE('',#3779,#3764,#3781,.T.);
#3779 = VERTEX_POINT('',#3780);
#3780 = CARTESIAN_POINT('',(6.5,19.,-1.592040838892E-15));
#3781 = B_SPLINE_CURVE_WITH_KNOTS('',5,(#3782,#3783,#3784,#3785,#3786,
    #3787),.UNSPECIFIED.,.F.,.F.,(6,6),(0.,1.),
  .PIECEWISE_BEZIER_KNOTS.);
#3782 = CARTESIAN_POINT('',(6.5,19.,-1.554312234475E-15));
#3783 = CARTESIAN_POINT('',(6.5,19.,-0.174990072624));
#3784 = CARTESIAN_POINT('',(6.494111342193,19.,-0.349980550782));
#3785 = CARTESIAN_POINT('',(6.482333351658,19.,-0.52432112363));
#3786 = CARTESIAN_POINT('',(6.464789820493,19.,-0.697364671819));
#3787 = CARTESIAN_POINT('',(6.441714193391,19.,-0.868514968587));
#3788 = ORIENTED_EDGE('',*,*,#3789,.F.);
#3789 = EDGE_CURVE('',#3790,#3779,#3792,.T.);
#3790 = VERTEX_POINT('',#3791);
#3791 = CARTESIAN_POINT('',(6.441714193391,19.,0.868514968587));
#3792 = B_SPLINE_CURVE_WITH_KNOTS('',5,(#3793,#3794,#3795,#3796,#3797,
    #3798),.UNSPECIFIED.,.F.,.F.,(6,6),(0.,1.),
  .PIECEWISE_BEZIER_KNOTS.);
#3793 = CARTESIAN_POINT('',(6.441714193391,19.,0.868514968587));
#3794 = CARTESIAN_POINT('',(6.464789820493,19.,0.697364671817));
#3795 = CARTESIAN_POINT('',(6.482333351658,19.,0.524321123628));
#3796 = CARTESIAN_POINT('',(6.494111342192,19.,0.349980550785));
#3797 = CARTESIAN_POINT('',(6.5,19.,0.17499007263));
#3798 = CARTESIAN_POINT('',(6.5,19.,-1.564552363449E-15));
#3799 = ORIENTED_EDGE('',*,*,#3800,.F.);
#3800 = EDGE_CURVE('',#3801,#3790,#3803,.T.);
#3801 = VERTEX_POINT('',#3802);
#3802 = CARTESIAN_POINT('',(5.997429890143,19.,2.506159355033));
#3803 = B_SPLINE_CURVE_WITH_KNOTS('',5,(#3804,#3805,#3806,#3807,#3808,
    #3809,#3810,#3811,#3812,#3813),.UNSPECIFIED.,.F.,.F.,(6,4,6),(0.,
    0.505981479588,1.),.UNSPECIFIED.);
#3804 = CARTESIAN_POINT('',(5.997429890143,19.,2.506159355033));
#3805 = CARTESIAN_POINT('',(6.064022042449,19.,2.346799271291));
#3806 = CARTESIAN_POINT('',(6.125759756889,19.,2.18417806212));
#3807 = CARTESIAN_POINT('',(6.182263127976,19.,2.018811354447));
#3808 = CARTESIAN_POINT('',(6.233245027722,19.,1.851292341125));
#3809 = CARTESIAN_POINT('',(6.322759655947,19.,1.517203391986));
#3810 = CARTESIAN_POINT('',(6.361558407556,19.,1.350703936697));
#3811 = CARTESIAN_POINT('',(6.394776799737,19.,1.18333574591));
#3812 = CARTESIAN_POINT('',(6.422367501982,19.,1.015709946324));
#3813 = CARTESIAN_POINT('',(6.444391646135,19.,0.848419890868));
#3814 = ORIENTED_EDGE('',*,*,#3815,.F.);
#3815 = EDGE_CURVE('',#3816,#3801,#3818,.T.);
#3816 = VERTEX_POINT('',#3817);
#3817 = CARTESIAN_POINT('',(5.144430651102,19.,3.973013123059));
#3818 = B_SPLINE_CURVE_WITH_KNOTS('',5,(#3819,#3820,#3821,#3822,#3823,
    #3824,#3825,#3826,#3827,#3828),.UNSPECIFIED.,.F.,.F.,(6,4,6),(0.,
    0.505981479588,1.),.UNSPECIFIED.);
#3819 = CARTESIAN_POINT('',(5.144430651102,19.,3.973013123059));
#3820 = CARTESIAN_POINT('',(5.249999155545,19.,3.836318419764));
#3821 = CARTESIAN_POINT('',(5.351722674449,19.,3.695217290221));
#3822 = CARTESIAN_POINT('',(5.449100793227,19.,3.550109465021));
#3823 = CARTESIAN_POINT('',(5.541702637929,19.,3.401493610269));
#3824 = CARTESIAN_POINT('',(5.714635711957,19.,3.101956556617));
#3825 = CARTESIAN_POINT('',(5.795205658193,19.,2.951172288533));
#3826 = CARTESIAN_POINT('',(5.870610236428,19.,2.798104583097));
#3827 = CARTESIAN_POINT('',(5.940645557676,19.,2.643331493333));
#3828 = CARTESIAN_POINT('',(6.005217099723,19.,2.487441976246));
#3829 = ORIENTED_EDGE('',*,*,#3830,.F.);
#3830 = EDGE_CURVE('',#3831,#3816,#3833,.T.);
#3831 = VERTEX_POINT('',#3832);
#3832 = CARTESIAN_POINT('',(3.940846964763,19.,5.169112612462));
#3833 = B_SPLINE_CURVE_WITH_KNOTS('',5,(#3834,#3835,#3836,#3837,#3838,
    #3839,#3840,#3841,#3842,#3843),.UNSPECIFIED.,.F.,.F.,(6,4,6),(0.,
    0.505981479588,1.),.UNSPECIFIED.);
#3834 = CARTESIAN_POINT('',(3.940846964763,19.,5.169112612462));
#3835 = CARTESIAN_POINT('',(4.078197502224,19.,5.064398807745));
#3836 = CARTESIAN_POINT('',(4.212974535886,19.,4.954433566629));
#3837 = CARTESIAN_POINT('',(4.344591244484,19.,4.839473482387));
#3838 = CARTESIAN_POINT('',(4.472502371457,19.,4.719888711107));
#3839 = CARTESIAN_POINT('',(4.71706878808,19.,4.475316508141));
#3840 = CARTESIAN_POINT('',(4.833919220254,19.,4.350523125949));
#3841 = CARTESIAN_POINT('',(4.946371287148,19.,4.222187217033));
#3842 = CARTESIAN_POINT('',(5.054078435995,19.,4.090814367384));
#3843 = CARTESIAN_POINT('',(5.156796932055,19.,3.956949001636));
#3844 = ORIENTED_EDGE('',*,*,#3845,.F.);
#3845 = EDGE_CURVE('',#3846,#3831,#3848,.T.);
#3846 = VERTEX_POINT('',#3847);
#3847 = CARTESIAN_POINT('',(2.468701070333,19.,6.012945619689));
#3848 = B_SPLINE_CURVE_WITH_KNOTS('',5,(#3849,#3850,#3851,#3852,#3853,
    #3854,#3855,#3856,#3857,#3858),.UNSPECIFIED.,.F.,.F.,(6,4,6),(0.,
    0.505981479588,1.),.UNSPECIFIED.);
#3849 = CARTESIAN_POINT('',(2.468701070333,19.,6.012945619689));
#3850 = CARTESIAN_POINT('',(2.628473428667,19.,5.947348786294));
#3851 = CARTESIAN_POINT('',(2.787119144971,19.,5.87601338306));
#3852 = CARTESIAN_POINT('',(2.944004982206,19.,5.799035379537));
#3853 = CARTESIAN_POINT('',(3.098508459531,19.,5.716631196268));
#3854 = CARTESIAN_POINT('',(3.39804142162,19.,5.543691035445));
#3855 = CARTESIAN_POINT('',(3.543209175884,19.,5.453393001911));
#3856 = CARTESIAN_POINT('',(3.685045308915,19.,5.358534769622));
#3857 = CARTESIAN_POINT('',(3.82308422116,19.,5.259515002688));
#3858 = CARTESIAN_POINT('',(3.956949575478,19.,5.156796491731));
#3859 = ORIENTED_EDGE('',*,*,#3860,.F.);
#3860 = EDGE_CURVE('',#3861,#3846,#3863,.T.);
#3861 = VERTEX_POINT('',#3862);
#3862 = CARTESIAN_POINT('',(0.828317277681,19.,6.447006319796));
#3863 = B_SPLINE_CURVE_WITH_KNOTS('',5,(#3864,#3865,#3866,#3867,#3868,
    #3869,#3870,#3871,#3872,#3873),.UNSPECIFIED.,.F.,.F.,(6,4,6),(0.,
    0.505981479588,1.),.UNSPECIFIED.);
#3864 = CARTESIAN_POINT('',(0.828317277681,19.,6.447006319796));
#3865 = CARTESIAN_POINT('',(0.999623234704,19.,6.424996773515));
#3866 = CARTESIAN_POINT('',(1.17132619026,19.,6.397152598006));
#3867 = CARTESIAN_POINT('',(1.342789645588,19.,6.36340259893));
#3868 = CARTESIAN_POINT('',(1.513356316615,19.,6.323794712583));
#3869 = CARTESIAN_POINT('',(1.847443147806,19.,6.234272180066));
#3870 = CARTESIAN_POINT('',(2.011035281607,19.,6.184623156951));
#3871 = CARTESIAN_POINT('',(2.172589582704,19.,6.129707033058));
#3872 = CARTESIAN_POINT('',(2.331553134598,19.,6.069788382318));
#3873 = CARTESIAN_POINT('',(2.4874426445,19.,6.005216822924));
#3874 = ORIENTED_EDGE('',*,*,#3875,.F.);
#3875 = EDGE_CURVE('',#3876,#3861,#3878,.T.);
#3876 = VERTEX_POINT('',#3877);
#3877 = CARTESIAN_POINT('',(-0.868514968587,19.,6.441714193391));
#3878 = B_SPLINE_CURVE_WITH_KNOTS('',5,(#3879,#3880,#3881,#3882,#3883,
    #3884,#3885,#3886,#3887,#3888),.UNSPECIFIED.,.F.,.F.,(6,4,6),(0.,
    0.505981479588,1.),.UNSPECIFIED.);
#3879 = CARTESIAN_POINT('',(-0.868514968587,19.,6.441714193391));
#3880 = CARTESIAN_POINT('',(-0.697349630749,19.,6.46479184843));
#3881 = CARTESIAN_POINT('',(-0.524290708611,19.,6.482336435193));
#3882 = CARTESIAN_POINT('',(-0.349934586311,19.,6.494114447227));
#3883 = CARTESIAN_POINT('',(-0.174928558339,19.,6.5000020698));
#3884 = CARTESIAN_POINT('',(0.170944676512,19.,6.499997978238));
#3885 = CARTESIAN_POINT('',(0.341812656282,19.,6.494381464417));
#3886 = CARTESIAN_POINT('',(0.512075466806,19.,6.483149892012));
#3887 = CARTESIAN_POINT('',(0.681130554988,19.,6.466415714493));
#3888 = CARTESIAN_POINT('',(0.848420607992,19.,6.444391551724));
#3889 = ORIENTED_EDGE('',*,*,#3890,.F.);
#3890 = EDGE_CURVE('',#3891,#3876,#3893,.T.);
#3891 = VERTEX_POINT('',#3892);
#3892 = CARTESIAN_POINT('',(-2.506159355033,19.,5.997429890143));
#3893 = B_SPLINE_CURVE_WITH_KNOTS('',5,(#3894,#3895,#3896,#3897,#3898,
    #3899,#3900,#3901,#3902,#3903),.UNSPECIFIED.,.F.,.F.,(6,4,6),(0.,
    0.505981479588,1.),.UNSPECIFIED.);
#3894 = CARTESIAN_POINT('',(-2.506159355033,19.,5.997429890143));
#3895 = CARTESIAN_POINT('',(-2.346799271291,19.,6.064022042449));
#3896 = CARTESIAN_POINT('',(-2.18417806212,19.,6.125759756889));
#3897 = CARTESIAN_POINT('',(-2.018811354447,19.,6.182263127976));
#3898 = CARTESIAN_POINT('',(-1.851292341125,19.,6.233245027722));
#3899 = CARTESIAN_POINT('',(-1.517203391986,19.,6.322759655947));
#3900 = CARTESIAN_POINT('',(-1.350703936697,19.,6.361558407556));
#3901 = CARTESIAN_POINT('',(-1.18333574591,19.,6.394776799737));
#3902 = CARTESIAN_POINT('',(-1.015709946324,19.,6.422367501982));
#3903 = CARTESIAN_POINT('',(-0.848419890868,19.,6.444391646135));
#3904 = ORIENTED_EDGE('',*,*,#3905,.F.);
#3905 = EDGE_CURVE('',#3906,#3891,#3908,.T.);
#3906 = VERTEX_POINT('',#3907);
#3907 = CARTESIAN_POINT('',(-3.973013123059,19.,5.144430651102));
#3908 = B_SPLINE_CURVE_WITH_KNOTS('',5,(#3909,#3910,#3911,#3912,#3913,
    #3914,#3915,#3916,#3917,#3918),.UNSPECIFIED.,.F.,.F.,(6,4,6),(0.,
    0.505981479588,1.),.UNSPECIFIED.);
#3909 = CARTESIAN_POINT('',(-3.973013123059,19.,5.144430651102));
#3910 = CARTESIAN_POINT('',(-3.836318419764,19.,5.249999155545));
#3911 = CARTESIAN_POINT('',(-3.695217290221,19.,5.351722674449));
#3912 = CARTESIAN_POINT('',(-3.550109465021,19.,5.449100793226));
#3913 = CARTESIAN_POINT('',(-3.401493610269,19.,5.541702637929));
#3914 = CARTESIAN_POINT('',(-3.101956556617,19.,5.714635711957));
#3915 = CARTESIAN_POINT('',(-2.951172288534,19.,5.795205658193));
#3916 = CARTESIAN_POINT('',(-2.798104583097,19.,5.870610236428));
#3917 = CARTESIAN_POINT('',(-2.643331493333,19.,5.940645557676));
#3918 = CARTESIAN_POINT('',(-2.487441976246,19.,6.005217099723));
#3919 = ORIENTED_EDGE('',*,*,#3920,.F.);
#3920 = EDGE_CURVE('',#3569,#3906,#3921,.T.);
#3921 = B_SPLINE_CURVE_WITH_KNOTS('',5,(#3922,#3923,#3924,#3925,#3926,
    #3927,#3928,#3929,#3930,#3931),.UNSPECIFIED.,.F.,.F.,(6,4,6),(0.,
    0.505981479588,1.),.UNSPECIFIED.);
#3922 = CARTESIAN_POINT('',(-5.169112612462,19.,3.940846964763));
#3923 = CARTESIAN_POINT('',(-5.064398807745,19.,4.078197502224));
#3924 = CARTESIAN_POINT('',(-4.954433566629,19.,4.212974535886));
#3925 = CARTESIAN_POINT('',(-4.839473482387,19.,4.344591244484));
#3926 = CARTESIAN_POINT('',(-4.719888711107,19.,4.472502371457));
#3927 = CARTESIAN_POINT('',(-4.475316508141,19.,4.71706878808));
#3928 = CARTESIAN_POINT('',(-4.350523125949,19.,4.833919220254));
#3929 = CARTESIAN_POINT('',(-4.222187217033,19.,4.946371287148));
#3930 = CARTESIAN_POINT('',(-4.090814367384,19.,5.054078435995));
#3931 = CARTESIAN_POINT('',(-3.956949001636,19.,5.156796932055));
#3932 = FACE_BOUND('',#3933,.T.);
#3933 = EDGE_LOOP('',(#3934));
#3934 = ORIENTED_EDGE('',*,*,#1965,.T.);
#3935 = PLANE('',#3936);
#3936 = AXIS2_PLACEMENT_3D('',#3937,#3938,#3939);
#3937 = CARTESIAN_POINT('',(-6.122815615959,19.,3.056097788215E-16));
#3938 = DIRECTION('',(-0.,-1.,-0.));
#3939 = DIRECTION('',(0.,0.,-1.));
#3940 = ADVANCED_FACE('',(#3941),#3967,.T.);
#3941 = FACE_BOUND('',#3942,.T.);
#3942 = EDGE_LOOP('',(#3943,#3944,#3951,#3962));
#3943 = ORIENTED_EDGE('',*,*,#2638,.T.);
#3944 = ORIENTED_EDGE('',*,*,#3945,.T.);
#3945 = EDGE_CURVE('',#2628,#3946,#3948,.T.);
#3946 = VERTEX_POINT('',#3947);
#3947 = CARTESIAN_POINT('',(6.44439159893,18.976457278202,0.84842024943)
  );
#3948 = B_SPLINE_CURVE_WITH_KNOTS('',1,(#3949,#3950),.UNSPECIFIED.,.F.,
  .F.,(2,2),(0.,1.),.PIECEWISE_BEZIER_KNOTS.);
#3949 = CARTESIAN_POINT('',(10.6,18.976457278202,1.395516474426));
#3950 = CARTESIAN_POINT('',(5.9,18.976457278202,0.776749735766));
#3951 = ORIENTED_EDGE('',*,*,#3952,.F.);
#3952 = EDGE_CURVE('',#3953,#3946,#3955,.T.);
#3953 = VERTEX_POINT('',#3954);
#3954 = CARTESIAN_POINT('',(6.5,18.,-7.334227382701E-16));
#3955 = B_SPLINE_CURVE_WITH_KNOTS('',5,(#3956,#3957,#3958,#3959,#3960,
    #3961),.UNSPECIFIED.,.F.,.F.,(6,6),(0.,1.),
  .PIECEWISE_BEZIER_KNOTS.);
#3956 = CARTESIAN_POINT('',(6.5,18.,5.551115123126E-17));
#3957 = CARTESIAN_POINT('',(6.5,18.195144787839,0.171019711096));
#3958 = CARTESIAN_POINT('',(6.494375581775,18.390289787164,
    0.342039662627));
#3959 = CARTESIAN_POINT('',(6.483125770371,18.585508634597,
    0.512384122265));
#3960 = CARTESIAN_POINT('',(6.466382888825,18.780876331049,
    0.681379877609));
#3961 = CARTESIAN_POINT('',(6.444391560252,18.976457622184,
    0.848420543216));
#3962 = ORIENTED_EDGE('',*,*,#3963,.T.);
#3963 = EDGE_CURVE('',#3953,#2082,#3964,.T.);
#3964 = B_SPLINE_CURVE_WITH_KNOTS('',1,(#3965,#3966),.UNSPECIFIED.,.F.,
  .F.,(2,2),(0.,1.),.PIECEWISE_BEZIER_KNOTS.);
#3965 = CARTESIAN_POINT('',(5.9,18.,0.));
#3966 = CARTESIAN_POINT('',(10.6,18.,1.110223024625E-16));
#3967 = B_SPLINE_SURFACE_WITH_KNOTS('',1,1,(
    (#3968,#3969)
    ,(#3970,#3971
    )),.UNSPECIFIED.,.F.,.F.,.F.,(2,2),(2,2),(0.,1.744278210227),(0.,1.)
  ,.PIECEWISE_BEZIER_KNOTS.);
#3968 = CARTESIAN_POINT('',(5.9,19.,0.795477439828));
#3969 = CARTESIAN_POINT('',(10.6,19.,1.429162857996));
#3970 = CARTESIAN_POINT('',(5.9,18.,0.));
#3971 = CARTESIAN_POINT('',(10.6,18.,1.110223024625E-16));
#3972 = ADVANCED_FACE('',(#3973),#3993,.T.);
#3973 = FACE_BOUND('',#3974,.T.);
#3974 = EDGE_LOOP('',(#3975,#3982,#3991,#3992));
#3975 = ORIENTED_EDGE('',*,*,#3976,.F.);
#3976 = EDGE_CURVE('',#3977,#2617,#3979,.T.);
#3977 = VERTEX_POINT('',#3978);
#3978 = CARTESIAN_POINT('',(6.278517870879,18.,1.682323793166));
#3979 = B_SPLINE_CURVE_WITH_KNOTS('',1,(#3980,#3981),.UNSPECIFIED.,.F.,
  .F.,(2,2),(0.,1.),.PIECEWISE_BEZIER_KNOTS.);
#3980 = CARTESIAN_POINT('',(5.698962375106,18.,1.527032366105));
#3981 = CARTESIAN_POINT('',(10.238813758664,18.,2.743481878087));
#3982 = ORIENTED_EDGE('',*,*,#3983,.F.);
#3983 = EDGE_CURVE('',#3946,#3977,#3984,.T.);
#3984 = B_SPLINE_CURVE_WITH_KNOTS('',5,(#3985,#3986,#3987,#3988,#3989,
    #3990),.UNSPECIFIED.,.F.,.F.,(6,6),(0.,1.),
  .PIECEWISE_BEZIER_KNOTS.);
#3985 = CARTESIAN_POINT('',(6.444391637607,18.976457622184,
    0.848419955645));
#3986 = CARTESIAN_POINT('',(6.422400324265,18.780876331049,
    1.015460623257));
#3987 = CARTESIAN_POINT('',(6.394833385931,18.585508634598,1.18303136449
    ));
#3988 = CARTESIAN_POINT('',(6.361611478926,18.390289787163,
    1.350483142866));
#3989 = CARTESIAN_POINT('',(6.322781029198,18.195144787835,
    1.517131437418));
#3990 = CARTESIAN_POINT('',(6.278517870879,18.,1.682323793166));
#3991 = ORIENTED_EDGE('',*,*,#3945,.F.);
#3992 = ORIENTED_EDGE('',*,*,#2627,.T.);
#3993 = B_SPLINE_SURFACE_WITH_KNOTS('',1,1,(
    (#3994,#3995)
    ,(#3996,#3997
    )),.UNSPECIFIED.,.F.,.F.,.F.,(2,2),(2,2),(0.,1.744278210227),(0.,1.)
  ,.PIECEWISE_BEZIER_KNOTS.);
#3994 = CARTESIAN_POINT('',(5.698962375106,18.,1.527032366105));
#3995 = CARTESIAN_POINT('',(10.238813758664,18.,2.743481878087));
#3996 = CARTESIAN_POINT('',(5.904847086482,19.,0.758660162745));
#3997 = CARTESIAN_POINT('',(10.608708324867,19.,1.363016563576));
#3998 = ADVANCED_FACE('',(#3999),#4019,.T.);
#3999 = FACE_BOUND('',#4000,.T.);
#4000 = EDGE_LOOP('',(#4001,#4002,#4009,#4018));
#4001 = ORIENTED_EDGE('',*,*,#2616,.T.);
#4002 = ORIENTED_EDGE('',*,*,#4003,.T.);
#4003 = EDGE_CURVE('',#2606,#4004,#4006,.T.);
#4004 = VERTEX_POINT('',#4005);
#4005 = CARTESIAN_POINT('',(6.005216961323,18.976457278202,
    2.487442310373));
#4006 = B_SPLINE_CURVE_WITH_KNOTS('',1,(#4007,#4008),.UNSPECIFIED.,.F.,
  .F.,(2,2),(0.,1.),.PIECEWISE_BEZIER_KNOTS.);
#4007 = CARTESIAN_POINT('',(9.877627517328,18.976457278202,
    4.091447281747));
#4008 = CARTESIAN_POINT('',(5.497924750211,18.976457278202,
    2.277314996444));
#4009 = ORIENTED_EDGE('',*,*,#4010,.F.);
#4010 = EDGE_CURVE('',#3977,#4004,#4011,.T.);
#4011 = B_SPLINE_CURVE_WITH_KNOTS('',5,(#4012,#4013,#4014,#4015,#4016,
    #4017),.UNSPECIFIED.,.F.,.F.,(6,6),(0.,1.),
  .PIECEWISE_BEZIER_KNOTS.);
#4012 = CARTESIAN_POINT('',(6.278517870879,18.,1.682323793166));
#4013 = CARTESIAN_POINT('',(6.23425471256,18.195144787836,1.847516148916
    ));
#4014 = CARTESIAN_POINT('',(6.184558721189,18.390289787162,
    2.011253030358));
#4015 = CARTESIAN_POINT('',(6.129603847431,18.585508634598,
    2.172881477844));
#4016 = CARTESIAN_POINT('',(6.069692145714,18.780876331051,
    2.331785465851));
#4017 = CARTESIAN_POINT('',(6.005216847926,18.976457622184,
    2.487442584138));
#4018 = ORIENTED_EDGE('',*,*,#3976,.T.);
#4019 = B_SPLINE_SURFACE_WITH_KNOTS('',1,1,(
    (#4020,#4021)
    ,(#4022,#4023
    )),.UNSPECIFIED.,.F.,.F.,.F.,(2,2),(2,2),(0.,1.744278210227),(0.,1.)
  ,.PIECEWISE_BEZIER_KNOTS.);
#4020 = CARTESIAN_POINT('',(5.493077663729,19.,2.295404569465));
#4021 = CARTESIAN_POINT('',(9.868919192462,19.,4.123947192598));
#4022 = CARTESIAN_POINT('',(5.698962375106,18.,1.527032366105));
#4023 = CARTESIAN_POINT('',(10.238813758664,18.,2.743481878087));
#4024 = ADVANCED_FACE('',(#4025),#4045,.T.);
#4025 = FACE_BOUND('',#4026,.T.);
#4026 = EDGE_LOOP('',(#4027,#4034,#4043,#4044));
#4027 = ORIENTED_EDGE('',*,*,#4028,.F.);
#4028 = EDGE_CURVE('',#4029,#2593,#4031,.T.);
#4029 = VERTEX_POINT('',#4030);
#4030 = CARTESIAN_POINT('',(5.629165124599,18.,3.25));
#4031 = B_SPLINE_CURVE_WITH_KNOTS('',1,(#4032,#4033),.UNSPECIFIED.,.F.,
  .F.,(2,2),(0.,1.),.PIECEWISE_BEZIER_KNOTS.);
#4032 = CARTESIAN_POINT('',(5.109549882328,18.,2.95));
#4033 = CARTESIAN_POINT('',(9.179869280115,18.,5.3));
#4034 = ORIENTED_EDGE('',*,*,#4035,.F.);
#4035 = EDGE_CURVE('',#4004,#4029,#4036,.T.);
#4036 = B_SPLINE_CURVE_WITH_KNOTS('',5,(#4037,#4038,#4039,#4040,#4041,
    #4042),.UNSPECIFIED.,.F.,.F.,(6,6),(0.,1.),
  .PIECEWISE_BEZIER_KNOTS.);
#4037 = CARTESIAN_POINT('',(6.00521707472,18.976457622184,2.487442036609
    ));
#4038 = CARTESIAN_POINT('',(5.940741791124,18.780876331049,
    2.643099160775));
#4039 = CARTESIAN_POINT('',(5.870743674203,18.585508634598,
    2.797825218808));
#4040 = CARTESIAN_POINT('',(5.795314066848,18.390289787163,
    2.950972753951));
#4041 = CARTESIAN_POINT('',(5.714674980145,18.195144787835,
    3.101892585646));
#4042 = CARTESIAN_POINT('',(5.629165124599,18.,3.25));
#4043 = ORIENTED_EDGE('',*,*,#4003,.F.);
#4044 = ORIENTED_EDGE('',*,*,#2605,.T.);
#4045 = B_SPLINE_SURFACE_WITH_KNOTS('',1,1,(
    (#4046,#4047)
    ,(#4048,#4049
    )),.UNSPECIFIED.,.F.,.F.,.F.,(2,2),(2,2),(0.,1.744278210227),(0.,1.)
  ,.PIECEWISE_BEZIER_KNOTS.);
#4046 = CARTESIAN_POINT('',(5.109549882328,18.,2.95));
#4047 = CARTESIAN_POINT('',(9.179869280115,18.,5.3));
#4048 = CARTESIAN_POINT('',(5.507288602242,19.,2.261096328972));
#4049 = CARTESIAN_POINT('',(9.894450709113,19.,4.062308658831));
#4050 = ADVANCED_FACE('',(#4051),#4071,.T.);
#4051 = FACE_BOUND('',#4052,.T.);
#4052 = EDGE_LOOP('',(#4053,#4054,#4061,#4070));
#4053 = ORIENTED_EDGE('',*,*,#2592,.T.);
#4054 = ORIENTED_EDGE('',*,*,#4055,.T.);
#4055 = EDGE_CURVE('',#2580,#4056,#4058,.T.);
#4056 = VERTEX_POINT('',#4057);
#4057 = CARTESIAN_POINT('',(5.156796711893,18.976457278202,
    3.956949288557));
#4058 = B_SPLINE_CURVE_WITH_KNOTS('',1,(#4059,#4060),.UNSPECIFIED.,.F.,
  .F.,(2,2),(0.,1.),.PIECEWISE_BEZIER_KNOTS.);
#4059 = CARTESIAN_POINT('',(8.482111042902,18.976457278202,
    6.508552718253));
#4060 = CARTESIAN_POINT('',(4.721175014445,18.976457278202,
    3.622685003556));
#4061 = ORIENTED_EDGE('',*,*,#4062,.F.);
#4062 = EDGE_CURVE('',#4029,#4056,#4063,.T.);
#4063 = B_SPLINE_CURVE_WITH_KNOTS('',5,(#4064,#4065,#4066,#4067,#4068,
    #4069),.UNSPECIFIED.,.F.,.F.,(6,6),(0.,1.),
  .PIECEWISE_BEZIER_KNOTS.);
#4064 = CARTESIAN_POINT('',(5.629165124599,18.,3.25));
#4065 = CARTESIAN_POINT('',(5.543655269052,18.195144787836,
    3.398107414355));
#4066 = CARTESIAN_POINT('',(5.453274404221,18.390289787162,
    3.543402827824));
#4067 = CARTESIAN_POINT('',(5.358359551938,18.585508634598,
    3.685300551563));
#4068 = CARTESIAN_POINT('',(5.259361913514,18.780876331051,
    3.823283728051));
#4069 = CARTESIAN_POINT('',(5.156796531504,18.976457622184,
    3.956949523644));
#4070 = ORIENTED_EDGE('',*,*,#4028,.T.);
#4071 = B_SPLINE_SURFACE_WITH_KNOTS('',1,1,(
    (#4072,#4073)
    ,(#4074,#4075
    )),.UNSPECIFIED.,.F.,.F.,.F.,(2,2),(2,2),(0.,1.744278210227),(0.,1.)
  ,.PIECEWISE_BEZIER_KNOTS.);
#4072 = CARTESIAN_POINT('',(4.711811162414,19.,3.638903671028));
#4073 = CARTESIAN_POINT('',(8.465287851117,19.,6.537691341169));
#4074 = CARTESIAN_POINT('',(5.109549882328,18.,2.95));
#4075 = CARTESIAN_POINT('',(9.179869280115,18.,5.3));
#4076 = ADVANCED_FACE('',(#4077),#4097,.T.);
#4077 = FACE_BOUND('',#4078,.T.);
#4078 = EDGE_LOOP('',(#4079,#4086,#4095,#4096));
#4079 = ORIENTED_EDGE('',*,*,#4080,.F.);
#4080 = EDGE_CURVE('',#4081,#2567,#4083,.T.);
#4081 = VERTEX_POINT('',#4082);
#4082 = CARTESIAN_POINT('',(4.596194077713,18.,4.596194077713));
#4083 = B_SPLINE_CURVE_WITH_KNOTS('',1,(#4084,#4085),.UNSPECIFIED.,.F.,
  .F.,(2,2),(0.,1.),.PIECEWISE_BEZIER_KNOTS.);
#4084 = CARTESIAN_POINT('',(4.171930009001,18.,4.171930009001));
#4085 = CARTESIAN_POINT('',(7.495331880577,18.,7.495331880577));
#4086 = ORIENTED_EDGE('',*,*,#4087,.F.);
#4087 = EDGE_CURVE('',#4056,#4081,#4088,.T.);
#4088 = B_SPLINE_CURVE_WITH_KNOTS('',5,(#4089,#4090,#4091,#4092,#4093,
    #4094),.UNSPECIFIED.,.F.,.F.,(6,6),(0.,1.),
  .PIECEWISE_BEZIER_KNOTS.);
#4089 = CARTESIAN_POINT('',(5.156796892282,18.976457622184,3.95694905347
    ));
#4090 = CARTESIAN_POINT('',(5.054231522458,18.780876331049,
    4.090614858415));
#4091 = CARTESIAN_POINT('',(4.94657248294,18.585508634598,4.221951908088
    ));
#4092 = CARTESIAN_POINT('',(4.834075578323,18.390289787163,
    4.350358448567));
#4093 = CARTESIAN_POINT('',(4.717123275143,18.195144787835,
    4.475264880282));
#4094 = CARTESIAN_POINT('',(4.596194077713,18.,4.596194077713));
#4095 = ORIENTED_EDGE('',*,*,#4055,.F.);
#4096 = ORIENTED_EDGE('',*,*,#2579,.T.);
#4097 = B_SPLINE_SURFACE_WITH_KNOTS('',1,1,(
    (#4098,#4099)
    ,(#4100,#4101
    )),.UNSPECIFIED.,.F.,.F.,.F.,(2,2),(2,2),(0.,1.744278210227),(0.,1.)
  ,.PIECEWISE_BEZIER_KNOTS.);
#4098 = CARTESIAN_POINT('',(4.171930009001,18.,4.171930009001));
#4099 = CARTESIAN_POINT('',(7.495331880577,18.,7.495331880577));
#4100 = CARTESIAN_POINT('',(4.734417500984,19.,3.609442517018));
#4101 = CARTESIAN_POINT('',(8.505902628886,19.,6.484761132269));
#4102 = ADVANCED_FACE('',(#4103),#4123,.T.);
#4103 = FACE_BOUND('',#4104,.T.);
#4104 = EDGE_LOOP('',(#4105,#4106,#4113,#4122));
#4105 = ORIENTED_EDGE('',*,*,#2566,.T.);
#4106 = ORIENTED_EDGE('',*,*,#4107,.T.);
#4107 = EDGE_CURVE('',#2554,#4108,#4110,.T.);
#4108 = VERTEX_POINT('',#4109);
#4109 = CARTESIAN_POINT('',(3.956949288557,18.976457278202,
    5.156796711893));
#4110 = B_SPLINE_CURVE_WITH_KNOTS('',1,(#4111,#4112),.UNSPECIFIED.,.F.,
  .F.,(2,2),(0.,1.),.PIECEWISE_BEZIER_KNOTS.);
#4111 = CARTESIAN_POINT('',(6.508552718253,18.976457278202,
    8.482111042902));
#4112 = CARTESIAN_POINT('',(3.622685003556,18.976457278202,
    4.721175014445));
#4113 = ORIENTED_EDGE('',*,*,#4114,.F.);
#4114 = EDGE_CURVE('',#4081,#4108,#4115,.T.);
#4115 = B_SPLINE_CURVE_WITH_KNOTS('',5,(#4116,#4117,#4118,#4119,#4120,
    #4121),.UNSPECIFIED.,.F.,.F.,(6,6),(0.,1.),
  .PIECEWISE_BEZIER_KNOTS.);
#4116 = CARTESIAN_POINT('',(4.596194077713,18.,4.596194077713));
#4117 = CARTESIAN_POINT('',(4.475264880282,18.195144787836,
    4.717123275143));
#4118 = CARTESIAN_POINT('',(4.350358448567,18.390289787162,
    4.834075578323));
#4119 = CARTESIAN_POINT('',(4.221951908088,18.585508634598,
    4.946572482941));
#4120 = CARTESIAN_POINT('',(4.090614858414,18.780876331051,
    5.054231522459));
#4121 = CARTESIAN_POINT('',(3.95694905347,18.976457622184,5.156796892282
    ));
#4122 = ORIENTED_EDGE('',*,*,#4080,.T.);
#4123 = B_SPLINE_SURFACE_WITH_KNOTS('',1,1,(
    (#4124,#4125)
    ,(#4126,#4127
    )),.UNSPECIFIED.,.F.,.F.,.F.,(2,2),(2,2),(0.,1.744278210227),(0.,1.)
  ,.PIECEWISE_BEZIER_KNOTS.);
#4124 = CARTESIAN_POINT('',(3.609442517018,19.,4.734417500984));
#4125 = CARTESIAN_POINT('',(6.484761132269,19.,8.505902628886));
#4126 = CARTESIAN_POINT('',(4.171930009001,18.,4.171930009001));
#4127 = CARTESIAN_POINT('',(7.495331880577,18.,7.495331880577));
#4128 = ADVANCED_FACE('',(#4129),#4149,.T.);
#4129 = FACE_BOUND('',#4130,.T.);
#4130 = EDGE_LOOP('',(#4131,#4138,#4147,#4148));
#4131 = ORIENTED_EDGE('',*,*,#4132,.F.);
#4132 = EDGE_CURVE('',#4133,#2543,#4135,.T.);
#4133 = VERTEX_POINT('',#4134);
#4134 = CARTESIAN_POINT('',(3.25,18.,5.629165124599));
#4135 = B_SPLINE_CURVE_WITH_KNOTS('',1,(#4136,#4137),.UNSPECIFIED.,.F.,
  .F.,(2,2),(0.,1.),.PIECEWISE_BEZIER_KNOTS.);
#4136 = CARTESIAN_POINT('',(2.95,18.,5.109549882328));
#4137 = CARTESIAN_POINT('',(5.3,18.,9.179869280115));
#4138 = ORIENTED_EDGE('',*,*,#4139,.F.);
#4139 = EDGE_CURVE('',#4108,#4133,#4140,.T.);
#4140 = B_SPLINE_CURVE_WITH_KNOTS('',5,(#4141,#4142,#4143,#4144,#4145,
    #4146),.UNSPECIFIED.,.F.,.F.,(6,6),(0.,1.),
  .PIECEWISE_BEZIER_KNOTS.);
#4141 = CARTESIAN_POINT('',(3.956949523644,18.976457622184,
    5.156796531504));
#4142 = CARTESIAN_POINT('',(3.82328372805,18.780876331049,5.259361913515
    ));
#4143 = CARTESIAN_POINT('',(3.685300551563,18.585508634598,
    5.358359551938));
#4144 = CARTESIAN_POINT('',(3.543402827824,18.390289787163,
    5.453274404221));
#4145 = CARTESIAN_POINT('',(3.398107414354,18.195144787835,
    5.543655269053));
#4146 = CARTESIAN_POINT('',(3.25,18.,5.629165124599));
#4147 = ORIENTED_EDGE('',*,*,#4107,.F.);
#4148 = ORIENTED_EDGE('',*,*,#2553,.T.);
#4149 = B_SPLINE_SURFACE_WITH_KNOTS('',1,1,(
    (#4150,#4151)
    ,(#4152,#4153
    )),.UNSPECIFIED.,.F.,.F.,.F.,(2,2),(2,2),(0.,1.744278210227),(0.,1.)
  ,.PIECEWISE_BEZIER_KNOTS.);
#4150 = CARTESIAN_POINT('',(2.95,18.,5.109549882328));
#4151 = CARTESIAN_POINT('',(5.3,18.,9.179869280115));
#4152 = CARTESIAN_POINT('',(3.638903671028,19.,4.711811162414));
#4153 = CARTESIAN_POINT('',(6.537691341169,19.,8.465287851117));
#4154 = ADVANCED_FACE('',(#4155),#4175,.T.);
#4155 = FACE_BOUND('',#4156,.T.);
#4156 = EDGE_LOOP('',(#4157,#4158,#4165,#4174));
#4157 = ORIENTED_EDGE('',*,*,#2542,.T.);
#4158 = ORIENTED_EDGE('',*,*,#4159,.T.);
#4159 = EDGE_CURVE('',#2532,#4160,#4162,.T.);
#4160 = VERTEX_POINT('',#4161);
#4161 = CARTESIAN_POINT('',(2.487442310373,18.976457278202,
    6.005216961323));
#4162 = B_SPLINE_CURVE_WITH_KNOTS('',1,(#4163,#4164),.UNSPECIFIED.,.F.,
  .F.,(2,2),(0.,1.),.PIECEWISE_BEZIER_KNOTS.);
#4163 = CARTESIAN_POINT('',(4.091447281747,18.976457278202,
    9.877627517328));
#4164 = CARTESIAN_POINT('',(2.277314996444,18.976457278202,
    5.497924750211));
#4165 = ORIENTED_EDGE('',*,*,#4166,.F.);
#4166 = EDGE_CURVE('',#4133,#4160,#4167,.T.);
#4167 = B_SPLINE_CURVE_WITH_KNOTS('',5,(#4168,#4169,#4170,#4171,#4172,
    #4173),.UNSPECIFIED.,.F.,.F.,(6,6),(0.,1.),
  .PIECEWISE_BEZIER_KNOTS.);
#4168 = CARTESIAN_POINT('',(3.25,18.,5.629165124599));
#4169 = CARTESIAN_POINT('',(3.101892585645,18.195144787836,
    5.714674980146));
#4170 = CARTESIAN_POINT('',(2.950972753951,18.390289787162,
    5.795314066847));
#4171 = CARTESIAN_POINT('',(2.797825218807,18.585508634598,
    5.870743674203));
#4172 = CARTESIAN_POINT('',(2.643099160774,18.780876331051,
    5.940741791125));
#4173 = CARTESIAN_POINT('',(2.487442036609,18.976457622184,6.00521707472
    ));
#4174 = ORIENTED_EDGE('',*,*,#4132,.T.);
#4175 = B_SPLINE_SURFACE_WITH_KNOTS('',1,1,(
    (#4176,#4177)
    ,(#4178,#4179
    )),.UNSPECIFIED.,.F.,.F.,.F.,(2,2),(2,2),(0.,1.744278210227),(0.,1.)
  ,.PIECEWISE_BEZIER_KNOTS.);
#4176 = CARTESIAN_POINT('',(2.261096328972,19.,5.507288602242));
#4177 = CARTESIAN_POINT('',(4.062308658831,19.,9.894450709113));
#4178 = CARTESIAN_POINT('',(2.95,18.,5.109549882328));
#4179 = CARTESIAN_POINT('',(5.3,18.,9.179869280115));
#4180 = ADVANCED_FACE('',(#4181),#4201,.T.);
#4181 = FACE_BOUND('',#4182,.T.);
#4182 = EDGE_LOOP('',(#4183,#4190,#4199,#4200));
#4183 = ORIENTED_EDGE('',*,*,#4184,.F.);
#4184 = EDGE_CURVE('',#4185,#2521,#4187,.T.);
#4185 = VERTEX_POINT('',#4186);
#4186 = CARTESIAN_POINT('',(1.682323793166,18.,6.278517870879));
#4187 = B_SPLINE_CURVE_WITH_KNOTS('',1,(#4188,#4189),.UNSPECIFIED.,.F.,
  .F.,(2,2),(0.,1.),.PIECEWISE_BEZIER_KNOTS.);
#4188 = CARTESIAN_POINT('',(1.527032366105,18.,5.698962375106));
#4189 = CARTESIAN_POINT('',(2.743481878087,18.,10.238813758664));
#4190 = ORIENTED_EDGE('',*,*,#4191,.F.);
#4191 = EDGE_CURVE('',#4160,#4185,#4192,.T.);
#4192 = B_SPLINE_CURVE_WITH_KNOTS('',5,(#4193,#4194,#4195,#4196,#4197,
    #4198),.UNSPECIFIED.,.F.,.F.,(6,6),(0.,1.),
  .PIECEWISE_BEZIER_KNOTS.);
#4193 = CARTESIAN_POINT('',(2.487442584138,18.976457622184,
    6.005216847926));
#4194 = CARTESIAN_POINT('',(2.331785465849,18.780876331049,
    6.069692145715));
#4195 = CARTESIAN_POINT('',(2.172881477843,18.585508634598,
    6.129603847431));
#4196 = CARTESIAN_POINT('',(2.011253030358,18.390289787163,
    6.184558721189));
#4197 = CARTESIAN_POINT('',(1.847516148915,18.195144787835,6.23425471256
    ));
#4198 = CARTESIAN_POINT('',(1.682323793166,18.,6.278517870879));
#4199 = ORIENTED_EDGE('',*,*,#4159,.F.);
#4200 = ORIENTED_EDGE('',*,*,#2531,.T.);
#4201 = B_SPLINE_SURFACE_WITH_KNOTS('',1,1,(
    (#4202,#4203)
    ,(#4204,#4205
    )),.UNSPECIFIED.,.F.,.F.,.F.,(2,2),(2,2),(0.,1.744278210227),(0.,1.)
  ,.PIECEWISE_BEZIER_KNOTS.);
#4202 = CARTESIAN_POINT('',(1.527032366105,18.,5.698962375106));
#4203 = CARTESIAN_POINT('',(2.743481878087,18.,10.238813758664));
#4204 = CARTESIAN_POINT('',(2.295404569465,19.,5.493077663729));
#4205 = CARTESIAN_POINT('',(4.123947192598,19.,9.868919192462));
#4206 = ADVANCED_FACE('',(#4207),#4227,.T.);
#4207 = FACE_BOUND('',#4208,.T.);
#4208 = EDGE_LOOP('',(#4209,#4210,#4217,#4226));
#4209 = ORIENTED_EDGE('',*,*,#2520,.T.);
#4210 = ORIENTED_EDGE('',*,*,#4211,.T.);
#4211 = EDGE_CURVE('',#2510,#4212,#4214,.T.);
#4212 = VERTEX_POINT('',#4213);
#4213 = CARTESIAN_POINT('',(0.84842024943,18.976457278202,6.44439159893)
  );
#4214 = B_SPLINE_CURVE_WITH_KNOTS('',1,(#4215,#4216),.UNSPECIFIED.,.F.,
  .F.,(2,2),(0.,1.),.PIECEWISE_BEZIER_KNOTS.);
#4215 = CARTESIAN_POINT('',(1.395516474426,18.976457278202,10.6));
#4216 = CARTESIAN_POINT('',(0.776749735766,18.976457278202,5.9));
#4217 = ORIENTED_EDGE('',*,*,#4218,.F.);
#4218 = EDGE_CURVE('',#4185,#4212,#4219,.T.);
#4219 = B_SPLINE_CURVE_WITH_KNOTS('',5,(#4220,#4221,#4222,#4223,#4224,
    #4225),.UNSPECIFIED.,.F.,.F.,(6,6),(0.,1.),
  .PIECEWISE_BEZIER_KNOTS.);
#4220 = CARTESIAN_POINT('',(1.682323793166,18.,6.278517870879));
#4221 = CARTESIAN_POINT('',(1.517131437414,18.195144787839,
    6.322781029199));
#4222 = CARTESIAN_POINT('',(1.350483142865,18.390289787164,
    6.361611478926));
#4223 = CARTESIAN_POINT('',(1.183031364491,18.585508634597,
    6.394833385931));
#4224 = CARTESIAN_POINT('',(1.015460623257,18.780876331049,
    6.422400324265));
#4225 = CARTESIAN_POINT('',(0.848419955645,18.976457622184,
    6.444391637607));
#4226 = ORIENTED_EDGE('',*,*,#4184,.T.);
#4227 = B_SPLINE_SURFACE_WITH_KNOTS('',1,1,(
    (#4228,#4229)
    ,(#4230,#4231
    )),.UNSPECIFIED.,.F.,.F.,.F.,(2,2),(2,2),(0.,1.744278210227),(0.,1.)
  ,.PIECEWISE_BEZIER_KNOTS.);
#4228 = CARTESIAN_POINT('',(0.758660162745,19.,5.904847086482));
#4229 = CARTESIAN_POINT('',(1.363016563576,19.,10.608708324867));
#4230 = CARTESIAN_POINT('',(1.527032366105,18.,5.698962375106));
#4231 = CARTESIAN_POINT('',(2.743481878087,18.,10.238813758664));
#4232 = ADVANCED_FACE('',(#4233),#4253,.T.);
#4233 = FACE_BOUND('',#4234,.T.);
#4234 = EDGE_LOOP('',(#4235,#4242,#4251,#4252));
#4235 = ORIENTED_EDGE('',*,*,#4236,.F.);
#4236 = EDGE_CURVE('',#4237,#2499,#4239,.T.);
#4237 = VERTEX_POINT('',#4238);
#4238 = CARTESIAN_POINT('',(8.1849420858E-16,18.,6.5));
#4239 = B_SPLINE_CURVE_WITH_KNOTS('',1,(#4240,#4241),.UNSPECIFIED.,.F.,
  .F.,(2,2),(0.,1.),.PIECEWISE_BEZIER_KNOTS.);
#4240 = CARTESIAN_POINT('',(7.660538869914E-16,18.,5.9));
#4241 = CARTESIAN_POINT('',(1.176836406103E-15,18.,10.6));
#4242 = ORIENTED_EDGE('',*,*,#4243,.F.);
#4243 = EDGE_CURVE('',#4212,#4237,#4244,.T.);
#4244 = B_SPLINE_CURVE_WITH_KNOTS('',5,(#4245,#4246,#4247,#4248,#4249,
    #4250),.UNSPECIFIED.,.F.,.F.,(6,6),(0.,1.),
  .PIECEWISE_BEZIER_KNOTS.);
#4245 = CARTESIAN_POINT('',(0.848420543216,18.976457622184,
    6.444391560252));
#4246 = CARTESIAN_POINT('',(0.681379877609,18.780876331049,
    6.466382888825));
#4247 = CARTESIAN_POINT('',(0.512384122265,18.585508634598,6.48312577037
    ));
#4248 = CARTESIAN_POINT('',(0.342039662627,18.390289787163,
    6.494375581775));
#4249 = CARTESIAN_POINT('',(0.171019711093,18.195144787835,6.5));
#4250 = CARTESIAN_POINT('',(7.771561172376E-16,18.,6.5));
#4251 = ORIENTED_EDGE('',*,*,#4211,.F.);
#4252 = ORIENTED_EDGE('',*,*,#2509,.T.);
#4253 = B_SPLINE_SURFACE_WITH_KNOTS('',1,1,(
    (#4254,#4255)
    ,(#4256,#4257
    )),.UNSPECIFIED.,.F.,.F.,.F.,(2,2),(2,2),(0.,1.744278210227),(0.,1.)
  ,.PIECEWISE_BEZIER_KNOTS.);
#4254 = CARTESIAN_POINT('',(6.550315845288E-16,18.,5.9));
#4255 = CARTESIAN_POINT('',(1.176836406103E-15,18.,10.6));
#4256 = CARTESIAN_POINT('',(0.795477439828,19.,5.9));
#4257 = CARTESIAN_POINT('',(1.429162857996,19.,10.6));
#4258 = ADVANCED_FACE('',(#4259),#4279,.T.);
#4259 = FACE_BOUND('',#4260,.T.);
#4260 = EDGE_LOOP('',(#4261,#4262,#4269,#4278));
#4261 = ORIENTED_EDGE('',*,*,#2498,.T.);
#4262 = ORIENTED_EDGE('',*,*,#4263,.T.);
#4263 = EDGE_CURVE('',#2488,#4264,#4266,.T.);
#4264 = VERTEX_POINT('',#4265);
#4265 = CARTESIAN_POINT('',(-0.84842024943,18.976457278202,6.44439159893
    ));
#4266 = B_SPLINE_CURVE_WITH_KNOTS('',1,(#4267,#4268),.UNSPECIFIED.,.F.,
  .F.,(2,2),(0.,1.),.PIECEWISE_BEZIER_KNOTS.);
#4267 = CARTESIAN_POINT('',(-1.395516474426,18.976457278202,10.6));
#4268 = CARTESIAN_POINT('',(-0.776749735766,18.976457278202,5.9));
#4269 = ORIENTED_EDGE('',*,*,#4270,.F.);
#4270 = EDGE_CURVE('',#4237,#4264,#4271,.T.);
#4271 = B_SPLINE_CURVE_WITH_KNOTS('',5,(#4272,#4273,#4274,#4275,#4276,
    #4277),.UNSPECIFIED.,.F.,.F.,(6,6),(0.,1.),
  .PIECEWISE_BEZIER_KNOTS.);
#4272 = CARTESIAN_POINT('',(7.771561172376E-16,18.,6.5));
#4273 = CARTESIAN_POINT('',(-0.171019711096,18.195144787839,6.5));
#4274 = CARTESIAN_POINT('',(-0.342039662627,18.390289787164,
    6.494375581775));
#4275 = CARTESIAN_POINT('',(-0.512384122265,18.585508634597,
    6.483125770371));
#4276 = CARTESIAN_POINT('',(-0.681379877609,18.780876331049,
    6.466382888825));
#4277 = CARTESIAN_POINT('',(-0.848420543216,18.976457622184,
    6.444391560252));
#4278 = ORIENTED_EDGE('',*,*,#4236,.T.);
#4279 = B_SPLINE_SURFACE_WITH_KNOTS('',1,1,(
    (#4280,#4281)
    ,(#4282,#4283
    )),.UNSPECIFIED.,.F.,.F.,.F.,(2,2),(2,2),(0.,1.744278210227),(0.,1.)
  ,.PIECEWISE_BEZIER_KNOTS.);
#4280 = CARTESIAN_POINT('',(-0.795477439828,19.,5.9));
#4281 = CARTESIAN_POINT('',(-1.429162857996,19.,10.6));
#4282 = CARTESIAN_POINT('',(7.660538869914E-16,18.,5.9));
#4283 = CARTESIAN_POINT('',(1.176836406103E-15,18.,10.6));
#4284 = ADVANCED_FACE('',(#4285),#4305,.T.);
#4285 = FACE_BOUND('',#4286,.T.);
#4286 = EDGE_LOOP('',(#4287,#4294,#4303,#4304));
#4287 = ORIENTED_EDGE('',*,*,#4288,.F.);
#4288 = EDGE_CURVE('',#4289,#2477,#4291,.T.);
#4289 = VERTEX_POINT('',#4290);
#4290 = CARTESIAN_POINT('',(-1.682323793166,18.,6.278517870879));
#4291 = B_SPLINE_CURVE_WITH_KNOTS('',1,(#4292,#4293),.UNSPECIFIED.,.F.,
  .F.,(2,2),(0.,1.),.PIECEWISE_BEZIER_KNOTS.);
#4292 = CARTESIAN_POINT('',(-1.527032366105,18.,5.698962375106));
#4293 = CARTESIAN_POINT('',(-2.743481878087,18.,10.238813758664));
#4294 = ORIENTED_EDGE('',*,*,#4295,.F.);
#4295 = EDGE_CURVE('',#4264,#4289,#4296,.T.);
#4296 = B_SPLINE_CURVE_WITH_KNOTS('',5,(#4297,#4298,#4299,#4300,#4301,
    #4302),.UNSPECIFIED.,.F.,.F.,(6,6),(0.,1.),
  .PIECEWISE_BEZIER_KNOTS.);
#4297 = CARTESIAN_POINT('',(-0.848419955645,18.976457622184,
    6.444391637607));
#4298 = CARTESIAN_POINT('',(-1.015460623257,18.780876331049,
    6.422400324265));
#4299 = CARTESIAN_POINT('',(-1.18303136449,18.585508634598,
    6.394833385931));
#4300 = CARTESIAN_POINT('',(-1.350483142866,18.390289787163,
    6.361611478926));
#4301 = CARTESIAN_POINT('',(-1.517131437418,18.195144787835,
    6.322781029198));
#4302 = CARTESIAN_POINT('',(-1.682323793166,18.,6.278517870879));
#4303 = ORIENTED_EDGE('',*,*,#4263,.F.);
#4304 = ORIENTED_EDGE('',*,*,#2487,.T.);
#4305 = B_SPLINE_SURFACE_WITH_KNOTS('',1,1,(
    (#4306,#4307)
    ,(#4308,#4309
    )),.UNSPECIFIED.,.F.,.F.,.F.,(2,2),(2,2),(0.,1.744278210227),(0.,1.)
  ,.PIECEWISE_BEZIER_KNOTS.);
#4306 = CARTESIAN_POINT('',(-1.527032366105,18.,5.698962375106));
#4307 = CARTESIAN_POINT('',(-2.743481878087,18.,10.238813758664));
#4308 = CARTESIAN_POINT('',(-0.758660162745,19.,5.904847086482));
#4309 = CARTESIAN_POINT('',(-1.363016563576,19.,10.608708324867));
#4310 = ADVANCED_FACE('',(#4311),#4331,.T.);
#4311 = FACE_BOUND('',#4312,.T.);
#4312 = EDGE_LOOP('',(#4313,#4314,#4321,#4330));
#4313 = ORIENTED_EDGE('',*,*,#2476,.T.);
#4314 = ORIENTED_EDGE('',*,*,#4315,.T.);
#4315 = EDGE_CURVE('',#2466,#4316,#4318,.T.);
#4316 = VERTEX_POINT('',#4317);
#4317 = CARTESIAN_POINT('',(-2.487442310373,18.976457278202,
    6.005216961323));
#4318 = B_SPLINE_CURVE_WITH_KNOTS('',1,(#4319,#4320),.UNSPECIFIED.,.F.,
  .F.,(2,2),(0.,1.),.PIECEWISE_BEZIER_KNOTS.);
#4319 = CARTESIAN_POINT('',(-4.091447281747,18.976457278202,
    9.877627517328));
#4320 = CARTESIAN_POINT('',(-2.277314996444,18.976457278202,
    5.497924750211));
#4321 = ORIENTED_EDGE('',*,*,#4322,.F.);
#4322 = EDGE_CURVE('',#4289,#4316,#4323,.T.);
#4323 = B_SPLINE_CURVE_WITH_KNOTS('',5,(#4324,#4325,#4326,#4327,#4328,
    #4329),.UNSPECIFIED.,.F.,.F.,(6,6),(0.,1.),
  .PIECEWISE_BEZIER_KNOTS.);
#4324 = CARTESIAN_POINT('',(-1.682323793166,18.,6.278517870879));
#4325 = CARTESIAN_POINT('',(-1.847516148916,18.195144787836,
    6.23425471256));
#4326 = CARTESIAN_POINT('',(-2.011253030358,18.390289787162,
    6.184558721189));
#4327 = CARTESIAN_POINT('',(-2.172881477844,18.585508634598,
    6.129603847431));
#4328 = CARTESIAN_POINT('',(-2.331785465851,18.780876331051,
    6.069692145714));
#4329 = CARTESIAN_POINT('',(-2.487442584138,18.976457622184,
    6.005216847926));
#4330 = ORIENTED_EDGE('',*,*,#4288,.T.);
#4331 = B_SPLINE_SURFACE_WITH_KNOTS('',1,1,(
    (#4332,#4333)
    ,(#4334,#4335
    )),.UNSPECIFIED.,.F.,.F.,.F.,(2,2),(2,2),(0.,1.744278210227),(0.,1.)
  ,.PIECEWISE_BEZIER_KNOTS.);
#4332 = CARTESIAN_POINT('',(-2.295404569465,19.,5.493077663729));
#4333 = CARTESIAN_POINT('',(-4.123947192598,19.,9.868919192462));
#4334 = CARTESIAN_POINT('',(-1.527032366105,18.,5.698962375106));
#4335 = CARTESIAN_POINT('',(-2.743481878087,18.,10.238813758664));
#4336 = ADVANCED_FACE('',(#4337),#4357,.T.);
#4337 = FACE_BOUND('',#4338,.T.);
#4338 = EDGE_LOOP('',(#4339,#4346,#4355,#4356));
#4339 = ORIENTED_EDGE('',*,*,#4340,.F.);
#4340 = EDGE_CURVE('',#4341,#2453,#4343,.T.);
#4341 = VERTEX_POINT('',#4342);
#4342 = CARTESIAN_POINT('',(-3.25,18.,5.629165124599));
#4343 = B_SPLINE_CURVE_WITH_KNOTS('',1,(#4344,#4345),.UNSPECIFIED.,.F.,
  .F.,(2,2),(0.,1.),.PIECEWISE_BEZIER_KNOTS.);
#4344 = CARTESIAN_POINT('',(-2.95,18.,5.109549882328));
#4345 = CARTESIAN_POINT('',(-5.3,18.,9.179869280115));
#4346 = ORIENTED_EDGE('',*,*,#4347,.F.);
#4347 = EDGE_CURVE('',#4316,#4341,#4348,.T.);
#4348 = B_SPLINE_CURVE_WITH_KNOTS('',5,(#4349,#4350,#4351,#4352,#4353,
    #4354),.UNSPECIFIED.,.F.,.F.,(6,6),(0.,1.),
  .PIECEWISE_BEZIER_KNOTS.);
#4349 = CARTESIAN_POINT('',(-2.487442036609,18.976457622184,
    6.00521707472));
#4350 = CARTESIAN_POINT('',(-2.643099160775,18.780876331049,
    5.940741791124));
#4351 = CARTESIAN_POINT('',(-2.797825218808,18.585508634598,
    5.870743674203));
#4352 = CARTESIAN_POINT('',(-2.950972753951,18.390289787163,
    5.795314066848));
#4353 = CARTESIAN_POINT('',(-3.101892585646,18.195144787835,
    5.714674980145));
#4354 = CARTESIAN_POINT('',(-3.25,18.,5.629165124599));
#4355 = ORIENTED_EDGE('',*,*,#4315,.F.);
#4356 = ORIENTED_EDGE('',*,*,#2465,.T.);
#4357 = B_SPLINE_SURFACE_WITH_KNOTS('',1,1,(
    (#4358,#4359)
    ,(#4360,#4361
    )),.UNSPECIFIED.,.F.,.F.,.F.,(2,2),(2,2),(0.,1.744278210227),(0.,1.)
  ,.PIECEWISE_BEZIER_KNOTS.);
#4358 = CARTESIAN_POINT('',(-2.95,18.,5.109549882328));
#4359 = CARTESIAN_POINT('',(-5.3,18.,9.179869280115));
#4360 = CARTESIAN_POINT('',(-2.261096328972,19.,5.507288602242));
#4361 = CARTESIAN_POINT('',(-4.062308658831,19.,9.894450709113));
#4362 = ADVANCED_FACE('',(#4363),#4383,.T.);
#4363 = FACE_BOUND('',#4364,.T.);
#4364 = EDGE_LOOP('',(#4365,#4366,#4373,#4382));
#4365 = ORIENTED_EDGE('',*,*,#2452,.T.);
#4366 = ORIENTED_EDGE('',*,*,#4367,.T.);
#4367 = EDGE_CURVE('',#2440,#4368,#4370,.T.);
#4368 = VERTEX_POINT('',#4369);
#4369 = CARTESIAN_POINT('',(-3.956949288557,18.976457278202,
    5.156796711893));
#4370 = B_SPLINE_CURVE_WITH_KNOTS('',1,(#4371,#4372),.UNSPECIFIED.,.F.,
  .F.,(2,2),(0.,1.),.PIECEWISE_BEZIER_KNOTS.);
#4371 = CARTESIAN_POINT('',(-6.508552718253,18.976457278202,
    8.482111042902));
#4372 = CARTESIAN_POINT('',(-3.622685003556,18.976457278202,
    4.721175014445));
#4373 = ORIENTED_EDGE('',*,*,#4374,.F.);
#4374 = EDGE_CURVE('',#4341,#4368,#4375,.T.);
#4375 = B_SPLINE_CURVE_WITH_KNOTS('',5,(#4376,#4377,#4378,#4379,#4380,
    #4381),.UNSPECIFIED.,.F.,.F.,(6,6),(0.,1.),
  .PIECEWISE_BEZIER_KNOTS.);
#4376 = CARTESIAN_POINT('',(-3.25,18.,5.629165124599));
#4377 = CARTESIAN_POINT('',(-3.398107414355,18.195144787836,
    5.543655269052));
#4378 = CARTESIAN_POINT('',(-3.543402827824,18.390289787162,
    5.453274404221));
#4379 = CARTESIAN_POINT('',(-3.685300551563,18.585508634598,
    5.358359551938));
#4380 = CARTESIAN_POINT('',(-3.823283728051,18.780876331051,
    5.259361913514));
#4381 = CARTESIAN_POINT('',(-3.956949523644,18.976457622184,
    5.156796531504));
#4382 = ORIENTED_EDGE('',*,*,#4340,.T.);
#4383 = B_SPLINE_SURFACE_WITH_KNOTS('',1,1,(
    (#4384,#4385)
    ,(#4386,#4387
    )),.UNSPECIFIED.,.F.,.F.,.F.,(2,2),(2,2),(0.,1.744278210227),(0.,1.)
  ,.PIECEWISE_BEZIER_KNOTS.);
#4384 = CARTESIAN_POINT('',(-3.638903671028,19.,4.711811162414));
#4385 = CARTESIAN_POINT('',(-6.537691341169,19.,8.465287851117));
#4386 = CARTESIAN_POINT('',(-2.95,18.,5.109549882328));
#4387 = CARTESIAN_POINT('',(-5.3,18.,9.179869280115));
#4388 = ADVANCED_FACE('',(#4389),#4409,.T.);
#4389 = FACE_BOUND('',#4390,.T.);
#4390 = EDGE_LOOP('',(#4391,#4398,#4407,#4408));
#4391 = ORIENTED_EDGE('',*,*,#4392,.F.);
#4392 = EDGE_CURVE('',#4393,#2427,#4395,.T.);
#4393 = VERTEX_POINT('',#4394);
#4394 = CARTESIAN_POINT('',(-4.596194077713,18.,4.596194077713));
#4395 = B_SPLINE_CURVE_WITH_KNOTS('',1,(#4396,#4397),.UNSPECIFIED.,.F.,
  .F.,(2,2),(0.,1.),.PIECEWISE_BEZIER_KNOTS.);
#4396 = CARTESIAN_POINT('',(-4.171930009001,18.,4.171930009001));
#4397 = CARTESIAN_POINT('',(-7.495331880577,18.,7.495331880577));
#4398 = ORIENTED_EDGE('',*,*,#4399,.F.);
#4399 = EDGE_CURVE('',#4368,#4393,#4400,.T.);
#4400 = B_SPLINE_CURVE_WITH_KNOTS('',5,(#4401,#4402,#4403,#4404,#4405,
    #4406),.UNSPECIFIED.,.F.,.F.,(6,6),(0.,1.),
  .PIECEWISE_BEZIER_KNOTS.);
#4401 = CARTESIAN_POINT('',(-3.95694905347,18.976457622184,
    5.156796892282));
#4402 = CARTESIAN_POINT('',(-4.090614858415,18.780876331049,
    5.054231522458));
#4403 = CARTESIAN_POINT('',(-4.221951908088,18.585508634598,
    4.94657248294));
#4404 = CARTESIAN_POINT('',(-4.350358448567,18.390289787163,
    4.834075578323));
#4405 = CARTESIAN_POINT('',(-4.475264880282,18.195144787835,
    4.717123275143));
#4406 = CARTESIAN_POINT('',(-4.596194077713,18.,4.596194077713));
#4407 = ORIENTED_EDGE('',*,*,#4367,.F.);
#4408 = ORIENTED_EDGE('',*,*,#2439,.T.);
#4409 = B_SPLINE_SURFACE_WITH_KNOTS('',1,1,(
    (#4410,#4411)
    ,(#4412,#4413
    )),.UNSPECIFIED.,.F.,.F.,.F.,(2,2),(2,2),(0.,1.744278210227),(0.,1.)
  ,.PIECEWISE_BEZIER_KNOTS.);
#4410 = CARTESIAN_POINT('',(-4.171930009001,18.,4.171930009001));
#4411 = CARTESIAN_POINT('',(-7.495331880577,18.,7.495331880577));
#4412 = CARTESIAN_POINT('',(-3.609442517018,19.,4.734417500984));
#4413 = CARTESIAN_POINT('',(-6.484761132269,19.,8.505902628886));
#4414 = ADVANCED_FACE('',(#4415),#4435,.T.);
#4415 = FACE_BOUND('',#4416,.T.);
#4416 = EDGE_LOOP('',(#4417,#4418,#4425,#4434));
#4417 = ORIENTED_EDGE('',*,*,#2426,.T.);
#4418 = ORIENTED_EDGE('',*,*,#4419,.T.);
#4419 = EDGE_CURVE('',#2414,#4420,#4422,.T.);
#4420 = VERTEX_POINT('',#4421);
#4421 = CARTESIAN_POINT('',(-5.156796711893,18.976457278202,
    3.956949288557));
#4422 = B_SPLINE_CURVE_WITH_KNOTS('',1,(#4423,#4424),.UNSPECIFIED.,.F.,
  .F.,(2,2),(0.,1.),.PIECEWISE_BEZIER_KNOTS.);
#4423 = CARTESIAN_POINT('',(-8.482111042902,18.976457278202,
    6.508552718253));
#4424 = CARTESIAN_POINT('',(-4.721175014445,18.976457278202,
    3.622685003556));
#4425 = ORIENTED_EDGE('',*,*,#4426,.F.);
#4426 = EDGE_CURVE('',#4393,#4420,#4427,.T.);
#4427 = B_SPLINE_CURVE_WITH_KNOTS('',5,(#4428,#4429,#4430,#4431,#4432,
    #4433),.UNSPECIFIED.,.F.,.F.,(6,6),(0.,1.),
  .PIECEWISE_BEZIER_KNOTS.);
#4428 = CARTESIAN_POINT('',(-4.596194077713,18.,4.596194077713));
#4429 = CARTESIAN_POINT('',(-4.717123275143,18.195144787836,
    4.475264880282));
#4430 = CARTESIAN_POINT('',(-4.834075578323,18.390289787162,
    4.350358448568));
#4431 = CARTESIAN_POINT('',(-4.946572482941,18.585508634598,
    4.221951908088));
#4432 = CARTESIAN_POINT('',(-5.054231522459,18.780876331051,
    4.090614858414));
#4433 = CARTESIAN_POINT('',(-5.156796892282,18.976457622184,
    3.95694905347));
#4434 = ORIENTED_EDGE('',*,*,#4392,.T.);
#4435 = B_SPLINE_SURFACE_WITH_KNOTS('',1,1,(
    (#4436,#4437)
    ,(#4438,#4439
    )),.UNSPECIFIED.,.F.,.F.,.F.,(2,2),(2,2),(0.,1.744278210227),(0.,1.)
  ,.PIECEWISE_BEZIER_KNOTS.);
#4436 = CARTESIAN_POINT('',(-4.734417500984,19.,3.609442517018));
#4437 = CARTESIAN_POINT('',(-8.505902628886,19.,6.484761132269));
#4438 = CARTESIAN_POINT('',(-4.171930009001,18.,4.171930009001));
#4439 = CARTESIAN_POINT('',(-7.495331880577,18.,7.495331880577));
#4440 = ADVANCED_FACE('',(#4441),#4461,.T.);
#4441 = FACE_BOUND('',#4442,.T.);
#4442 = EDGE_LOOP('',(#4443,#4450,#4459,#4460));
#4443 = ORIENTED_EDGE('',*,*,#4444,.F.);
#4444 = EDGE_CURVE('',#4445,#2403,#4447,.T.);
#4445 = VERTEX_POINT('',#4446);
#4446 = CARTESIAN_POINT('',(-5.629165124599,18.,3.25));
#4447 = B_SPLINE_CURVE_WITH_KNOTS('',1,(#4448,#4449),.UNSPECIFIED.,.F.,
  .F.,(2,2),(0.,1.),.PIECEWISE_BEZIER_KNOTS.);
#4448 = CARTESIAN_POINT('',(-5.109549882328,18.,2.95));
#4449 = CARTESIAN_POINT('',(-9.179869280115,18.,5.3));
#4450 = ORIENTED_EDGE('',*,*,#4451,.F.);
#4451 = EDGE_CURVE('',#4420,#4445,#4452,.T.);
#4452 = B_SPLINE_CURVE_WITH_KNOTS('',5,(#4453,#4454,#4455,#4456,#4457,
    #4458),.UNSPECIFIED.,.F.,.F.,(6,6),(0.,1.),
  .PIECEWISE_BEZIER_KNOTS.);
#4453 = CARTESIAN_POINT('',(-5.156796531504,18.976457622184,
    3.956949523644));
#4454 = CARTESIAN_POINT('',(-5.259361913515,18.780876331049,
    3.823283728049));
#4455 = CARTESIAN_POINT('',(-5.358359551938,18.585508634598,
    3.685300551563));
#4456 = CARTESIAN_POINT('',(-5.453274404221,18.390289787163,
    3.543402827824));
#4457 = CARTESIAN_POINT('',(-5.543655269053,18.195144787835,
    3.398107414354));
#4458 = CARTESIAN_POINT('',(-5.629165124599,18.,3.25));
#4459 = ORIENTED_EDGE('',*,*,#4419,.F.);
#4460 = ORIENTED_EDGE('',*,*,#2413,.T.);
#4461 = B_SPLINE_SURFACE_WITH_KNOTS('',1,1,(
    (#4462,#4463)
    ,(#4464,#4465
    )),.UNSPECIFIED.,.F.,.F.,.F.,(2,2),(2,2),(0.,1.744278210227),(0.,1.)
  ,.PIECEWISE_BEZIER_KNOTS.);
#4462 = CARTESIAN_POINT('',(-5.109549882328,18.,2.95));
#4463 = CARTESIAN_POINT('',(-9.179869280115,18.,5.3));
#4464 = CARTESIAN_POINT('',(-4.711811162414,19.,3.638903671028));
#4465 = CARTESIAN_POINT('',(-8.465287851117,19.,6.537691341169));
#4466 = ADVANCED_FACE('',(#4467),#4487,.T.);
#4467 = FACE_BOUND('',#4468,.T.);
#4468 = EDGE_LOOP('',(#4469,#4470,#4477,#4486));
#4469 = ORIENTED_EDGE('',*,*,#2402,.T.);
#4470 = ORIENTED_EDGE('',*,*,#4471,.T.);
#4471 = EDGE_CURVE('',#2392,#4472,#4474,.T.);
#4472 = VERTEX_POINT('',#4473);
#4473 = CARTESIAN_POINT('',(-6.005216961323,18.976457278202,
    2.487442310373));
#4474 = B_SPLINE_CURVE_WITH_KNOTS('',1,(#4475,#4476),.UNSPECIFIED.,.F.,
  .F.,(2,2),(0.,1.),.PIECEWISE_BEZIER_KNOTS.);
#4475 = CARTESIAN_POINT('',(-9.877627517328,18.976457278202,
    4.091447281747));
#4476 = CARTESIAN_POINT('',(-5.497924750211,18.976457278202,
    2.277314996444));
#4477 = ORIENTED_EDGE('',*,*,#4478,.F.);
#4478 = EDGE_CURVE('',#4445,#4472,#4479,.T.);
#4479 = B_SPLINE_CURVE_WITH_KNOTS('',5,(#4480,#4481,#4482,#4483,#4484,
    #4485),.UNSPECIFIED.,.F.,.F.,(6,6),(0.,1.),
  .PIECEWISE_BEZIER_KNOTS.);
#4480 = CARTESIAN_POINT('',(-5.629165124599,18.,3.25));
#4481 = CARTESIAN_POINT('',(-5.714674980146,18.195144787836,
    3.101892585645));
#4482 = CARTESIAN_POINT('',(-5.795314066847,18.390289787162,
    2.950972753951));
#4483 = CARTESIAN_POINT('',(-5.870743674203,18.585508634599,
    2.797825218807));
#4484 = CARTESIAN_POINT('',(-5.940741791125,18.780876331051,
    2.643099160774));
#4485 = CARTESIAN_POINT('',(-6.00521707472,18.976457622184,
    2.487442036609));
#4486 = ORIENTED_EDGE('',*,*,#4444,.T.);
#4487 = B_SPLINE_SURFACE_WITH_KNOTS('',1,1,(
    (#4488,#4489)
    ,(#4490,#4491
    )),.UNSPECIFIED.,.F.,.F.,.F.,(2,2),(2,2),(0.,1.744278210227),(0.,1.)
  ,.PIECEWISE_BEZIER_KNOTS.);
#4488 = CARTESIAN_POINT('',(-5.507288602242,19.,2.261096328972));
#4489 = CARTESIAN_POINT('',(-9.894450709113,19.,4.062308658831));
#4490 = CARTESIAN_POINT('',(-5.109549882328,18.,2.95));
#4491 = CARTESIAN_POINT('',(-9.179869280115,18.,5.3));
#4492 = ADVANCED_FACE('',(#4493),#4513,.T.);
#4493 = FACE_BOUND('',#4494,.T.);
#4494 = EDGE_LOOP('',(#4495,#4502,#4511,#4512));
#4495 = ORIENTED_EDGE('',*,*,#4496,.F.);
#4496 = EDGE_CURVE('',#4497,#2381,#4499,.T.);
#4497 = VERTEX_POINT('',#4498);
#4498 = CARTESIAN_POINT('',(-6.278517870879,18.,1.682323793166));
#4499 = B_SPLINE_CURVE_WITH_KNOTS('',1,(#4500,#4501),.UNSPECIFIED.,.F.,
  .F.,(2,2),(0.,1.),.PIECEWISE_BEZIER_KNOTS.);
#4500 = CARTESIAN_POINT('',(-5.698962375106,18.,1.527032366105));
#4501 = CARTESIAN_POINT('',(-10.23881375866,18.,2.743481878087));
#4502 = ORIENTED_EDGE('',*,*,#4503,.F.);
#4503 = EDGE_CURVE('',#4472,#4497,#4504,.T.);
#4504 = B_SPLINE_CURVE_WITH_KNOTS('',5,(#4505,#4506,#4507,#4508,#4509,
    #4510),.UNSPECIFIED.,.F.,.F.,(6,6),(0.,1.),
  .PIECEWISE_BEZIER_KNOTS.);
#4505 = CARTESIAN_POINT('',(-6.005216847926,18.976457622184,
    2.487442584138));
#4506 = CARTESIAN_POINT('',(-6.069692145715,18.780876331049,
    2.331785465849));
#4507 = CARTESIAN_POINT('',(-6.129603847431,18.585508634598,
    2.172881477843));
#4508 = CARTESIAN_POINT('',(-6.184558721189,18.390289787163,
    2.011253030358));
#4509 = CARTESIAN_POINT('',(-6.23425471256,18.195144787835,
    1.847516148915));
#4510 = CARTESIAN_POINT('',(-6.278517870879,18.,1.682323793166));
#4511 = ORIENTED_EDGE('',*,*,#4471,.F.);
#4512 = ORIENTED_EDGE('',*,*,#2391,.T.);
#4513 = B_SPLINE_SURFACE_WITH_KNOTS('',1,1,(
    (#4514,#4515)
    ,(#4516,#4517
    )),.UNSPECIFIED.,.F.,.F.,.F.,(2,2),(2,2),(0.,1.744278210227),(0.,1.)
  ,.PIECEWISE_BEZIER_KNOTS.);
#4514 = CARTESIAN_POINT('',(-5.698962375106,18.,1.527032366105));
#4515 = CARTESIAN_POINT('',(-10.23881375866,18.,2.743481878087));
#4516 = CARTESIAN_POINT('',(-5.493077663729,19.,2.295404569465));
#4517 = CARTESIAN_POINT('',(-9.868919192462,19.,4.123947192598));
#4518 = ADVANCED_FACE('',(#4519),#4539,.T.);
#4519 = FACE_BOUND('',#4520,.T.);
#4520 = EDGE_LOOP('',(#4521,#4522,#4529,#4538));
#4521 = ORIENTED_EDGE('',*,*,#2380,.T.);
#4522 = ORIENTED_EDGE('',*,*,#4523,.T.);
#4523 = EDGE_CURVE('',#2370,#4524,#4526,.T.);
#4524 = VERTEX_POINT('',#4525);
#4525 = CARTESIAN_POINT('',(-6.44439159893,18.976457278202,0.84842024943
    ));
#4526 = B_SPLINE_CURVE_WITH_KNOTS('',1,(#4527,#4528),.UNSPECIFIED.,.F.,
  .F.,(2,2),(0.,1.),.PIECEWISE_BEZIER_KNOTS.);
#4527 = CARTESIAN_POINT('',(-10.6,18.976457278202,1.395516474426));
#4528 = CARTESIAN_POINT('',(-5.9,18.976457278202,0.776749735766));
#4529 = ORIENTED_EDGE('',*,*,#4530,.F.);
#4530 = EDGE_CURVE('',#4497,#4524,#4531,.T.);
#4531 = B_SPLINE_CURVE_WITH_KNOTS('',5,(#4532,#4533,#4534,#4535,#4536,
    #4537),.UNSPECIFIED.,.F.,.F.,(6,6),(0.,1.),
  .PIECEWISE_BEZIER_KNOTS.);
#4532 = CARTESIAN_POINT('',(-6.278517870879,18.,1.682323793166));
#4533 = CARTESIAN_POINT('',(-6.322781029199,18.195144787839,
    1.517131437414));
#4534 = CARTESIAN_POINT('',(-6.361611478926,18.390289787164,
    1.350483142865));
#4535 = CARTESIAN_POINT('',(-6.394833385931,18.585508634597,
    1.183031364491));
#4536 = CARTESIAN_POINT('',(-6.422400324265,18.780876331049,
    1.015460623257));
#4537 = CARTESIAN_POINT('',(-6.444391637607,18.976457622184,
    0.848419955645));
#4538 = ORIENTED_EDGE('',*,*,#4496,.T.);
#4539 = B_SPLINE_SURFACE_WITH_KNOTS('',1,1,(
    (#4540,#4541)
    ,(#4542,#4543
    )),.UNSPECIFIED.,.F.,.F.,.F.,(2,2),(2,2),(0.,1.744278210227),(0.,1.)
  ,.PIECEWISE_BEZIER_KNOTS.);
#4540 = CARTESIAN_POINT('',(-5.904847086482,19.,0.758660162745));
#4541 = CARTESIAN_POINT('',(-10.60870832486,19.,1.363016563576));
#4542 = CARTESIAN_POINT('',(-5.698962375106,18.,1.527032366105));
#4543 = CARTESIAN_POINT('',(-10.23881375866,18.,2.743481878087));
#4544 = ADVANCED_FACE('',(#4545),#4565,.T.);
#4545 = FACE_BOUND('',#4546,.T.);
#4546 = EDGE_LOOP('',(#4547,#4554,#4563,#4564));
#4547 = ORIENTED_EDGE('',*,*,#4548,.F.);
#4548 = EDGE_CURVE('',#4549,#2359,#4551,.T.);
#4549 = VERTEX_POINT('',#4550);
#4550 = CARTESIAN_POINT('',(-6.5,18.,1.003891964482E-15));
#4551 = B_SPLINE_CURVE_WITH_KNOTS('',1,(#4552,#4553),.UNSPECIFIED.,.F.,
  .F.,(2,2),(0.,1.),.PIECEWISE_BEZIER_KNOTS.);
#4552 = CARTESIAN_POINT('',(-5.9,18.,9.44586216422E-16));
#4553 = CARTESIAN_POINT('',(-10.6,18.,1.409147909559E-15));
#4554 = ORIENTED_EDGE('',*,*,#4555,.F.);
#4555 = EDGE_CURVE('',#4524,#4549,#4556,.T.);
#4556 = B_SPLINE_CURVE_WITH_KNOTS('',5,(#4557,#4558,#4559,#4560,#4561,
    #4562),.UNSPECIFIED.,.F.,.F.,(6,6),(0.,1.),
  .PIECEWISE_BEZIER_KNOTS.);
#4557 = CARTESIAN_POINT('',(-6.444391560252,18.976457622184,
    0.848420543216));
#4558 = CARTESIAN_POINT('',(-6.466382888825,18.780876331049,
    0.681379877609));
#4559 = CARTESIAN_POINT('',(-6.48312577037,18.585508634598,
    0.512384122265));
#4560 = CARTESIAN_POINT('',(-6.494375581775,18.390289787163,
    0.342039662627));
#4561 = CARTESIAN_POINT('',(-6.5,18.195144787835,0.171019711093));
#4562 = CARTESIAN_POINT('',(-6.5,18.,8.881784197001E-16));
#4563 = ORIENTED_EDGE('',*,*,#4523,.F.);
#4564 = ORIENTED_EDGE('',*,*,#2369,.T.);
#4565 = B_SPLINE_SURFACE_WITH_KNOTS('',1,1,(
    (#4566,#4567)
    ,(#4568,#4569
    )),.UNSPECIFIED.,.F.,.F.,.F.,(2,2),(2,2),(0.,1.744278210227),(0.,1.)
  ,.PIECEWISE_BEZIER_KNOTS.);
#4566 = CARTESIAN_POINT('',(-5.9,18.,8.335639139595E-16));
#4567 = CARTESIAN_POINT('',(-10.6,18.,1.409147909559E-15));
#4568 = CARTESIAN_POINT('',(-5.9,19.,0.795477439828));
#4569 = CARTESIAN_POINT('',(-10.6,19.,1.429162857996));
#4570 = ADVANCED_FACE('',(#4571),#4591,.T.);
#4571 = FACE_BOUND('',#4572,.T.);
#4572 = EDGE_LOOP('',(#4573,#4574,#4581,#4590));
#4573 = ORIENTED_EDGE('',*,*,#2358,.T.);
#4574 = ORIENTED_EDGE('',*,*,#4575,.T.);
#4575 = EDGE_CURVE('',#2348,#4576,#4578,.T.);
#4576 = VERTEX_POINT('',#4577);
#4577 = CARTESIAN_POINT('',(-6.44439159893,18.976457278202,
    -0.84842024943));
#4578 = B_SPLINE_CURVE_WITH_KNOTS('',1,(#4579,#4580),.UNSPECIFIED.,.F.,
  .F.,(2,2),(0.,1.),.PIECEWISE_BEZIER_KNOTS.);
#4579 = CARTESIAN_POINT('',(-10.6,18.976457278202,-1.395516474426));
#4580 = CARTESIAN_POINT('',(-5.9,18.976457278202,-0.776749735766));
#4581 = ORIENTED_EDGE('',*,*,#4582,.F.);
#4582 = EDGE_CURVE('',#4549,#4576,#4583,.T.);
#4583 = B_SPLINE_CURVE_WITH_KNOTS('',5,(#4584,#4585,#4586,#4587,#4588,
    #4589),.UNSPECIFIED.,.F.,.F.,(6,6),(0.,1.),
  .PIECEWISE_BEZIER_KNOTS.);
#4584 = CARTESIAN_POINT('',(-6.5,18.,9.992007221626E-16));
#4585 = CARTESIAN_POINT('',(-6.5,18.195144787839,-0.171019711096));
#4586 = CARTESIAN_POINT('',(-6.494375581775,18.390289787164,
    -0.342039662627));
#4587 = CARTESIAN_POINT('',(-6.483125770371,18.585508634597,
    -0.512384122265));
#4588 = CARTESIAN_POINT('',(-6.466382888825,18.780876331049,
    -0.681379877609));
#4589 = CARTESIAN_POINT('',(-6.444391560252,18.976457622184,
    -0.848420543216));
#4590 = ORIENTED_EDGE('',*,*,#4548,.T.);
#4591 = B_SPLINE_SURFACE_WITH_KNOTS('',1,1,(
    (#4592,#4593)
    ,(#4594,#4595
    )),.UNSPECIFIED.,.F.,.F.,.F.,(2,2),(2,2),(0.,1.744278210227),(0.,1.)
  ,.PIECEWISE_BEZIER_KNOTS.);
#4592 = CARTESIAN_POINT('',(-5.9,19.,-0.795477439828));
#4593 = CARTESIAN_POINT('',(-10.6,19.,-1.429162857996));
#4594 = CARTESIAN_POINT('',(-5.9,18.,9.44586216422E-16));
#4595 = CARTESIAN_POINT('',(-10.6,18.,1.409147909559E-15));
#4596 = ADVANCED_FACE('',(#4597),#4617,.T.);
#4597 = FACE_BOUND('',#4598,.T.);
#4598 = EDGE_LOOP('',(#4599,#4606,#4615,#4616));
#4599 = ORIENTED_EDGE('',*,*,#4600,.F.);
#4600 = EDGE_CURVE('',#4601,#2337,#4603,.T.);
#4601 = VERTEX_POINT('',#4602);
#4602 = CARTESIAN_POINT('',(-6.278517870879,18.,-1.682323793166));
#4603 = B_SPLINE_CURVE_WITH_KNOTS('',1,(#4604,#4605),.UNSPECIFIED.,.F.,
  .F.,(2,2),(0.,1.),.PIECEWISE_BEZIER_KNOTS.);
#4604 = CARTESIAN_POINT('',(-5.698962375106,18.,-1.527032366105));
#4605 = CARTESIAN_POINT('',(-10.23881375866,18.,-2.743481878087));
#4606 = ORIENTED_EDGE('',*,*,#4607,.F.);
#4607 = EDGE_CURVE('',#4576,#4601,#4608,.T.);
#4608 = B_SPLINE_CURVE_WITH_KNOTS('',5,(#4609,#4610,#4611,#4612,#4613,
    #4614),.UNSPECIFIED.,.F.,.F.,(6,6),(0.,1.),
  .PIECEWISE_BEZIER_KNOTS.);
#4609 = CARTESIAN_POINT('',(-6.444391637607,18.976457622184,
    -0.848419955645));
#4610 = CARTESIAN_POINT('',(-6.422400324265,18.780876331049,
    -1.015460623257));
#4611 = CARTESIAN_POINT('',(-6.394833385931,18.585508634598,
    -1.18303136449));
#4612 = CARTESIAN_POINT('',(-6.361611478926,18.390289787163,
    -1.350483142866));
#4613 = CARTESIAN_POINT('',(-6.322781029198,18.195144787835,
    -1.517131437418));
#4614 = CARTESIAN_POINT('',(-6.278517870879,18.,-1.682323793166));
#4615 = ORIENTED_EDGE('',*,*,#4575,.F.);
#4616 = ORIENTED_EDGE('',*,*,#2347,.T.);
#4617 = B_SPLINE_SURFACE_WITH_KNOTS('',1,1,(
    (#4618,#4619)
    ,(#4620,#4621
    )),.UNSPECIFIED.,.F.,.F.,.F.,(2,2),(2,2),(0.,1.744278210227),(0.,1.)
  ,.PIECEWISE_BEZIER_KNOTS.);
#4618 = CARTESIAN_POINT('',(-5.698962375106,18.,-1.527032366105));
#4619 = CARTESIAN_POINT('',(-10.23881375866,18.,-2.743481878087));
#4620 = CARTESIAN_POINT('',(-5.904847086482,19.,-0.758660162745));
#4621 = CARTESIAN_POINT('',(-10.60870832486,19.,-1.363016563576));
#4622 = ADVANCED_FACE('',(#4623),#4643,.T.);
#4623 = FACE_BOUND('',#4624,.T.);
#4624 = EDGE_LOOP('',(#4625,#4626,#4633,#4642));
#4625 = ORIENTED_EDGE('',*,*,#2336,.T.);
#4626 = ORIENTED_EDGE('',*,*,#4627,.T.);
#4627 = EDGE_CURVE('',#2326,#4628,#4630,.T.);
#4628 = VERTEX_POINT('',#4629);
#4629 = CARTESIAN_POINT('',(-6.005216961323,18.976457278202,
    -2.487442310373));
#4630 = B_SPLINE_CURVE_WITH_KNOTS('',1,(#4631,#4632),.UNSPECIFIED.,.F.,
  .F.,(2,2),(0.,1.),.PIECEWISE_BEZIER_KNOTS.);
#4631 = CARTESIAN_POINT('',(-9.877627517328,18.976457278202,
    -4.091447281747));
#4632 = CARTESIAN_POINT('',(-5.497924750211,18.976457278202,
    -2.277314996444));
#4633 = ORIENTED_EDGE('',*,*,#4634,.F.);
#4634 = EDGE_CURVE('',#4601,#4628,#4635,.T.);
#4635 = B_SPLINE_CURVE_WITH_KNOTS('',5,(#4636,#4637,#4638,#4639,#4640,
    #4641),.UNSPECIFIED.,.F.,.F.,(6,6),(0.,1.),
  .PIECEWISE_BEZIER_KNOTS.);
#4636 = CARTESIAN_POINT('',(-6.278517870879,18.,-1.682323793166));
#4637 = CARTESIAN_POINT('',(-6.23425471256,18.195144787836,
    -1.847516148916));
#4638 = CARTESIAN_POINT('',(-6.184558721189,18.390289787162,
    -2.011253030358));
#4639 = CARTESIAN_POINT('',(-6.129603847431,18.585508634598,
    -2.172881477844));
#4640 = CARTESIAN_POINT('',(-6.069692145714,18.780876331051,
    -2.331785465851));
#4641 = CARTESIAN_POINT('',(-6.005216847926,18.976457622184,
    -2.487442584138));
#4642 = ORIENTED_EDGE('',*,*,#4600,.T.);
#4643 = B_SPLINE_SURFACE_WITH_KNOTS('',1,1,(
    (#4644,#4645)
    ,(#4646,#4647
    )),.UNSPECIFIED.,.F.,.F.,.F.,(2,2),(2,2),(0.,1.744278210227),(0.,1.)
  ,.PIECEWISE_BEZIER_KNOTS.);
#4644 = CARTESIAN_POINT('',(-5.493077663729,19.,-2.295404569465));
#4645 = CARTESIAN_POINT('',(-9.868919192462,19.,-4.123947192598));
#4646 = CARTESIAN_POINT('',(-5.698962375106,18.,-1.527032366105));
#4647 = CARTESIAN_POINT('',(-10.23881375866,18.,-2.743481878087));
#4648 = ADVANCED_FACE('',(#4649),#4669,.T.);
#4649 = FACE_BOUND('',#4650,.T.);
#4650 = EDGE_LOOP('',(#4651,#4658,#4667,#4668));
#4651 = ORIENTED_EDGE('',*,*,#4652,.F.);
#4652 = EDGE_CURVE('',#4653,#2313,#4655,.T.);
#4653 = VERTEX_POINT('',#4654);
#4654 = CARTESIAN_POINT('',(-5.629165124599,18.,-3.25));
#4655 = B_SPLINE_CURVE_WITH_KNOTS('',1,(#4656,#4657),.UNSPECIFIED.,.F.,
  .F.,(2,2),(0.,1.),.PIECEWISE_BEZIER_KNOTS.);
#4656 = CARTESIAN_POINT('',(-5.109549882328,18.,-2.95));
#4657 = CARTESIAN_POINT('',(-9.179869280115,18.,-5.3));
#4658 = ORIENTED_EDGE('',*,*,#4659,.F.);
#4659 = EDGE_CURVE('',#4628,#4653,#4660,.T.);
#4660 = B_SPLINE_CURVE_WITH_KNOTS('',5,(#4661,#4662,#4663,#4664,#4665,
    #4666),.UNSPECIFIED.,.F.,.F.,(6,6),(0.,1.),
  .PIECEWISE_BEZIER_KNOTS.);
#4661 = CARTESIAN_POINT('',(-6.00521707472,18.976457622184,
    -2.487442036609));
#4662 = CARTESIAN_POINT('',(-5.940741791124,18.780876331049,
    -2.643099160775));
#4663 = CARTESIAN_POINT('',(-5.870743674203,18.585508634598,
    -2.797825218808));
#4664 = CARTESIAN_POINT('',(-5.795314066848,18.390289787163,
    -2.950972753951));
#4665 = CARTESIAN_POINT('',(-5.714674980145,18.195144787835,
    -3.101892585646));
#4666 = CARTESIAN_POINT('',(-5.629165124599,18.,-3.25));
#4667 = ORIENTED_EDGE('',*,*,#4627,.F.);
#4668 = ORIENTED_EDGE('',*,*,#2325,.T.);
#4669 = B_SPLINE_SURFACE_WITH_KNOTS('',1,1,(
    (#4670,#4671)
    ,(#4672,#4673
    )),.UNSPECIFIED.,.F.,.F.,.F.,(2,2),(2,2),(0.,1.744278210227),(0.,1.)
  ,.PIECEWISE_BEZIER_KNOTS.);
#4670 = CARTESIAN_POINT('',(-5.109549882328,18.,-2.95));
#4671 = CARTESIAN_POINT('',(-9.179869280115,18.,-5.3));
#4672 = CARTESIAN_POINT('',(-5.507288602242,19.,-2.261096328972));
#4673 = CARTESIAN_POINT('',(-9.894450709113,19.,-4.062308658831));
#4674 = ADVANCED_FACE('',(#4675),#4695,.T.);
#4675 = FACE_BOUND('',#4676,.T.);
#4676 = EDGE_LOOP('',(#4677,#4678,#4685,#4694));
#4677 = ORIENTED_EDGE('',*,*,#2312,.T.);
#4678 = ORIENTED_EDGE('',*,*,#4679,.T.);
#4679 = EDGE_CURVE('',#2300,#4680,#4682,.T.);
#4680 = VERTEX_POINT('',#4681);
#4681 = CARTESIAN_POINT('',(-5.156796711893,18.976457278202,
    -3.956949288557));
#4682 = B_SPLINE_CURVE_WITH_KNOTS('',1,(#4683,#4684),.UNSPECIFIED.,.F.,
  .F.,(2,2),(0.,1.),.PIECEWISE_BEZIER_KNOTS.);
#4683 = CARTESIAN_POINT('',(-8.482111042902,18.976457278202,
    -6.508552718253));
#4684 = CARTESIAN_POINT('',(-4.721175014445,18.976457278202,
    -3.622685003556));
#4685 = ORIENTED_EDGE('',*,*,#4686,.F.);
#4686 = EDGE_CURVE('',#4653,#4680,#4687,.T.);
#4687 = B_SPLINE_CURVE_WITH_KNOTS('',5,(#4688,#4689,#4690,#4691,#4692,
    #4693),.UNSPECIFIED.,.F.,.F.,(6,6),(0.,1.),
  .PIECEWISE_BEZIER_KNOTS.);
#4688 = CARTESIAN_POINT('',(-5.629165124599,18.,-3.25));
#4689 = CARTESIAN_POINT('',(-5.543655269052,18.195144787836,
    -3.398107414355));
#4690 = CARTESIAN_POINT('',(-5.453274404221,18.390289787162,
    -3.543402827824));
#4691 = CARTESIAN_POINT('',(-5.358359551938,18.585508634598,
    -3.685300551563));
#4692 = CARTESIAN_POINT('',(-5.259361913514,18.780876331051,
    -3.823283728051));
#4693 = CARTESIAN_POINT('',(-5.156796531504,18.976457622184,
    -3.956949523644));
#4694 = ORIENTED_EDGE('',*,*,#4652,.T.);
#4695 = B_SPLINE_SURFACE_WITH_KNOTS('',1,1,(
    (#4696,#4697)
    ,(#4698,#4699
    )),.UNSPECIFIED.,.F.,.F.,.F.,(2,2),(2,2),(0.,1.744278210227),(0.,1.)
  ,.PIECEWISE_BEZIER_KNOTS.);
#4696 = CARTESIAN_POINT('',(-4.711811162414,19.,-3.638903671028));
#4697 = CARTESIAN_POINT('',(-8.465287851117,19.,-6.537691341169));
#4698 = CARTESIAN_POINT('',(-5.109549882328,18.,-2.95));
#4699 = CARTESIAN_POINT('',(-9.179869280115,18.,-5.3));
#4700 = ADVANCED_FACE('',(#4701),#4721,.T.);
#4701 = FACE_BOUND('',#4702,.T.);
#4702 = EDGE_LOOP('',(#4703,#4710,#4719,#4720));
#4703 = ORIENTED_EDGE('',*,*,#4704,.F.);
#4704 = EDGE_CURVE('',#4705,#2287,#4707,.T.);
#4705 = VERTEX_POINT('',#4706);
#4706 = CARTESIAN_POINT('',(-4.596194077713,18.,-4.596194077713));
#4707 = B_SPLINE_CURVE_WITH_KNOTS('',1,(#4708,#4709),.UNSPECIFIED.,.F.,
  .F.,(2,2),(0.,1.),.PIECEWISE_BEZIER_KNOTS.);
#4708 = CARTESIAN_POINT('',(-4.171930009001,18.,-4.171930009001));
#4709 = CARTESIAN_POINT('',(-7.495331880577,18.,-7.495331880577));
#4710 = ORIENTED_EDGE('',*,*,#4711,.F.);
#4711 = EDGE_CURVE('',#4680,#4705,#4712,.T.);
#4712 = B_SPLINE_CURVE_WITH_KNOTS('',5,(#4713,#4714,#4715,#4716,#4717,
    #4718),.UNSPECIFIED.,.F.,.F.,(6,6),(0.,1.),
  .PIECEWISE_BEZIER_KNOTS.);
#4713 = CARTESIAN_POINT('',(-5.156796892282,18.976457622184,
    -3.95694905347));
#4714 = CARTESIAN_POINT('',(-5.054231522458,18.780876331049,
    -4.090614858415));
#4715 = CARTESIAN_POINT('',(-4.94657248294,18.585508634598,
    -4.221951908088));
#4716 = CARTESIAN_POINT('',(-4.834075578323,18.390289787163,
    -4.350358448567));
#4717 = CARTESIAN_POINT('',(-4.717123275143,18.195144787835,
    -4.475264880282));
#4718 = CARTESIAN_POINT('',(-4.596194077713,18.,-4.596194077713));
#4719 = ORIENTED_EDGE('',*,*,#4679,.F.);
#4720 = ORIENTED_EDGE('',*,*,#2299,.T.);
#4721 = B_SPLINE_SURFACE_WITH_KNOTS('',1,1,(
    (#4722,#4723)
    ,(#4724,#4725
    )),.UNSPECIFIED.,.F.,.F.,.F.,(2,2),(2,2),(0.,1.744278210227),(0.,1.)
  ,.PIECEWISE_BEZIER_KNOTS.);
#4722 = CARTESIAN_POINT('',(-4.171930009001,18.,-4.171930009001));
#4723 = CARTESIAN_POINT('',(-7.495331880577,18.,-7.495331880577));
#4724 = CARTESIAN_POINT('',(-4.734417500984,19.,-3.609442517018));
#4725 = CARTESIAN_POINT('',(-8.505902628886,19.,-6.484761132269));
#4726 = ADVANCED_FACE('',(#4727),#4747,.T.);
#4727 = FACE_BOUND('',#4728,.T.);
#4728 = EDGE_LOOP('',(#4729,#4730,#4737,#4746));
#4729 = ORIENTED_EDGE('',*,*,#2286,.T.);
#4730 = ORIENTED_EDGE('',*,*,#4731,.T.);
#4731 = EDGE_CURVE('',#2274,#4732,#4734,.T.);
#4732 = VERTEX_POINT('',#4733);
#4733 = CARTESIAN_POINT('',(-3.956949288557,18.976457278202,
    -5.156796711893));
#4734 = B_SPLINE_CURVE_WITH_KNOTS('',1,(#4735,#4736),.UNSPECIFIED.,.F.,
  .F.,(2,2),(0.,1.),.PIECEWISE_BEZIER_KNOTS.);
#4735 = CARTESIAN_POINT('',(-6.508552718253,18.976457278202,
    -8.482111042902));
#4736 = CARTESIAN_POINT('',(-3.622685003556,18.976457278202,
    -4.721175014445));
#4737 = ORIENTED_EDGE('',*,*,#4738,.F.);
#4738 = EDGE_CURVE('',#4705,#4732,#4739,.T.);
#4739 = B_SPLINE_CURVE_WITH_KNOTS('',5,(#4740,#4741,#4742,#4743,#4744,
    #4745),.UNSPECIFIED.,.F.,.F.,(6,6),(0.,1.),
  .PIECEWISE_BEZIER_KNOTS.);
#4740 = CARTESIAN_POINT('',(-4.596194077713,18.,-4.596194077713));
#4741 = CARTESIAN_POINT('',(-4.475264880282,18.195144787836,
    -4.717123275143));
#4742 = CARTESIAN_POINT('',(-4.350358448567,18.390289787162,
    -4.834075578323));
#4743 = CARTESIAN_POINT('',(-4.221951908088,18.585508634598,
    -4.946572482941));
#4744 = CARTESIAN_POINT('',(-4.090614858414,18.780876331051,
    -5.054231522459));
#4745 = CARTESIAN_POINT('',(-3.95694905347,18.976457622184,
    -5.156796892282));
#4746 = ORIENTED_EDGE('',*,*,#4704,.T.);
#4747 = B_SPLINE_SURFACE_WITH_KNOTS('',1,1,(
    (#4748,#4749)
    ,(#4750,#4751
    )),.UNSPECIFIED.,.F.,.F.,.F.,(2,2),(2,2),(0.,1.744278210227),(0.,1.)
  ,.PIECEWISE_BEZIER_KNOTS.);
#4748 = CARTESIAN_POINT('',(-3.609442517018,19.,-4.734417500984));
#4749 = CARTESIAN_POINT('',(-6.484761132269,19.,-8.505902628886));
#4750 = CARTESIAN_POINT('',(-4.171930009001,18.,-4.171930009001));
#4751 = CARTESIAN_POINT('',(-7.495331880577,18.,-7.495331880577));
#4752 = ADVANCED_FACE('',(#4753),#4773,.T.);
#4753 = FACE_BOUND('',#4754,.T.);
#4754 = EDGE_LOOP('',(#4755,#4762,#4771,#4772));
#4755 = ORIENTED_EDGE('',*,*,#4756,.F.);
#4756 = EDGE_CURVE('',#4757,#2263,#4759,.T.);
#4757 = VERTEX_POINT('',#4758);
#4758 = CARTESIAN_POINT('',(-3.25,18.,-5.629165124599));
#4759 = B_SPLINE_CURVE_WITH_KNOTS('',1,(#4760,#4761),.UNSPECIFIED.,.F.,
  .F.,(2,2),(0.,1.),.PIECEWISE_BEZIER_KNOTS.);
#4760 = CARTESIAN_POINT('',(-2.95,18.,-5.109549882328));
#4761 = CARTESIAN_POINT('',(-5.3,18.,-9.179869280115));
#4762 = ORIENTED_EDGE('',*,*,#4763,.F.);
#4763 = EDGE_CURVE('',#4732,#4757,#4764,.T.);
#4764 = B_SPLINE_CURVE_WITH_KNOTS('',5,(#4765,#4766,#4767,#4768,#4769,
    #4770),.UNSPECIFIED.,.F.,.F.,(6,6),(0.,1.),
  .PIECEWISE_BEZIER_KNOTS.);
#4765 = CARTESIAN_POINT('',(-3.956949523644,18.976457622184,
    -5.156796531504));
#4766 = CARTESIAN_POINT('',(-3.82328372805,18.780876331049,
    -5.259361913515));
#4767 = CARTESIAN_POINT('',(-3.685300551563,18.585508634598,
    -5.358359551938));
#4768 = CARTESIAN_POINT('',(-3.543402827824,18.390289787163,
    -5.453274404221));
#4769 = CARTESIAN_POINT('',(-3.398107414354,18.195144787835,
    -5.543655269053));
#4770 = CARTESIAN_POINT('',(-3.25,18.,-5.629165124599));
#4771 = ORIENTED_EDGE('',*,*,#4731,.F.);
#4772 = ORIENTED_EDGE('',*,*,#2273,.T.);
#4773 = B_SPLINE_SURFACE_WITH_KNOTS('',1,1,(
    (#4774,#4775)
    ,(#4776,#4777
    )),.UNSPECIFIED.,.F.,.F.,.F.,(2,2),(2,2),(0.,1.744278210227),(0.,1.)
  ,.PIECEWISE_BEZIER_KNOTS.);
#4774 = CARTESIAN_POINT('',(-2.95,18.,-5.109549882328));
#4775 = CARTESIAN_POINT('',(-5.3,18.,-9.179869280115));
#4776 = CARTESIAN_POINT('',(-3.638903671028,19.,-4.711811162414));
#4777 = CARTESIAN_POINT('',(-6.537691341169,19.,-8.465287851117));
#4778 = ADVANCED_FACE('',(#4779),#4799,.T.);
#4779 = FACE_BOUND('',#4780,.T.);
#4780 = EDGE_LOOP('',(#4781,#4782,#4789,#4798));
#4781 = ORIENTED_EDGE('',*,*,#2262,.T.);
#4782 = ORIENTED_EDGE('',*,*,#4783,.T.);
#4783 = EDGE_CURVE('',#2252,#4784,#4786,.T.);
#4784 = VERTEX_POINT('',#4785);
#4785 = CARTESIAN_POINT('',(-2.487442310373,18.976457278202,
    -6.005216961323));
#4786 = B_SPLINE_CURVE_WITH_KNOTS('',1,(#4787,#4788),.UNSPECIFIED.,.F.,
  .F.,(2,2),(0.,1.),.PIECEWISE_BEZIER_KNOTS.);
#4787 = CARTESIAN_POINT('',(-4.091447281747,18.976457278202,
    -9.877627517328));
#4788 = CARTESIAN_POINT('',(-2.277314996444,18.976457278202,
    -5.497924750211));
#4789 = ORIENTED_EDGE('',*,*,#4790,.F.);
#4790 = EDGE_CURVE('',#4757,#4784,#4791,.T.);
#4791 = B_SPLINE_CURVE_WITH_KNOTS('',5,(#4792,#4793,#4794,#4795,#4796,
    #4797),.UNSPECIFIED.,.F.,.F.,(6,6),(0.,1.),
  .PIECEWISE_BEZIER_KNOTS.);
#4792 = CARTESIAN_POINT('',(-3.25,18.,-5.629165124599));
#4793 = CARTESIAN_POINT('',(-3.101892585645,18.195144787836,
    -5.714674980146));
#4794 = CARTESIAN_POINT('',(-2.950972753951,18.390289787162,
    -5.795314066847));
#4795 = CARTESIAN_POINT('',(-2.797825218807,18.585508634598,
    -5.870743674203));
#4796 = CARTESIAN_POINT('',(-2.643099160774,18.780876331051,
    -5.940741791125));
#4797 = CARTESIAN_POINT('',(-2.487442036609,18.976457622184,
    -6.00521707472));
#4798 = ORIENTED_EDGE('',*,*,#4756,.T.);
#4799 = B_SPLINE_SURFACE_WITH_KNOTS('',1,1,(
    (#4800,#4801)
    ,(#4802,#4803
    )),.UNSPECIFIED.,.F.,.F.,.F.,(2,2),(2,2),(0.,1.744278210227),(0.,1.)
  ,.PIECEWISE_BEZIER_KNOTS.);
#4800 = CARTESIAN_POINT('',(-2.261096328972,19.,-5.507288602242));
#4801 = CARTESIAN_POINT('',(-4.062308658831,19.,-9.894450709113));
#4802 = CARTESIAN_POINT('',(-2.95,18.,-5.109549882328));
#4803 = CARTESIAN_POINT('',(-5.3,18.,-9.179869280115));
#4804 = ADVANCED_FACE('',(#4805),#4825,.T.);
#4805 = FACE_BOUND('',#4806,.T.);
#4806 = EDGE_LOOP('',(#4807,#4814,#4823,#4824));
#4807 = ORIENTED_EDGE('',*,*,#4808,.F.);
#4808 = EDGE_CURVE('',#4809,#2241,#4811,.T.);
#4809 = VERTEX_POINT('',#4810);
#4810 = CARTESIAN_POINT('',(-1.682323793166,18.,-6.278517870879));
#4811 = B_SPLINE_CURVE_WITH_KNOTS('',1,(#4812,#4813),.UNSPECIFIED.,.F.,
  .F.,(2,2),(0.,1.),.PIECEWISE_BEZIER_KNOTS.);
#4812 = CARTESIAN_POINT('',(-1.527032366105,18.,-5.698962375106));
#4813 = CARTESIAN_POINT('',(-2.743481878087,18.,-10.23881375866));
#4814 = ORIENTED_EDGE('',*,*,#4815,.F.);
#4815 = EDGE_CURVE('',#4784,#4809,#4816,.T.);
#4816 = B_SPLINE_CURVE_WITH_KNOTS('',5,(#4817,#4818,#4819,#4820,#4821,
    #4822),.UNSPECIFIED.,.F.,.F.,(6,6),(0.,1.),
  .PIECEWISE_BEZIER_KNOTS.);
#4817 = CARTESIAN_POINT('',(-2.487442584138,18.976457622184,
    -6.005216847926));
#4818 = CARTESIAN_POINT('',(-2.331785465849,18.780876331049,
    -6.069692145715));
#4819 = CARTESIAN_POINT('',(-2.172881477843,18.585508634598,
    -6.129603847431));
#4820 = CARTESIAN_POINT('',(-2.011253030358,18.390289787163,
    -6.184558721189));
#4821 = CARTESIAN_POINT('',(-1.847516148915,18.195144787835,
    -6.23425471256));
#4822 = CARTESIAN_POINT('',(-1.682323793166,18.,-6.278517870879));
#4823 = ORIENTED_EDGE('',*,*,#4783,.F.);
#4824 = ORIENTED_EDGE('',*,*,#2251,.T.);
#4825 = B_SPLINE_SURFACE_WITH_KNOTS('',1,1,(
    (#4826,#4827)
    ,(#4828,#4829
    )),.UNSPECIFIED.,.F.,.F.,.F.,(2,2),(2,2),(0.,1.744278210227),(0.,1.)
  ,.PIECEWISE_BEZIER_KNOTS.);
#4826 = CARTESIAN_POINT('',(-1.527032366105,18.,-5.698962375106));
#4827 = CARTESIAN_POINT('',(-2.743481878087,18.,-10.23881375866));
#4828 = CARTESIAN_POINT('',(-2.295404569465,19.,-5.493077663729));
#4829 = CARTESIAN_POINT('',(-4.123947192598,19.,-9.868919192462));
#4830 = ADVANCED_FACE('',(#4831),#4851,.T.);
#4831 = FACE_BOUND('',#4832,.T.);
#4832 = EDGE_LOOP('',(#4833,#4834,#4841,#4850));
#4833 = ORIENTED_EDGE('',*,*,#2240,.T.);
#4834 = ORIENTED_EDGE('',*,*,#4835,.T.);
#4835 = EDGE_CURVE('',#2230,#4836,#4838,.T.);
#4836 = VERTEX_POINT('',#4837);
#4837 = CARTESIAN_POINT('',(-0.84842024943,18.976457278202,
    -6.44439159893));
#4838 = B_SPLINE_CURVE_WITH_KNOTS('',1,(#4839,#4840),.UNSPECIFIED.,.F.,
  .F.,(2,2),(0.,1.),.PIECEWISE_BEZIER_KNOTS.);
#4839 = CARTESIAN_POINT('',(-1.395516474426,18.976457278202,-10.6));
#4840 = CARTESIAN_POINT('',(-0.776749735766,18.976457278202,-5.9));
#4841 = ORIENTED_EDGE('',*,*,#4842,.F.);
#4842 = EDGE_CURVE('',#4809,#4836,#4843,.T.);
#4843 = B_SPLINE_CURVE_WITH_KNOTS('',5,(#4844,#4845,#4846,#4847,#4848,
    #4849),.UNSPECIFIED.,.F.,.F.,(6,6),(0.,1.),
  .PIECEWISE_BEZIER_KNOTS.);
#4844 = CARTESIAN_POINT('',(-1.682323793166,18.,-6.278517870879));
#4845 = CARTESIAN_POINT('',(-1.517131437414,18.195144787839,
    -6.322781029199));
#4846 = CARTESIAN_POINT('',(-1.350483142865,18.390289787164,
    -6.361611478926));
#4847 = CARTESIAN_POINT('',(-1.183031364491,18.585508634597,
    -6.394833385931));
#4848 = CARTESIAN_POINT('',(-1.015460623257,18.780876331049,
    -6.422400324265));
#4849 = CARTESIAN_POINT('',(-0.848419955645,18.976457622184,
    -6.444391637607));
#4850 = ORIENTED_EDGE('',*,*,#4808,.T.);
#4851 = B_SPLINE_SURFACE_WITH_KNOTS('',1,1,(
    (#4852,#4853)
    ,(#4854,#4855
    )),.UNSPECIFIED.,.F.,.F.,.F.,(2,2),(2,2),(0.,1.744278210227),(0.,1.)
  ,.PIECEWISE_BEZIER_KNOTS.);
#4852 = CARTESIAN_POINT('',(-0.758660162745,19.,-5.904847086482));
#4853 = CARTESIAN_POINT('',(-1.363016563576,19.,-10.60870832486));
#4854 = CARTESIAN_POINT('',(-1.527032366105,18.,-5.698962375106));
#4855 = CARTESIAN_POINT('',(-2.743481878087,18.,-10.23881375866));
#4856 = ADVANCED_FACE('',(#4857),#4877,.T.);
#4857 = FACE_BOUND('',#4858,.T.);
#4858 = EDGE_LOOP('',(#4859,#4866,#4875,#4876));
#4859 = ORIENTED_EDGE('',*,*,#4860,.F.);
#4860 = EDGE_CURVE('',#4861,#2219,#4863,.T.);
#4861 = VERTEX_POINT('',#4862);
#4862 = CARTESIAN_POINT('',(-1.540139174586E-15,18.,-6.5));
#4863 = B_SPLINE_CURVE_WITH_KNOTS('',1,(#4864,#4865),.UNSPECIFIED.,.F.,
  .F.,(2,2),(0.,1.),.PIECEWISE_BEZIER_KNOTS.);
#4864 = CARTESIAN_POINT('',(-1.42108547152E-15,18.,-5.9));
#4865 = CARTESIAN_POINT('',(-2.353672812205E-15,18.,-10.6));
#4866 = ORIENTED_EDGE('',*,*,#4867,.F.);
#4867 = EDGE_CURVE('',#4836,#4861,#4868,.T.);
#4868 = B_SPLINE_CURVE_WITH_KNOTS('',5,(#4869,#4870,#4871,#4872,#4873,
    #4874),.UNSPECIFIED.,.F.,.F.,(6,6),(0.,1.),
  .PIECEWISE_BEZIER_KNOTS.);
#4869 = CARTESIAN_POINT('',(-0.848420543216,18.976457622184,
    -6.444391560252));
#4870 = CARTESIAN_POINT('',(-0.681379877609,18.780876331049,
    -6.466382888825));
#4871 = CARTESIAN_POINT('',(-0.512384122265,18.585508634598,
    -6.48312577037));
#4872 = CARTESIAN_POINT('',(-0.342039662627,18.390289787163,
    -6.494375581775));
#4873 = CARTESIAN_POINT('',(-0.171019711093,18.195144787835,-6.5));
#4874 = CARTESIAN_POINT('',(-1.554312234475E-15,18.,-6.5));
#4875 = ORIENTED_EDGE('',*,*,#4835,.F.);
#4876 = ORIENTED_EDGE('',*,*,#2229,.T.);
#4877 = B_SPLINE_SURFACE_WITH_KNOTS('',1,1,(
    (#4878,#4879)
    ,(#4880,#4881
    )),.UNSPECIFIED.,.F.,.F.,.F.,(2,2),(2,2),(0.,1.744278210227),(0.,1.)
  ,.PIECEWISE_BEZIER_KNOTS.);
#4878 = CARTESIAN_POINT('',(-1.310063169058E-15,18.,-5.9));
#4879 = CARTESIAN_POINT('',(-2.353672812205E-15,18.,-10.6));
#4880 = CARTESIAN_POINT('',(-0.795477439828,19.,-5.9));
#4881 = CARTESIAN_POINT('',(-1.429162857996,19.,-10.6));
#4882 = ADVANCED_FACE('',(#4883),#4903,.T.);
#4883 = FACE_BOUND('',#4884,.T.);
#4884 = EDGE_LOOP('',(#4885,#4886,#4893,#4902));
#4885 = ORIENTED_EDGE('',*,*,#2218,.T.);
#4886 = ORIENTED_EDGE('',*,*,#4887,.T.);
#4887 = EDGE_CURVE('',#2208,#4888,#4890,.T.);
#4888 = VERTEX_POINT('',#4889);
#4889 = CARTESIAN_POINT('',(0.84842024943,18.976457278202,-6.44439159893
    ));
#4890 = B_SPLINE_CURVE_WITH_KNOTS('',1,(#4891,#4892),.UNSPECIFIED.,.F.,
  .F.,(2,2),(0.,1.),.PIECEWISE_BEZIER_KNOTS.);
#4891 = CARTESIAN_POINT('',(1.395516474426,18.976457278202,-10.6));
#4892 = CARTESIAN_POINT('',(0.776749735766,18.976457278202,-5.9));
#4893 = ORIENTED_EDGE('',*,*,#4894,.F.);
#4894 = EDGE_CURVE('',#4861,#4888,#4895,.T.);
#4895 = B_SPLINE_CURVE_WITH_KNOTS('',5,(#4896,#4897,#4898,#4899,#4900,
    #4901),.UNSPECIFIED.,.F.,.F.,(6,6),(0.,1.),
  .PIECEWISE_BEZIER_KNOTS.);
#4896 = CARTESIAN_POINT('',(-1.498801083244E-15,18.,-6.5));
#4897 = CARTESIAN_POINT('',(0.171019711096,18.195144787839,-6.5));
#4898 = CARTESIAN_POINT('',(0.342039662627,18.390289787164,
    -6.494375581775));
#4899 = CARTESIAN_POINT('',(0.512384122265,18.585508634597,
    -6.483125770371));
#4900 = CARTESIAN_POINT('',(0.681379877609,18.780876331049,
    -6.466382888825));
#4901 = CARTESIAN_POINT('',(0.848420543216,18.976457622184,
    -6.444391560252));
#4902 = ORIENTED_EDGE('',*,*,#4860,.T.);
#4903 = B_SPLINE_SURFACE_WITH_KNOTS('',1,1,(
    (#4904,#4905)
    ,(#4906,#4907
    )),.UNSPECIFIED.,.F.,.F.,.F.,(2,2),(2,2),(0.,1.744278210227),(0.,1.)
  ,.PIECEWISE_BEZIER_KNOTS.);
#4904 = CARTESIAN_POINT('',(0.795477439828,19.,-5.9));
#4905 = CARTESIAN_POINT('',(1.429162857996,19.,-10.6));
#4906 = CARTESIAN_POINT('',(-1.42108547152E-15,18.,-5.9));
#4907 = CARTESIAN_POINT('',(-2.353672812205E-15,18.,-10.6));
#4908 = ADVANCED_FACE('',(#4909),#4929,.T.);
#4909 = FACE_BOUND('',#4910,.T.);
#4910 = EDGE_LOOP('',(#4911,#4918,#4927,#4928));
#4911 = ORIENTED_EDGE('',*,*,#4912,.F.);
#4912 = EDGE_CURVE('',#4913,#2197,#4915,.T.);
#4913 = VERTEX_POINT('',#4914);
#4914 = CARTESIAN_POINT('',(1.682323793166,18.,-6.278517870879));
#4915 = B_SPLINE_CURVE_WITH_KNOTS('',1,(#4916,#4917),.UNSPECIFIED.,.F.,
  .F.,(2,2),(0.,1.),.PIECEWISE_BEZIER_KNOTS.);
#4916 = CARTESIAN_POINT('',(1.527032366105,18.,-5.698962375106));
#4917 = CARTESIAN_POINT('',(2.743481878087,18.,-10.23881375866));
#4918 = ORIENTED_EDGE('',*,*,#4919,.F.);
#4919 = EDGE_CURVE('',#4888,#4913,#4920,.T.);
#4920 = B_SPLINE_CURVE_WITH_KNOTS('',5,(#4921,#4922,#4923,#4924,#4925,
    #4926),.UNSPECIFIED.,.F.,.F.,(6,6),(0.,1.),
  .PIECEWISE_BEZIER_KNOTS.);
#4921 = CARTESIAN_POINT('',(0.848419955645,18.976457622184,
    -6.444391637607));
#4922 = CARTESIAN_POINT('',(1.015460623257,18.780876331049,
    -6.422400324265));
#4923 = CARTESIAN_POINT('',(1.18303136449,18.585508634598,
    -6.394833385931));
#4924 = CARTESIAN_POINT('',(1.350483142866,18.390289787163,
    -6.361611478926));
#4925 = CARTESIAN_POINT('',(1.517131437418,18.195144787835,
    -6.322781029198));
#4926 = CARTESIAN_POINT('',(1.682323793166,18.,-6.278517870879));
#4927 = ORIENTED_EDGE('',*,*,#4887,.F.);
#4928 = ORIENTED_EDGE('',*,*,#2207,.T.);
#4929 = B_SPLINE_SURFACE_WITH_KNOTS('',1,1,(
    (#4930,#4931)
    ,(#4932,#4933
    )),.UNSPECIFIED.,.F.,.F.,.F.,(2,2),(2,2),(0.,1.744278210227),(0.,1.)
  ,.PIECEWISE_BEZIER_KNOTS.);
#4930 = CARTESIAN_POINT('',(1.527032366105,18.,-5.698962375106));
#4931 = CARTESIAN_POINT('',(2.743481878087,18.,-10.23881375866));
#4932 = CARTESIAN_POINT('',(0.758660162745,19.,-5.904847086482));
#4933 = CARTESIAN_POINT('',(1.363016563576,19.,-10.60870832486));
#4934 = ADVANCED_FACE('',(#4935),#4955,.T.);
#4935 = FACE_BOUND('',#4936,.T.);
#4936 = EDGE_LOOP('',(#4937,#4938,#4945,#4954));
#4937 = ORIENTED_EDGE('',*,*,#2196,.T.);
#4938 = ORIENTED_EDGE('',*,*,#4939,.T.);
#4939 = EDGE_CURVE('',#2186,#4940,#4942,.T.);
#4940 = VERTEX_POINT('',#4941);
#4941 = CARTESIAN_POINT('',(2.487442310373,18.976457278202,
    -6.005216961323));
#4942 = B_SPLINE_CURVE_WITH_KNOTS('',1,(#4943,#4944),.UNSPECIFIED.,.F.,
  .F.,(2,2),(0.,1.),.PIECEWISE_BEZIER_KNOTS.);
#4943 = CARTESIAN_POINT('',(4.091447281747,18.976457278202,
    -9.877627517328));
#4944 = CARTESIAN_POINT('',(2.277314996444,18.976457278202,
    -5.497924750211));
#4945 = ORIENTED_EDGE('',*,*,#4946,.F.);
#4946 = EDGE_CURVE('',#4913,#4940,#4947,.T.);
#4947 = B_SPLINE_CURVE_WITH_KNOTS('',5,(#4948,#4949,#4950,#4951,#4952,
    #4953),.UNSPECIFIED.,.F.,.F.,(6,6),(0.,1.),
  .PIECEWISE_BEZIER_KNOTS.);
#4948 = CARTESIAN_POINT('',(1.682323793166,18.,-6.278517870879));
#4949 = CARTESIAN_POINT('',(1.847516148916,18.195144787836,
    -6.23425471256));
#4950 = CARTESIAN_POINT('',(2.011253030358,18.390289787162,
    -6.184558721189));
#4951 = CARTESIAN_POINT('',(2.172881477844,18.585508634598,
    -6.129603847431));
#4952 = CARTESIAN_POINT('',(2.331785465851,18.780876331051,
    -6.069692145714));
#4953 = CARTESIAN_POINT('',(2.487442584138,18.976457622184,
    -6.005216847926));
#4954 = ORIENTED_EDGE('',*,*,#4912,.T.);
#4955 = B_SPLINE_SURFACE_WITH_KNOTS('',1,1,(
    (#4956,#4957)
    ,(#4958,#4959
    )),.UNSPECIFIED.,.F.,.F.,.F.,(2,2),(2,2),(0.,1.744278210227),(0.,1.)
  ,.PIECEWISE_BEZIER_KNOTS.);
#4956 = CARTESIAN_POINT('',(2.295404569465,19.,-5.493077663729));
#4957 = CARTESIAN_POINT('',(4.123947192598,19.,-9.868919192462));
#4958 = CARTESIAN_POINT('',(1.527032366105,18.,-5.698962375106));
#4959 = CARTESIAN_POINT('',(2.743481878087,18.,-10.23881375866));
#4960 = ADVANCED_FACE('',(#4961),#4981,.T.);
#4961 = FACE_BOUND('',#4962,.T.);
#4962 = EDGE_LOOP('',(#4963,#4970,#4979,#4980));
#4963 = ORIENTED_EDGE('',*,*,#4964,.F.);
#4964 = EDGE_CURVE('',#4965,#2173,#4967,.T.);
#4965 = VERTEX_POINT('',#4966);
#4966 = CARTESIAN_POINT('',(3.25,18.,-5.629165124599));
#4967 = B_SPLINE_CURVE_WITH_KNOTS('',1,(#4968,#4969),.UNSPECIFIED.,.F.,
  .F.,(2,2),(0.,1.),.PIECEWISE_BEZIER_KNOTS.);
#4968 = CARTESIAN_POINT('',(2.95,18.,-5.109549882328));
#4969 = CARTESIAN_POINT('',(5.3,18.,-9.179869280115));
#4970 = ORIENTED_EDGE('',*,*,#4971,.F.);
#4971 = EDGE_CURVE('',#4940,#4965,#4972,.T.);
#4972 = B_SPLINE_CURVE_WITH_KNOTS('',5,(#4973,#4974,#4975,#4976,#4977,
    #4978),.UNSPECIFIED.,.F.,.F.,(6,6),(0.,1.),
  .PIECEWISE_BEZIER_KNOTS.);
#4973 = CARTESIAN_POINT('',(2.487442036609,18.976457622184,
    -6.00521707472));
#4974 = CARTESIAN_POINT('',(2.643099160775,18.780876331049,
    -5.940741791124));
#4975 = CARTESIAN_POINT('',(2.797825218808,18.585508634598,
    -5.870743674203));
#4976 = CARTESIAN_POINT('',(2.950972753951,18.390289787162,
    -5.795314066848));
#4977 = CARTESIAN_POINT('',(3.101892585646,18.195144787835,
    -5.714674980145));
#4978 = CARTESIAN_POINT('',(3.25,18.,-5.629165124599));
#4979 = ORIENTED_EDGE('',*,*,#4939,.F.);
#4980 = ORIENTED_EDGE('',*,*,#2185,.T.);
#4981 = B_SPLINE_SURFACE_WITH_KNOTS('',1,1,(
    (#4982,#4983)
    ,(#4984,#4985
    )),.UNSPECIFIED.,.F.,.F.,.F.,(2,2),(2,2),(0.,1.744278210227),(0.,1.)
  ,.PIECEWISE_BEZIER_KNOTS.);
#4982 = CARTESIAN_POINT('',(2.95,18.,-5.109549882328));
#4983 = CARTESIAN_POINT('',(5.3,18.,-9.179869280115));
#4984 = CARTESIAN_POINT('',(2.261096328972,19.,-5.507288602242));
#4985 = CARTESIAN_POINT('',(4.062308658831,19.,-9.894450709113));
#4986 = ADVANCED_FACE('',(#4987),#5007,.T.);
#4987 = FACE_BOUND('',#4988,.T.);
#4988 = EDGE_LOOP('',(#4989,#4990,#4997,#5006));
#4989 = ORIENTED_EDGE('',*,*,#2172,.T.);
#4990 = ORIENTED_EDGE('',*,*,#4991,.T.);
#4991 = EDGE_CURVE('',#2160,#4992,#4994,.T.);
#4992 = VERTEX_POINT('',#4993);
#4993 = CARTESIAN_POINT('',(3.956949288557,18.976457278202,
    -5.156796711893));
#4994 = B_SPLINE_CURVE_WITH_KNOTS('',1,(#4995,#4996),.UNSPECIFIED.,.F.,
  .F.,(2,2),(0.,1.),.PIECEWISE_BEZIER_KNOTS.);
#4995 = CARTESIAN_POINT('',(6.508552718253,18.976457278202,
    -8.482111042902));
#4996 = CARTESIAN_POINT('',(3.622685003556,18.976457278202,
    -4.721175014445));
#4997 = ORIENTED_EDGE('',*,*,#4998,.F.);
#4998 = EDGE_CURVE('',#4965,#4992,#4999,.T.);
#4999 = B_SPLINE_CURVE_WITH_KNOTS('',5,(#5000,#5001,#5002,#5003,#5004,
    #5005),.UNSPECIFIED.,.F.,.F.,(6,6),(0.,1.),
  .PIECEWISE_BEZIER_KNOTS.);
#5000 = CARTESIAN_POINT('',(3.25,18.,-5.629165124599));
#5001 = CARTESIAN_POINT('',(3.398107414355,18.195144787836,
    -5.543655269052));
#5002 = CARTESIAN_POINT('',(3.543402827824,18.390289787162,
    -5.453274404221));
#5003 = CARTESIAN_POINT('',(3.685300551563,18.585508634598,
    -5.358359551938));
#5004 = CARTESIAN_POINT('',(3.823283728051,18.780876331051,
    -5.259361913514));
#5005 = CARTESIAN_POINT('',(3.956949523644,18.976457622184,
    -5.156796531504));
#5006 = ORIENTED_EDGE('',*,*,#4964,.T.);
#5007 = B_SPLINE_SURFACE_WITH_KNOTS('',1,1,(
    (#5008,#5009)
    ,(#5010,#5011
    )),.UNSPECIFIED.,.F.,.F.,.F.,(2,2),(2,2),(0.,1.744278210227),(0.,1.)
  ,.PIECEWISE_BEZIER_KNOTS.);
#5008 = CARTESIAN_POINT('',(3.638903671028,19.,-4.711811162414));
#5009 = CARTESIAN_POINT('',(6.537691341169,19.,-8.465287851117));
#5010 = CARTESIAN_POINT('',(2.95,18.,-5.109549882328));
#5011 = CARTESIAN_POINT('',(5.3,18.,-9.179869280115));
#5012 = ADVANCED_FACE('',(#5013),#5033,.T.);
#5013 = FACE_BOUND('',#5014,.T.);
#5014 = EDGE_LOOP('',(#5015,#5022,#5031,#5032));
#5015 = ORIENTED_EDGE('',*,*,#5016,.F.);
#5016 = EDGE_CURVE('',#5017,#2147,#5019,.T.);
#5017 = VERTEX_POINT('',#5018);
#5018 = CARTESIAN_POINT('',(4.596194077713,18.,-4.596194077713));
#5019 = B_SPLINE_CURVE_WITH_KNOTS('',1,(#5020,#5021),.UNSPECIFIED.,.F.,
  .F.,(2,2),(0.,1.),.PIECEWISE_BEZIER_KNOTS.);
#5020 = CARTESIAN_POINT('',(4.171930009001,18.,-4.171930009001));
#5021 = CARTESIAN_POINT('',(7.495331880577,18.,-7.495331880577));
#5022 = ORIENTED_EDGE('',*,*,#5023,.F.);
#5023 = EDGE_CURVE('',#4992,#5017,#5024,.T.);
#5024 = B_SPLINE_CURVE_WITH_KNOTS('',5,(#5025,#5026,#5027,#5028,#5029,
    #5030),.UNSPECIFIED.,.F.,.F.,(6,6),(0.,1.),
  .PIECEWISE_BEZIER_KNOTS.);
#5025 = CARTESIAN_POINT('',(3.95694905347,18.976457622184,
    -5.156796892282));
#5026 = CARTESIAN_POINT('',(4.090614858415,18.780876331049,
    -5.054231522458));
#5027 = CARTESIAN_POINT('',(4.221951908088,18.585508634598,
    -4.94657248294));
#5028 = CARTESIAN_POINT('',(4.350358448567,18.390289787163,
    -4.834075578323));
#5029 = CARTESIAN_POINT('',(4.475264880282,18.195144787835,
    -4.717123275143));
#5030 = CARTESIAN_POINT('',(4.596194077713,18.,-4.596194077713));
#5031 = ORIENTED_EDGE('',*,*,#4991,.F.);
#5032 = ORIENTED_EDGE('',*,*,#2159,.T.);
#5033 = B_SPLINE_SURFACE_WITH_KNOTS('',1,1,(
    (#5034,#5035)
    ,(#5036,#5037
    )),.UNSPECIFIED.,.F.,.F.,.F.,(2,2),(2,2),(0.,1.744278210227),(0.,1.)
  ,.PIECEWISE_BEZIER_KNOTS.);
#5034 = CARTESIAN_POINT('',(4.171930009001,18.,-4.171930009001));
#5035 = CARTESIAN_POINT('',(7.495331880577,18.,-7.495331880577));
#5036 = CARTESIAN_POINT('',(3.609442517018,19.,-4.734417500984));
#5037 = CARTESIAN_POINT('',(6.484761132269,19.,-8.505902628886));
#5038 = ADVANCED_FACE('',(#5039),#5059,.T.);
#5039 = FACE_BOUND('',#5040,.T.);
#5040 = EDGE_LOOP('',(#5041,#5042,#5049,#5058));
#5041 = ORIENTED_EDGE('',*,*,#2146,.T.);
#5042 = ORIENTED_EDGE('',*,*,#5043,.T.);
#5043 = EDGE_CURVE('',#2134,#5044,#5046,.T.);
#5044 = VERTEX_POINT('',#5045);
#5045 = CARTESIAN_POINT('',(5.156796711893,18.976457278202,
    -3.956949288557));
#5046 = B_SPLINE_CURVE_WITH_KNOTS('',1,(#5047,#5048),.UNSPECIFIED.,.F.,
  .F.,(2,2),(0.,1.),.PIECEWISE_BEZIER_KNOTS.);
#5047 = CARTESIAN_POINT('',(8.482111042902,18.976457278202,
    -6.508552718253));
#5048 = CARTESIAN_POINT('',(4.721175014445,18.976457278202,
    -3.622685003556));
#5049 = ORIENTED_EDGE('',*,*,#5050,.F.);
#5050 = EDGE_CURVE('',#5017,#5044,#5051,.T.);
#5051 = B_SPLINE_CURVE_WITH_KNOTS('',5,(#5052,#5053,#5054,#5055,#5056,
    #5057),.UNSPECIFIED.,.F.,.F.,(6,6),(0.,1.),
  .PIECEWISE_BEZIER_KNOTS.);
#5052 = CARTESIAN_POINT('',(4.596194077713,18.,-4.596194077713));
#5053 = CARTESIAN_POINT('',(4.717123275143,18.195144787836,
    -4.475264880282));
#5054 = CARTESIAN_POINT('',(4.834075578323,18.390289787162,
    -4.350358448567));
#5055 = CARTESIAN_POINT('',(4.946572482941,18.585508634598,
    -4.221951908088));
#5056 = CARTESIAN_POINT('',(5.054231522459,18.780876331051,
    -4.090614858414));
#5057 = CARTESIAN_POINT('',(5.156796892282,18.976457622184,
    -3.95694905347));
#5058 = ORIENTED_EDGE('',*,*,#5016,.T.);
#5059 = B_SPLINE_SURFACE_WITH_KNOTS('',1,1,(
    (#5060,#5061)
    ,(#5062,#5063
    )),.UNSPECIFIED.,.F.,.F.,.F.,(2,2),(2,2),(0.,1.744278210227),(0.,1.)
  ,.PIECEWISE_BEZIER_KNOTS.);
#5060 = CARTESIAN_POINT('',(4.734417500984,19.,-3.609442517018));
#5061 = CARTESIAN_POINT('',(8.505902628886,19.,-6.484761132269));
#5062 = CARTESIAN_POINT('',(4.171930009001,18.,-4.171930009001));
#5063 = CARTESIAN_POINT('',(7.495331880577,18.,-7.495331880577));
#5064 = ADVANCED_FACE('',(#5065),#5085,.T.);
#5065 = FACE_BOUND('',#5066,.T.);
#5066 = EDGE_LOOP('',(#5067,#5074,#5083,#5084));
#5067 = ORIENTED_EDGE('',*,*,#5068,.F.);
#5068 = EDGE_CURVE('',#5069,#2123,#5071,.T.);
#5069 = VERTEX_POINT('',#5070);
#5070 = CARTESIAN_POINT('',(5.629165124599,18.,-3.25));
#5071 = B_SPLINE_CURVE_WITH_KNOTS('',1,(#5072,#5073),.UNSPECIFIED.,.F.,
  .F.,(2,2),(0.,1.),.PIECEWISE_BEZIER_KNOTS.);
#5072 = CARTESIAN_POINT('',(5.109549882328,18.,-2.95));
#5073 = CARTESIAN_POINT('',(9.179869280115,18.,-5.3));
#5074 = ORIENTED_EDGE('',*,*,#5075,.F.);
#5075 = EDGE_CURVE('',#5044,#5069,#5076,.T.);
#5076 = B_SPLINE_CURVE_WITH_KNOTS('',5,(#5077,#5078,#5079,#5080,#5081,
    #5082),.UNSPECIFIED.,.F.,.F.,(6,6),(0.,1.),
  .PIECEWISE_BEZIER_KNOTS.);
#5077 = CARTESIAN_POINT('',(5.156796531504,18.976457622184,
    -3.956949523644));
#5078 = CARTESIAN_POINT('',(5.259361913515,18.780876331049,
    -3.82328372805));
#5079 = CARTESIAN_POINT('',(5.358359551938,18.585508634598,
    -3.685300551563));
#5080 = CARTESIAN_POINT('',(5.453274404221,18.390289787163,
    -3.543402827824));
#5081 = CARTESIAN_POINT('',(5.543655269053,18.195144787835,
    -3.398107414354));
#5082 = CARTESIAN_POINT('',(5.629165124599,18.,-3.25));
#5083 = ORIENTED_EDGE('',*,*,#5043,.F.);
#5084 = ORIENTED_EDGE('',*,*,#2133,.T.);
#5085 = B_SPLINE_SURFACE_WITH_KNOTS('',1,1,(
    (#5086,#5087)
    ,(#5088,#5089
    )),.UNSPECIFIED.,.F.,.F.,.F.,(2,2),(2,2),(0.,1.744278210227),(0.,1.)
  ,.PIECEWISE_BEZIER_KNOTS.);
#5086 = CARTESIAN_POINT('',(5.109549882328,18.,-2.95));
#5087 = CARTESIAN_POINT('',(9.179869280115,18.,-5.3));
#5088 = CARTESIAN_POINT('',(4.711811162414,19.,-3.638903671028));
#5089 = CARTESIAN_POINT('',(8.465287851117,19.,-6.537691341169));
#5090 = ADVANCED_FACE('',(#5091),#5111,.T.);
#5091 = FACE_BOUND('',#5092,.T.);
#5092 = EDGE_LOOP('',(#5093,#5094,#5101,#5110));
#5093 = ORIENTED_EDGE('',*,*,#2122,.T.);
#5094 = ORIENTED_EDGE('',*,*,#5095,.T.);
#5095 = EDGE_CURVE('',#2112,#5096,#5098,.T.);
#5096 = VERTEX_POINT('',#5097);
#5097 = CARTESIAN_POINT('',(6.005216961323,18.976457278202,
    -2.487442310373));
#5098 = B_SPLINE_CURVE_WITH_KNOTS('',1,(#5099,#5100),.UNSPECIFIED.,.F.,
  .F.,(2,2),(0.,1.),.PIECEWISE_BEZIER_KNOTS.);
#5099 = CARTESIAN_POINT('',(9.877627517328,18.976457278202,
    -4.091447281747));
#5100 = CARTESIAN_POINT('',(5.497924750211,18.976457278202,
    -2.277314996444));
#5101 = ORIENTED_EDGE('',*,*,#5102,.F.);
#5102 = EDGE_CURVE('',#5069,#5096,#5103,.T.);
#5103 = B_SPLINE_CURVE_WITH_KNOTS('',5,(#5104,#5105,#5106,#5107,#5108,
    #5109),.UNSPECIFIED.,.F.,.F.,(6,6),(0.,1.),
  .PIECEWISE_BEZIER_KNOTS.);
#5104 = CARTESIAN_POINT('',(5.629165124599,18.,-3.25));
#5105 = CARTESIAN_POINT('',(5.714674980146,18.195144787836,
    -3.101892585645));
#5106 = CARTESIAN_POINT('',(5.795314066847,18.390289787162,
    -2.950972753951));
#5107 = CARTESIAN_POINT('',(5.870743674203,18.585508634598,
    -2.797825218807));
#5108 = CARTESIAN_POINT('',(5.940741791125,18.780876331051,
    -2.643099160774));
#5109 = CARTESIAN_POINT('',(6.00521707472,18.976457622184,
    -2.487442036609));
#5110 = ORIENTED_EDGE('',*,*,#5068,.T.);
#5111 = B_SPLINE_SURFACE_WITH_KNOTS('',1,1,(
    (#5112,#5113)
    ,(#5114,#5115
    )),.UNSPECIFIED.,.F.,.F.,.F.,(2,2),(2,2),(0.,1.744278210227),(0.,1.)
  ,.PIECEWISE_BEZIER_KNOTS.);
#5112 = CARTESIAN_POINT('',(5.507288602242,19.,-2.261096328972));
#5113 = CARTESIAN_POINT('',(9.894450709113,19.,-4.062308658831));
#5114 = CARTESIAN_POINT('',(5.109549882328,18.,-2.95));
#5115 = CARTESIAN_POINT('',(9.179869280115,18.,-5.3));
#5116 = ADVANCED_FACE('',(#5117),#5137,.T.);
#5117 = FACE_BOUND('',#5118,.T.);
#5118 = EDGE_LOOP('',(#5119,#5126,#5135,#5136));
#5119 = ORIENTED_EDGE('',*,*,#5120,.F.);
#5120 = EDGE_CURVE('',#5121,#2101,#5123,.T.);
#5121 = VERTEX_POINT('',#5122);
#5122 = CARTESIAN_POINT('',(6.278517870879,18.,-1.682323793166));
#5123 = B_SPLINE_CURVE_WITH_KNOTS('',1,(#5124,#5125),.UNSPECIFIED.,.F.,
  .F.,(2,2),(0.,1.),.PIECEWISE_BEZIER_KNOTS.);
#5124 = CARTESIAN_POINT('',(5.698962375106,18.,-1.527032366105));
#5125 = CARTESIAN_POINT('',(10.238813758664,18.,-2.743481878087));
#5126 = ORIENTED_EDGE('',*,*,#5127,.F.);
#5127 = EDGE_CURVE('',#5096,#5121,#5128,.T.);
#5128 = B_SPLINE_CURVE_WITH_KNOTS('',5,(#5129,#5130,#5131,#5132,#5133,
    #5134),.UNSPECIFIED.,.F.,.F.,(6,6),(0.,1.),
  .PIECEWISE_BEZIER_KNOTS.);
#5129 = CARTESIAN_POINT('',(6.005216847926,18.976457622184,
    -2.487442584138));
#5130 = CARTESIAN_POINT('',(6.069692145715,18.780876331049,
    -2.331785465849));
#5131 = CARTESIAN_POINT('',(6.129603847431,18.585508634598,
    -2.172881477843));
#5132 = CARTESIAN_POINT('',(6.184558721189,18.390289787163,
    -2.011253030358));
#5133 = CARTESIAN_POINT('',(6.23425471256,18.195144787835,
    -1.847516148915));
#5134 = CARTESIAN_POINT('',(6.278517870879,18.,-1.682323793166));
#5135 = ORIENTED_EDGE('',*,*,#5095,.F.);
#5136 = ORIENTED_EDGE('',*,*,#2111,.T.);
#5137 = B_SPLINE_SURFACE_WITH_KNOTS('',1,1,(
    (#5138,#5139)
    ,(#5140,#5141
    )),.UNSPECIFIED.,.F.,.F.,.F.,(2,2),(2,2),(0.,1.744278210227),(0.,1.)
  ,.PIECEWISE_BEZIER_KNOTS.);
#5138 = CARTESIAN_POINT('',(5.698962375106,18.,-1.527032366105));
#5139 = CARTESIAN_POINT('',(10.238813758664,18.,-2.743481878087));
#5140 = CARTESIAN_POINT('',(5.493077663729,19.,-2.295404569465));
#5141 = CARTESIAN_POINT('',(9.868919192462,19.,-4.123947192598));
#5142 = ADVANCED_FACE('',(#5143),#5163,.T.);
#5143 = FACE_BOUND('',#5144,.T.);
#5144 = EDGE_LOOP('',(#5145,#5152,#5161,#5162));
#5145 = ORIENTED_EDGE('',*,*,#5146,.F.);
#5146 = EDGE_CURVE('',#5147,#2090,#5149,.T.);
#5147 = VERTEX_POINT('',#5148);
#5148 = CARTESIAN_POINT('',(6.44439159893,18.976457278202,-0.84842024943
    ));
#5149 = B_SPLINE_CURVE_WITH_KNOTS('',1,(#5150,#5151),.UNSPECIFIED.,.F.,
  .F.,(2,2),(0.,1.),.PIECEWISE_BEZIER_KNOTS.);
#5150 = CARTESIAN_POINT('',(5.9,18.976457278202,-0.776749735766));
#5151 = CARTESIAN_POINT('',(10.6,18.976457278202,-1.395516474426));
#5152 = ORIENTED_EDGE('',*,*,#5153,.F.);
#5153 = EDGE_CURVE('',#5121,#5147,#5154,.T.);
#5154 = B_SPLINE_CURVE_WITH_KNOTS('',5,(#5155,#5156,#5157,#5158,#5159,
    #5160),.UNSPECIFIED.,.F.,.F.,(6,6),(0.,1.),
  .PIECEWISE_BEZIER_KNOTS.);
#5155 = CARTESIAN_POINT('',(6.278517870879,18.,-1.682323793166));
#5156 = CARTESIAN_POINT('',(6.322781029199,18.195144787839,
    -1.517131437414));
#5157 = CARTESIAN_POINT('',(6.361611478926,18.390289787164,
    -1.350483142865));
#5158 = CARTESIAN_POINT('',(6.394833385931,18.585508634597,
    -1.183031364491));
#5159 = CARTESIAN_POINT('',(6.422400324265,18.780876331049,
    -1.015460623257));
#5160 = CARTESIAN_POINT('',(6.444391637607,18.976457622184,
    -0.848419955645));
#5161 = ORIENTED_EDGE('',*,*,#5120,.T.);
#5162 = ORIENTED_EDGE('',*,*,#2100,.T.);
#5163 = B_SPLINE_SURFACE_WITH_KNOTS('',1,1,(
    (#5164,#5165)
    ,(#5166,#5167
    )),.UNSPECIFIED.,.F.,.F.,.F.,(2,2),(2,2),(0.,1.744278210227),(0.,1.)
  ,.PIECEWISE_BEZIER_KNOTS.);
#5164 = CARTESIAN_POINT('',(5.904847086482,19.,-0.758660162745));
#5165 = CARTESIAN_POINT('',(10.608708324867,19.,-1.363016563576));
#5166 = CARTESIAN_POINT('',(5.698962375106,18.,-1.527032366105));
#5167 = CARTESIAN_POINT('',(10.238813758664,18.,-2.743481878087));
#5168 = ADVANCED_FACE('',(#5169),#5183,.T.);
#5169 = FACE_BOUND('',#5170,.T.);
#5170 = EDGE_LOOP('',(#5171,#5172,#5181,#5182));
#5171 = ORIENTED_EDGE('',*,*,#3963,.F.);
#5172 = ORIENTED_EDGE('',*,*,#5173,.F.);
#5173 = EDGE_CURVE('',#5147,#3953,#5174,.T.);
#5174 = B_SPLINE_CURVE_WITH_KNOTS('',5,(#5175,#5176,#5177,#5178,#5179,
    #5180),.UNSPECIFIED.,.F.,.F.,(6,6),(0.,1.),
  .PIECEWISE_BEZIER_KNOTS.);
#5175 = CARTESIAN_POINT('',(6.444391560252,18.976457622184,
    -0.848420543216));
#5176 = CARTESIAN_POINT('',(6.466382888825,18.780876331049,
    -0.681379877609));
#5177 = CARTESIAN_POINT('',(6.48312577037,18.585508634598,
    -0.512384122265));
#5178 = CARTESIAN_POINT('',(6.494375581775,18.390289787163,
    -0.342039662627));
#5179 = CARTESIAN_POINT('',(6.5,18.195144787835,-0.171019711093));
#5180 = CARTESIAN_POINT('',(6.5,18.,1.110223024625E-16));
#5181 = ORIENTED_EDGE('',*,*,#5146,.T.);
#5182 = ORIENTED_EDGE('',*,*,#2089,.T.);
#5183 = B_SPLINE_SURFACE_WITH_KNOTS('',1,1,(
    (#5184,#5185)
    ,(#5186,#5187
    )),.UNSPECIFIED.,.F.,.F.,.F.,(2,2),(2,2),(0.,1.744278210227),(0.,1.)
  ,.PIECEWISE_BEZIER_KNOTS.);
#5184 = CARTESIAN_POINT('',(5.9,18.,1.110223024625E-16));
#5185 = CARTESIAN_POINT('',(10.6,18.,1.110223024625E-16));
#5186 = CARTESIAN_POINT('',(5.9,19.,-0.795477439828));
#5187 = CARTESIAN_POINT('',(10.6,19.,-1.429162857996));
#5188 = ADVANCED_FACE('',(#5189),#5199,.F.);
#5189 = FACE_BOUND('',#5190,.F.);
#5190 = EDGE_LOOP('',(#5191,#5192,#5197,#5198));
#5191 = ORIENTED_EDGE('',*,*,#2896,.F.);
#5192 = ORIENTED_EDGE('',*,*,#5193,.T.);
#5193 = EDGE_CURVE('',#2890,#2751,#5194,.T.);
#5194 = B_SPLINE_CURVE_WITH_KNOTS('',1,(#5195,#5196),.UNSPECIFIED.,.F.,
  .F.,(2,2),(0.,1.),.PIECEWISE_BEZIER_KNOTS.);
#5195 = CARTESIAN_POINT('',(-13.01,9.5,1.7));
#5196 = CARTESIAN_POINT('',(-12.5,9.,1.2));
#5197 = ORIENTED_EDGE('',*,*,#2757,.F.);
#5198 = ORIENTED_EDGE('',*,*,#2692,.F.);
#5199 = B_SPLINE_SURFACE_WITH_KNOTS('',1,1,(
    (#5200,#5201)
    ,(#5202,#5203
    )),.UNSPECIFIED.,.F.,.F.,.F.,(2,2),(2,2),(0.,3.4),(0.,1.),
  .PIECEWISE_BEZIER_KNOTS.);
#5200 = CARTESIAN_POINT('',(-13.01,9.5,-1.7));
#5201 = CARTESIAN_POINT('',(-12.5,9.,-1.2));
#5202 = CARTESIAN_POINT('',(-13.01,9.5,1.7));
#5203 = CARTESIAN_POINT('',(-12.5,9.,1.2));
#5204 = ADVANCED_FACE('',(#5205),#5215,.F.);
#5205 = FACE_BOUND('',#5206,.F.);
#5206 = EDGE_LOOP('',(#5207,#5208,#5209,#5214));
#5207 = ORIENTED_EDGE('',*,*,#5193,.F.);
#5208 = ORIENTED_EDGE('',*,*,#2889,.F.);
#5209 = ORIENTED_EDGE('',*,*,#5210,.T.);
#5210 = EDGE_CURVE('',#2883,#2775,#5211,.T.);
#5211 = B_SPLINE_CURVE_WITH_KNOTS('',1,(#5212,#5213),.UNSPECIFIED.,.F.,
  .F.,(2,2),(0.,1.),.PIECEWISE_BEZIER_KNOTS.);
#5212 = CARTESIAN_POINT('',(-13.01,-9.5,1.7));
#5213 = CARTESIAN_POINT('',(-12.5,-9.,1.2));
#5214 = ORIENTED_EDGE('',*,*,#2781,.F.);
#5215 = B_SPLINE_SURFACE_WITH_KNOTS('',1,1,(
    (#5216,#5217)
    ,(#5218,#5219
    )),.UNSPECIFIED.,.F.,.F.,.F.,(2,2),(2,2),(0.,19.),(0.,1.),
  .PIECEWISE_BEZIER_KNOTS.);
#5216 = CARTESIAN_POINT('',(-13.01,9.5,1.7));
#5217 = CARTESIAN_POINT('',(-12.5,9.,1.2));
#5218 = CARTESIAN_POINT('',(-13.01,-9.5,1.7));
#5219 = CARTESIAN_POINT('',(-12.5,-9.,1.2));
#5220 = ADVANCED_FACE('',(#5221),#5227,.F.);
#5221 = FACE_BOUND('',#5222,.F.);
#5222 = EDGE_LOOP('',(#5223,#5224,#5225,#5226));
#5223 = ORIENTED_EDGE('',*,*,#5210,.F.);
#5224 = ORIENTED_EDGE('',*,*,#2882,.F.);
#5225 = ORIENTED_EDGE('',*,*,#2848,.T.);
#5226 = ORIENTED_EDGE('',*,*,#2832,.F.);
#5227 = B_SPLINE_SURFACE_WITH_KNOTS('',1,1,(
    (#5228,#5229)
    ,(#5230,#5231
    )),.UNSPECIFIED.,.F.,.F.,.F.,(2,2),(2,2),(0.,3.4),(0.,1.),
  .PIECEWISE_BEZIER_KNOTS.);
#5228 = CARTESIAN_POINT('',(-13.01,-9.5,1.7));
#5229 = CARTESIAN_POINT('',(-12.5,-9.,1.2));
#5230 = CARTESIAN_POINT('',(-13.01,-9.5,-1.7));
#5231 = CARTESIAN_POINT('',(-12.5,-9.,-1.2));
#5232 = ADVANCED_FACE('',(#5233),#5259,.T.);
#5233 = FACE_BOUND('',#5234,.T.);
#5234 = EDGE_LOOP('',(#5235,#5236,#5243,#5254));
#5235 = ORIENTED_EDGE('',*,*,#3498,.T.);
#5236 = ORIENTED_EDGE('',*,*,#5237,.T.);
#5237 = EDGE_CURVE('',#3488,#5238,#5240,.T.);
#5238 = VERTEX_POINT('',#5239);
#5239 = CARTESIAN_POINT('',(6.44439159893,-18.9764572782,-0.84842024943)
  );
#5240 = B_SPLINE_CURVE_WITH_KNOTS('',1,(#5241,#5242),.UNSPECIFIED.,.F.,
  .F.,(2,2),(0.,1.),.PIECEWISE_BEZIER_KNOTS.);
#5241 = CARTESIAN_POINT('',(10.6,-18.9764572782,-1.395516474426));
#5242 = CARTESIAN_POINT('',(5.9,-18.9764572782,-0.776749735766));
#5243 = ORIENTED_EDGE('',*,*,#5244,.F.);
#5244 = EDGE_CURVE('',#5245,#5238,#5247,.T.);
#5245 = VERTEX_POINT('',#5246);
#5246 = CARTESIAN_POINT('',(6.5,-18.,9.554673431951E-16));
#5247 = B_SPLINE_CURVE_WITH_KNOTS('',5,(#5248,#5249,#5250,#5251,#5252,
    #5253),.UNSPECIFIED.,.F.,.F.,(6,6),(0.,1.),
  .PIECEWISE_BEZIER_KNOTS.);
#5248 = CARTESIAN_POINT('',(6.5,-18.,1.665334536938E-16));
#5249 = CARTESIAN_POINT('',(6.5,-18.19514478783,-0.171019711096));
#5250 = CARTESIAN_POINT('',(6.494375581775,-18.39028978716,
    -0.342039662627));
#5251 = CARTESIAN_POINT('',(6.483125770371,-18.58550863459,
    -0.512384122265));
#5252 = CARTESIAN_POINT('',(6.466382888825,-18.78087633104,
    -0.681379877609));
#5253 = CARTESIAN_POINT('',(6.444391560252,-18.97645762218,
    -0.848420543216));
#5254 = ORIENTED_EDGE('',*,*,#5255,.T.);
#5255 = EDGE_CURVE('',#5245,#2942,#5256,.T.);
#5256 = B_SPLINE_CURVE_WITH_KNOTS('',1,(#5257,#5258),.UNSPECIFIED.,.F.,
  .F.,(2,2),(0.,1.),.PIECEWISE_BEZIER_KNOTS.);
#5257 = CARTESIAN_POINT('',(5.9,-18.,2.22044604925E-16));
#5258 = CARTESIAN_POINT('',(10.6,-18.,1.110223024625E-16));
#5259 = B_SPLINE_SURFACE_WITH_KNOTS('',1,1,(
    (#5260,#5261)
    ,(#5262,#5263
    )),.UNSPECIFIED.,.F.,.F.,.F.,(2,2),(2,2),(0.,1.744278210227),(0.,1.)
  ,.PIECEWISE_BEZIER_KNOTS.);
#5260 = CARTESIAN_POINT('',(5.9,-19.,-0.795477439828));
#5261 = CARTESIAN_POINT('',(10.6,-19.,-1.429162857996));
#5262 = CARTESIAN_POINT('',(5.9,-18.,2.22044604925E-16));
#5263 = CARTESIAN_POINT('',(10.6,-18.,1.110223024625E-16));
#5264 = ADVANCED_FACE('',(#5265),#5285,.T.);
#5265 = FACE_BOUND('',#5266,.T.);
#5266 = EDGE_LOOP('',(#5267,#5274,#5283,#5284));
#5267 = ORIENTED_EDGE('',*,*,#5268,.F.);
#5268 = EDGE_CURVE('',#5269,#3477,#5271,.T.);
#5269 = VERTEX_POINT('',#5270);
#5270 = CARTESIAN_POINT('',(6.278517870879,-18.,-1.682323793166));
#5271 = B_SPLINE_CURVE_WITH_KNOTS('',1,(#5272,#5273),.UNSPECIFIED.,.F.,
  .F.,(2,2),(0.,1.),.PIECEWISE_BEZIER_KNOTS.);
#5272 = CARTESIAN_POINT('',(5.698962375106,-18.,-1.527032366105));
#5273 = CARTESIAN_POINT('',(10.238813758664,-18.,-2.743481878087));
#5274 = ORIENTED_EDGE('',*,*,#5275,.F.);
#5275 = EDGE_CURVE('',#5238,#5269,#5276,.T.);
#5276 = B_SPLINE_CURVE_WITH_KNOTS('',5,(#5277,#5278,#5279,#5280,#5281,
    #5282),.UNSPECIFIED.,.F.,.F.,(6,6),(0.,1.),
  .PIECEWISE_BEZIER_KNOTS.);
#5277 = CARTESIAN_POINT('',(6.444391637607,-18.97645762218,
    -0.848419955645));
#5278 = CARTESIAN_POINT('',(6.422400324265,-18.78087633104,
    -1.015460623257));
#5279 = CARTESIAN_POINT('',(6.394833385931,-18.58550863459,
    -1.18303136449));
#5280 = CARTESIAN_POINT('',(6.361611478926,-18.39028978716,
    -1.350483142866));
#5281 = CARTESIAN_POINT('',(6.322781029198,-18.19514478783,
    -1.517131437418));
#5282 = CARTESIAN_POINT('',(6.278517870879,-18.,-1.682323793166));
#5283 = ORIENTED_EDGE('',*,*,#5237,.F.);
#5284 = ORIENTED_EDGE('',*,*,#3487,.T.);
#5285 = B_SPLINE_SURFACE_WITH_KNOTS('',1,1,(
    (#5286,#5287)
    ,(#5288,#5289
    )),.UNSPECIFIED.,.F.,.F.,.F.,(2,2),(2,2),(0.,1.744278210227),(0.,1.)
  ,.PIECEWISE_BEZIER_KNOTS.);
#5286 = CARTESIAN_POINT('',(5.698962375106,-18.,-1.527032366105));
#5287 = CARTESIAN_POINT('',(10.238813758664,-18.,-2.743481878087));
#5288 = CARTESIAN_POINT('',(5.904847086482,-19.,-0.758660162745));
#5289 = CARTESIAN_POINT('',(10.608708324867,-19.,-1.363016563576));
#5290 = ADVANCED_FACE('',(#5291),#5311,.T.);
#5291 = FACE_BOUND('',#5292,.T.);
#5292 = EDGE_LOOP('',(#5293,#5294,#5301,#5310));
#5293 = ORIENTED_EDGE('',*,*,#3476,.T.);
#5294 = ORIENTED_EDGE('',*,*,#5295,.T.);
#5295 = EDGE_CURVE('',#3466,#5296,#5298,.T.);
#5296 = VERTEX_POINT('',#5297);
#5297 = CARTESIAN_POINT('',(6.005216961323,-18.9764572782,
    -2.487442310373));
#5298 = B_SPLINE_CURVE_WITH_KNOTS('',1,(#5299,#5300),.UNSPECIFIED.,.F.,
  .F.,(2,2),(0.,1.),.PIECEWISE_BEZIER_KNOTS.);
#5299 = CARTESIAN_POINT('',(9.877627517328,-18.9764572782,
    -4.091447281747));
#5300 = CARTESIAN_POINT('',(5.497924750211,-18.9764572782,
    -2.277314996444));
#5301 = ORIENTED_EDGE('',*,*,#5302,.F.);
#5302 = EDGE_CURVE('',#5269,#5296,#5303,.T.);
#5303 = B_SPLINE_CURVE_WITH_KNOTS('',5,(#5304,#5305,#5306,#5307,#5308,
    #5309),.UNSPECIFIED.,.F.,.F.,(6,6),(0.,1.),
  .PIECEWISE_BEZIER_KNOTS.);
#5304 = CARTESIAN_POINT('',(6.278517870879,-18.,-1.682323793166));
#5305 = CARTESIAN_POINT('',(6.23425471256,-18.19514478783,
    -1.847516148916));
#5306 = CARTESIAN_POINT('',(6.184558721189,-18.39028978716,
    -2.011253030358));
#5307 = CARTESIAN_POINT('',(6.129603847431,-18.58550863459,
    -2.172881477844));
#5308 = CARTESIAN_POINT('',(6.069692145714,-18.78087633105,
    -2.331785465851));
#5309 = CARTESIAN_POINT('',(6.005216847926,-18.97645762218,
    -2.487442584138));
#5310 = ORIENTED_EDGE('',*,*,#5268,.T.);
#5311 = B_SPLINE_SURFACE_WITH_KNOTS('',1,1,(
    (#5312,#5313)
    ,(#5314,#5315
    )),.UNSPECIFIED.,.F.,.F.,.F.,(2,2),(2,2),(0.,1.744278210227),(0.,1.)
  ,.PIECEWISE_BEZIER_KNOTS.);
#5312 = CARTESIAN_POINT('',(5.493077663729,-19.,-2.295404569465));
#5313 = CARTESIAN_POINT('',(9.868919192462,-19.,-4.123947192598));
#5314 = CARTESIAN_POINT('',(5.698962375106,-18.,-1.527032366105));
#5315 = CARTESIAN_POINT('',(10.238813758664,-18.,-2.743481878087));
#5316 = ADVANCED_FACE('',(#5317),#5337,.T.);
#5317 = FACE_BOUND('',#5318,.T.);
#5318 = EDGE_LOOP('',(#5319,#5326,#5335,#5336));
#5319 = ORIENTED_EDGE('',*,*,#5320,.F.);
#5320 = EDGE_CURVE('',#5321,#3453,#5323,.T.);
#5321 = VERTEX_POINT('',#5322);
#5322 = CARTESIAN_POINT('',(5.629165124599,-18.,-3.25));
#5323 = B_SPLINE_CURVE_WITH_KNOTS('',1,(#5324,#5325),.UNSPECIFIED.,.F.,
  .F.,(2,2),(0.,1.),.PIECEWISE_BEZIER_KNOTS.);
#5324 = CARTESIAN_POINT('',(5.109549882328,-18.,-2.95));
#5325 = CARTESIAN_POINT('',(9.179869280115,-18.,-5.3));
#5326 = ORIENTED_EDGE('',*,*,#5327,.F.);
#5327 = EDGE_CURVE('',#5296,#5321,#5328,.T.);
#5328 = B_SPLINE_CURVE_WITH_KNOTS('',5,(#5329,#5330,#5331,#5332,#5333,
    #5334),.UNSPECIFIED.,.F.,.F.,(6,6),(0.,1.),
  .PIECEWISE_BEZIER_KNOTS.);
#5329 = CARTESIAN_POINT('',(6.00521707472,-18.97645762218,
    -2.487442036609));
#5330 = CARTESIAN_POINT('',(5.940741791124,-18.78087633104,
    -2.643099160775));
#5331 = CARTESIAN_POINT('',(5.870743674203,-18.58550863459,
    -2.797825218808));
#5332 = CARTESIAN_POINT('',(5.795314066848,-18.39028978716,
    -2.950972753951));
#5333 = CARTESIAN_POINT('',(5.714674980145,-18.19514478783,
    -3.101892585646));
#5334 = CARTESIAN_POINT('',(5.629165124599,-18.,-3.25));
#5335 = ORIENTED_EDGE('',*,*,#5295,.F.);
#5336 = ORIENTED_EDGE('',*,*,#3465,.T.);
#5337 = B_SPLINE_SURFACE_WITH_KNOTS('',1,1,(
    (#5338,#5339)
    ,(#5340,#5341
    )),.UNSPECIFIED.,.F.,.F.,.F.,(2,2),(2,2),(0.,1.744278210227),(0.,1.)
  ,.PIECEWISE_BEZIER_KNOTS.);
#5338 = CARTESIAN_POINT('',(5.109549882328,-18.,-2.95));
#5339 = CARTESIAN_POINT('',(9.179869280115,-18.,-5.3));
#5340 = CARTESIAN_POINT('',(5.507288602242,-19.,-2.261096328972));
#5341 = CARTESIAN_POINT('',(9.894450709113,-19.,-4.062308658831));
#5342 = ADVANCED_FACE('',(#5343),#5363,.T.);
#5343 = FACE_BOUND('',#5344,.T.);
#5344 = EDGE_LOOP('',(#5345,#5346,#5353,#5362));
#5345 = ORIENTED_EDGE('',*,*,#3452,.T.);
#5346 = ORIENTED_EDGE('',*,*,#5347,.T.);
#5347 = EDGE_CURVE('',#3440,#5348,#5350,.T.);
#5348 = VERTEX_POINT('',#5349);
#5349 = CARTESIAN_POINT('',(5.156796711893,-18.9764572782,
    -3.956949288557));
#5350 = B_SPLINE_CURVE_WITH_KNOTS('',1,(#5351,#5352),.UNSPECIFIED.,.F.,
  .F.,(2,2),(0.,1.),.PIECEWISE_BEZIER_KNOTS.);
#5351 = CARTESIAN_POINT('',(8.482111042902,-18.9764572782,
    -6.508552718253));
#5352 = CARTESIAN_POINT('',(4.721175014445,-18.9764572782,
    -3.622685003556));
#5353 = ORIENTED_EDGE('',*,*,#5354,.F.);
#5354 = EDGE_CURVE('',#5321,#5348,#5355,.T.);
#5355 = B_SPLINE_CURVE_WITH_KNOTS('',5,(#5356,#5357,#5358,#5359,#5360,
    #5361),.UNSPECIFIED.,.F.,.F.,(6,6),(0.,1.),
  .PIECEWISE_BEZIER_KNOTS.);
#5356 = CARTESIAN_POINT('',(5.629165124599,-18.,-3.25));
#5357 = CARTESIAN_POINT('',(5.543655269052,-18.19514478783,
    -3.398107414355));
#5358 = CARTESIAN_POINT('',(5.453274404221,-18.39028978716,
    -3.543402827824));
#5359 = CARTESIAN_POINT('',(5.358359551938,-18.58550863459,
    -3.685300551563));
#5360 = CARTESIAN_POINT('',(5.259361913514,-18.78087633105,
    -3.823283728051));
#5361 = CARTESIAN_POINT('',(5.156796531504,-18.97645762218,
    -3.956949523644));
#5362 = ORIENTED_EDGE('',*,*,#5320,.T.);
#5363 = B_SPLINE_SURFACE_WITH_KNOTS('',1,1,(
    (#5364,#5365)
    ,(#5366,#5367
    )),.UNSPECIFIED.,.F.,.F.,.F.,(2,2),(2,2),(0.,1.744278210227),(0.,1.)
  ,.PIECEWISE_BEZIER_KNOTS.);
#5364 = CARTESIAN_POINT('',(4.711811162414,-19.,-3.638903671028));
#5365 = CARTESIAN_POINT('',(8.465287851117,-19.,-6.537691341169));
#5366 = CARTESIAN_POINT('',(5.109549882328,-18.,-2.95));
#5367 = CARTESIAN_POINT('',(9.179869280115,-18.,-5.3));
#5368 = ADVANCED_FACE('',(#5369),#5389,.T.);
#5369 = FACE_BOUND('',#5370,.T.);
#5370 = EDGE_LOOP('',(#5371,#5378,#5387,#5388));
#5371 = ORIENTED_EDGE('',*,*,#5372,.F.);
#5372 = EDGE_CURVE('',#5373,#3427,#5375,.T.);
#5373 = VERTEX_POINT('',#5374);
#5374 = CARTESIAN_POINT('',(4.596194077713,-18.,-4.596194077713));
#5375 = B_SPLINE_CURVE_WITH_KNOTS('',1,(#5376,#5377),.UNSPECIFIED.,.F.,
  .F.,(2,2),(0.,1.),.PIECEWISE_BEZIER_KNOTS.);
#5376 = CARTESIAN_POINT('',(4.171930009001,-18.,-4.171930009001));
#5377 = CARTESIAN_POINT('',(7.495331880577,-18.,-7.495331880577));
#5378 = ORIENTED_EDGE('',*,*,#5379,.F.);
#5379 = EDGE_CURVE('',#5348,#5373,#5380,.T.);
#5380 = B_SPLINE_CURVE_WITH_KNOTS('',5,(#5381,#5382,#5383,#5384,#5385,
    #5386),.UNSPECIFIED.,.F.,.F.,(6,6),(0.,1.),
  .PIECEWISE_BEZIER_KNOTS.);
#5381 = CARTESIAN_POINT('',(5.156796892282,-18.97645762218,
    -3.95694905347));
#5382 = CARTESIAN_POINT('',(5.054231522458,-18.78087633104,
    -4.090614858415));
#5383 = CARTESIAN_POINT('',(4.94657248294,-18.58550863459,
    -4.221951908088));
#5384 = CARTESIAN_POINT('',(4.834075578323,-18.39028978716,
    -4.350358448567));
#5385 = CARTESIAN_POINT('',(4.717123275143,-18.19514478783,
    -4.475264880282));
#5386 = CARTESIAN_POINT('',(4.596194077713,-18.,-4.596194077713));
#5387 = ORIENTED_EDGE('',*,*,#5347,.F.);
#5388 = ORIENTED_EDGE('',*,*,#3439,.T.);
#5389 = B_SPLINE_SURFACE_WITH_KNOTS('',1,1,(
    (#5390,#5391)
    ,(#5392,#5393
    )),.UNSPECIFIED.,.F.,.F.,.F.,(2,2),(2,2),(0.,1.744278210227),(0.,1.)
  ,.PIECEWISE_BEZIER_KNOTS.);
#5390 = CARTESIAN_POINT('',(4.171930009001,-18.,-4.171930009001));
#5391 = CARTESIAN_POINT('',(7.495331880577,-18.,-7.495331880577));
#5392 = CARTESIAN_POINT('',(4.734417500984,-19.,-3.609442517018));
#5393 = CARTESIAN_POINT('',(8.505902628886,-19.,-6.484761132269));
#5394 = ADVANCED_FACE('',(#5395),#5415,.T.);
#5395 = FACE_BOUND('',#5396,.T.);
#5396 = EDGE_LOOP('',(#5397,#5398,#5405,#5414));
#5397 = ORIENTED_EDGE('',*,*,#3426,.T.);
#5398 = ORIENTED_EDGE('',*,*,#5399,.T.);
#5399 = EDGE_CURVE('',#3414,#5400,#5402,.T.);
#5400 = VERTEX_POINT('',#5401);
#5401 = CARTESIAN_POINT('',(3.956949288557,-18.9764572782,
    -5.156796711893));
#5402 = B_SPLINE_CURVE_WITH_KNOTS('',1,(#5403,#5404),.UNSPECIFIED.,.F.,
  .F.,(2,2),(0.,1.),.PIECEWISE_BEZIER_KNOTS.);
#5403 = CARTESIAN_POINT('',(6.508552718253,-18.9764572782,
    -8.482111042902));
#5404 = CARTESIAN_POINT('',(3.622685003556,-18.9764572782,
    -4.721175014445));
#5405 = ORIENTED_EDGE('',*,*,#5406,.F.);
#5406 = EDGE_CURVE('',#5373,#5400,#5407,.T.);
#5407 = B_SPLINE_CURVE_WITH_KNOTS('',5,(#5408,#5409,#5410,#5411,#5412,
    #5413),.UNSPECIFIED.,.F.,.F.,(6,6),(0.,1.),
  .PIECEWISE_BEZIER_KNOTS.);
#5408 = CARTESIAN_POINT('',(4.596194077713,-18.,-4.596194077713));
#5409 = CARTESIAN_POINT('',(4.475264880282,-18.19514478783,
    -4.717123275143));
#5410 = CARTESIAN_POINT('',(4.350358448567,-18.39028978716,
    -4.834075578323));
#5411 = CARTESIAN_POINT('',(4.221951908088,-18.58550863459,
    -4.946572482941));
#5412 = CARTESIAN_POINT('',(4.090614858414,-18.78087633105,
    -5.054231522459));
#5413 = CARTESIAN_POINT('',(3.95694905347,-18.97645762218,
    -5.156796892282));
#5414 = ORIENTED_EDGE('',*,*,#5372,.T.);
#5415 = B_SPLINE_SURFACE_WITH_KNOTS('',1,1,(
    (#5416,#5417)
    ,(#5418,#5419
    )),.UNSPECIFIED.,.F.,.F.,.F.,(2,2),(2,2),(0.,1.744278210227),(0.,1.)
  ,.PIECEWISE_BEZIER_KNOTS.);
#5416 = CARTESIAN_POINT('',(3.609442517018,-19.,-4.734417500984));
#5417 = CARTESIAN_POINT('',(6.484761132269,-19.,-8.505902628886));
#5418 = CARTESIAN_POINT('',(4.171930009001,-18.,-4.171930009001));
#5419 = CARTESIAN_POINT('',(7.495331880577,-18.,-7.495331880577));
#5420 = ADVANCED_FACE('',(#5421),#5441,.T.);
#5421 = FACE_BOUND('',#5422,.T.);
#5422 = EDGE_LOOP('',(#5423,#5430,#5439,#5440));
#5423 = ORIENTED_EDGE('',*,*,#5424,.F.);
#5424 = EDGE_CURVE('',#5425,#3403,#5427,.T.);
#5425 = VERTEX_POINT('',#5426);
#5426 = CARTESIAN_POINT('',(3.25,-18.,-5.629165124599));
#5427 = B_SPLINE_CURVE_WITH_KNOTS('',1,(#5428,#5429),.UNSPECIFIED.,.F.,
  .F.,(2,2),(0.,1.),.PIECEWISE_BEZIER_KNOTS.);
#5428 = CARTESIAN_POINT('',(2.95,-18.,-5.109549882328));
#5429 = CARTESIAN_POINT('',(5.3,-18.,-9.179869280115));
#5430 = ORIENTED_EDGE('',*,*,#5431,.F.);
#5431 = EDGE_CURVE('',#5400,#5425,#5432,.T.);
#5432 = B_SPLINE_CURVE_WITH_KNOTS('',5,(#5433,#5434,#5435,#5436,#5437,
    #5438),.UNSPECIFIED.,.F.,.F.,(6,6),(0.,1.),
  .PIECEWISE_BEZIER_KNOTS.);
#5433 = CARTESIAN_POINT('',(3.956949523644,-18.97645762218,
    -5.156796531504));
#5434 = CARTESIAN_POINT('',(3.82328372805,-18.78087633104,
    -5.259361913515));
#5435 = CARTESIAN_POINT('',(3.685300551563,-18.58550863459,
    -5.358359551938));
#5436 = CARTESIAN_POINT('',(3.543402827824,-18.39028978716,
    -5.453274404221));
#5437 = CARTESIAN_POINT('',(3.398107414354,-18.19514478783,
    -5.543655269053));
#5438 = CARTESIAN_POINT('',(3.25,-18.,-5.629165124599));
#5439 = ORIENTED_EDGE('',*,*,#5399,.F.);
#5440 = ORIENTED_EDGE('',*,*,#3413,.T.);
#5441 = B_SPLINE_SURFACE_WITH_KNOTS('',1,1,(
    (#5442,#5443)
    ,(#5444,#5445
    )),.UNSPECIFIED.,.F.,.F.,.F.,(2,2),(2,2),(0.,1.744278210227),(0.,1.)
  ,.PIECEWISE_BEZIER_KNOTS.);
#5442 = CARTESIAN_POINT('',(2.95,-18.,-5.109549882328));
#5443 = CARTESIAN_POINT('',(5.3,-18.,-9.179869280115));
#5444 = CARTESIAN_POINT('',(3.638903671028,-19.,-4.711811162414));
#5445 = CARTESIAN_POINT('',(6.537691341169,-19.,-8.465287851117));
#5446 = ADVANCED_FACE('',(#5447),#5467,.T.);
#5447 = FACE_BOUND('',#5448,.T.);
#5448 = EDGE_LOOP('',(#5449,#5450,#5457,#5466));
#5449 = ORIENTED_EDGE('',*,*,#3402,.T.);
#5450 = ORIENTED_EDGE('',*,*,#5451,.T.);
#5451 = EDGE_CURVE('',#3392,#5452,#5454,.T.);
#5452 = VERTEX_POINT('',#5453);
#5453 = CARTESIAN_POINT('',(2.487442310373,-18.9764572782,
    -6.005216961323));
#5454 = B_SPLINE_CURVE_WITH_KNOTS('',1,(#5455,#5456),.UNSPECIFIED.,.F.,
  .F.,(2,2),(0.,1.),.PIECEWISE_BEZIER_KNOTS.);
#5455 = CARTESIAN_POINT('',(4.091447281747,-18.9764572782,
    -9.877627517328));
#5456 = CARTESIAN_POINT('',(2.277314996444,-18.9764572782,
    -5.497924750211));
#5457 = ORIENTED_EDGE('',*,*,#5458,.F.);
#5458 = EDGE_CURVE('',#5425,#5452,#5459,.T.);
#5459 = B_SPLINE_CURVE_WITH_KNOTS('',5,(#5460,#5461,#5462,#5463,#5464,
    #5465),.UNSPECIFIED.,.F.,.F.,(6,6),(0.,1.),
  .PIECEWISE_BEZIER_KNOTS.);
#5460 = CARTESIAN_POINT('',(3.25,-18.,-5.629165124599));
#5461 = CARTESIAN_POINT('',(3.101892585645,-18.19514478783,
    -5.714674980146));
#5462 = CARTESIAN_POINT('',(2.950972753951,-18.39028978716,
    -5.795314066847));
#5463 = CARTESIAN_POINT('',(2.797825218807,-18.58550863459,
    -5.870743674203));
#5464 = CARTESIAN_POINT('',(2.643099160774,-18.78087633105,
    -5.940741791125));
#5465 = CARTESIAN_POINT('',(2.487442036609,-18.97645762218,
    -6.00521707472));
#5466 = ORIENTED_EDGE('',*,*,#5424,.T.);
#5467 = B_SPLINE_SURFACE_WITH_KNOTS('',1,1,(
    (#5468,#5469)
    ,(#5470,#5471
    )),.UNSPECIFIED.,.F.,.F.,.F.,(2,2),(2,2),(0.,1.744278210227),(0.,1.)
  ,.PIECEWISE_BEZIER_KNOTS.);
#5468 = CARTESIAN_POINT('',(2.261096328972,-19.,-5.507288602242));
#5469 = CARTESIAN_POINT('',(4.062308658831,-19.,-9.894450709113));
#5470 = CARTESIAN_POINT('',(2.95,-18.,-5.109549882328));
#5471 = CARTESIAN_POINT('',(5.3,-18.,-9.179869280115));
#5472 = ADVANCED_FACE('',(#5473),#5493,.T.);
#5473 = FACE_BOUND('',#5474,.T.);
#5474 = EDGE_LOOP('',(#5475,#5482,#5491,#5492));
#5475 = ORIENTED_EDGE('',*,*,#5476,.F.);
#5476 = EDGE_CURVE('',#5477,#3381,#5479,.T.);
#5477 = VERTEX_POINT('',#5478);
#5478 = CARTESIAN_POINT('',(1.682323793166,-18.,-6.278517870879));
#5479 = B_SPLINE_CURVE_WITH_KNOTS('',1,(#5480,#5481),.UNSPECIFIED.,.F.,
  .F.,(2,2),(0.,1.),.PIECEWISE_BEZIER_KNOTS.);
#5480 = CARTESIAN_POINT('',(1.527032366105,-18.,-5.698962375106));
#5481 = CARTESIAN_POINT('',(2.743481878087,-18.,-10.23881375866));
#5482 = ORIENTED_EDGE('',*,*,#5483,.F.);
#5483 = EDGE_CURVE('',#5452,#5477,#5484,.T.);
#5484 = B_SPLINE_CURVE_WITH_KNOTS('',5,(#5485,#5486,#5487,#5488,#5489,
    #5490),.UNSPECIFIED.,.F.,.F.,(6,6),(0.,1.),
  .PIECEWISE_BEZIER_KNOTS.);
#5485 = CARTESIAN_POINT('',(2.487442584138,-18.97645762218,
    -6.005216847926));
#5486 = CARTESIAN_POINT('',(2.331785465849,-18.78087633104,
    -6.069692145715));
#5487 = CARTESIAN_POINT('',(2.172881477843,-18.58550863459,
    -6.129603847431));
#5488 = CARTESIAN_POINT('',(2.011253030358,-18.39028978716,
    -6.184558721189));
#5489 = CARTESIAN_POINT('',(1.847516148915,-18.19514478783,
    -6.23425471256));
#5490 = CARTESIAN_POINT('',(1.682323793166,-18.,-6.278517870879));
#5491 = ORIENTED_EDGE('',*,*,#5451,.F.);
#5492 = ORIENTED_EDGE('',*,*,#3391,.T.);
#5493 = B_SPLINE_SURFACE_WITH_KNOTS('',1,1,(
    (#5494,#5495)
    ,(#5496,#5497
    )),.UNSPECIFIED.,.F.,.F.,.F.,(2,2),(2,2),(0.,1.744278210227),(0.,1.)
  ,.PIECEWISE_BEZIER_KNOTS.);
#5494 = CARTESIAN_POINT('',(1.527032366105,-18.,-5.698962375106));
#5495 = CARTESIAN_POINT('',(2.743481878087,-18.,-10.23881375866));
#5496 = CARTESIAN_POINT('',(2.295404569465,-19.,-5.493077663729));
#5497 = CARTESIAN_POINT('',(4.123947192598,-19.,-9.868919192462));
#5498 = ADVANCED_FACE('',(#5499),#5519,.T.);
#5499 = FACE_BOUND('',#5500,.T.);
#5500 = EDGE_LOOP('',(#5501,#5502,#5509,#5518));
#5501 = ORIENTED_EDGE('',*,*,#3380,.T.);
#5502 = ORIENTED_EDGE('',*,*,#5503,.T.);
#5503 = EDGE_CURVE('',#3370,#5504,#5506,.T.);
#5504 = VERTEX_POINT('',#5505);
#5505 = CARTESIAN_POINT('',(0.84842024943,-18.9764572782,-6.44439159893)
  );
#5506 = B_SPLINE_CURVE_WITH_KNOTS('',1,(#5507,#5508),.UNSPECIFIED.,.F.,
  .F.,(2,2),(0.,1.),.PIECEWISE_BEZIER_KNOTS.);
#5507 = CARTESIAN_POINT('',(1.395516474426,-18.9764572782,-10.6));
#5508 = CARTESIAN_POINT('',(0.776749735766,-18.9764572782,-5.9));
#5509 = ORIENTED_EDGE('',*,*,#5510,.F.);
#5510 = EDGE_CURVE('',#5477,#5504,#5511,.T.);
#5511 = B_SPLINE_CURVE_WITH_KNOTS('',5,(#5512,#5513,#5514,#5515,#5516,
    #5517),.UNSPECIFIED.,.F.,.F.,(6,6),(0.,1.),
  .PIECEWISE_BEZIER_KNOTS.);
#5512 = CARTESIAN_POINT('',(1.682323793166,-18.,-6.278517870879));
#5513 = CARTESIAN_POINT('',(1.517131437414,-18.19514478783,
    -6.322781029199));
#5514 = CARTESIAN_POINT('',(1.350483142865,-18.39028978716,
    -6.361611478926));
#5515 = CARTESIAN_POINT('',(1.183031364491,-18.58550863459,
    -6.394833385931));
#5516 = CARTESIAN_POINT('',(1.015460623257,-18.78087633104,
    -6.422400324265));
#5517 = CARTESIAN_POINT('',(0.848419955645,-18.97645762218,
    -6.444391637607));
#5518 = ORIENTED_EDGE('',*,*,#5476,.T.);
#5519 = B_SPLINE_SURFACE_WITH_KNOTS('',1,1,(
    (#5520,#5521)
    ,(#5522,#5523
    )),.UNSPECIFIED.,.F.,.F.,.F.,(2,2),(2,2),(0.,1.744278210227),(0.,1.)
  ,.PIECEWISE_BEZIER_KNOTS.);
#5520 = CARTESIAN_POINT('',(0.758660162745,-19.,-5.904847086482));
#5521 = CARTESIAN_POINT('',(1.363016563576,-19.,-10.60870832486));
#5522 = CARTESIAN_POINT('',(1.527032366105,-18.,-5.698962375106));
#5523 = CARTESIAN_POINT('',(2.743481878087,-18.,-10.23881375866));
#5524 = ADVANCED_FACE('',(#5525),#5545,.T.);
#5525 = FACE_BOUND('',#5526,.T.);
#5526 = EDGE_LOOP('',(#5527,#5534,#5543,#5544));
#5527 = ORIENTED_EDGE('',*,*,#5528,.F.);
#5528 = EDGE_CURVE('',#5529,#3359,#5531,.T.);
#5529 = VERTEX_POINT('',#5530);
#5530 = CARTESIAN_POINT('',(8.1849420858E-16,-18.,-6.5));
#5531 = B_SPLINE_CURVE_WITH_KNOTS('',1,(#5532,#5533),.UNSPECIFIED.,.F.,
  .F.,(2,2),(0.,1.),.PIECEWISE_BEZIER_KNOTS.);
#5532 = CARTESIAN_POINT('',(7.660538869914E-16,-18.,-5.9));
#5533 = CARTESIAN_POINT('',(1.176836406103E-15,-18.,-10.6));
#5534 = ORIENTED_EDGE('',*,*,#5535,.F.);
#5535 = EDGE_CURVE('',#5504,#5529,#5536,.T.);
#5536 = B_SPLINE_CURVE_WITH_KNOTS('',5,(#5537,#5538,#5539,#5540,#5541,
    #5542),.UNSPECIFIED.,.F.,.F.,(6,6),(0.,1.),
  .PIECEWISE_BEZIER_KNOTS.);
#5537 = CARTESIAN_POINT('',(0.848420543216,-18.97645762218,
    -6.444391560252));
#5538 = CARTESIAN_POINT('',(0.681379877609,-18.78087633104,
    -6.466382888825));
#5539 = CARTESIAN_POINT('',(0.512384122265,-18.58550863459,
    -6.48312577037));
#5540 = CARTESIAN_POINT('',(0.342039662627,-18.39028978716,
    -6.494375581775));
#5541 = CARTESIAN_POINT('',(0.171019711093,-18.19514478783,-6.5));
#5542 = CARTESIAN_POINT('',(7.771561172376E-16,-18.,-6.5));
#5543 = ORIENTED_EDGE('',*,*,#5503,.F.);
#5544 = ORIENTED_EDGE('',*,*,#3369,.T.);
#5545 = B_SPLINE_SURFACE_WITH_KNOTS('',1,1,(
    (#5546,#5547)
    ,(#5548,#5549
    )),.UNSPECIFIED.,.F.,.F.,.F.,(2,2),(2,2),(0.,1.744278210227),(0.,1.)
  ,.PIECEWISE_BEZIER_KNOTS.);
#5546 = CARTESIAN_POINT('',(6.550315845288E-16,-18.,-5.9));
#5547 = CARTESIAN_POINT('',(1.176836406103E-15,-18.,-10.6));
#5548 = CARTESIAN_POINT('',(0.795477439828,-19.,-5.9));
#5549 = CARTESIAN_POINT('',(1.429162857996,-19.,-10.6));
#5550 = ADVANCED_FACE('',(#5551),#5571,.T.);
#5551 = FACE_BOUND('',#5552,.T.);
#5552 = EDGE_LOOP('',(#5553,#5554,#5561,#5570));
#5553 = ORIENTED_EDGE('',*,*,#3358,.T.);
#5554 = ORIENTED_EDGE('',*,*,#5555,.T.);
#5555 = EDGE_CURVE('',#3348,#5556,#5558,.T.);
#5556 = VERTEX_POINT('',#5557);
#5557 = CARTESIAN_POINT('',(-0.84842024943,-18.9764572782,-6.44439159893
    ));
#5558 = B_SPLINE_CURVE_WITH_KNOTS('',1,(#5559,#5560),.UNSPECIFIED.,.F.,
  .F.,(2,2),(0.,1.),.PIECEWISE_BEZIER_KNOTS.);
#5559 = CARTESIAN_POINT('',(-1.395516474426,-18.9764572782,-10.6));
#5560 = CARTESIAN_POINT('',(-0.776749735766,-18.9764572782,-5.9));
#5561 = ORIENTED_EDGE('',*,*,#5562,.F.);
#5562 = EDGE_CURVE('',#5529,#5556,#5563,.T.);
#5563 = B_SPLINE_CURVE_WITH_KNOTS('',5,(#5564,#5565,#5566,#5567,#5568,
    #5569),.UNSPECIFIED.,.F.,.F.,(6,6),(0.,1.),
  .PIECEWISE_BEZIER_KNOTS.);
#5564 = CARTESIAN_POINT('',(7.771561172376E-16,-18.,-6.5));
#5565 = CARTESIAN_POINT('',(-0.171019711096,-18.19514478783,-6.5));
#5566 = CARTESIAN_POINT('',(-0.342039662627,-18.39028978716,
    -6.494375581775));
#5567 = CARTESIAN_POINT('',(-0.512384122265,-18.58550863459,
    -6.483125770371));
#5568 = CARTESIAN_POINT('',(-0.681379877609,-18.78087633104,
    -6.466382888825));
#5569 = CARTESIAN_POINT('',(-0.848420543216,-18.97645762218,
    -6.444391560252));
#5570 = ORIENTED_EDGE('',*,*,#5528,.T.);
#5571 = B_SPLINE_SURFACE_WITH_KNOTS('',1,1,(
    (#5572,#5573)
    ,(#5574,#5575
    )),.UNSPECIFIED.,.F.,.F.,.F.,(2,2),(2,2),(0.,1.744278210227),(0.,1.)
  ,.PIECEWISE_BEZIER_KNOTS.);
#5572 = CARTESIAN_POINT('',(-0.795477439828,-19.,-5.9));
#5573 = CARTESIAN_POINT('',(-1.429162857996,-19.,-10.6));
#5574 = CARTESIAN_POINT('',(7.660538869914E-16,-18.,-5.9));
#5575 = CARTESIAN_POINT('',(1.176836406103E-15,-18.,-10.6));
#5576 = ADVANCED_FACE('',(#5577),#5597,.T.);
#5577 = FACE_BOUND('',#5578,.T.);
#5578 = EDGE_LOOP('',(#5579,#5586,#5595,#5596));
#5579 = ORIENTED_EDGE('',*,*,#5580,.F.);
#5580 = EDGE_CURVE('',#5581,#3337,#5583,.T.);
#5581 = VERTEX_POINT('',#5582);
#5582 = CARTESIAN_POINT('',(-1.682323793166,-18.,-6.278517870879));
#5583 = B_SPLINE_CURVE_WITH_KNOTS('',1,(#5584,#5585),.UNSPECIFIED.,.F.,
  .F.,(2,2),(0.,1.),.PIECEWISE_BEZIER_KNOTS.);
#5584 = CARTESIAN_POINT('',(-1.527032366105,-18.,-5.698962375106));
#5585 = CARTESIAN_POINT('',(-2.743481878087,-18.,-10.23881375866));
#5586 = ORIENTED_EDGE('',*,*,#5587,.F.);
#5587 = EDGE_CURVE('',#5556,#5581,#5588,.T.);
#5588 = B_SPLINE_CURVE_WITH_KNOTS('',5,(#5589,#5590,#5591,#5592,#5593,
    #5594),.UNSPECIFIED.,.F.,.F.,(6,6),(0.,1.),
  .PIECEWISE_BEZIER_KNOTS.);
#5589 = CARTESIAN_POINT('',(-0.848419955645,-18.97645762218,
    -6.444391637607));
#5590 = CARTESIAN_POINT('',(-1.015460623257,-18.78087633104,
    -6.422400324265));
#5591 = CARTESIAN_POINT('',(-1.18303136449,-18.58550863459,
    -6.394833385931));
#5592 = CARTESIAN_POINT('',(-1.350483142866,-18.39028978716,
    -6.361611478926));
#5593 = CARTESIAN_POINT('',(-1.517131437418,-18.19514478783,
    -6.322781029198));
#5594 = CARTESIAN_POINT('',(-1.682323793166,-18.,-6.278517870879));
#5595 = ORIENTED_EDGE('',*,*,#5555,.F.);
#5596 = ORIENTED_EDGE('',*,*,#3347,.T.);
#5597 = B_SPLINE_SURFACE_WITH_KNOTS('',1,1,(
    (#5598,#5599)
    ,(#5600,#5601
    )),.UNSPECIFIED.,.F.,.F.,.F.,(2,2),(2,2),(0.,1.744278210227),(0.,1.)
  ,.PIECEWISE_BEZIER_KNOTS.);
#5598 = CARTESIAN_POINT('',(-1.527032366105,-18.,-5.698962375106));
#5599 = CARTESIAN_POINT('',(-2.743481878087,-18.,-10.23881375866));
#5600 = CARTESIAN_POINT('',(-0.758660162745,-19.,-5.904847086482));
#5601 = CARTESIAN_POINT('',(-1.363016563576,-19.,-10.60870832486));
#5602 = ADVANCED_FACE('',(#5603),#5623,.T.);
#5603 = FACE_BOUND('',#5604,.T.);
#5604 = EDGE_LOOP('',(#5605,#5606,#5613,#5622));
#5605 = ORIENTED_EDGE('',*,*,#3336,.T.);
#5606 = ORIENTED_EDGE('',*,*,#5607,.T.);
#5607 = EDGE_CURVE('',#3326,#5608,#5610,.T.);
#5608 = VERTEX_POINT('',#5609);
#5609 = CARTESIAN_POINT('',(-2.487442310373,-18.9764572782,
    -6.005216961323));
#5610 = B_SPLINE_CURVE_WITH_KNOTS('',1,(#5611,#5612),.UNSPECIFIED.,.F.,
  .F.,(2,2),(0.,1.),.PIECEWISE_BEZIER_KNOTS.);
#5611 = CARTESIAN_POINT('',(-4.091447281747,-18.9764572782,
    -9.877627517328));
#5612 = CARTESIAN_POINT('',(-2.277314996444,-18.9764572782,
    -5.497924750211));
#5613 = ORIENTED_EDGE('',*,*,#5614,.F.);
#5614 = EDGE_CURVE('',#5581,#5608,#5615,.T.);
#5615 = B_SPLINE_CURVE_WITH_KNOTS('',5,(#5616,#5617,#5618,#5619,#5620,
    #5621),.UNSPECIFIED.,.F.,.F.,(6,6),(0.,1.),
  .PIECEWISE_BEZIER_KNOTS.);
#5616 = CARTESIAN_POINT('',(-1.682323793166,-18.,-6.278517870879));
#5617 = CARTESIAN_POINT('',(-1.847516148916,-18.19514478783,
    -6.23425471256));
#5618 = CARTESIAN_POINT('',(-2.011253030358,-18.39028978716,
    -6.184558721189));
#5619 = CARTESIAN_POINT('',(-2.172881477844,-18.58550863459,
    -6.129603847431));
#5620 = CARTESIAN_POINT('',(-2.331785465851,-18.78087633105,
    -6.069692145714));
#5621 = CARTESIAN_POINT('',(-2.487442584138,-18.97645762218,
    -6.005216847926));
#5622 = ORIENTED_EDGE('',*,*,#5580,.T.);
#5623 = B_SPLINE_SURFACE_WITH_KNOTS('',1,1,(
    (#5624,#5625)
    ,(#5626,#5627
    )),.UNSPECIFIED.,.F.,.F.,.F.,(2,2),(2,2),(0.,1.744278210227),(0.,1.)
  ,.PIECEWISE_BEZIER_KNOTS.);
#5624 = CARTESIAN_POINT('',(-2.295404569465,-19.,-5.493077663729));
#5625 = CARTESIAN_POINT('',(-4.123947192598,-19.,-9.868919192462));
#5626 = CARTESIAN_POINT('',(-1.527032366105,-18.,-5.698962375106));
#5627 = CARTESIAN_POINT('',(-2.743481878087,-18.,-10.23881375866));
#5628 = ADVANCED_FACE('',(#5629),#5649,.T.);
#5629 = FACE_BOUND('',#5630,.T.);
#5630 = EDGE_LOOP('',(#5631,#5638,#5647,#5648));
#5631 = ORIENTED_EDGE('',*,*,#5632,.F.);
#5632 = EDGE_CURVE('',#5633,#3313,#5635,.T.);
#5633 = VERTEX_POINT('',#5634);
#5634 = CARTESIAN_POINT('',(-3.25,-18.,-5.629165124599));
#5635 = B_SPLINE_CURVE_WITH_KNOTS('',1,(#5636,#5637),.UNSPECIFIED.,.F.,
  .F.,(2,2),(0.,1.),.PIECEWISE_BEZIER_KNOTS.);
#5636 = CARTESIAN_POINT('',(-2.95,-18.,-5.109549882328));
#5637 = CARTESIAN_POINT('',(-5.3,-18.,-9.179869280115));
#5638 = ORIENTED_EDGE('',*,*,#5639,.F.);
#5639 = EDGE_CURVE('',#5608,#5633,#5640,.T.);
#5640 = B_SPLINE_CURVE_WITH_KNOTS('',5,(#5641,#5642,#5643,#5644,#5645,
    #5646),.UNSPECIFIED.,.F.,.F.,(6,6),(0.,1.),
  .PIECEWISE_BEZIER_KNOTS.);
#5641 = CARTESIAN_POINT('',(-2.487442036609,-18.97645762218,
    -6.00521707472));
#5642 = CARTESIAN_POINT('',(-2.643099160775,-18.78087633104,
    -5.940741791124));
#5643 = CARTESIAN_POINT('',(-2.797825218808,-18.58550863459,
    -5.870743674203));
#5644 = CARTESIAN_POINT('',(-2.950972753951,-18.39028978716,
    -5.795314066848));
#5645 = CARTESIAN_POINT('',(-3.101892585646,-18.19514478783,
    -5.714674980145));
#5646 = CARTESIAN_POINT('',(-3.25,-18.,-5.629165124599));
#5647 = ORIENTED_EDGE('',*,*,#5607,.F.);
#5648 = ORIENTED_EDGE('',*,*,#3325,.T.);
#5649 = B_SPLINE_SURFACE_WITH_KNOTS('',1,1,(
    (#5650,#5651)
    ,(#5652,#5653
    )),.UNSPECIFIED.,.F.,.F.,.F.,(2,2),(2,2),(0.,1.744278210227),(0.,1.)
  ,.PIECEWISE_BEZIER_KNOTS.);
#5650 = CARTESIAN_POINT('',(-2.95,-18.,-5.109549882328));
#5651 = CARTESIAN_POINT('',(-5.3,-18.,-9.179869280115));
#5652 = CARTESIAN_POINT('',(-2.261096328972,-19.,-5.507288602242));
#5653 = CARTESIAN_POINT('',(-4.062308658831,-19.,-9.894450709113));
#5654 = ADVANCED_FACE('',(#5655),#5675,.T.);
#5655 = FACE_BOUND('',#5656,.T.);
#5656 = EDGE_LOOP('',(#5657,#5658,#5665,#5674));
#5657 = ORIENTED_EDGE('',*,*,#3312,.T.);
#5658 = ORIENTED_EDGE('',*,*,#5659,.T.);
#5659 = EDGE_CURVE('',#3300,#5660,#5662,.T.);
#5660 = VERTEX_POINT('',#5661);
#5661 = CARTESIAN_POINT('',(-3.956949288557,-18.9764572782,
    -5.156796711893));
#5662 = B_SPLINE_CURVE_WITH_KNOTS('',1,(#5663,#5664),.UNSPECIFIED.,.F.,
  .F.,(2,2),(0.,1.),.PIECEWISE_BEZIER_KNOTS.);
#5663 = CARTESIAN_POINT('',(-6.508552718253,-18.9764572782,
    -8.482111042902));
#5664 = CARTESIAN_POINT('',(-3.622685003556,-18.9764572782,
    -4.721175014445));
#5665 = ORIENTED_EDGE('',*,*,#5666,.F.);
#5666 = EDGE_CURVE('',#5633,#5660,#5667,.T.);
#5667 = B_SPLINE_CURVE_WITH_KNOTS('',5,(#5668,#5669,#5670,#5671,#5672,
    #5673),.UNSPECIFIED.,.F.,.F.,(6,6),(0.,1.),
  .PIECEWISE_BEZIER_KNOTS.);
#5668 = CARTESIAN_POINT('',(-3.25,-18.,-5.629165124599));
#5669 = CARTESIAN_POINT('',(-3.398107414355,-18.19514478783,
    -5.543655269052));
#5670 = CARTESIAN_POINT('',(-3.543402827824,-18.39028978716,
    -5.453274404221));
#5671 = CARTESIAN_POINT('',(-3.685300551563,-18.58550863459,
    -5.358359551938));
#5672 = CARTESIAN_POINT('',(-3.823283728051,-18.78087633105,
    -5.259361913514));
#5673 = CARTESIAN_POINT('',(-3.956949523644,-18.97645762218,
    -5.156796531504));
#5674 = ORIENTED_EDGE('',*,*,#5632,.T.);
#5675 = B_SPLINE_SURFACE_WITH_KNOTS('',1,1,(
    (#5676,#5677)
    ,(#5678,#5679
    )),.UNSPECIFIED.,.F.,.F.,.F.,(2,2),(2,2),(0.,1.744278210227),(0.,1.)
  ,.PIECEWISE_BEZIER_KNOTS.);
#5676 = CARTESIAN_POINT('',(-3.638903671028,-19.,-4.711811162414));
#5677 = CARTESIAN_POINT('',(-6.537691341169,-19.,-8.465287851117));
#5678 = CARTESIAN_POINT('',(-2.95,-18.,-5.109549882328));
#5679 = CARTESIAN_POINT('',(-5.3,-18.,-9.179869280115));
#5680 = ADVANCED_FACE('',(#5681),#5701,.T.);
#5681 = FACE_BOUND('',#5682,.T.);
#5682 = EDGE_LOOP('',(#5683,#5690,#5699,#5700));
#5683 = ORIENTED_EDGE('',*,*,#5684,.F.);
#5684 = EDGE_CURVE('',#5685,#3287,#5687,.T.);
#5685 = VERTEX_POINT('',#5686);
#5686 = CARTESIAN_POINT('',(-4.596194077713,-18.,-4.596194077713));
#5687 = B_SPLINE_CURVE_WITH_KNOTS('',1,(#5688,#5689),.UNSPECIFIED.,.F.,
  .F.,(2,2),(0.,1.),.PIECEWISE_BEZIER_KNOTS.);
#5688 = CARTESIAN_POINT('',(-4.171930009001,-18.,-4.171930009001));
#5689 = CARTESIAN_POINT('',(-7.495331880577,-18.,-7.495331880577));
#5690 = ORIENTED_EDGE('',*,*,#5691,.F.);
#5691 = EDGE_CURVE('',#5660,#5685,#5692,.T.);
#5692 = B_SPLINE_CURVE_WITH_KNOTS('',5,(#5693,#5694,#5695,#5696,#5697,
    #5698),.UNSPECIFIED.,.F.,.F.,(6,6),(0.,1.),
  .PIECEWISE_BEZIER_KNOTS.);
#5693 = CARTESIAN_POINT('',(-3.95694905347,-18.97645762218,
    -5.156796892282));
#5694 = CARTESIAN_POINT('',(-4.090614858415,-18.78087633104,
    -5.054231522458));
#5695 = CARTESIAN_POINT('',(-4.221951908088,-18.58550863459,
    -4.94657248294));
#5696 = CARTESIAN_POINT('',(-4.350358448567,-18.39028978716,
    -4.834075578323));
#5697 = CARTESIAN_POINT('',(-4.475264880282,-18.19514478783,
    -4.717123275143));
#5698 = CARTESIAN_POINT('',(-4.596194077713,-18.,-4.596194077713));
#5699 = ORIENTED_EDGE('',*,*,#5659,.F.);
#5700 = ORIENTED_EDGE('',*,*,#3299,.T.);
#5701 = B_SPLINE_SURFACE_WITH_KNOTS('',1,1,(
    (#5702,#5703)
    ,(#5704,#5705
    )),.UNSPECIFIED.,.F.,.F.,.F.,(2,2),(2,2),(0.,1.744278210227),(0.,1.)
  ,.PIECEWISE_BEZIER_KNOTS.);
#5702 = CARTESIAN_POINT('',(-4.171930009001,-18.,-4.171930009001));
#5703 = CARTESIAN_POINT('',(-7.495331880577,-18.,-7.495331880577));
#5704 = CARTESIAN_POINT('',(-3.609442517018,-19.,-4.734417500984));
#5705 = CARTESIAN_POINT('',(-6.484761132269,-19.,-8.505902628886));
#5706 = ADVANCED_FACE('',(#5707),#5727,.T.);
#5707 = FACE_BOUND('',#5708,.T.);
#5708 = EDGE_LOOP('',(#5709,#5710,#5717,#5726));
#5709 = ORIENTED_EDGE('',*,*,#3286,.T.);
#5710 = ORIENTED_EDGE('',*,*,#5711,.T.);
#5711 = EDGE_CURVE('',#3274,#5712,#5714,.T.);
#5712 = VERTEX_POINT('',#5713);
#5713 = CARTESIAN_POINT('',(-5.156796711893,-18.9764572782,
    -3.956949288557));
#5714 = B_SPLINE_CURVE_WITH_KNOTS('',1,(#5715,#5716),.UNSPECIFIED.,.F.,
  .F.,(2,2),(0.,1.),.PIECEWISE_BEZIER_KNOTS.);
#5715 = CARTESIAN_POINT('',(-8.482111042902,-18.9764572782,
    -6.508552718253));
#5716 = CARTESIAN_POINT('',(-4.721175014445,-18.9764572782,
    -3.622685003556));
#5717 = ORIENTED_EDGE('',*,*,#5718,.F.);
#5718 = EDGE_CURVE('',#5685,#5712,#5719,.T.);
#5719 = B_SPLINE_CURVE_WITH_KNOTS('',5,(#5720,#5721,#5722,#5723,#5724,
    #5725),.UNSPECIFIED.,.F.,.F.,(6,6),(0.,1.),
  .PIECEWISE_BEZIER_KNOTS.);
#5720 = CARTESIAN_POINT('',(-4.596194077713,-18.,-4.596194077713));
#5721 = CARTESIAN_POINT('',(-4.717123275143,-18.19514478783,
    -4.475264880282));
#5722 = CARTESIAN_POINT('',(-4.834075578323,-18.39028978716,
    -4.350358448568));
#5723 = CARTESIAN_POINT('',(-4.946572482941,-18.58550863459,
    -4.221951908088));
#5724 = CARTESIAN_POINT('',(-5.054231522459,-18.78087633105,
    -4.090614858414));
#5725 = CARTESIAN_POINT('',(-5.156796892282,-18.97645762218,
    -3.95694905347));
#5726 = ORIENTED_EDGE('',*,*,#5684,.T.);
#5727 = B_SPLINE_SURFACE_WITH_KNOTS('',1,1,(
    (#5728,#5729)
    ,(#5730,#5731
    )),.UNSPECIFIED.,.F.,.F.,.F.,(2,2),(2,2),(0.,1.744278210227),(0.,1.)
  ,.PIECEWISE_BEZIER_KNOTS.);
#5728 = CARTESIAN_POINT('',(-4.734417500984,-19.,-3.609442517018));
#5729 = CARTESIAN_POINT('',(-8.505902628886,-19.,-6.484761132269));
#5730 = CARTESIAN_POINT('',(-4.171930009001,-18.,-4.171930009001));
#5731 = CARTESIAN_POINT('',(-7.495331880577,-18.,-7.495331880577));
#5732 = ADVANCED_FACE('',(#5733),#5753,.T.);
#5733 = FACE_BOUND('',#5734,.T.);
#5734 = EDGE_LOOP('',(#5735,#5742,#5751,#5752));
#5735 = ORIENTED_EDGE('',*,*,#5736,.F.);
#5736 = EDGE_CURVE('',#5737,#3263,#5739,.T.);
#5737 = VERTEX_POINT('',#5738);
#5738 = CARTESIAN_POINT('',(-5.629165124599,-18.,-3.25));
#5739 = B_SPLINE_CURVE_WITH_KNOTS('',1,(#5740,#5741),.UNSPECIFIED.,.F.,
  .F.,(2,2),(0.,1.),.PIECEWISE_BEZIER_KNOTS.);
#5740 = CARTESIAN_POINT('',(-5.109549882328,-18.,-2.95));
#5741 = CARTESIAN_POINT('',(-9.179869280115,-18.,-5.3));
#5742 = ORIENTED_EDGE('',*,*,#5743,.F.);
#5743 = EDGE_CURVE('',#5712,#5737,#5744,.T.);
#5744 = B_SPLINE_CURVE_WITH_KNOTS('',5,(#5745,#5746,#5747,#5748,#5749,
    #5750),.UNSPECIFIED.,.F.,.F.,(6,6),(0.,1.),
  .PIECEWISE_BEZIER_KNOTS.);
#5745 = CARTESIAN_POINT('',(-5.156796531504,-18.97645762218,
    -3.956949523644));
#5746 = CARTESIAN_POINT('',(-5.259361913515,-18.78087633104,
    -3.823283728049));
#5747 = CARTESIAN_POINT('',(-5.358359551938,-18.58550863459,
    -3.685300551563));
#5748 = CARTESIAN_POINT('',(-5.453274404221,-18.39028978716,
    -3.543402827824));
#5749 = CARTESIAN_POINT('',(-5.543655269053,-18.19514478783,
    -3.398107414354));
#5750 = CARTESIAN_POINT('',(-5.629165124599,-18.,-3.25));
#5751 = ORIENTED_EDGE('',*,*,#5711,.F.);
#5752 = ORIENTED_EDGE('',*,*,#3273,.T.);
#5753 = B_SPLINE_SURFACE_WITH_KNOTS('',1,1,(
    (#5754,#5755)
    ,(#5756,#5757
    )),.UNSPECIFIED.,.F.,.F.,.F.,(2,2),(2,2),(0.,1.744278210227),(0.,1.)
  ,.PIECEWISE_BEZIER_KNOTS.);
#5754 = CARTESIAN_POINT('',(-5.109549882328,-18.,-2.95));
#5755 = CARTESIAN_POINT('',(-9.179869280115,-18.,-5.3));
#5756 = CARTESIAN_POINT('',(-4.711811162414,-19.,-3.638903671028));
#5757 = CARTESIAN_POINT('',(-8.465287851117,-19.,-6.537691341169));
#5758 = ADVANCED_FACE('',(#5759),#5779,.T.);
#5759 = FACE_BOUND('',#5760,.T.);
#5760 = EDGE_LOOP('',(#5761,#5762,#5769,#5778));
#5761 = ORIENTED_EDGE('',*,*,#3262,.T.);
#5762 = ORIENTED_EDGE('',*,*,#5763,.T.);
#5763 = EDGE_CURVE('',#3252,#5764,#5766,.T.);
#5764 = VERTEX_POINT('',#5765);
#5765 = CARTESIAN_POINT('',(-6.005216961323,-18.9764572782,
    -2.487442310373));
#5766 = B_SPLINE_CURVE_WITH_KNOTS('',1,(#5767,#5768),.UNSPECIFIED.,.F.,
  .F.,(2,2),(0.,1.),.PIECEWISE_BEZIER_KNOTS.);
#5767 = CARTESIAN_POINT('',(-9.877627517328,-18.9764572782,
    -4.091447281747));
#5768 = CARTESIAN_POINT('',(-5.497924750211,-18.9764572782,
    -2.277314996444));
#5769 = ORIENTED_EDGE('',*,*,#5770,.F.);
#5770 = EDGE_CURVE('',#5737,#5764,#5771,.T.);
#5771 = B_SPLINE_CURVE_WITH_KNOTS('',5,(#5772,#5773,#5774,#5775,#5776,
    #5777),.UNSPECIFIED.,.F.,.F.,(6,6),(0.,1.),
  .PIECEWISE_BEZIER_KNOTS.);
#5772 = CARTESIAN_POINT('',(-5.629165124599,-18.,-3.25));
#5773 = CARTESIAN_POINT('',(-5.714674980146,-18.19514478783,
    -3.101892585645));
#5774 = CARTESIAN_POINT('',(-5.795314066847,-18.39028978716,
    -2.950972753951));
#5775 = CARTESIAN_POINT('',(-5.870743674203,-18.58550863459,
    -2.797825218807));
#5776 = CARTESIAN_POINT('',(-5.940741791125,-18.78087633105,
    -2.643099160774));
#5777 = CARTESIAN_POINT('',(-6.00521707472,-18.97645762218,
    -2.487442036609));
#5778 = ORIENTED_EDGE('',*,*,#5736,.T.);
#5779 = B_SPLINE_SURFACE_WITH_KNOTS('',1,1,(
    (#5780,#5781)
    ,(#5782,#5783
    )),.UNSPECIFIED.,.F.,.F.,.F.,(2,2),(2,2),(0.,1.744278210227),(0.,1.)
  ,.PIECEWISE_BEZIER_KNOTS.);
#5780 = CARTESIAN_POINT('',(-5.507288602242,-19.,-2.261096328972));
#5781 = CARTESIAN_POINT('',(-9.894450709113,-19.,-4.062308658831));
#5782 = CARTESIAN_POINT('',(-5.109549882328,-18.,-2.95));
#5783 = CARTESIAN_POINT('',(-9.179869280115,-18.,-5.3));
#5784 = ADVANCED_FACE('',(#5785),#5805,.T.);
#5785 = FACE_BOUND('',#5786,.T.);
#5786 = EDGE_LOOP('',(#5787,#5794,#5803,#5804));
#5787 = ORIENTED_EDGE('',*,*,#5788,.F.);
#5788 = EDGE_CURVE('',#5789,#3241,#5791,.T.);
#5789 = VERTEX_POINT('',#5790);
#5790 = CARTESIAN_POINT('',(-6.278517870879,-18.,-1.682323793166));
#5791 = B_SPLINE_CURVE_WITH_KNOTS('',1,(#5792,#5793),.UNSPECIFIED.,.F.,
  .F.,(2,2),(0.,1.),.PIECEWISE_BEZIER_KNOTS.);
#5792 = CARTESIAN_POINT('',(-5.698962375106,-18.,-1.527032366105));
#5793 = CARTESIAN_POINT('',(-10.23881375866,-18.,-2.743481878087));
#5794 = ORIENTED_EDGE('',*,*,#5795,.F.);
#5795 = EDGE_CURVE('',#5764,#5789,#5796,.T.);
#5796 = B_SPLINE_CURVE_WITH_KNOTS('',5,(#5797,#5798,#5799,#5800,#5801,
    #5802),.UNSPECIFIED.,.F.,.F.,(6,6),(0.,1.),
  .PIECEWISE_BEZIER_KNOTS.);
#5797 = CARTESIAN_POINT('',(-6.005216847926,-18.97645762218,
    -2.487442584138));
#5798 = CARTESIAN_POINT('',(-6.069692145715,-18.78087633104,
    -2.331785465849));
#5799 = CARTESIAN_POINT('',(-6.129603847431,-18.58550863459,
    -2.172881477843));
#5800 = CARTESIAN_POINT('',(-6.184558721189,-18.39028978716,
    -2.011253030358));
#5801 = CARTESIAN_POINT('',(-6.23425471256,-18.19514478783,
    -1.847516148915));
#5802 = CARTESIAN_POINT('',(-6.278517870879,-18.,-1.682323793166));
#5803 = ORIENTED_EDGE('',*,*,#5763,.F.);
#5804 = ORIENTED_EDGE('',*,*,#3251,.T.);
#5805 = B_SPLINE_SURFACE_WITH_KNOTS('',1,1,(
    (#5806,#5807)
    ,(#5808,#5809
    )),.UNSPECIFIED.,.F.,.F.,.F.,(2,2),(2,2),(0.,1.744278210227),(0.,1.)
  ,.PIECEWISE_BEZIER_KNOTS.);
#5806 = CARTESIAN_POINT('',(-5.698962375106,-18.,-1.527032366105));
#5807 = CARTESIAN_POINT('',(-10.23881375866,-18.,-2.743481878087));
#5808 = CARTESIAN_POINT('',(-5.493077663729,-19.,-2.295404569465));
#5809 = CARTESIAN_POINT('',(-9.868919192462,-19.,-4.123947192598));
#5810 = ADVANCED_FACE('',(#5811),#5831,.T.);
#5811 = FACE_BOUND('',#5812,.T.);
#5812 = EDGE_LOOP('',(#5813,#5814,#5821,#5830));
#5813 = ORIENTED_EDGE('',*,*,#3240,.T.);
#5814 = ORIENTED_EDGE('',*,*,#5815,.T.);
#5815 = EDGE_CURVE('',#3230,#5816,#5818,.T.);
#5816 = VERTEX_POINT('',#5817);
#5817 = CARTESIAN_POINT('',(-6.44439159893,-18.9764572782,-0.84842024943
    ));
#5818 = B_SPLINE_CURVE_WITH_KNOTS('',1,(#5819,#5820),.UNSPECIFIED.,.F.,
  .F.,(2,2),(0.,1.),.PIECEWISE_BEZIER_KNOTS.);
#5819 = CARTESIAN_POINT('',(-10.6,-18.9764572782,-1.395516474426));
#5820 = CARTESIAN_POINT('',(-5.9,-18.9764572782,-0.776749735766));
#5821 = ORIENTED_EDGE('',*,*,#5822,.F.);
#5822 = EDGE_CURVE('',#5789,#5816,#5823,.T.);
#5823 = B_SPLINE_CURVE_WITH_KNOTS('',5,(#5824,#5825,#5826,#5827,#5828,
    #5829),.UNSPECIFIED.,.F.,.F.,(6,6),(0.,1.),
  .PIECEWISE_BEZIER_KNOTS.);
#5824 = CARTESIAN_POINT('',(-6.278517870879,-18.,-1.682323793166));
#5825 = CARTESIAN_POINT('',(-6.322781029199,-18.19514478783,
    -1.517131437414));
#5826 = CARTESIAN_POINT('',(-6.361611478926,-18.39028978716,
    -1.350483142865));
#5827 = CARTESIAN_POINT('',(-6.394833385931,-18.58550863459,
    -1.183031364491));
#5828 = CARTESIAN_POINT('',(-6.422400324265,-18.78087633104,
    -1.015460623257));
#5829 = CARTESIAN_POINT('',(-6.444391637607,-18.97645762218,
    -0.848419955645));
#5830 = ORIENTED_EDGE('',*,*,#5788,.T.);
#5831 = B_SPLINE_SURFACE_WITH_KNOTS('',1,1,(
    (#5832,#5833)
    ,(#5834,#5835
    )),.UNSPECIFIED.,.F.,.F.,.F.,(2,2),(2,2),(0.,1.744278210227),(0.,1.)
  ,.PIECEWISE_BEZIER_KNOTS.);
#5832 = CARTESIAN_POINT('',(-5.904847086482,-19.,-0.758660162745));
#5833 = CARTESIAN_POINT('',(-10.60870832486,-19.,-1.363016563576));
#5834 = CARTESIAN_POINT('',(-5.698962375106,-18.,-1.527032366105));
#5835 = CARTESIAN_POINT('',(-10.23881375866,-18.,-2.743481878087));
#5836 = ADVANCED_FACE('',(#5837),#5857,.T.);
#5837 = FACE_BOUND('',#5838,.T.);
#5838 = EDGE_LOOP('',(#5839,#5846,#5855,#5856));
#5839 = ORIENTED_EDGE('',*,*,#5840,.F.);
#5840 = EDGE_CURVE('',#5841,#3219,#5843,.T.);
#5841 = VERTEX_POINT('',#5842);
#5842 = CARTESIAN_POINT('',(-6.5,-18.,-7.818473595569E-16));
#5843 = B_SPLINE_CURVE_WITH_KNOTS('',1,(#5844,#5845),.UNSPECIFIED.,.F.,
  .F.,(2,2),(0.,1.),.PIECEWISE_BEZIER_KNOTS.);
#5844 = CARTESIAN_POINT('',(-5.9,-18.,-7.225416114969E-16));
#5845 = CARTESIAN_POINT('',(-10.6,-18.,-1.187103304634E-15));
#5846 = ORIENTED_EDGE('',*,*,#5847,.F.);
#5847 = EDGE_CURVE('',#5816,#5841,#5848,.T.);
#5848 = B_SPLINE_CURVE_WITH_KNOTS('',5,(#5849,#5850,#5851,#5852,#5853,
    #5854),.UNSPECIFIED.,.F.,.F.,(6,6),(0.,1.),
  .PIECEWISE_BEZIER_KNOTS.);
#5849 = CARTESIAN_POINT('',(-6.444391560252,-18.97645762218,
    -0.848420543216));
#5850 = CARTESIAN_POINT('',(-6.466382888825,-18.78087633104,
    -0.681379877609));
#5851 = CARTESIAN_POINT('',(-6.48312577037,-18.58550863459,
    -0.512384122265));
#5852 = CARTESIAN_POINT('',(-6.494375581775,-18.39028978716,
    -0.342039662627));
#5853 = CARTESIAN_POINT('',(-6.5,-18.19514478783,-0.171019711093));
#5854 = CARTESIAN_POINT('',(-6.5,-18.,-6.661338147751E-16));
#5855 = ORIENTED_EDGE('',*,*,#5815,.F.);
#5856 = ORIENTED_EDGE('',*,*,#3229,.T.);
#5857 = B_SPLINE_SURFACE_WITH_KNOTS('',1,1,(
    (#5858,#5859)
    ,(#5860,#5861
    )),.UNSPECIFIED.,.F.,.F.,.F.,(2,2),(2,2),(0.,1.744278210227),(0.,1.)
  ,.PIECEWISE_BEZIER_KNOTS.);
#5858 = CARTESIAN_POINT('',(-5.9,-18.,-6.115193090344E-16));
#5859 = CARTESIAN_POINT('',(-10.6,-18.,-1.187103304634E-15));
#5860 = CARTESIAN_POINT('',(-5.9,-19.,-0.795477439828));
#5861 = CARTESIAN_POINT('',(-10.6,-19.,-1.429162857996));
#5862 = ADVANCED_FACE('',(#5863),#5883,.T.);
#5863 = FACE_BOUND('',#5864,.T.);
#5864 = EDGE_LOOP('',(#5865,#5866,#5873,#5882));
#5865 = ORIENTED_EDGE('',*,*,#3218,.T.);
#5866 = ORIENTED_EDGE('',*,*,#5867,.T.);
#5867 = EDGE_CURVE('',#3208,#5868,#5870,.T.);
#5868 = VERTEX_POINT('',#5869);
#5869 = CARTESIAN_POINT('',(-6.44439159893,-18.9764572782,0.84842024943)
  );
#5870 = B_SPLINE_CURVE_WITH_KNOTS('',1,(#5871,#5872),.UNSPECIFIED.,.F.,
  .F.,(2,2),(0.,1.),.PIECEWISE_BEZIER_KNOTS.);
#5871 = CARTESIAN_POINT('',(-10.6,-18.9764572782,1.395516474426));
#5872 = CARTESIAN_POINT('',(-5.9,-18.9764572782,0.776749735766));
#5873 = ORIENTED_EDGE('',*,*,#5874,.F.);
#5874 = EDGE_CURVE('',#5841,#5868,#5875,.T.);
#5875 = B_SPLINE_CURVE_WITH_KNOTS('',5,(#5876,#5877,#5878,#5879,#5880,
    #5881),.UNSPECIFIED.,.F.,.F.,(6,6),(0.,1.),
  .PIECEWISE_BEZIER_KNOTS.);
#5876 = CARTESIAN_POINT('',(-6.5,-18.,-7.771561172376E-16));
#5877 = CARTESIAN_POINT('',(-6.5,-18.19514478783,0.171019711096));
#5878 = CARTESIAN_POINT('',(-6.494375581775,-18.39028978716,
    0.342039662627));
#5879 = CARTESIAN_POINT('',(-6.483125770371,-18.58550863459,
    0.512384122265));
#5880 = CARTESIAN_POINT('',(-6.466382888825,-18.78087633104,
    0.681379877609));
#5881 = CARTESIAN_POINT('',(-6.444391560252,-18.97645762218,
    0.848420543216));
#5882 = ORIENTED_EDGE('',*,*,#5840,.T.);
#5883 = B_SPLINE_SURFACE_WITH_KNOTS('',1,1,(
    (#5884,#5885)
    ,(#5886,#5887
    )),.UNSPECIFIED.,.F.,.F.,.F.,(2,2),(2,2),(0.,1.744278210227),(0.,1.)
  ,.PIECEWISE_BEZIER_KNOTS.);
#5884 = CARTESIAN_POINT('',(-5.9,-19.,0.795477439828));
#5885 = CARTESIAN_POINT('',(-10.6,-19.,1.429162857996));
#5886 = CARTESIAN_POINT('',(-5.9,-18.,-7.225416114969E-16));
#5887 = CARTESIAN_POINT('',(-10.6,-18.,-1.187103304634E-15));
#5888 = ADVANCED_FACE('',(#5889),#5909,.T.);
#5889 = FACE_BOUND('',#5890,.T.);
#5890 = EDGE_LOOP('',(#5891,#5898,#5907,#5908));
#5891 = ORIENTED_EDGE('',*,*,#5892,.F.);
#5892 = EDGE_CURVE('',#5893,#3197,#5895,.T.);
#5893 = VERTEX_POINT('',#5894);
#5894 = CARTESIAN_POINT('',(-6.278517870879,-18.,1.682323793166));
#5895 = B_SPLINE_CURVE_WITH_KNOTS('',1,(#5896,#5897),.UNSPECIFIED.,.F.,
  .F.,(2,2),(0.,1.),.PIECEWISE_BEZIER_KNOTS.);
#5896 = CARTESIAN_POINT('',(-5.698962375106,-18.,1.527032366105));
#5897 = CARTESIAN_POINT('',(-10.23881375866,-18.,2.743481878087));
#5898 = ORIENTED_EDGE('',*,*,#5899,.F.);
#5899 = EDGE_CURVE('',#5868,#5893,#5900,.T.);
#5900 = B_SPLINE_CURVE_WITH_KNOTS('',5,(#5901,#5902,#5903,#5904,#5905,
    #5906),.UNSPECIFIED.,.F.,.F.,(6,6),(0.,1.),
  .PIECEWISE_BEZIER_KNOTS.);
#5901 = CARTESIAN_POINT('',(-6.444391637607,-18.97645762218,
    0.848419955645));
#5902 = CARTESIAN_POINT('',(-6.422400324265,-18.78087633104,
    1.015460623257));
#5903 = CARTESIAN_POINT('',(-6.394833385931,-18.58550863459,
    1.18303136449));
#5904 = CARTESIAN_POINT('',(-6.361611478926,-18.39028978716,
    1.350483142866));
#5905 = CARTESIAN_POINT('',(-6.322781029198,-18.19514478783,
    1.517131437418));
#5906 = CARTESIAN_POINT('',(-6.278517870879,-18.,1.682323793166));
#5907 = ORIENTED_EDGE('',*,*,#5867,.F.);
#5908 = ORIENTED_EDGE('',*,*,#3207,.T.);
#5909 = B_SPLINE_SURFACE_WITH_KNOTS('',1,1,(
    (#5910,#5911)
    ,(#5912,#5913
    )),.UNSPECIFIED.,.F.,.F.,.F.,(2,2),(2,2),(0.,1.744278210227),(0.,1.)
  ,.PIECEWISE_BEZIER_KNOTS.);
#5910 = CARTESIAN_POINT('',(-5.698962375106,-18.,1.527032366105));
#5911 = CARTESIAN_POINT('',(-10.23881375866,-18.,2.743481878087));
#5912 = CARTESIAN_POINT('',(-5.904847086482,-19.,0.758660162745));
#5913 = CARTESIAN_POINT('',(-10.60870832486,-19.,1.363016563576));
#5914 = ADVANCED_FACE('',(#5915),#5935,.T.);
#5915 = FACE_BOUND('',#5916,.T.);
#5916 = EDGE_LOOP('',(#5917,#5918,#5925,#5934));
#5917 = ORIENTED_EDGE('',*,*,#3196,.T.);
#5918 = ORIENTED_EDGE('',*,*,#5919,.T.);
#5919 = EDGE_CURVE('',#3186,#5920,#5922,.T.);
#5920 = VERTEX_POINT('',#5921);
#5921 = CARTESIAN_POINT('',(-6.005216961323,-18.9764572782,
    2.487442310373));
#5922 = B_SPLINE_CURVE_WITH_KNOTS('',1,(#5923,#5924),.UNSPECIFIED.,.F.,
  .F.,(2,2),(0.,1.),.PIECEWISE_BEZIER_KNOTS.);
#5923 = CARTESIAN_POINT('',(-9.877627517328,-18.9764572782,
    4.091447281747));
#5924 = CARTESIAN_POINT('',(-5.497924750211,-18.9764572782,
    2.277314996444));
#5925 = ORIENTED_EDGE('',*,*,#5926,.F.);
#5926 = EDGE_CURVE('',#5893,#5920,#5927,.T.);
#5927 = B_SPLINE_CURVE_WITH_KNOTS('',5,(#5928,#5929,#5930,#5931,#5932,
    #5933),.UNSPECIFIED.,.F.,.F.,(6,6),(0.,1.),
  .PIECEWISE_BEZIER_KNOTS.);
#5928 = CARTESIAN_POINT('',(-6.278517870879,-18.,1.682323793166));
#5929 = CARTESIAN_POINT('',(-6.23425471256,-18.19514478783,
    1.847516148916));
#5930 = CARTESIAN_POINT('',(-6.184558721189,-18.39028978716,
    2.011253030358));
#5931 = CARTESIAN_POINT('',(-6.129603847431,-18.58550863459,
    2.172881477844));
#5932 = CARTESIAN_POINT('',(-6.069692145714,-18.78087633105,
    2.331785465851));
#5933 = CARTESIAN_POINT('',(-6.005216847926,-18.97645762218,
    2.487442584138));
#5934 = ORIENTED_EDGE('',*,*,#5892,.T.);
#5935 = B_SPLINE_SURFACE_WITH_KNOTS('',1,1,(
    (#5936,#5937)
    ,(#5938,#5939
    )),.UNSPECIFIED.,.F.,.F.,.F.,(2,2),(2,2),(0.,1.744278210227),(0.,1.)
  ,.PIECEWISE_BEZIER_KNOTS.);
#5936 = CARTESIAN_POINT('',(-5.493077663729,-19.,2.295404569465));
#5937 = CARTESIAN_POINT('',(-9.868919192462,-19.,4.123947192598));
#5938 = CARTESIAN_POINT('',(-5.698962375106,-18.,1.527032366105));
#5939 = CARTESIAN_POINT('',(-10.23881375866,-18.,2.743481878087));
#5940 = ADVANCED_FACE('',(#5941),#5961,.T.);
#5941 = FACE_BOUND('',#5942,.T.);
#5942 = EDGE_LOOP('',(#5943,#5950,#5959,#5960));
#5943 = ORIENTED_EDGE('',*,*,#5944,.F.);
#5944 = EDGE_CURVE('',#5945,#3173,#5947,.T.);
#5945 = VERTEX_POINT('',#5946);
#5946 = CARTESIAN_POINT('',(-5.629165124599,-18.,3.25));
#5947 = B_SPLINE_CURVE_WITH_KNOTS('',1,(#5948,#5949),.UNSPECIFIED.,.F.,
  .F.,(2,2),(0.,1.),.PIECEWISE_BEZIER_KNOTS.);
#5948 = CARTESIAN_POINT('',(-5.109549882328,-18.,2.95));
#5949 = CARTESIAN_POINT('',(-9.179869280115,-18.,5.3));
#5950 = ORIENTED_EDGE('',*,*,#5951,.F.);
#5951 = EDGE_CURVE('',#5920,#5945,#5952,.T.);
#5952 = B_SPLINE_CURVE_WITH_KNOTS('',5,(#5953,#5954,#5955,#5956,#5957,
    #5958),.UNSPECIFIED.,.F.,.F.,(6,6),(0.,1.),
  .PIECEWISE_BEZIER_KNOTS.);
#5953 = CARTESIAN_POINT('',(-6.00521707472,-18.97645762218,
    2.487442036609));
#5954 = CARTESIAN_POINT('',(-5.940741791124,-18.78087633104,
    2.643099160775));
#5955 = CARTESIAN_POINT('',(-5.870743674203,-18.58550863459,
    2.797825218808));
#5956 = CARTESIAN_POINT('',(-5.795314066848,-18.39028978716,
    2.950972753951));
#5957 = CARTESIAN_POINT('',(-5.714674980145,-18.19514478783,
    3.101892585646));
#5958 = CARTESIAN_POINT('',(-5.629165124599,-18.,3.25));
#5959 = ORIENTED_EDGE('',*,*,#5919,.F.);
#5960 = ORIENTED_EDGE('',*,*,#3185,.T.);
#5961 = B_SPLINE_SURFACE_WITH_KNOTS('',1,1,(
    (#5962,#5963)
    ,(#5964,#5965
    )),.UNSPECIFIED.,.F.,.F.,.F.,(2,2),(2,2),(0.,1.744278210227),(0.,1.)
  ,.PIECEWISE_BEZIER_KNOTS.);
#5962 = CARTESIAN_POINT('',(-5.109549882328,-18.,2.95));
#5963 = CARTESIAN_POINT('',(-9.179869280115,-18.,5.3));
#5964 = CARTESIAN_POINT('',(-5.507288602242,-19.,2.261096328972));
#5965 = CARTESIAN_POINT('',(-9.894450709113,-19.,4.062308658831));
#5966 = ADVANCED_FACE('',(#5967),#5987,.T.);
#5967 = FACE_BOUND('',#5968,.T.);
#5968 = EDGE_LOOP('',(#5969,#5970,#5977,#5986));
#5969 = ORIENTED_EDGE('',*,*,#3172,.T.);
#5970 = ORIENTED_EDGE('',*,*,#5971,.T.);
#5971 = EDGE_CURVE('',#3160,#5972,#5974,.T.);
#5972 = VERTEX_POINT('',#5973);
#5973 = CARTESIAN_POINT('',(-5.156796711893,-18.9764572782,
    3.956949288557));
#5974 = B_SPLINE_CURVE_WITH_KNOTS('',1,(#5975,#5976),.UNSPECIFIED.,.F.,
  .F.,(2,2),(0.,1.),.PIECEWISE_BEZIER_KNOTS.);
#5975 = CARTESIAN_POINT('',(-8.482111042902,-18.9764572782,
    6.508552718253));
#5976 = CARTESIAN_POINT('',(-4.721175014445,-18.9764572782,
    3.622685003556));
#5977 = ORIENTED_EDGE('',*,*,#5978,.F.);
#5978 = EDGE_CURVE('',#5945,#5972,#5979,.T.);
#5979 = B_SPLINE_CURVE_WITH_KNOTS('',5,(#5980,#5981,#5982,#5983,#5984,
    #5985),.UNSPECIFIED.,.F.,.F.,(6,6),(0.,1.),
  .PIECEWISE_BEZIER_KNOTS.);
#5980 = CARTESIAN_POINT('',(-5.629165124599,-18.,3.25));
#5981 = CARTESIAN_POINT('',(-5.543655269052,-18.19514478783,
    3.398107414355));
#5982 = CARTESIAN_POINT('',(-5.453274404221,-18.39028978716,
    3.543402827824));
#5983 = CARTESIAN_POINT('',(-5.358359551938,-18.58550863459,
    3.685300551563));
#5984 = CARTESIAN_POINT('',(-5.259361913514,-18.78087633105,
    3.823283728051));
#5985 = CARTESIAN_POINT('',(-5.156796531504,-18.97645762218,
    3.956949523644));
#5986 = ORIENTED_EDGE('',*,*,#5944,.T.);
#5987 = B_SPLINE_SURFACE_WITH_KNOTS('',1,1,(
    (#5988,#5989)
    ,(#5990,#5991
    )),.UNSPECIFIED.,.F.,.F.,.F.,(2,2),(2,2),(0.,1.744278210227),(0.,1.)
  ,.PIECEWISE_BEZIER_KNOTS.);
#5988 = CARTESIAN_POINT('',(-4.711811162414,-19.,3.638903671028));
#5989 = CARTESIAN_POINT('',(-8.465287851117,-19.,6.537691341169));
#5990 = CARTESIAN_POINT('',(-5.109549882328,-18.,2.95));
#5991 = CARTESIAN_POINT('',(-9.179869280115,-18.,5.3));
#5992 = ADVANCED_FACE('',(#5993),#6013,.T.);
#5993 = FACE_BOUND('',#5994,.T.);
#5994 = EDGE_LOOP('',(#5995,#6002,#6011,#6012));
#5995 = ORIENTED_EDGE('',*,*,#5996,.F.);
#5996 = EDGE_CURVE('',#5997,#3147,#5999,.T.);
#5997 = VERTEX_POINT('',#5998);
#5998 = CARTESIAN_POINT('',(-4.596194077713,-18.,4.596194077713));
#5999 = B_SPLINE_CURVE_WITH_KNOTS('',1,(#6000,#6001),.UNSPECIFIED.,.F.,
  .F.,(2,2),(0.,1.),.PIECEWISE_BEZIER_KNOTS.);
#6000 = CARTESIAN_POINT('',(-4.171930009001,-18.,4.171930009001));
#6001 = CARTESIAN_POINT('',(-7.495331880577,-18.,7.495331880577));
#6002 = ORIENTED_EDGE('',*,*,#6003,.F.);
#6003 = EDGE_CURVE('',#5972,#5997,#6004,.T.);
#6004 = B_SPLINE_CURVE_WITH_KNOTS('',5,(#6005,#6006,#6007,#6008,#6009,
    #6010),.UNSPECIFIED.,.F.,.F.,(6,6),(0.,1.),
  .PIECEWISE_BEZIER_KNOTS.);
#6005 = CARTESIAN_POINT('',(-5.156796892282,-18.97645762218,
    3.95694905347));
#6006 = CARTESIAN_POINT('',(-5.054231522458,-18.78087633104,
    4.090614858415));
#6007 = CARTESIAN_POINT('',(-4.94657248294,-18.58550863459,
    4.221951908088));
#6008 = CARTESIAN_POINT('',(-4.834075578323,-18.39028978716,
    4.350358448567));
#6009 = CARTESIAN_POINT('',(-4.717123275143,-18.19514478783,
    4.475264880282));
#6010 = CARTESIAN_POINT('',(-4.596194077713,-18.,4.596194077713));
#6011 = ORIENTED_EDGE('',*,*,#5971,.F.);
#6012 = ORIENTED_EDGE('',*,*,#3159,.T.);
#6013 = B_SPLINE_SURFACE_WITH_KNOTS('',1,1,(
    (#6014,#6015)
    ,(#6016,#6017
    )),.UNSPECIFIED.,.F.,.F.,.F.,(2,2),(2,2),(0.,1.744278210227),(0.,1.)
  ,.PIECEWISE_BEZIER_KNOTS.);
#6014 = CARTESIAN_POINT('',(-4.171930009001,-18.,4.171930009001));
#6015 = CARTESIAN_POINT('',(-7.495331880577,-18.,7.495331880577));
#6016 = CARTESIAN_POINT('',(-4.734417500984,-19.,3.609442517018));
#6017 = CARTESIAN_POINT('',(-8.505902628886,-19.,6.484761132269));
#6018 = ADVANCED_FACE('',(#6019),#6039,.T.);
#6019 = FACE_BOUND('',#6020,.T.);
#6020 = EDGE_LOOP('',(#6021,#6022,#6029,#6038));
#6021 = ORIENTED_EDGE('',*,*,#3146,.T.);
#6022 = ORIENTED_EDGE('',*,*,#6023,.T.);
#6023 = EDGE_CURVE('',#3134,#6024,#6026,.T.);
#6024 = VERTEX_POINT('',#6025);
#6025 = CARTESIAN_POINT('',(-3.956949288557,-18.9764572782,
    5.156796711893));
#6026 = B_SPLINE_CURVE_WITH_KNOTS('',1,(#6027,#6028),.UNSPECIFIED.,.F.,
  .F.,(2,2),(0.,1.),.PIECEWISE_BEZIER_KNOTS.);
#6027 = CARTESIAN_POINT('',(-6.508552718253,-18.9764572782,
    8.482111042902));
#6028 = CARTESIAN_POINT('',(-3.622685003556,-18.9764572782,
    4.721175014445));
#6029 = ORIENTED_EDGE('',*,*,#6030,.F.);
#6030 = EDGE_CURVE('',#5997,#6024,#6031,.T.);
#6031 = B_SPLINE_CURVE_WITH_KNOTS('',5,(#6032,#6033,#6034,#6035,#6036,
    #6037),.UNSPECIFIED.,.F.,.F.,(6,6),(0.,1.),
  .PIECEWISE_BEZIER_KNOTS.);
#6032 = CARTESIAN_POINT('',(-4.596194077713,-18.,4.596194077713));
#6033 = CARTESIAN_POINT('',(-4.475264880282,-18.19514478783,
    4.717123275143));
#6034 = CARTESIAN_POINT('',(-4.350358448567,-18.39028978716,
    4.834075578323));
#6035 = CARTESIAN_POINT('',(-4.221951908088,-18.58550863459,
    4.946572482941));
#6036 = CARTESIAN_POINT('',(-4.090614858414,-18.78087633105,
    5.054231522459));
#6037 = CARTESIAN_POINT('',(-3.95694905347,-18.97645762218,
    5.156796892282));
#6038 = ORIENTED_EDGE('',*,*,#5996,.T.);
#6039 = B_SPLINE_SURFACE_WITH_KNOTS('',1,1,(
    (#6040,#6041)
    ,(#6042,#6043
    )),.UNSPECIFIED.,.F.,.F.,.F.,(2,2),(2,2),(0.,1.744278210227),(0.,1.)
  ,.PIECEWISE_BEZIER_KNOTS.);
#6040 = CARTESIAN_POINT('',(-3.609442517018,-19.,4.734417500984));
#6041 = CARTESIAN_POINT('',(-6.484761132269,-19.,8.505902628886));
#6042 = CARTESIAN_POINT('',(-4.171930009001,-18.,4.171930009001));
#6043 = CARTESIAN_POINT('',(-7.495331880577,-18.,7.495331880577));
#6044 = ADVANCED_FACE('',(#6045),#6065,.T.);
#6045 = FACE_BOUND('',#6046,.T.);
#6046 = EDGE_LOOP('',(#6047,#6054,#6063,#6064));
#6047 = ORIENTED_EDGE('',*,*,#6048,.F.);
#6048 = EDGE_CURVE('',#6049,#3123,#6051,.T.);
#6049 = VERTEX_POINT('',#6050);
#6050 = CARTESIAN_POINT('',(-3.25,-18.,5.629165124599));
#6051 = B_SPLINE_CURVE_WITH_KNOTS('',1,(#6052,#6053),.UNSPECIFIED.,.F.,
  .F.,(2,2),(0.,1.),.PIECEWISE_BEZIER_KNOTS.);
#6052 = CARTESIAN_POINT('',(-2.95,-18.,5.109549882328));
#6053 = CARTESIAN_POINT('',(-5.3,-18.,9.179869280115));
#6054 = ORIENTED_EDGE('',*,*,#6055,.F.);
#6055 = EDGE_CURVE('',#6024,#6049,#6056,.T.);
#6056 = B_SPLINE_CURVE_WITH_KNOTS('',5,(#6057,#6058,#6059,#6060,#6061,
    #6062),.UNSPECIFIED.,.F.,.F.,(6,6),(0.,1.),
  .PIECEWISE_BEZIER_KNOTS.);
#6057 = CARTESIAN_POINT('',(-3.956949523644,-18.97645762218,
    5.156796531504));
#6058 = CARTESIAN_POINT('',(-3.82328372805,-18.78087633104,
    5.259361913515));
#6059 = CARTESIAN_POINT('',(-3.685300551563,-18.58550863459,
    5.358359551938));
#6060 = CARTESIAN_POINT('',(-3.543402827824,-18.39028978716,
    5.453274404221));
#6061 = CARTESIAN_POINT('',(-3.398107414354,-18.19514478783,
    5.543655269053));
#6062 = CARTESIAN_POINT('',(-3.25,-18.,5.629165124599));
#6063 = ORIENTED_EDGE('',*,*,#6023,.F.);
#6064 = ORIENTED_EDGE('',*,*,#3133,.T.);
#6065 = B_SPLINE_SURFACE_WITH_KNOTS('',1,1,(
    (#6066,#6067)
    ,(#6068,#6069
    )),.UNSPECIFIED.,.F.,.F.,.F.,(2,2),(2,2),(0.,1.744278210227),(0.,1.)
  ,.PIECEWISE_BEZIER_KNOTS.);
#6066 = CARTESIAN_POINT('',(-2.95,-18.,5.109549882328));
#6067 = CARTESIAN_POINT('',(-5.3,-18.,9.179869280115));
#6068 = CARTESIAN_POINT('',(-3.638903671028,-19.,4.711811162414));
#6069 = CARTESIAN_POINT('',(-6.537691341169,-19.,8.465287851117));
#6070 = ADVANCED_FACE('',(#6071),#6091,.T.);
#6071 = FACE_BOUND('',#6072,.T.);
#6072 = EDGE_LOOP('',(#6073,#6074,#6081,#6090));
#6073 = ORIENTED_EDGE('',*,*,#3122,.T.);
#6074 = ORIENTED_EDGE('',*,*,#6075,.T.);
#6075 = EDGE_CURVE('',#3112,#6076,#6078,.T.);
#6076 = VERTEX_POINT('',#6077);
#6077 = CARTESIAN_POINT('',(-2.487442310373,-18.9764572782,
    6.005216961323));
#6078 = B_SPLINE_CURVE_WITH_KNOTS('',1,(#6079,#6080),.UNSPECIFIED.,.F.,
  .F.,(2,2),(0.,1.),.PIECEWISE_BEZIER_KNOTS.);
#6079 = CARTESIAN_POINT('',(-4.091447281747,-18.9764572782,
    9.877627517328));
#6080 = CARTESIAN_POINT('',(-2.277314996444,-18.9764572782,
    5.497924750211));
#6081 = ORIENTED_EDGE('',*,*,#6082,.F.);
#6082 = EDGE_CURVE('',#6049,#6076,#6083,.T.);
#6083 = B_SPLINE_CURVE_WITH_KNOTS('',5,(#6084,#6085,#6086,#6087,#6088,
    #6089),.UNSPECIFIED.,.F.,.F.,(6,6),(0.,1.),
  .PIECEWISE_BEZIER_KNOTS.);
#6084 = CARTESIAN_POINT('',(-3.25,-18.,5.629165124599));
#6085 = CARTESIAN_POINT('',(-3.101892585645,-18.19514478783,
    5.714674980146));
#6086 = CARTESIAN_POINT('',(-2.950972753951,-18.39028978716,
    5.795314066847));
#6087 = CARTESIAN_POINT('',(-2.797825218807,-18.58550863459,
    5.870743674203));
#6088 = CARTESIAN_POINT('',(-2.643099160774,-18.78087633105,
    5.940741791125));
#6089 = CARTESIAN_POINT('',(-2.487442036609,-18.97645762218,
    6.00521707472));
#6090 = ORIENTED_EDGE('',*,*,#6048,.T.);
#6091 = B_SPLINE_SURFACE_WITH_KNOTS('',1,1,(
    (#6092,#6093)
    ,(#6094,#6095
    )),.UNSPECIFIED.,.F.,.F.,.F.,(2,2),(2,2),(0.,1.744278210227),(0.,1.)
  ,.PIECEWISE_BEZIER_KNOTS.);
#6092 = CARTESIAN_POINT('',(-2.261096328972,-19.,5.507288602242));
#6093 = CARTESIAN_POINT('',(-4.062308658831,-19.,9.894450709113));
#6094 = CARTESIAN_POINT('',(-2.95,-18.,5.109549882328));
#6095 = CARTESIAN_POINT('',(-5.3,-18.,9.179869280115));
#6096 = ADVANCED_FACE('',(#6097),#6117,.T.);
#6097 = FACE_BOUND('',#6098,.T.);
#6098 = EDGE_LOOP('',(#6099,#6106,#6115,#6116));
#6099 = ORIENTED_EDGE('',*,*,#6100,.F.);
#6100 = EDGE_CURVE('',#6101,#3101,#6103,.T.);
#6101 = VERTEX_POINT('',#6102);
#6102 = CARTESIAN_POINT('',(-1.682323793166,-18.,6.278517870879));
#6103 = B_SPLINE_CURVE_WITH_KNOTS('',1,(#6104,#6105),.UNSPECIFIED.,.F.,
  .F.,(2,2),(0.,1.),.PIECEWISE_BEZIER_KNOTS.);
#6104 = CARTESIAN_POINT('',(-1.527032366105,-18.,5.698962375106));
#6105 = CARTESIAN_POINT('',(-2.743481878087,-18.,10.238813758664));
#6106 = ORIENTED_EDGE('',*,*,#6107,.F.);
#6107 = EDGE_CURVE('',#6076,#6101,#6108,.T.);
#6108 = B_SPLINE_CURVE_WITH_KNOTS('',5,(#6109,#6110,#6111,#6112,#6113,
    #6114),.UNSPECIFIED.,.F.,.F.,(6,6),(0.,1.),
  .PIECEWISE_BEZIER_KNOTS.);
#6109 = CARTESIAN_POINT('',(-2.487442584138,-18.97645762218,
    6.005216847926));
#6110 = CARTESIAN_POINT('',(-2.331785465849,-18.78087633104,
    6.069692145715));
#6111 = CARTESIAN_POINT('',(-2.172881477843,-18.58550863459,
    6.129603847431));
#6112 = CARTESIAN_POINT('',(-2.011253030358,-18.39028978716,
    6.184558721189));
#6113 = CARTESIAN_POINT('',(-1.847516148915,-18.19514478783,
    6.23425471256));
#6114 = CARTESIAN_POINT('',(-1.682323793166,-18.,6.278517870879));
#6115 = ORIENTED_EDGE('',*,*,#6075,.F.);
#6116 = ORIENTED_EDGE('',*,*,#3111,.T.);
#6117 = B_SPLINE_SURFACE_WITH_KNOTS('',1,1,(
    (#6118,#6119)
    ,(#6120,#6121
    )),.UNSPECIFIED.,.F.,.F.,.F.,(2,2),(2,2),(0.,1.744278210227),(0.,1.)
  ,.PIECEWISE_BEZIER_KNOTS.);
#6118 = CARTESIAN_POINT('',(-1.527032366105,-18.,5.698962375106));
#6119 = CARTESIAN_POINT('',(-2.743481878087,-18.,10.238813758664));
#6120 = CARTESIAN_POINT('',(-2.295404569465,-19.,5.493077663729));
#6121 = CARTESIAN_POINT('',(-4.123947192598,-19.,9.868919192462));
#6122 = ADVANCED_FACE('',(#6123),#6143,.T.);
#6123 = FACE_BOUND('',#6124,.T.);
#6124 = EDGE_LOOP('',(#6125,#6126,#6133,#6142));
#6125 = ORIENTED_EDGE('',*,*,#3100,.T.);
#6126 = ORIENTED_EDGE('',*,*,#6127,.T.);
#6127 = EDGE_CURVE('',#3090,#6128,#6130,.T.);
#6128 = VERTEX_POINT('',#6129);
#6129 = CARTESIAN_POINT('',(-0.84842024943,-18.9764572782,6.44439159893)
  );
#6130 = B_SPLINE_CURVE_WITH_KNOTS('',1,(#6131,#6132),.UNSPECIFIED.,.F.,
  .F.,(2,2),(0.,1.),.PIECEWISE_BEZIER_KNOTS.);
#6131 = CARTESIAN_POINT('',(-1.395516474426,-18.9764572782,10.6));
#6132 = CARTESIAN_POINT('',(-0.776749735766,-18.9764572782,5.9));
#6133 = ORIENTED_EDGE('',*,*,#6134,.F.);
#6134 = EDGE_CURVE('',#6101,#6128,#6135,.T.);
#6135 = B_SPLINE_CURVE_WITH_KNOTS('',5,(#6136,#6137,#6138,#6139,#6140,
    #6141),.UNSPECIFIED.,.F.,.F.,(6,6),(0.,1.),
  .PIECEWISE_BEZIER_KNOTS.);
#6136 = CARTESIAN_POINT('',(-1.682323793166,-18.,6.278517870879));
#6137 = CARTESIAN_POINT('',(-1.517131437414,-18.19514478783,
    6.322781029199));
#6138 = CARTESIAN_POINT('',(-1.350483142865,-18.39028978716,
    6.361611478926));
#6139 = CARTESIAN_POINT('',(-1.183031364491,-18.58550863459,
    6.394833385931));
#6140 = CARTESIAN_POINT('',(-1.015460623257,-18.78087633104,
    6.422400324265));
#6141 = CARTESIAN_POINT('',(-0.848419955645,-18.97645762218,
    6.444391637607));
#6142 = ORIENTED_EDGE('',*,*,#6100,.T.);
#6143 = B_SPLINE_SURFACE_WITH_KNOTS('',1,1,(
    (#6144,#6145)
    ,(#6146,#6147
    )),.UNSPECIFIED.,.F.,.F.,.F.,(2,2),(2,2),(0.,1.744278210227),(0.,1.)
  ,.PIECEWISE_BEZIER_KNOTS.);
#6144 = CARTESIAN_POINT('',(-0.758660162745,-19.,5.904847086482));
#6145 = CARTESIAN_POINT('',(-1.363016563576,-19.,10.608708324867));
#6146 = CARTESIAN_POINT('',(-1.527032366105,-18.,5.698962375106));
#6147 = CARTESIAN_POINT('',(-2.743481878087,-18.,10.238813758664));
#6148 = ADVANCED_FACE('',(#6149),#6169,.T.);
#6149 = FACE_BOUND('',#6150,.T.);
#6150 = EDGE_LOOP('',(#6151,#6158,#6167,#6168));
#6151 = ORIENTED_EDGE('',*,*,#6152,.F.);
#6152 = EDGE_CURVE('',#6153,#3079,#6155,.T.);
#6153 = VERTEX_POINT('',#6154);
#6154 = CARTESIAN_POINT('',(-1.540139174586E-15,-18.,6.5));
#6155 = B_SPLINE_CURVE_WITH_KNOTS('',1,(#6156,#6157),.UNSPECIFIED.,.F.,
  .F.,(2,2),(0.,1.),.PIECEWISE_BEZIER_KNOTS.);
#6156 = CARTESIAN_POINT('',(-1.42108547152E-15,-18.,5.9));
#6157 = CARTESIAN_POINT('',(-2.353672812205E-15,-18.,10.6));
#6158 = ORIENTED_EDGE('',*,*,#6159,.F.);
#6159 = EDGE_CURVE('',#6128,#6153,#6160,.T.);
#6160 = B_SPLINE_CURVE_WITH_KNOTS('',5,(#6161,#6162,#6163,#6164,#6165,
    #6166),.UNSPECIFIED.,.F.,.F.,(6,6),(0.,1.),
  .PIECEWISE_BEZIER_KNOTS.);
#6161 = CARTESIAN_POINT('',(-0.848420543216,-18.97645762218,
    6.444391560252));
#6162 = CARTESIAN_POINT('',(-0.681379877609,-18.78087633104,
    6.466382888825));
#6163 = CARTESIAN_POINT('',(-0.512384122265,-18.58550863459,
    6.48312577037));
#6164 = CARTESIAN_POINT('',(-0.342039662627,-18.39028978716,
    6.494375581775));
#6165 = CARTESIAN_POINT('',(-0.171019711093,-18.19514478783,6.5));
#6166 = CARTESIAN_POINT('',(-1.554312234475E-15,-18.,6.5));
#6167 = ORIENTED_EDGE('',*,*,#6127,.F.);
#6168 = ORIENTED_EDGE('',*,*,#3089,.T.);
#6169 = B_SPLINE_SURFACE_WITH_KNOTS('',1,1,(
    (#6170,#6171)
    ,(#6172,#6173
    )),.UNSPECIFIED.,.F.,.F.,.F.,(2,2),(2,2),(0.,1.744278210227),(0.,1.)
  ,.PIECEWISE_BEZIER_KNOTS.);
#6170 = CARTESIAN_POINT('',(-1.310063169058E-15,-18.,5.9));
#6171 = CARTESIAN_POINT('',(-2.353672812205E-15,-18.,10.6));
#6172 = CARTESIAN_POINT('',(-0.795477439828,-19.,5.9));
#6173 = CARTESIAN_POINT('',(-1.429162857996,-19.,10.6));
#6174 = ADVANCED_FACE('',(#6175),#6195,.T.);
#6175 = FACE_BOUND('',#6176,.T.);
#6176 = EDGE_LOOP('',(#6177,#6178,#6185,#6194));
#6177 = ORIENTED_EDGE('',*,*,#3078,.T.);
#6178 = ORIENTED_EDGE('',*,*,#6179,.T.);
#6179 = EDGE_CURVE('',#3068,#6180,#6182,.T.);
#6180 = VERTEX_POINT('',#6181);
#6181 = CARTESIAN_POINT('',(0.84842024943,-18.9764572782,6.44439159893)
  );
#6182 = B_SPLINE_CURVE_WITH_KNOTS('',1,(#6183,#6184),.UNSPECIFIED.,.F.,
  .F.,(2,2),(0.,1.),.PIECEWISE_BEZIER_KNOTS.);
#6183 = CARTESIAN_POINT('',(1.395516474426,-18.9764572782,10.6));
#6184 = CARTESIAN_POINT('',(0.776749735766,-18.9764572782,5.9));
#6185 = ORIENTED_EDGE('',*,*,#6186,.F.);
#6186 = EDGE_CURVE('',#6153,#6180,#6187,.T.);
#6187 = B_SPLINE_CURVE_WITH_KNOTS('',5,(#6188,#6189,#6190,#6191,#6192,
    #6193),.UNSPECIFIED.,.F.,.F.,(6,6),(0.,1.),
  .PIECEWISE_BEZIER_KNOTS.);
#6188 = CARTESIAN_POINT('',(-1.498801083244E-15,-18.,6.5));
#6189 = CARTESIAN_POINT('',(0.171019711096,-18.19514478783,6.5));
#6190 = CARTESIAN_POINT('',(0.342039662627,-18.39028978716,
    6.494375581775));
#6191 = CARTESIAN_POINT('',(0.512384122265,-18.58550863459,
    6.483125770371));
#6192 = CARTESIAN_POINT('',(0.681379877609,-18.78087633104,
    6.466382888825));
#6193 = CARTESIAN_POINT('',(0.848420543216,-18.97645762218,
    6.444391560252));
#6194 = ORIENTED_EDGE('',*,*,#6152,.T.);
#6195 = B_SPLINE_SURFACE_WITH_KNOTS('',1,1,(
    (#6196,#6197)
    ,(#6198,#6199
    )),.UNSPECIFIED.,.F.,.F.,.F.,(2,2),(2,2),(0.,1.744278210227),(0.,1.)
  ,.PIECEWISE_BEZIER_KNOTS.);
#6196 = CARTESIAN_POINT('',(0.795477439828,-19.,5.9));
#6197 = CARTESIAN_POINT('',(1.429162857996,-19.,10.6));
#6198 = CARTESIAN_POINT('',(-1.42108547152E-15,-18.,5.9));
#6199 = CARTESIAN_POINT('',(-2.353672812205E-15,-18.,10.6));
#6200 = ADVANCED_FACE('',(#6201),#6221,.T.);
#6201 = FACE_BOUND('',#6202,.T.);
#6202 = EDGE_LOOP('',(#6203,#6210,#6219,#6220));
#6203 = ORIENTED_EDGE('',*,*,#6204,.F.);
#6204 = EDGE_CURVE('',#6205,#3057,#6207,.T.);
#6205 = VERTEX_POINT('',#6206);
#6206 = CARTESIAN_POINT('',(1.682323793166,-18.,6.278517870879));
#6207 = B_SPLINE_CURVE_WITH_KNOTS('',1,(#6208,#6209),.UNSPECIFIED.,.F.,
  .F.,(2,2),(0.,1.),.PIECEWISE_BEZIER_KNOTS.);
#6208 = CARTESIAN_POINT('',(1.527032366105,-18.,5.698962375106));
#6209 = CARTESIAN_POINT('',(2.743481878087,-18.,10.238813758664));
#6210 = ORIENTED_EDGE('',*,*,#6211,.F.);
#6211 = EDGE_CURVE('',#6180,#6205,#6212,.T.);
#6212 = B_SPLINE_CURVE_WITH_KNOTS('',5,(#6213,#6214,#6215,#6216,#6217,
    #6218),.UNSPECIFIED.,.F.,.F.,(6,6),(0.,1.),
  .PIECEWISE_BEZIER_KNOTS.);
#6213 = CARTESIAN_POINT('',(0.848419955645,-18.97645762218,
    6.444391637607));
#6214 = CARTESIAN_POINT('',(1.015460623257,-18.78087633104,
    6.422400324265));
#6215 = CARTESIAN_POINT('',(1.18303136449,-18.58550863459,6.394833385931
    ));
#6216 = CARTESIAN_POINT('',(1.350483142866,-18.39028978716,
    6.361611478926));
#6217 = CARTESIAN_POINT('',(1.517131437418,-18.19514478783,
    6.322781029198));
#6218 = CARTESIAN_POINT('',(1.682323793166,-18.,6.278517870879));
#6219 = ORIENTED_EDGE('',*,*,#6179,.F.);
#6220 = ORIENTED_EDGE('',*,*,#3067,.T.);
#6221 = B_SPLINE_SURFACE_WITH_KNOTS('',1,1,(
    (#6222,#6223)
    ,(#6224,#6225
    )),.UNSPECIFIED.,.F.,.F.,.F.,(2,2),(2,2),(0.,1.744278210227),(0.,1.)
  ,.PIECEWISE_BEZIER_KNOTS.);
#6222 = CARTESIAN_POINT('',(1.527032366105,-18.,5.698962375106));
#6223 = CARTESIAN_POINT('',(2.743481878087,-18.,10.238813758664));
#6224 = CARTESIAN_POINT('',(0.758660162745,-19.,5.904847086482));
#6225 = CARTESIAN_POINT('',(1.363016563576,-19.,10.608708324867));
#6226 = ADVANCED_FACE('',(#6227),#6247,.T.);
#6227 = FACE_BOUND('',#6228,.T.);
#6228 = EDGE_LOOP('',(#6229,#6230,#6237,#6246));
#6229 = ORIENTED_EDGE('',*,*,#3056,.T.);
#6230 = ORIENTED_EDGE('',*,*,#6231,.T.);
#6231 = EDGE_CURVE('',#3046,#6232,#6234,.T.);
#6232 = VERTEX_POINT('',#6233);
#6233 = CARTESIAN_POINT('',(2.487442310373,-18.9764572782,6.005216961323
    ));
#6234 = B_SPLINE_CURVE_WITH_KNOTS('',1,(#6235,#6236),.UNSPECIFIED.,.F.,
  .F.,(2,2),(0.,1.),.PIECEWISE_BEZIER_KNOTS.);
#6235 = CARTESIAN_POINT('',(4.091447281747,-18.9764572782,9.877627517328
    ));
#6236 = CARTESIAN_POINT('',(2.277314996444,-18.9764572782,5.497924750211
    ));
#6237 = ORIENTED_EDGE('',*,*,#6238,.F.);
#6238 = EDGE_CURVE('',#6205,#6232,#6239,.T.);
#6239 = B_SPLINE_CURVE_WITH_KNOTS('',5,(#6240,#6241,#6242,#6243,#6244,
    #6245),.UNSPECIFIED.,.F.,.F.,(6,6),(0.,1.),
  .PIECEWISE_BEZIER_KNOTS.);
#6240 = CARTESIAN_POINT('',(1.682323793166,-18.,6.278517870879));
#6241 = CARTESIAN_POINT('',(1.847516148916,-18.19514478783,6.23425471256
    ));
#6242 = CARTESIAN_POINT('',(2.011253030358,-18.39028978716,
    6.184558721189));
#6243 = CARTESIAN_POINT('',(2.172881477844,-18.58550863459,
    6.129603847431));
#6244 = CARTESIAN_POINT('',(2.331785465851,-18.78087633105,
    6.069692145714));
#6245 = CARTESIAN_POINT('',(2.487442584138,-18.97645762218,
    6.005216847926));
#6246 = ORIENTED_EDGE('',*,*,#6204,.T.);
#6247 = B_SPLINE_SURFACE_WITH_KNOTS('',1,1,(
    (#6248,#6249)
    ,(#6250,#6251
    )),.UNSPECIFIED.,.F.,.F.,.F.,(2,2),(2,2),(0.,1.744278210227),(0.,1.)
  ,.PIECEWISE_BEZIER_KNOTS.);
#6248 = CARTESIAN_POINT('',(2.295404569465,-19.,5.493077663729));
#6249 = CARTESIAN_POINT('',(4.123947192598,-19.,9.868919192462));
#6250 = CARTESIAN_POINT('',(1.527032366105,-18.,5.698962375106));
#6251 = CARTESIAN_POINT('',(2.743481878087,-18.,10.238813758664));
#6252 = ADVANCED_FACE('',(#6253),#6273,.T.);
#6253 = FACE_BOUND('',#6254,.T.);
#6254 = EDGE_LOOP('',(#6255,#6262,#6271,#6272));
#6255 = ORIENTED_EDGE('',*,*,#6256,.F.);
#6256 = EDGE_CURVE('',#6257,#3033,#6259,.T.);
#6257 = VERTEX_POINT('',#6258);
#6258 = CARTESIAN_POINT('',(3.25,-18.,5.629165124599));
#6259 = B_SPLINE_CURVE_WITH_KNOTS('',1,(#6260,#6261),.UNSPECIFIED.,.F.,
  .F.,(2,2),(0.,1.),.PIECEWISE_BEZIER_KNOTS.);
#6260 = CARTESIAN_POINT('',(2.95,-18.,5.109549882328));
#6261 = CARTESIAN_POINT('',(5.3,-18.,9.179869280115));
#6262 = ORIENTED_EDGE('',*,*,#6263,.F.);
#6263 = EDGE_CURVE('',#6232,#6257,#6264,.T.);
#6264 = B_SPLINE_CURVE_WITH_KNOTS('',5,(#6265,#6266,#6267,#6268,#6269,
    #6270),.UNSPECIFIED.,.F.,.F.,(6,6),(0.,1.),
  .PIECEWISE_BEZIER_KNOTS.);
#6265 = CARTESIAN_POINT('',(2.487442036609,-18.97645762218,6.00521707472
    ));
#6266 = CARTESIAN_POINT('',(2.643099160775,-18.78087633104,
    5.940741791124));
#6267 = CARTESIAN_POINT('',(2.797825218808,-18.58550863459,
    5.870743674203));
#6268 = CARTESIAN_POINT('',(2.950972753951,-18.39028978716,
    5.795314066848));
#6269 = CARTESIAN_POINT('',(3.101892585646,-18.19514478783,
    5.714674980145));
#6270 = CARTESIAN_POINT('',(3.25,-18.,5.629165124599));
#6271 = ORIENTED_EDGE('',*,*,#6231,.F.);
#6272 = ORIENTED_EDGE('',*,*,#3045,.T.);
#6273 = B_SPLINE_SURFACE_WITH_KNOTS('',1,1,(
    (#6274,#6275)
    ,(#6276,#6277
    )),.UNSPECIFIED.,.F.,.F.,.F.,(2,2),(2,2),(0.,1.744278210227),(0.,1.)
  ,.PIECEWISE_BEZIER_KNOTS.);
#6274 = CARTESIAN_POINT('',(2.95,-18.,5.109549882328));
#6275 = CARTESIAN_POINT('',(5.3,-18.,9.179869280115));
#6276 = CARTESIAN_POINT('',(2.261096328972,-19.,5.507288602242));
#6277 = CARTESIAN_POINT('',(4.062308658831,-19.,9.894450709113));
#6278 = ADVANCED_FACE('',(#6279),#6299,.T.);
#6279 = FACE_BOUND('',#6280,.T.);
#6280 = EDGE_LOOP('',(#6281,#6282,#6289,#6298));
#6281 = ORIENTED_EDGE('',*,*,#3032,.T.);
#6282 = ORIENTED_EDGE('',*,*,#6283,.T.);
#6283 = EDGE_CURVE('',#3020,#6284,#6286,.T.);
#6284 = VERTEX_POINT('',#6285);
#6285 = CARTESIAN_POINT('',(3.956949288557,-18.9764572782,5.156796711893
    ));
#6286 = B_SPLINE_CURVE_WITH_KNOTS('',1,(#6287,#6288),.UNSPECIFIED.,.F.,
  .F.,(2,2),(0.,1.),.PIECEWISE_BEZIER_KNOTS.);
#6287 = CARTESIAN_POINT('',(6.508552718253,-18.9764572782,8.482111042902
    ));
#6288 = CARTESIAN_POINT('',(3.622685003556,-18.9764572782,4.721175014445
    ));
#6289 = ORIENTED_EDGE('',*,*,#6290,.F.);
#6290 = EDGE_CURVE('',#6257,#6284,#6291,.T.);
#6291 = B_SPLINE_CURVE_WITH_KNOTS('',5,(#6292,#6293,#6294,#6295,#6296,
    #6297),.UNSPECIFIED.,.F.,.F.,(6,6),(0.,1.),
  .PIECEWISE_BEZIER_KNOTS.);
#6292 = CARTESIAN_POINT('',(3.25,-18.,5.629165124599));
#6293 = CARTESIAN_POINT('',(3.398107414355,-18.19514478783,
    5.543655269052));
#6294 = CARTESIAN_POINT('',(3.543402827824,-18.39028978716,
    5.453274404221));
#6295 = CARTESIAN_POINT('',(3.685300551563,-18.58550863459,
    5.358359551938));
#6296 = CARTESIAN_POINT('',(3.823283728051,-18.78087633105,
    5.259361913514));
#6297 = CARTESIAN_POINT('',(3.956949523644,-18.97645762218,
    5.156796531504));
#6298 = ORIENTED_EDGE('',*,*,#6256,.T.);
#6299 = B_SPLINE_SURFACE_WITH_KNOTS('',1,1,(
    (#6300,#6301)
    ,(#6302,#6303
    )),.UNSPECIFIED.,.F.,.F.,.F.,(2,2),(2,2),(0.,1.744278210227),(0.,1.)
  ,.PIECEWISE_BEZIER_KNOTS.);
#6300 = CARTESIAN_POINT('',(3.638903671028,-19.,4.711811162414));
#6301 = CARTESIAN_POINT('',(6.537691341169,-19.,8.465287851117));
#6302 = CARTESIAN_POINT('',(2.95,-18.,5.109549882328));
#6303 = CARTESIAN_POINT('',(5.3,-18.,9.179869280115));
#6304 = ADVANCED_FACE('',(#6305),#6325,.T.);
#6305 = FACE_BOUND('',#6306,.T.);
#6306 = EDGE_LOOP('',(#6307,#6314,#6323,#6324));
#6307 = ORIENTED_EDGE('',*,*,#6308,.F.);
#6308 = EDGE_CURVE('',#6309,#3007,#6311,.T.);
#6309 = VERTEX_POINT('',#6310);
#6310 = CARTESIAN_POINT('',(4.596194077713,-18.,4.596194077713));
#6311 = B_SPLINE_CURVE_WITH_KNOTS('',1,(#6312,#6313),.UNSPECIFIED.,.F.,
  .F.,(2,2),(0.,1.),.PIECEWISE_BEZIER_KNOTS.);
#6312 = CARTESIAN_POINT('',(4.171930009001,-18.,4.171930009001));
#6313 = CARTESIAN_POINT('',(7.495331880577,-18.,7.495331880577));
#6314 = ORIENTED_EDGE('',*,*,#6315,.F.);
#6315 = EDGE_CURVE('',#6284,#6309,#6316,.T.);
#6316 = B_SPLINE_CURVE_WITH_KNOTS('',5,(#6317,#6318,#6319,#6320,#6321,
    #6322),.UNSPECIFIED.,.F.,.F.,(6,6),(0.,1.),
  .PIECEWISE_BEZIER_KNOTS.);
#6317 = CARTESIAN_POINT('',(3.95694905347,-18.97645762218,5.156796892282
    ));
#6318 = CARTESIAN_POINT('',(4.090614858415,-18.78087633104,
    5.054231522458));
#6319 = CARTESIAN_POINT('',(4.221951908088,-18.58550863459,4.94657248294
    ));
#6320 = CARTESIAN_POINT('',(4.350358448567,-18.39028978716,
    4.834075578323));
#6321 = CARTESIAN_POINT('',(4.475264880282,-18.19514478783,
    4.717123275143));
#6322 = CARTESIAN_POINT('',(4.596194077713,-18.,4.596194077713));
#6323 = ORIENTED_EDGE('',*,*,#6283,.F.);
#6324 = ORIENTED_EDGE('',*,*,#3019,.T.);
#6325 = B_SPLINE_SURFACE_WITH_KNOTS('',1,1,(
    (#6326,#6327)
    ,(#6328,#6329
    )),.UNSPECIFIED.,.F.,.F.,.F.,(2,2),(2,2),(0.,1.744278210227),(0.,1.)
  ,.PIECEWISE_BEZIER_KNOTS.);
#6326 = CARTESIAN_POINT('',(4.171930009001,-18.,4.171930009001));
#6327 = CARTESIAN_POINT('',(7.495331880577,-18.,7.495331880577));
#6328 = CARTESIAN_POINT('',(3.609442517018,-19.,4.734417500984));
#6329 = CARTESIAN_POINT('',(6.484761132269,-19.,8.505902628886));
#6330 = ADVANCED_FACE('',(#6331),#6351,.T.);
#6331 = FACE_BOUND('',#6332,.T.);
#6332 = EDGE_LOOP('',(#6333,#6334,#6341,#6350));
#6333 = ORIENTED_EDGE('',*,*,#3006,.T.);
#6334 = ORIENTED_EDGE('',*,*,#6335,.T.);
#6335 = EDGE_CURVE('',#2994,#6336,#6338,.T.);
#6336 = VERTEX_POINT('',#6337);
#6337 = CARTESIAN_POINT('',(5.156796711893,-18.9764572782,3.956949288557
    ));
#6338 = B_SPLINE_CURVE_WITH_KNOTS('',1,(#6339,#6340),.UNSPECIFIED.,.F.,
  .F.,(2,2),(0.,1.),.PIECEWISE_BEZIER_KNOTS.);
#6339 = CARTESIAN_POINT('',(8.482111042902,-18.9764572782,6.508552718253
    ));
#6340 = CARTESIAN_POINT('',(4.721175014445,-18.9764572782,3.622685003556
    ));
#6341 = ORIENTED_EDGE('',*,*,#6342,.F.);
#6342 = EDGE_CURVE('',#6309,#6336,#6343,.T.);
#6343 = B_SPLINE_CURVE_WITH_KNOTS('',5,(#6344,#6345,#6346,#6347,#6348,
    #6349),.UNSPECIFIED.,.F.,.F.,(6,6),(0.,1.),
  .PIECEWISE_BEZIER_KNOTS.);
#6344 = CARTESIAN_POINT('',(4.596194077713,-18.,4.596194077713));
#6345 = CARTESIAN_POINT('',(4.717123275143,-18.19514478783,
    4.475264880282));
#6346 = CARTESIAN_POINT('',(4.834075578323,-18.39028978716,
    4.350358448567));
#6347 = CARTESIAN_POINT('',(4.946572482941,-18.58550863459,
    4.221951908088));
#6348 = CARTESIAN_POINT('',(5.054231522459,-18.78087633105,
    4.090614858414));
#6349 = CARTESIAN_POINT('',(5.156796892282,-18.97645762218,3.95694905347
    ));
#6350 = ORIENTED_EDGE('',*,*,#6308,.T.);
#6351 = B_SPLINE_SURFACE_WITH_KNOTS('',1,1,(
    (#6352,#6353)
    ,(#6354,#6355
    )),.UNSPECIFIED.,.F.,.F.,.F.,(2,2),(2,2),(0.,1.744278210227),(0.,1.)
  ,.PIECEWISE_BEZIER_KNOTS.);
#6352 = CARTESIAN_POINT('',(4.734417500984,-19.,3.609442517018));
#6353 = CARTESIAN_POINT('',(8.505902628886,-19.,6.484761132269));
#6354 = CARTESIAN_POINT('',(4.171930009001,-18.,4.171930009001));
#6355 = CARTESIAN_POINT('',(7.495331880577,-18.,7.495331880577));
#6356 = ADVANCED_FACE('',(#6357),#6377,.T.);
#6357 = FACE_BOUND('',#6358,.T.);
#6358 = EDGE_LOOP('',(#6359,#6366,#6375,#6376));
#6359 = ORIENTED_EDGE('',*,*,#6360,.F.);
#6360 = EDGE_CURVE('',#6361,#2983,#6363,.T.);
#6361 = VERTEX_POINT('',#6362);
#6362 = CARTESIAN_POINT('',(5.629165124599,-18.,3.25));
#6363 = B_SPLINE_CURVE_WITH_KNOTS('',1,(#6364,#6365),.UNSPECIFIED.,.F.,
  .F.,(2,2),(0.,1.),.PIECEWISE_BEZIER_KNOTS.);
#6364 = CARTESIAN_POINT('',(5.109549882328,-18.,2.95));
#6365 = CARTESIAN_POINT('',(9.179869280115,-18.,5.3));
#6366 = ORIENTED_EDGE('',*,*,#6367,.F.);
#6367 = EDGE_CURVE('',#6336,#6361,#6368,.T.);
#6368 = B_SPLINE_CURVE_WITH_KNOTS('',5,(#6369,#6370,#6371,#6372,#6373,
    #6374),.UNSPECIFIED.,.F.,.F.,(6,6),(0.,1.),
  .PIECEWISE_BEZIER_KNOTS.);
#6369 = CARTESIAN_POINT('',(5.156796531504,-18.97645762218,
    3.956949523644));
#6370 = CARTESIAN_POINT('',(5.259361913515,-18.78087633104,3.82328372805
    ));
#6371 = CARTESIAN_POINT('',(5.358359551938,-18.58550863459,
    3.685300551563));
#6372 = CARTESIAN_POINT('',(5.453274404221,-18.39028978716,
    3.543402827824));
#6373 = CARTESIAN_POINT('',(5.543655269053,-18.19514478783,
    3.398107414354));
#6374 = CARTESIAN_POINT('',(5.629165124599,-18.,3.25));
#6375 = ORIENTED_EDGE('',*,*,#6335,.F.);
#6376 = ORIENTED_EDGE('',*,*,#2993,.T.);
#6377 = B_SPLINE_SURFACE_WITH_KNOTS('',1,1,(
    (#6378,#6379)
    ,(#6380,#6381
    )),.UNSPECIFIED.,.F.,.F.,.F.,(2,2),(2,2),(0.,1.744278210227),(0.,1.)
  ,.PIECEWISE_BEZIER_KNOTS.);
#6378 = CARTESIAN_POINT('',(5.109549882328,-18.,2.95));
#6379 = CARTESIAN_POINT('',(9.179869280115,-18.,5.3));
#6380 = CARTESIAN_POINT('',(4.711811162414,-19.,3.638903671028));
#6381 = CARTESIAN_POINT('',(8.465287851117,-19.,6.537691341169));
#6382 = ADVANCED_FACE('',(#6383),#6403,.T.);
#6383 = FACE_BOUND('',#6384,.T.);
#6384 = EDGE_LOOP('',(#6385,#6386,#6393,#6402));
#6385 = ORIENTED_EDGE('',*,*,#2982,.T.);
#6386 = ORIENTED_EDGE('',*,*,#6387,.T.);
#6387 = EDGE_CURVE('',#2972,#6388,#6390,.T.);
#6388 = VERTEX_POINT('',#6389);
#6389 = CARTESIAN_POINT('',(6.005216961323,-18.9764572782,2.487442310373
    ));
#6390 = B_SPLINE_CURVE_WITH_KNOTS('',1,(#6391,#6392),.UNSPECIFIED.,.F.,
  .F.,(2,2),(0.,1.),.PIECEWISE_BEZIER_KNOTS.);
#6391 = CARTESIAN_POINT('',(9.877627517328,-18.9764572782,4.091447281747
    ));
#6392 = CARTESIAN_POINT('',(5.497924750211,-18.9764572782,2.277314996444
    ));
#6393 = ORIENTED_EDGE('',*,*,#6394,.F.);
#6394 = EDGE_CURVE('',#6361,#6388,#6395,.T.);
#6395 = B_SPLINE_CURVE_WITH_KNOTS('',5,(#6396,#6397,#6398,#6399,#6400,
    #6401),.UNSPECIFIED.,.F.,.F.,(6,6),(0.,1.),
  .PIECEWISE_BEZIER_KNOTS.);
#6396 = CARTESIAN_POINT('',(5.629165124599,-18.,3.25));
#6397 = CARTESIAN_POINT('',(5.714674980146,-18.19514478783,
    3.101892585645));
#6398 = CARTESIAN_POINT('',(5.795314066847,-18.39028978716,
    2.950972753951));
#6399 = CARTESIAN_POINT('',(5.870743674203,-18.58550863459,
    2.797825218807));
#6400 = CARTESIAN_POINT('',(5.940741791125,-18.78087633105,
    2.643099160774));
#6401 = CARTESIAN_POINT('',(6.00521707472,-18.97645762218,2.487442036609
    ));
#6402 = ORIENTED_EDGE('',*,*,#6360,.T.);
#6403 = B_SPLINE_SURFACE_WITH_KNOTS('',1,1,(
    (#6404,#6405)
    ,(#6406,#6407
    )),.UNSPECIFIED.,.F.,.F.,.F.,(2,2),(2,2),(0.,1.744278210227),(0.,1.)
  ,.PIECEWISE_BEZIER_KNOTS.);
#6404 = CARTESIAN_POINT('',(5.507288602242,-19.,2.261096328972));
#6405 = CARTESIAN_POINT('',(9.894450709113,-19.,4.062308658831));
#6406 = CARTESIAN_POINT('',(5.109549882328,-18.,2.95));
#6407 = CARTESIAN_POINT('',(9.179869280115,-18.,5.3));
#6408 = ADVANCED_FACE('',(#6409),#6429,.T.);
#6409 = FACE_BOUND('',#6410,.T.);
#6410 = EDGE_LOOP('',(#6411,#6418,#6427,#6428));
#6411 = ORIENTED_EDGE('',*,*,#6412,.F.);
#6412 = EDGE_CURVE('',#6413,#2961,#6415,.T.);
#6413 = VERTEX_POINT('',#6414);
#6414 = CARTESIAN_POINT('',(6.278517870879,-18.,1.682323793166));
#6415 = B_SPLINE_CURVE_WITH_KNOTS('',1,(#6416,#6417),.UNSPECIFIED.,.F.,
  .F.,(2,2),(0.,1.),.PIECEWISE_BEZIER_KNOTS.);
#6416 = CARTESIAN_POINT('',(5.698962375106,-18.,1.527032366105));
#6417 = CARTESIAN_POINT('',(10.238813758664,-18.,2.743481878087));
#6418 = ORIENTED_EDGE('',*,*,#6419,.F.);
#6419 = EDGE_CURVE('',#6388,#6413,#6420,.T.);
#6420 = B_SPLINE_CURVE_WITH_KNOTS('',5,(#6421,#6422,#6423,#6424,#6425,
    #6426),.UNSPECIFIED.,.F.,.F.,(6,6),(0.,1.),
  .PIECEWISE_BEZIER_KNOTS.);
#6421 = CARTESIAN_POINT('',(6.005216847926,-18.97645762218,
    2.487442584138));
#6422 = CARTESIAN_POINT('',(6.069692145715,-18.78087633104,
    2.331785465849));
#6423 = CARTESIAN_POINT('',(6.129603847431,-18.58550863459,
    2.172881477843));
#6424 = CARTESIAN_POINT('',(6.184558721189,-18.39028978716,
    2.011253030358));
#6425 = CARTESIAN_POINT('',(6.23425471256,-18.19514478783,1.847516148915
    ));
#6426 = CARTESIAN_POINT('',(6.278517870879,-18.,1.682323793166));
#6427 = ORIENTED_EDGE('',*,*,#6387,.F.);
#6428 = ORIENTED_EDGE('',*,*,#2971,.T.);
#6429 = B_SPLINE_SURFACE_WITH_KNOTS('',1,1,(
    (#6430,#6431)
    ,(#6432,#6433
    )),.UNSPECIFIED.,.F.,.F.,.F.,(2,2),(2,2),(0.,1.744278210227),(0.,1.)
  ,.PIECEWISE_BEZIER_KNOTS.);
#6430 = CARTESIAN_POINT('',(5.698962375106,-18.,1.527032366105));
#6431 = CARTESIAN_POINT('',(10.238813758664,-18.,2.743481878087));
#6432 = CARTESIAN_POINT('',(5.493077663729,-19.,2.295404569465));
#6433 = CARTESIAN_POINT('',(9.868919192462,-19.,4.123947192598));
#6434 = ADVANCED_FACE('',(#6435),#6455,.T.);
#6435 = FACE_BOUND('',#6436,.T.);
#6436 = EDGE_LOOP('',(#6437,#6444,#6453,#6454));
#6437 = ORIENTED_EDGE('',*,*,#6438,.F.);
#6438 = EDGE_CURVE('',#6439,#2950,#6441,.T.);
#6439 = VERTEX_POINT('',#6440);
#6440 = CARTESIAN_POINT('',(6.44439159893,-18.9764572782,0.84842024943)
  );
#6441 = B_SPLINE_CURVE_WITH_KNOTS('',1,(#6442,#6443),.UNSPECIFIED.,.F.,
  .F.,(2,2),(0.,1.),.PIECEWISE_BEZIER_KNOTS.);
#6442 = CARTESIAN_POINT('',(5.9,-18.9764572782,0.776749735766));
#6443 = CARTESIAN_POINT('',(10.6,-18.9764572782,1.395516474426));
#6444 = ORIENTED_EDGE('',*,*,#6445,.F.);
#6445 = EDGE_CURVE('',#6413,#6439,#6446,.T.);
#6446 = B_SPLINE_CURVE_WITH_KNOTS('',5,(#6447,#6448,#6449,#6450,#6451,
    #6452),.UNSPECIFIED.,.F.,.F.,(6,6),(0.,1.),
  .PIECEWISE_BEZIER_KNOTS.);
#6447 = CARTESIAN_POINT('',(6.278517870879,-18.,1.682323793166));
#6448 = CARTESIAN_POINT('',(6.322781029199,-18.19514478783,
    1.517131437414));
#6449 = CARTESIAN_POINT('',(6.361611478926,-18.39028978716,
    1.350483142865));
#6450 = CARTESIAN_POINT('',(6.394833385931,-18.58550863459,
    1.183031364491));
#6451 = CARTESIAN_POINT('',(6.422400324265,-18.78087633104,
    1.015460623257));
#6452 = CARTESIAN_POINT('',(6.444391637607,-18.97645762218,
    0.848419955645));
#6453 = ORIENTED_EDGE('',*,*,#6412,.T.);
#6454 = ORIENTED_EDGE('',*,*,#2960,.T.);
#6455 = B_SPLINE_SURFACE_WITH_KNOTS('',1,1,(
    (#6456,#6457)
    ,(#6458,#6459
    )),.UNSPECIFIED.,.F.,.F.,.F.,(2,2),(2,2),(0.,1.744278210227),(0.,1.)
  ,.PIECEWISE_BEZIER_KNOTS.);
#6456 = CARTESIAN_POINT('',(5.904847086482,-19.,0.758660162745));
#6457 = CARTESIAN_POINT('',(10.608708324867,-19.,1.363016563576));
#6458 = CARTESIAN_POINT('',(5.698962375106,-18.,1.527032366105));
#6459 = CARTESIAN_POINT('',(10.238813758664,-18.,2.743481878087));
#6460 = ADVANCED_FACE('',(#6461),#6475,.T.);
#6461 = FACE_BOUND('',#6462,.T.);
#6462 = EDGE_LOOP('',(#6463,#6464,#6473,#6474));
#6463 = ORIENTED_EDGE('',*,*,#5255,.F.);
#6464 = ORIENTED_EDGE('',*,*,#6465,.F.);
#6465 = EDGE_CURVE('',#6439,#5245,#6466,.T.);
#6466 = B_SPLINE_CURVE_WITH_KNOTS('',5,(#6467,#6468,#6469,#6470,#6471,
    #6472),.UNSPECIFIED.,.F.,.F.,(6,6),(0.,1.),
  .PIECEWISE_BEZIER_KNOTS.);
#6467 = CARTESIAN_POINT('',(6.444391560252,-18.97645762218,
    0.848420543216));
#6468 = CARTESIAN_POINT('',(6.466382888825,-18.78087633104,
    0.681379877609));
#6469 = CARTESIAN_POINT('',(6.48312577037,-18.58550863459,0.512384122265
    ));
#6470 = CARTESIAN_POINT('',(6.494375581775,-18.39028978716,
    0.342039662627));
#6471 = CARTESIAN_POINT('',(6.5,-18.19514478783,0.171019711093));
#6472 = CARTESIAN_POINT('',(6.5,-18.,1.110223024625E-16));
#6473 = ORIENTED_EDGE('',*,*,#6438,.T.);
#6474 = ORIENTED_EDGE('',*,*,#2949,.T.);
#6475 = B_SPLINE_SURFACE_WITH_KNOTS('',1,1,(
    (#6476,#6477)
    ,(#6478,#6479
    )),.UNSPECIFIED.,.F.,.F.,.F.,(2,2),(2,2),(0.,1.744278210227),(0.,1.)
  ,.PIECEWISE_BEZIER_KNOTS.);
#6476 = CARTESIAN_POINT('',(5.9,-18.,1.110223024625E-16));
#6477 = CARTESIAN_POINT('',(10.6,-18.,1.110223024625E-16));
#6478 = CARTESIAN_POINT('',(5.9,-19.,0.795477439828));
#6479 = CARTESIAN_POINT('',(10.6,-19.,1.429162857996));
#6480 = ADVANCED_FACE('',(#6481,#6850),#6853,.T.);
#6481 = FACE_BOUND('',#6482,.T.);
#6482 = EDGE_LOOP('',(#6483,#6500,#6515,#6530,#6545,#6560,#6575,#6590,
    #6605,#6620,#6635,#6650,#6665,#6680,#6695,#6706,#6717,#6732,#6747,
    #6762,#6777,#6792,#6807,#6822,#6837));
#6483 = ORIENTED_EDGE('',*,*,#6484,.F.);
#6484 = EDGE_CURVE('',#6485,#6487,#6489,.T.);
#6485 = VERTEX_POINT('',#6486);
#6486 = CARTESIAN_POINT('',(-6.012945619689,-19.,-2.468701070333));
#6487 = VERTEX_POINT('',#6488);
#6488 = CARTESIAN_POINT('',(-5.169112612462,-19.,-3.940846964763));
#6489 = B_SPLINE_CURVE_WITH_KNOTS('',5,(#6490,#6491,#6492,#6493,#6494,
    #6495,#6496,#6497,#6498,#6499),.UNSPECIFIED.,.F.,.F.,(6,4,6),(0.,
    0.505981479588,1.),.UNSPECIFIED.);
#6490 = CARTESIAN_POINT('',(-6.012945619689,-19.,-2.468701070333));
#6491 = CARTESIAN_POINT('',(-5.947348786294,-19.,-2.628473428667));
#6492 = CARTESIAN_POINT('',(-5.87601338306,-19.,-2.787119144971));
#6493 = CARTESIAN_POINT('',(-5.799035379537,-19.,-2.944004982206));
#6494 = CARTESIAN_POINT('',(-5.716631196268,-19.,-3.098508459531));
#6495 = CARTESIAN_POINT('',(-5.543691035445,-19.,-3.39804142162));
#6496 = CARTESIAN_POINT('',(-5.453393001911,-19.,-3.543209175884));
#6497 = CARTESIAN_POINT('',(-5.358534769622,-19.,-3.685045308915));
#6498 = CARTESIAN_POINT('',(-5.259515002688,-19.,-3.82308422116));
#6499 = CARTESIAN_POINT('',(-5.156796491731,-19.,-3.956949575478));
#6500 = ORIENTED_EDGE('',*,*,#6501,.F.);
#6501 = EDGE_CURVE('',#6502,#6485,#6504,.T.);
#6502 = VERTEX_POINT('',#6503);
#6503 = CARTESIAN_POINT('',(-6.447006319796,-19.,-0.828317277681));
#6504 = B_SPLINE_CURVE_WITH_KNOTS('',5,(#6505,#6506,#6507,#6508,#6509,
    #6510,#6511,#6512,#6513,#6514),.UNSPECIFIED.,.F.,.F.,(6,4,6),(0.,
    0.505981479588,1.),.UNSPECIFIED.);
#6505 = CARTESIAN_POINT('',(-6.447006319796,-19.,-0.828317277681));
#6506 = CARTESIAN_POINT('',(-6.424996773515,-19.,-0.999623234704));
#6507 = CARTESIAN_POINT('',(-6.397152598006,-19.,-1.171326190259));
#6508 = CARTESIAN_POINT('',(-6.36340259893,-19.,-1.342789645588));
#6509 = CARTESIAN_POINT('',(-6.323794712583,-19.,-1.513356316615));
#6510 = CARTESIAN_POINT('',(-6.234272180066,-19.,-1.847443147806));
#6511 = CARTESIAN_POINT('',(-6.184623156951,-19.,-2.011035281607));
#6512 = CARTESIAN_POINT('',(-6.129707033058,-19.,-2.172589582704));
#6513 = CARTESIAN_POINT('',(-6.069788382318,-19.,-2.331553134598));
#6514 = CARTESIAN_POINT('',(-6.005216822924,-19.,-2.4874426445));
#6515 = ORIENTED_EDGE('',*,*,#6516,.F.);
#6516 = EDGE_CURVE('',#6517,#6502,#6519,.T.);
#6517 = VERTEX_POINT('',#6518);
#6518 = CARTESIAN_POINT('',(-6.441714193391,-19.,0.868514968587));
#6519 = B_SPLINE_CURVE_WITH_KNOTS('',5,(#6520,#6521,#6522,#6523,#6524,
    #6525,#6526,#6527,#6528,#6529),.UNSPECIFIED.,.F.,.F.,(6,4,6),(0.,
    0.505981479588,1.),.UNSPECIFIED.);
#6520 = CARTESIAN_POINT('',(-6.441714193391,-19.,0.868514968587));
#6521 = CARTESIAN_POINT('',(-6.46479184843,-19.,0.697349630749));
#6522 = CARTESIAN_POINT('',(-6.482336435193,-19.,0.524290708611));
#6523 = CARTESIAN_POINT('',(-6.494114447227,-19.,0.349934586311));
#6524 = CARTESIAN_POINT('',(-6.5000020698,-19.,0.174928558339));
#6525 = CARTESIAN_POINT('',(-6.499997978238,-19.,-0.170944676512));
#6526 = CARTESIAN_POINT('',(-6.494381464417,-19.,-0.341812656282));
#6527 = CARTESIAN_POINT('',(-6.483149892012,-19.,-0.512075466806));
#6528 = CARTESIAN_POINT('',(-6.466415714493,-19.,-0.681130554988));
#6529 = CARTESIAN_POINT('',(-6.444391551724,-19.,-0.848420607992));
#6530 = ORIENTED_EDGE('',*,*,#6531,.F.);
#6531 = EDGE_CURVE('',#6532,#6517,#6534,.T.);
#6532 = VERTEX_POINT('',#6533);
#6533 = CARTESIAN_POINT('',(-5.997429890143,-19.,2.506159355033));
#6534 = B_SPLINE_CURVE_WITH_KNOTS('',5,(#6535,#6536,#6537,#6538,#6539,
    #6540,#6541,#6542,#6543,#6544),.UNSPECIFIED.,.F.,.F.,(6,4,6),(0.,
    0.505981479588,1.),.UNSPECIFIED.);
#6535 = CARTESIAN_POINT('',(-5.997429890143,-19.,2.506159355033));
#6536 = CARTESIAN_POINT('',(-6.064022042449,-19.,2.346799271291));
#6537 = CARTESIAN_POINT('',(-6.125759756889,-19.,2.18417806212));
#6538 = CARTESIAN_POINT('',(-6.182263127976,-19.,2.018811354447));
#6539 = CARTESIAN_POINT('',(-6.233245027722,-19.,1.851292341125));
#6540 = CARTESIAN_POINT('',(-6.322759655947,-19.,1.517203391986));
#6541 = CARTESIAN_POINT('',(-6.361558407556,-19.,1.350703936697));
#6542 = CARTESIAN_POINT('',(-6.394776799737,-19.,1.18333574591));
#6543 = CARTESIAN_POINT('',(-6.422367501982,-19.,1.015709946324));
#6544 = CARTESIAN_POINT('',(-6.444391646135,-19.,0.848419890868));
#6545 = ORIENTED_EDGE('',*,*,#6546,.F.);
#6546 = EDGE_CURVE('',#6547,#6532,#6549,.T.);
#6547 = VERTEX_POINT('',#6548);
#6548 = CARTESIAN_POINT('',(-5.144430651102,-19.,3.973013123059));
#6549 = B_SPLINE_CURVE_WITH_KNOTS('',5,(#6550,#6551,#6552,#6553,#6554,
    #6555,#6556,#6557,#6558,#6559),.UNSPECIFIED.,.F.,.F.,(6,4,6),(0.,
    0.505981479588,1.),.UNSPECIFIED.);
#6550 = CARTESIAN_POINT('',(-5.144430651102,-19.,3.973013123059));
#6551 = CARTESIAN_POINT('',(-5.249999155545,-19.,3.836318419764));
#6552 = CARTESIAN_POINT('',(-5.351722674449,-19.,3.695217290221));
#6553 = CARTESIAN_POINT('',(-5.449100793226,-19.,3.550109465021));
#6554 = CARTESIAN_POINT('',(-5.541702637929,-19.,3.401493610269));
#6555 = CARTESIAN_POINT('',(-5.714635711957,-19.,3.101956556617));
#6556 = CARTESIAN_POINT('',(-5.795205658193,-19.,2.951172288533));
#6557 = CARTESIAN_POINT('',(-5.870610236428,-19.,2.798104583097));
#6558 = CARTESIAN_POINT('',(-5.940645557676,-19.,2.643331493333));
#6559 = CARTESIAN_POINT('',(-6.005217099723,-19.,2.487441976246));
#6560 = ORIENTED_EDGE('',*,*,#6561,.F.);
#6561 = EDGE_CURVE('',#6562,#6547,#6564,.T.);
#6562 = VERTEX_POINT('',#6563);
#6563 = CARTESIAN_POINT('',(-3.940846964763,-19.,5.169112612462));
#6564 = B_SPLINE_CURVE_WITH_KNOTS('',5,(#6565,#6566,#6567,#6568,#6569,
    #6570,#6571,#6572,#6573,#6574),.UNSPECIFIED.,.F.,.F.,(6,4,6),(0.,
    0.505981479588,1.),.UNSPECIFIED.);
#6565 = CARTESIAN_POINT('',(-3.940846964763,-19.,5.169112612462));
#6566 = CARTESIAN_POINT('',(-4.078197502224,-19.,5.064398807745));
#6567 = CARTESIAN_POINT('',(-4.212974535886,-19.,4.954433566629));
#6568 = CARTESIAN_POINT('',(-4.344591244484,-19.,4.839473482387));
#6569 = CARTESIAN_POINT('',(-4.472502371457,-19.,4.719888711107));
#6570 = CARTESIAN_POINT('',(-4.71706878808,-19.,4.475316508141));
#6571 = CARTESIAN_POINT('',(-4.833919220254,-19.,4.350523125949));
#6572 = CARTESIAN_POINT('',(-4.946371287148,-19.,4.222187217033));
#6573 = CARTESIAN_POINT('',(-5.054078435995,-19.,4.090814367384));
#6574 = CARTESIAN_POINT('',(-5.156796932055,-19.,3.956949001636));
#6575 = ORIENTED_EDGE('',*,*,#6576,.F.);
#6576 = EDGE_CURVE('',#6577,#6562,#6579,.T.);
#6577 = VERTEX_POINT('',#6578);
#6578 = CARTESIAN_POINT('',(-2.468701070333,-19.,6.012945619689));
#6579 = B_SPLINE_CURVE_WITH_KNOTS('',5,(#6580,#6581,#6582,#6583,#6584,
    #6585,#6586,#6587,#6588,#6589),.UNSPECIFIED.,.F.,.F.,(6,4,6),(0.,
    0.505981479588,1.),.UNSPECIFIED.);
#6580 = CARTESIAN_POINT('',(-2.468701070333,-19.,6.012945619689));
#6581 = CARTESIAN_POINT('',(-2.628473428667,-19.,5.947348786294));
#6582 = CARTESIAN_POINT('',(-2.787119144971,-19.,5.87601338306));
#6583 = CARTESIAN_POINT('',(-2.944004982206,-19.,5.799035379537));
#6584 = CARTESIAN_POINT('',(-3.098508459531,-19.,5.716631196268));
#6585 = CARTESIAN_POINT('',(-3.39804142162,-19.,5.543691035445));
#6586 = CARTESIAN_POINT('',(-3.543209175884,-19.,5.453393001911));
#6587 = CARTESIAN_POINT('',(-3.685045308915,-19.,5.358534769622));
#6588 = CARTESIAN_POINT('',(-3.82308422116,-19.,5.259515002688));
#6589 = CARTESIAN_POINT('',(-3.956949575478,-19.,5.156796491731));
#6590 = ORIENTED_EDGE('',*,*,#6591,.F.);
#6591 = EDGE_CURVE('',#6592,#6577,#6594,.T.);
#6592 = VERTEX_POINT('',#6593);
#6593 = CARTESIAN_POINT('',(-0.828317277681,-19.,6.447006319796));
#6594 = B_SPLINE_CURVE_WITH_KNOTS('',5,(#6595,#6596,#6597,#6598,#6599,
    #6600,#6601,#6602,#6603,#6604),.UNSPECIFIED.,.F.,.F.,(6,4,6),(0.,
    0.505981479588,1.),.UNSPECIFIED.);
#6595 = CARTESIAN_POINT('',(-0.828317277681,-19.,6.447006319796));
#6596 = CARTESIAN_POINT('',(-0.999623234704,-19.,6.424996773515));
#6597 = CARTESIAN_POINT('',(-1.171326190259,-19.,6.397152598006));
#6598 = CARTESIAN_POINT('',(-1.342789645589,-19.,6.36340259893));
#6599 = CARTESIAN_POINT('',(-1.513356316615,-19.,6.323794712583));
#6600 = CARTESIAN_POINT('',(-1.847443147806,-19.,6.234272180066));
#6601 = CARTESIAN_POINT('',(-2.011035281607,-19.,6.184623156951));
#6602 = CARTESIAN_POINT('',(-2.172589582704,-19.,6.129707033058));
#6603 = CARTESIAN_POINT('',(-2.331553134598,-19.,6.069788382318));
#6604 = CARTESIAN_POINT('',(-2.4874426445,-19.,6.005216822924));
#6605 = ORIENTED_EDGE('',*,*,#6606,.F.);
#6606 = EDGE_CURVE('',#6607,#6592,#6609,.T.);
#6607 = VERTEX_POINT('',#6608);
#6608 = CARTESIAN_POINT('',(0.868514968587,-19.,6.441714193391));
#6609 = B_SPLINE_CURVE_WITH_KNOTS('',5,(#6610,#6611,#6612,#6613,#6614,
    #6615,#6616,#6617,#6618,#6619),.UNSPECIFIED.,.F.,.F.,(6,4,6),(0.,
    0.505981479588,1.),.UNSPECIFIED.);
#6610 = CARTESIAN_POINT('',(0.868514968587,-19.,6.441714193391));
#6611 = CARTESIAN_POINT('',(0.697349630749,-19.,6.46479184843));
#6612 = CARTESIAN_POINT('',(0.524290708611,-19.,6.482336435193));
#6613 = CARTESIAN_POINT('',(0.349934586311,-19.,6.494114447227));
#6614 = CARTESIAN_POINT('',(0.174928558339,-19.,6.5000020698));
#6615 = CARTESIAN_POINT('',(-0.170944676512,-19.,6.499997978238));
#6616 = CARTESIAN_POINT('',(-0.341812656282,-19.,6.494381464417));
#6617 = CARTESIAN_POINT('',(-0.512075466806,-19.,6.483149892012));
#6618 = CARTESIAN_POINT('',(-0.681130554988,-19.,6.466415714493));
#6619 = CARTESIAN_POINT('',(-0.848420607992,-19.,6.444391551724));
#6620 = ORIENTED_EDGE('',*,*,#6621,.F.);
#6621 = EDGE_CURVE('',#6622,#6607,#6624,.T.);
#6622 = VERTEX_POINT('',#6623);
#6623 = CARTESIAN_POINT('',(2.506159355033,-19.,5.997429890143));
#6624 = B_SPLINE_CURVE_WITH_KNOTS('',5,(#6625,#6626,#6627,#6628,#6629,
    #6630,#6631,#6632,#6633,#6634),.UNSPECIFIED.,.F.,.F.,(6,4,6),(0.,
    0.505981479588,1.),.UNSPECIFIED.);
#6625 = CARTESIAN_POINT('',(2.506159355033,-19.,5.997429890143));
#6626 = CARTESIAN_POINT('',(2.346799271291,-19.,6.064022042449));
#6627 = CARTESIAN_POINT('',(2.18417806212,-19.,6.125759756889));
#6628 = CARTESIAN_POINT('',(2.018811354447,-19.,6.182263127976));
#6629 = CARTESIAN_POINT('',(1.851292341125,-19.,6.233245027722));
#6630 = CARTESIAN_POINT('',(1.517203391986,-19.,6.322759655947));
#6631 = CARTESIAN_POINT('',(1.350703936697,-19.,6.361558407556));
#6632 = CARTESIAN_POINT('',(1.18333574591,-19.,6.394776799737));
#6633 = CARTESIAN_POINT('',(1.015709946324,-19.,6.422367501982));
#6634 = CARTESIAN_POINT('',(0.848419890868,-19.,6.444391646135));
#6635 = ORIENTED_EDGE('',*,*,#6636,.F.);
#6636 = EDGE_CURVE('',#6637,#6622,#6639,.T.);
#6637 = VERTEX_POINT('',#6638);
#6638 = CARTESIAN_POINT('',(3.973013123059,-19.,5.144430651102));
#6639 = B_SPLINE_CURVE_WITH_KNOTS('',5,(#6640,#6641,#6642,#6643,#6644,
    #6645,#6646,#6647,#6648,#6649),.UNSPECIFIED.,.F.,.F.,(6,4,6),(0.,
    0.505981479588,1.),.UNSPECIFIED.);
#6640 = CARTESIAN_POINT('',(3.973013123059,-19.,5.144430651102));
#6641 = CARTESIAN_POINT('',(3.836318419764,-19.,5.249999155545));
#6642 = CARTESIAN_POINT('',(3.695217290221,-19.,5.351722674449));
#6643 = CARTESIAN_POINT('',(3.550109465021,-19.,5.449100793227));
#6644 = CARTESIAN_POINT('',(3.401493610269,-19.,5.541702637929));
#6645 = CARTESIAN_POINT('',(3.101956556617,-19.,5.714635711957));
#6646 = CARTESIAN_POINT('',(2.951172288533,-19.,5.795205658193));
#6647 = CARTESIAN_POINT('',(2.798104583097,-19.,5.870610236428));
#6648 = CARTESIAN_POINT('',(2.643331493333,-19.,5.940645557676));
#6649 = CARTESIAN_POINT('',(2.487441976246,-19.,6.005217099723));
#6650 = ORIENTED_EDGE('',*,*,#6651,.F.);
#6651 = EDGE_CURVE('',#6652,#6637,#6654,.T.);
#6652 = VERTEX_POINT('',#6653);
#6653 = CARTESIAN_POINT('',(5.169112612462,-19.,3.940846964763));
#6654 = B_SPLINE_CURVE_WITH_KNOTS('',5,(#6655,#6656,#6657,#6658,#6659,
    #6660,#6661,#6662,#6663,#6664),.UNSPECIFIED.,.F.,.F.,(6,4,6),(0.,
    0.505981479588,1.),.UNSPECIFIED.);
#6655 = CARTESIAN_POINT('',(5.169112612462,-19.,3.940846964763));
#6656 = CARTESIAN_POINT('',(5.064398807745,-19.,4.078197502224));
#6657 = CARTESIAN_POINT('',(4.954433566629,-19.,4.212974535886));
#6658 = CARTESIAN_POINT('',(4.839473482387,-19.,4.344591244484));
#6659 = CARTESIAN_POINT('',(4.719888711107,-19.,4.472502371457));
#6660 = CARTESIAN_POINT('',(4.475316508141,-19.,4.71706878808));
#6661 = CARTESIAN_POINT('',(4.350523125949,-19.,4.833919220254));
#6662 = CARTESIAN_POINT('',(4.222187217033,-19.,4.946371287148));
#6663 = CARTESIAN_POINT('',(4.090814367384,-19.,5.054078435995));
#6664 = CARTESIAN_POINT('',(3.956949001636,-19.,5.156796932055));
#6665 = ORIENTED_EDGE('',*,*,#6666,.F.);
#6666 = EDGE_CURVE('',#6667,#6652,#6669,.T.);
#6667 = VERTEX_POINT('',#6668);
#6668 = CARTESIAN_POINT('',(6.012945619689,-19.,2.468701070333));
#6669 = B_SPLINE_CURVE_WITH_KNOTS('',5,(#6670,#6671,#6672,#6673,#6674,
    #6675,#6676,#6677,#6678,#6679),.UNSPECIFIED.,.F.,.F.,(6,4,6),(0.,
    0.505981479588,1.),.UNSPECIFIED.);
#6670 = CARTESIAN_POINT('',(6.012945619689,-19.,2.468701070333));
#6671 = CARTESIAN_POINT('',(5.947348786294,-19.,2.628473428667));
#6672 = CARTESIAN_POINT('',(5.87601338306,-19.,2.787119144971));
#6673 = CARTESIAN_POINT('',(5.799035379537,-19.,2.944004982206));
#6674 = CARTESIAN_POINT('',(5.716631196268,-19.,3.098508459531));
#6675 = CARTESIAN_POINT('',(5.543691035445,-19.,3.39804142162));
#6676 = CARTESIAN_POINT('',(5.453393001911,-19.,3.543209175884));
#6677 = CARTESIAN_POINT('',(5.358534769622,-19.,3.685045308915));
#6678 = CARTESIAN_POINT('',(5.259515002688,-19.,3.82308422116));
#6679 = CARTESIAN_POINT('',(5.156796491731,-19.,3.956949575478));
#6680 = ORIENTED_EDGE('',*,*,#6681,.F.);
#6681 = EDGE_CURVE('',#6682,#6667,#6684,.T.);
#6682 = VERTEX_POINT('',#6683);
#6683 = CARTESIAN_POINT('',(6.441714193391,-19.,0.868514968587));
#6684 = B_SPLINE_CURVE_WITH_KNOTS('',5,(#6685,#6686,#6687,#6688,#6689,
    #6690,#6691,#6692,#6693,#6694),.UNSPECIFIED.,.F.,.F.,(6,4,6),(0.,
    0.501752834197,1.),.UNSPECIFIED.);
#6685 = CARTESIAN_POINT('',(6.444391646135,-19.,0.848419890868));
#6686 = CARTESIAN_POINT('',(6.422288303478,-19.,1.016311518951));
#6687 = CARTESIAN_POINT('',(6.394578296955,-19.,1.184541314178));
#6688 = CARTESIAN_POINT('',(6.361199827305,-19.,1.35250949161));
#6689 = CARTESIAN_POINT('',(6.322201144874,-19.,1.519598245298));
#6690 = CARTESIAN_POINT('',(6.233593409161,-19.,1.849678316866));
#6691 = CARTESIAN_POINT('',(6.18406020531,-19.,2.012690794963));
#6692 = CARTESIAN_POINT('',(6.129297614392,-19.,2.173675582601));
#6693 = CARTESIAN_POINT('',(6.069567807112,-19.,2.332085650169));
#6694 = CARTESIAN_POINT('',(6.005216822924,-19.,2.4874426445));
#6695 = ORIENTED_EDGE('',*,*,#6696,.F.);
#6696 = EDGE_CURVE('',#6697,#6682,#6699,.T.);
#6697 = VERTEX_POINT('',#6698);
#6698 = CARTESIAN_POINT('',(6.5,-19.,1.592040838892E-15));
#6699 = B_SPLINE_CURVE_WITH_KNOTS('',5,(#6700,#6701,#6702,#6703,#6704,
    #6705),.UNSPECIFIED.,.F.,.F.,(6,6),(0.,1.),
  .PIECEWISE_BEZIER_KNOTS.);
#6700 = CARTESIAN_POINT('',(6.5,-19.,1.554312234475E-15));
#6701 = CARTESIAN_POINT('',(6.5,-19.,0.174990072624));
#6702 = CARTESIAN_POINT('',(6.494111342193,-19.,0.349980550782));
#6703 = CARTESIAN_POINT('',(6.482333351658,-19.,0.52432112363));
#6704 = CARTESIAN_POINT('',(6.464789820493,-19.,0.697364671819));
#6705 = CARTESIAN_POINT('',(6.441714193391,-19.,0.868514968587));
#6706 = ORIENTED_EDGE('',*,*,#6707,.F.);
#6707 = EDGE_CURVE('',#6708,#6697,#6710,.T.);
#6708 = VERTEX_POINT('',#6709);
#6709 = CARTESIAN_POINT('',(6.441714193391,-19.,-0.868514968587));
#6710 = B_SPLINE_CURVE_WITH_KNOTS('',5,(#6711,#6712,#6713,#6714,#6715,
    #6716),.UNSPECIFIED.,.F.,.F.,(6,6),(0.,1.),
  .PIECEWISE_BEZIER_KNOTS.);
#6711 = CARTESIAN_POINT('',(6.441714193391,-19.,-0.868514968587));
#6712 = CARTESIAN_POINT('',(6.464789820493,-19.,-0.697364671817));
#6713 = CARTESIAN_POINT('',(6.482333351658,-19.,-0.524321123628));
#6714 = CARTESIAN_POINT('',(6.494111342192,-19.,-0.349980550785));
#6715 = CARTESIAN_POINT('',(6.5,-19.,-0.17499007263));
#6716 = CARTESIAN_POINT('',(6.5,-19.,1.564552363449E-15));
#6717 = ORIENTED_EDGE('',*,*,#6718,.F.);
#6718 = EDGE_CURVE('',#6719,#6708,#6721,.T.);
#6719 = VERTEX_POINT('',#6720);
#6720 = CARTESIAN_POINT('',(5.997429890143,-19.,-2.506159355033));
#6721 = B_SPLINE_CURVE_WITH_KNOTS('',5,(#6722,#6723,#6724,#6725,#6726,
    #6727,#6728,#6729,#6730,#6731),.UNSPECIFIED.,.F.,.F.,(6,4,6),(0.,
    0.505981479588,1.),.UNSPECIFIED.);
#6722 = CARTESIAN_POINT('',(5.997429890143,-19.,-2.506159355033));
#6723 = CARTESIAN_POINT('',(6.064022042449,-19.,-2.346799271291));
#6724 = CARTESIAN_POINT('',(6.125759756889,-19.,-2.18417806212));
#6725 = CARTESIAN_POINT('',(6.182263127976,-19.,-2.018811354447));
#6726 = CARTESIAN_POINT('',(6.233245027722,-19.,-1.851292341125));
#6727 = CARTESIAN_POINT('',(6.322759655947,-19.,-1.517203391986));
#6728 = CARTESIAN_POINT('',(6.361558407556,-19.,-1.350703936697));
#6729 = CARTESIAN_POINT('',(6.394776799737,-19.,-1.18333574591));
#6730 = CARTESIAN_POINT('',(6.422367501982,-19.,-1.015709946324));
#6731 = CARTESIAN_POINT('',(6.444391646135,-19.,-0.848419890868));
#6732 = ORIENTED_EDGE('',*,*,#6733,.F.);
#6733 = EDGE_CURVE('',#6734,#6719,#6736,.T.);
#6734 = VERTEX_POINT('',#6735);
#6735 = CARTESIAN_POINT('',(5.144430651102,-19.,-3.973013123059));
#6736 = B_SPLINE_CURVE_WITH_KNOTS('',5,(#6737,#6738,#6739,#6740,#6741,
    #6742,#6743,#6744,#6745,#6746),.UNSPECIFIED.,.F.,.F.,(6,4,6),(0.,
    0.505981479588,1.),.UNSPECIFIED.);
#6737 = CARTESIAN_POINT('',(5.144430651102,-19.,-3.973013123059));
#6738 = CARTESIAN_POINT('',(5.249999155545,-19.,-3.836318419764));
#6739 = CARTESIAN_POINT('',(5.351722674449,-19.,-3.695217290221));
#6740 = CARTESIAN_POINT('',(5.449100793227,-19.,-3.550109465021));
#6741 = CARTESIAN_POINT('',(5.541702637929,-19.,-3.401493610269));
#6742 = CARTESIAN_POINT('',(5.714635711957,-19.,-3.101956556617));
#6743 = CARTESIAN_POINT('',(5.795205658193,-19.,-2.951172288533));
#6744 = CARTESIAN_POINT('',(5.870610236428,-19.,-2.798104583097));
#6745 = CARTESIAN_POINT('',(5.940645557676,-19.,-2.643331493333));
#6746 = CARTESIAN_POINT('',(6.005217099723,-19.,-2.487441976246));
#6747 = ORIENTED_EDGE('',*,*,#6748,.F.);
#6748 = EDGE_CURVE('',#6749,#6734,#6751,.T.);
#6749 = VERTEX_POINT('',#6750);
#6750 = CARTESIAN_POINT('',(3.940846964763,-19.,-5.169112612462));
#6751 = B_SPLINE_CURVE_WITH_KNOTS('',5,(#6752,#6753,#6754,#6755,#6756,
    #6757,#6758,#6759,#6760,#6761),.UNSPECIFIED.,.F.,.F.,(6,4,6),(0.,
    0.505981479588,1.),.UNSPECIFIED.);
#6752 = CARTESIAN_POINT('',(3.940846964763,-19.,-5.169112612462));
#6753 = CARTESIAN_POINT('',(4.078197502224,-19.,-5.064398807745));
#6754 = CARTESIAN_POINT('',(4.212974535886,-19.,-4.954433566629));
#6755 = CARTESIAN_POINT('',(4.344591244484,-19.,-4.839473482387));
#6756 = CARTESIAN_POINT('',(4.472502371457,-19.,-4.719888711107));
#6757 = CARTESIAN_POINT('',(4.71706878808,-19.,-4.475316508141));
#6758 = CARTESIAN_POINT('',(4.833919220254,-19.,-4.350523125949));
#6759 = CARTESIAN_POINT('',(4.946371287148,-19.,-4.222187217033));
#6760 = CARTESIAN_POINT('',(5.054078435995,-19.,-4.090814367384));
#6761 = CARTESIAN_POINT('',(5.156796932055,-19.,-3.956949001636));
#6762 = ORIENTED_EDGE('',*,*,#6763,.F.);
#6763 = EDGE_CURVE('',#6764,#6749,#6766,.T.);
#6764 = VERTEX_POINT('',#6765);
#6765 = CARTESIAN_POINT('',(2.468701070333,-19.,-6.012945619689));
#6766 = B_SPLINE_CURVE_WITH_KNOTS('',5,(#6767,#6768,#6769,#6770,#6771,
    #6772,#6773,#6774,#6775,#6776),.UNSPECIFIED.,.F.,.F.,(6,4,6),(0.,
    0.505981479588,1.),.UNSPECIFIED.);
#6767 = CARTESIAN_POINT('',(2.468701070333,-19.,-6.012945619689));
#6768 = CARTESIAN_POINT('',(2.628473428667,-19.,-5.947348786294));
#6769 = CARTESIAN_POINT('',(2.787119144971,-19.,-5.87601338306));
#6770 = CARTESIAN_POINT('',(2.944004982206,-19.,-5.799035379537));
#6771 = CARTESIAN_POINT('',(3.098508459531,-19.,-5.716631196268));
#6772 = CARTESIAN_POINT('',(3.39804142162,-19.,-5.543691035445));
#6773 = CARTESIAN_POINT('',(3.543209175884,-19.,-5.453393001911));
#6774 = CARTESIAN_POINT('',(3.685045308915,-19.,-5.358534769622));
#6775 = CARTESIAN_POINT('',(3.82308422116,-19.,-5.259515002688));
#6776 = CARTESIAN_POINT('',(3.956949575478,-19.,-5.156796491731));
#6777 = ORIENTED_EDGE('',*,*,#6778,.F.);
#6778 = EDGE_CURVE('',#6779,#6764,#6781,.T.);
#6779 = VERTEX_POINT('',#6780);
#6780 = CARTESIAN_POINT('',(0.828317277681,-19.,-6.447006319796));
#6781 = B_SPLINE_CURVE_WITH_KNOTS('',5,(#6782,#6783,#6784,#6785,#6786,
    #6787,#6788,#6789,#6790,#6791),.UNSPECIFIED.,.F.,.F.,(6,4,6),(0.,
    0.505981479588,1.),.UNSPECIFIED.);
#6782 = CARTESIAN_POINT('',(0.828317277681,-19.,-6.447006319796));
#6783 = CARTESIAN_POINT('',(0.999623234704,-19.,-6.424996773515));
#6784 = CARTESIAN_POINT('',(1.17132619026,-19.,-6.397152598006));
#6785 = CARTESIAN_POINT('',(1.342789645588,-19.,-6.36340259893));
#6786 = CARTESIAN_POINT('',(1.513356316615,-19.,-6.323794712583));
#6787 = CARTESIAN_POINT('',(1.847443147806,-19.,-6.234272180066));
#6788 = CARTESIAN_POINT('',(2.011035281607,-19.,-6.184623156951));
#6789 = CARTESIAN_POINT('',(2.172589582704,-19.,-6.129707033058));
#6790 = CARTESIAN_POINT('',(2.331553134598,-19.,-6.069788382318));
#6791 = CARTESIAN_POINT('',(2.4874426445,-19.,-6.005216822924));
#6792 = ORIENTED_EDGE('',*,*,#6793,.F.);
#6793 = EDGE_CURVE('',#6794,#6779,#6796,.T.);
#6794 = VERTEX_POINT('',#6795);
#6795 = CARTESIAN_POINT('',(-0.868514968587,-19.,-6.441714193391));
#6796 = B_SPLINE_CURVE_WITH_KNOTS('',5,(#6797,#6798,#6799,#6800,#6801,
    #6802,#6803,#6804,#6805,#6806),.UNSPECIFIED.,.F.,.F.,(6,4,6),(0.,
    0.505981479588,1.),.UNSPECIFIED.);
#6797 = CARTESIAN_POINT('',(-0.868514968587,-19.,-6.441714193391));
#6798 = CARTESIAN_POINT('',(-0.697349630749,-19.,-6.46479184843));
#6799 = CARTESIAN_POINT('',(-0.524290708611,-19.,-6.482336435193));
#6800 = CARTESIAN_POINT('',(-0.349934586311,-19.,-6.494114447227));
#6801 = CARTESIAN_POINT('',(-0.174928558339,-19.,-6.5000020698));
#6802 = CARTESIAN_POINT('',(0.170944676512,-19.,-6.499997978238));
#6803 = CARTESIAN_POINT('',(0.341812656282,-19.,-6.494381464417));
#6804 = CARTESIAN_POINT('',(0.512075466806,-19.,-6.483149892012));
#6805 = CARTESIAN_POINT('',(0.681130554988,-19.,-6.466415714493));
#6806 = CARTESIAN_POINT('',(0.848420607992,-19.,-6.444391551724));
#6807 = ORIENTED_EDGE('',*,*,#6808,.F.);
#6808 = EDGE_CURVE('',#6809,#6794,#6811,.T.);
#6809 = VERTEX_POINT('',#6810);
#6810 = CARTESIAN_POINT('',(-2.506159355033,-19.,-5.997429890143));
#6811 = B_SPLINE_CURVE_WITH_KNOTS('',5,(#6812,#6813,#6814,#6815,#6816,
    #6817,#6818,#6819,#6820,#6821),.UNSPECIFIED.,.F.,.F.,(6,4,6),(0.,
    0.505981479588,1.),.UNSPECIFIED.);
#6812 = CARTESIAN_POINT('',(-2.506159355033,-19.,-5.997429890143));
#6813 = CARTESIAN_POINT('',(-2.346799271291,-19.,-6.064022042449));
#6814 = CARTESIAN_POINT('',(-2.18417806212,-19.,-6.125759756889));
#6815 = CARTESIAN_POINT('',(-2.018811354447,-19.,-6.182263127976));
#6816 = CARTESIAN_POINT('',(-1.851292341125,-19.,-6.233245027722));
#6817 = CARTESIAN_POINT('',(-1.517203391986,-19.,-6.322759655947));
#6818 = CARTESIAN_POINT('',(-1.350703936697,-19.,-6.361558407556));
#6819 = CARTESIAN_POINT('',(-1.18333574591,-19.,-6.394776799737));
#6820 = CARTESIAN_POINT('',(-1.015709946324,-19.,-6.422367501982));
#6821 = CARTESIAN_POINT('',(-0.848419890868,-19.,-6.444391646135));
#6822 = ORIENTED_EDGE('',*,*,#6823,.F.);
#6823 = EDGE_CURVE('',#6824,#6809,#6826,.T.);
#6824 = VERTEX_POINT('',#6825);
#6825 = CARTESIAN_POINT('',(-3.973013123059,-19.,-5.144430651102));
#6826 = B_SPLINE_CURVE_WITH_KNOTS('',5,(#6827,#6828,#6829,#6830,#6831,
    #6832,#6833,#6834,#6835,#6836),.UNSPECIFIED.,.F.,.F.,(6,4,6),(0.,
    0.505981479588,1.),.UNSPECIFIED.);
#6827 = CARTESIAN_POINT('',(-3.973013123059,-19.,-5.144430651102));
#6828 = CARTESIAN_POINT('',(-3.836318419764,-19.,-5.249999155545));
#6829 = CARTESIAN_POINT('',(-3.695217290221,-19.,-5.351722674449));
#6830 = CARTESIAN_POINT('',(-3.550109465021,-19.,-5.449100793226));
#6831 = CARTESIAN_POINT('',(-3.401493610269,-19.,-5.541702637929));
#6832 = CARTESIAN_POINT('',(-3.101956556617,-19.,-5.714635711957));
#6833 = CARTESIAN_POINT('',(-2.951172288534,-19.,-5.795205658193));
#6834 = CARTESIAN_POINT('',(-2.798104583097,-19.,-5.870610236428));
#6835 = CARTESIAN_POINT('',(-2.643331493333,-19.,-5.940645557676));
#6836 = CARTESIAN_POINT('',(-2.487441976246,-19.,-6.005217099723));
#6837 = ORIENTED_EDGE('',*,*,#6838,.F.);
#6838 = EDGE_CURVE('',#6487,#6824,#6839,.T.);
#6839 = B_SPLINE_CURVE_WITH_KNOTS('',5,(#6840,#6841,#6842,#6843,#6844,
    #6845,#6846,#6847,#6848,#6849),.UNSPECIFIED.,.F.,.F.,(6,4,6),(0.,
    0.505981479588,1.),.UNSPECIFIED.);
#6840 = CARTESIAN_POINT('',(-5.169112612462,-19.,-3.940846964763));
#6841 = CARTESIAN_POINT('',(-5.064398807745,-19.,-4.078197502224));
#6842 = CARTESIAN_POINT('',(-4.954433566629,-19.,-4.212974535886));
#6843 = CARTESIAN_POINT('',(-4.839473482387,-19.,-4.344591244484));
#6844 = CARTESIAN_POINT('',(-4.719888711107,-19.,-4.472502371457));
#6845 = CARTESIAN_POINT('',(-4.475316508141,-19.,-4.71706878808));
#6846 = CARTESIAN_POINT('',(-4.350523125949,-19.,-4.833919220254));
#6847 = CARTESIAN_POINT('',(-4.222187217033,-19.,-4.946371287148));
#6848 = CARTESIAN_POINT('',(-4.090814367384,-19.,-5.054078435995));
#6849 = CARTESIAN_POINT('',(-3.956949001636,-19.,-5.156796932055));
#6850 = FACE_BOUND('',#6851,.T.);
#6851 = EDGE_LOOP('',(#6852));
#6852 = ORIENTED_EDGE('',*,*,#3541,.F.);
#6853 = PLANE('',#6854);
#6854 = AXIS2_PLACEMENT_3D('',#6855,#6856,#6857);
#6855 = CARTESIAN_POINT('',(-6.122815615959,-19.,2.292073341162E-16));
#6856 = DIRECTION('',(0.,1.,0.));
#6857 = DIRECTION('',(0.,-0.,1.));
#6858 = ADVANCED_FACE('',(#6859),#6941,.F.);
#6859 = FACE_BOUND('',#6860,.F.);
#6860 = EDGE_LOOP('',(#6861,#6867,#6868,#6869,#6870,#6871,#6872,#6873,
    #6874,#6875,#6876,#6877,#6878,#6879,#6880,#6881,#6882,#6883,#6884,
    #6885,#6886,#6887,#6888,#6889,#6890,#6891,#6892,#6893,#6894,#6895,
    #6896,#6897,#6898,#6899,#6900,#6901,#6902,#6903,#6904,#6905,#6906,
    #6907,#6908,#6909,#6910,#6911,#6912,#6913,#6914,#6915,#6916,#6917,
    #6918,#6919,#6920,#6921,#6922,#6923,#6924,#6925,#6926,#6927,#6928,
    #6929,#6930,#6931,#6932,#6933,#6934,#6935,#6936,#6937,#6938,#6939,
    #6940));
#6861 = ORIENTED_EDGE('',*,*,#6862,.T.);
#6862 = EDGE_CURVE('',#3779,#3953,#6863,.T.);
#6863 = LINE('',#6864,#6865);
#6864 = CARTESIAN_POINT('',(6.5,19.2,-1.614245299384E-15));
#6865 = VECTOR('',#6866,1.);
#6866 = DIRECTION('',(0.,-1.,1.110223024625E-16));
#6867 = ORIENTED_EDGE('',*,*,#5173,.F.);
#6868 = ORIENTED_EDGE('',*,*,#5153,.F.);
#6869 = ORIENTED_EDGE('',*,*,#5127,.F.);
#6870 = ORIENTED_EDGE('',*,*,#5102,.F.);
#6871 = ORIENTED_EDGE('',*,*,#5075,.F.);
#6872 = ORIENTED_EDGE('',*,*,#5050,.F.);
#6873 = ORIENTED_EDGE('',*,*,#5023,.F.);
#6874 = ORIENTED_EDGE('',*,*,#4998,.F.);
#6875 = ORIENTED_EDGE('',*,*,#4971,.F.);
#6876 = ORIENTED_EDGE('',*,*,#4946,.F.);
#6877 = ORIENTED_EDGE('',*,*,#4919,.F.);
#6878 = ORIENTED_EDGE('',*,*,#4894,.F.);
#6879 = ORIENTED_EDGE('',*,*,#4867,.F.);
#6880 = ORIENTED_EDGE('',*,*,#4842,.F.);
#6881 = ORIENTED_EDGE('',*,*,#4815,.F.);
#6882 = ORIENTED_EDGE('',*,*,#4790,.F.);
#6883 = ORIENTED_EDGE('',*,*,#4763,.F.);
#6884 = ORIENTED_EDGE('',*,*,#4738,.F.);
#6885 = ORIENTED_EDGE('',*,*,#4711,.F.);
#6886 = ORIENTED_EDGE('',*,*,#4686,.F.);
#6887 = ORIENTED_EDGE('',*,*,#4659,.F.);
#6888 = ORIENTED_EDGE('',*,*,#4634,.F.);
#6889 = ORIENTED_EDGE('',*,*,#4607,.F.);
#6890 = ORIENTED_EDGE('',*,*,#4582,.F.);
#6891 = ORIENTED_EDGE('',*,*,#4555,.F.);
#6892 = ORIENTED_EDGE('',*,*,#4530,.F.);
#6893 = ORIENTED_EDGE('',*,*,#4503,.F.);
#6894 = ORIENTED_EDGE('',*,*,#4478,.F.);
#6895 = ORIENTED_EDGE('',*,*,#4451,.F.);
#6896 = ORIENTED_EDGE('',*,*,#4426,.F.);
#6897 = ORIENTED_EDGE('',*,*,#4399,.F.);
#6898 = ORIENTED_EDGE('',*,*,#4374,.F.);
#6899 = ORIENTED_EDGE('',*,*,#4347,.F.);
#6900 = ORIENTED_EDGE('',*,*,#4322,.F.);
#6901 = ORIENTED_EDGE('',*,*,#4295,.F.);
#6902 = ORIENTED_EDGE('',*,*,#4270,.F.);
#6903 = ORIENTED_EDGE('',*,*,#4243,.F.);
#6904 = ORIENTED_EDGE('',*,*,#4218,.F.);
#6905 = ORIENTED_EDGE('',*,*,#4191,.F.);
#6906 = ORIENTED_EDGE('',*,*,#4166,.F.);
#6907 = ORIENTED_EDGE('',*,*,#4139,.F.);
#6908 = ORIENTED_EDGE('',*,*,#4114,.F.);
#6909 = ORIENTED_EDGE('',*,*,#4087,.F.);
#6910 = ORIENTED_EDGE('',*,*,#4062,.F.);
#6911 = ORIENTED_EDGE('',*,*,#4035,.F.);
#6912 = ORIENTED_EDGE('',*,*,#4010,.F.);
#6913 = ORIENTED_EDGE('',*,*,#3983,.F.);
#6914 = ORIENTED_EDGE('',*,*,#3952,.F.);
#6915 = ORIENTED_EDGE('',*,*,#6862,.F.);
#6916 = ORIENTED_EDGE('',*,*,#3789,.F.);
#6917 = ORIENTED_EDGE('',*,*,#3800,.F.);
#6918 = ORIENTED_EDGE('',*,*,#3815,.F.);
#6919 = ORIENTED_EDGE('',*,*,#3830,.F.);
#6920 = ORIENTED_EDGE('',*,*,#3845,.F.);
#6921 = ORIENTED_EDGE('',*,*,#3860,.F.);
#6922 = ORIENTED_EDGE('',*,*,#3875,.F.);
#6923 = ORIENTED_EDGE('',*,*,#3890,.F.);
#6924 = ORIENTED_EDGE('',*,*,#3905,.F.);
#6925 = ORIENTED_EDGE('',*,*,#3920,.F.);
#6926 = ORIENTED_EDGE('',*,*,#3566,.F.);
#6927 = ORIENTED_EDGE('',*,*,#3583,.F.);
#6928 = ORIENTED_EDGE('',*,*,#3598,.F.);
#6929 = ORIENTED_EDGE('',*,*,#3613,.F.);
#6930 = ORIENTED_EDGE('',*,*,#3628,.F.);
#6931 = ORIENTED_EDGE('',*,*,#3643,.F.);
#6932 = ORIENTED_EDGE('',*,*,#3658,.F.);
#6933 = ORIENTED_EDGE('',*,*,#3673,.F.);
#6934 = ORIENTED_EDGE('',*,*,#3688,.F.);
#6935 = ORIENTED_EDGE('',*,*,#3703,.F.);
#6936 = ORIENTED_EDGE('',*,*,#3718,.F.);
#6937 = ORIENTED_EDGE('',*,*,#3733,.F.);
#6938 = ORIENTED_EDGE('',*,*,#3748,.F.);
#6939 = ORIENTED_EDGE('',*,*,#3763,.F.);
#6940 = ORIENTED_EDGE('',*,*,#3778,.F.);
#6941 = CYLINDRICAL_SURFACE('',#6942,6.5);
#6942 = AXIS2_PLACEMENT_3D('',#6943,#6944,#6945);
#6943 = CARTESIAN_POINT('',(0.,19.2,-2.22044604925E-17));
#6944 = DIRECTION('',(0.,-1.,1.110223024625E-16));
#6945 = DIRECTION('',(1.,0.,0.));
#6946 = ADVANCED_FACE('',(#6947),#7029,.F.);
#6947 = FACE_BOUND('',#6948,.F.);
#6948 = EDGE_LOOP('',(#6949,#6955,#6956,#6957,#6958,#6959,#6960,#6961,
    #6962,#6963,#6964,#6965,#6966,#6967,#6968,#6969,#6970,#6971,#6972,
    #6973,#6974,#6975,#6976,#6977,#6978,#6979,#6980,#6981,#6982,#6983,
    #6984,#6985,#6986,#6987,#6988,#6989,#6990,#6991,#6992,#6993,#6994,
    #6995,#6996,#6997,#6998,#6999,#7000,#7001,#7002,#7003,#7004,#7005,
    #7006,#7007,#7008,#7009,#7010,#7011,#7012,#7013,#7014,#7015,#7016,
    #7017,#7018,#7019,#7020,#7021,#7022,#7023,#7024,#7025,#7026,#7027,
    #7028));
#6949 = ORIENTED_EDGE('',*,*,#6950,.T.);
#6950 = EDGE_CURVE('',#6697,#5245,#6951,.T.);
#6951 = LINE('',#6952,#6953);
#6952 = CARTESIAN_POINT('',(6.5,-19.2,1.569836378399E-15));
#6953 = VECTOR('',#6954,1.);
#6954 = DIRECTION('',(0.,1.,1.110223024625E-16));
#6955 = ORIENTED_EDGE('',*,*,#6465,.F.);
#6956 = ORIENTED_EDGE('',*,*,#6445,.F.);
#6957 = ORIENTED_EDGE('',*,*,#6419,.F.);
#6958 = ORIENTED_EDGE('',*,*,#6394,.F.);
#6959 = ORIENTED_EDGE('',*,*,#6367,.F.);
#6960 = ORIENTED_EDGE('',*,*,#6342,.F.);
#6961 = ORIENTED_EDGE('',*,*,#6315,.F.);
#6962 = ORIENTED_EDGE('',*,*,#6290,.F.);
#6963 = ORIENTED_EDGE('',*,*,#6263,.F.);
#6964 = ORIENTED_EDGE('',*,*,#6238,.F.);
#6965 = ORIENTED_EDGE('',*,*,#6211,.F.);
#6966 = ORIENTED_EDGE('',*,*,#6186,.F.);
#6967 = ORIENTED_EDGE('',*,*,#6159,.F.);
#6968 = ORIENTED_EDGE('',*,*,#6134,.F.);
#6969 = ORIENTED_EDGE('',*,*,#6107,.F.);
#6970 = ORIENTED_EDGE('',*,*,#6082,.F.);
#6971 = ORIENTED_EDGE('',*,*,#6055,.F.);
#6972 = ORIENTED_EDGE('',*,*,#6030,.F.);
#6973 = ORIENTED_EDGE('',*,*,#6003,.F.);
#6974 = ORIENTED_EDGE('',*,*,#5978,.F.);
#6975 = ORIENTED_EDGE('',*,*,#5951,.F.);
#6976 = ORIENTED_EDGE('',*,*,#5926,.F.);
#6977 = ORIENTED_EDGE('',*,*,#5899,.F.);
#6978 = ORIENTED_EDGE('',*,*,#5874,.F.);
#6979 = ORIENTED_EDGE('',*,*,#5847,.F.);
#6980 = ORIENTED_EDGE('',*,*,#5822,.F.);
#6981 = ORIENTED_EDGE('',*,*,#5795,.F.);
#6982 = ORIENTED_EDGE('',*,*,#5770,.F.);
#6983 = ORIENTED_EDGE('',*,*,#5743,.F.);
#6984 = ORIENTED_EDGE('',*,*,#5718,.F.);
#6985 = ORIENTED_EDGE('',*,*,#5691,.F.);
#6986 = ORIENTED_EDGE('',*,*,#5666,.F.);
#6987 = ORIENTED_EDGE('',*,*,#5639,.F.);
#6988 = ORIENTED_EDGE('',*,*,#5614,.F.);
#6989 = ORIENTED_EDGE('',*,*,#5587,.F.);
#6990 = ORIENTED_EDGE('',*,*,#5562,.F.);
#6991 = ORIENTED_EDGE('',*,*,#5535,.F.);
#6992 = ORIENTED_EDGE('',*,*,#5510,.F.);
#6993 = ORIENTED_EDGE('',*,*,#5483,.F.);
#6994 = ORIENTED_EDGE('',*,*,#5458,.F.);
#6995 = ORIENTED_EDGE('',*,*,#5431,.F.);
#6996 = ORIENTED_EDGE('',*,*,#5406,.F.);
#6997 = ORIENTED_EDGE('',*,*,#5379,.F.);
#6998 = ORIENTED_EDGE('',*,*,#5354,.F.);
#6999 = ORIENTED_EDGE('',*,*,#5327,.F.);
#7000 = ORIENTED_EDGE('',*,*,#5302,.F.);
#7001 = ORIENTED_EDGE('',*,*,#5275,.F.);
#7002 = ORIENTED_EDGE('',*,*,#5244,.F.);
#7003 = ORIENTED_EDGE('',*,*,#6950,.F.);
#7004 = ORIENTED_EDGE('',*,*,#6707,.F.);
#7005 = ORIENTED_EDGE('',*,*,#6718,.F.);
#7006 = ORIENTED_EDGE('',*,*,#6733,.F.);
#7007 = ORIENTED_EDGE('',*,*,#6748,.F.);
#7008 = ORIENTED_EDGE('',*,*,#6763,.F.);
#7009 = ORIENTED_EDGE('',*,*,#6778,.F.);
#7010 = ORIENTED_EDGE('',*,*,#6793,.F.);
#7011 = ORIENTED_EDGE('',*,*,#6808,.F.);
#7012 = ORIENTED_EDGE('',*,*,#6823,.F.);
#7013 = ORIENTED_EDGE('',*,*,#6838,.F.);
#7014 = ORIENTED_EDGE('',*,*,#6484,.F.);
#7015 = ORIENTED_EDGE('',*,*,#6501,.F.);
#7016 = ORIENTED_EDGE('',*,*,#6516,.F.);
#7017 = ORIENTED_EDGE('',*,*,#6531,.F.);
#7018 = ORIENTED_EDGE('',*,*,#6546,.F.);
#7019 = ORIENTED_EDGE('',*,*,#6561,.F.);
#7020 = ORIENTED_EDGE('',*,*,#6576,.F.);
#7021 = ORIENTED_EDGE('',*,*,#6591,.F.);
#7022 = ORIENTED_EDGE('',*,*,#6606,.F.);
#7023 = ORIENTED_EDGE('',*,*,#6621,.F.);
#7024 = ORIENTED_EDGE('',*,*,#6636,.F.);
#7025 = ORIENTED_EDGE('',*,*,#6651,.F.);
#7026 = ORIENTED_EDGE('',*,*,#6666,.F.);
#7027 = ORIENTED_EDGE('',*,*,#6681,.F.);
#7028 = ORIENTED_EDGE('',*,*,#6696,.F.);
#7029 = CYLINDRICAL_SURFACE('',#7030,6.5);
#7030 = AXIS2_PLACEMENT_3D('',#7031,#7032,#7033);
#7031 = CARTESIAN_POINT('',(0.,-19.2,-2.22044604925E-17));
#7032 = DIRECTION('',(0.,1.,1.110223024625E-16));
#7033 = DIRECTION('',(1.,0.,0.));
#7034 = ( GEOMETRIC_REPRESENTATION_CONTEXT(3) 
GLOBAL_UNCERTAINTY_ASSIGNED_CONTEXT((#7038)) 
GLOBAL_UNIT_ASSIGNED_CONTEXT((#7035,#7036,#7037)) REPRESENTATION_CONTEXT
('Context #1','3D Context with UNIT and UNCERTAINTY') );
#7035 = ( LENGTH_UNIT() NAMED_UNIT(*) SI_UNIT(.MILLI.,.METRE.) );
#7036 = ( NAMED_UNIT(*) PLANE_ANGLE_UNIT() SI_UNIT($,.RADIAN.) );
#7037 = ( NAMED_UNIT(*) SI_UNIT($,.STERADIAN.) SOLID_ANGLE_UNIT() );
#7038 = UNCERTAINTY_MEASURE_WITH_UNIT(LENGTH_MEASURE(5.E-06),#7035,
  'distance_accuracy_value','confusion accuracy');
#7039 = PRODUCT_RELATED_PRODUCT_CATEGORY('part',$,(#7));
ENDSEC;
END-ISO-10303-21;
