ISO-10303-21;
HEADER;
FILE_DESCRIPTION(('FreeCAD Model'),'2;1');
FILE_NAME('Open CASCADE Shape Model','2026-10-01T13:58:28',('Author'),(
    ''),'Open CASCADE STEP processor 8.0','FreeCAD','Unknown');
FILE_SCHEMA(('AUTOMOTIVE_DESIGN { 1 0 10303 214 1 1 1 1 }'));
ENDSEC;
DATA;
#1 = APPLICATION_PROTOCOL_DEFINITION('international standard',
  'automotive_design',2000,#2);
#2 = APPLICATION_CONTEXT(
  'core data for automotive mechanical design processes');
#3 = SHAPE_DEFINITION_REPRESENTATION(#4,#10);
#4 = PRODUCT_DEFINITION_SHAPE('','',#5);
#5 = PRODUCT_DEFINITION('design','',#6,#9);
#6 = PRODUCT_DEFINITION_FORMATION('','',#7);
#7 = PRODUCT('06_tete_facade','06_tete_facade','',(#8));
#8 = PRODUCT_CONTEXT('',#2,'mechanical');
#9 = PRODUCT_DEFINITION_CONTEXT('part definition',#2,'design');
#10 = ADVANCED_BREP_SHAPE_REPRESENTATION('',(#11,#15),#3701);
#11 = AXIS2_PLACEMENT_3D('',#12,#13,#14);
#12 = CARTESIAN_POINT('',(0.,0.,0.));
#13 = DIRECTION('',(0.,0.,1.));
#14 = DIRECTION('',(1.,0.,-0.));
#15 = MANIFOLD_SOLID_BREP('',#16);
#16 = CLOSED_SHELL('',(#17,#57,#90,#123,#244,#697,#714,#731,#748,#765,
    #777,#809,#867,#892,#916,#941,#999,#1024,#1041,#1104,#1128,#1184,
    #1208,#1232,#1276,#1299,#1322,#1360,#1398,#1421,#1444,#1476,#1539,
    #1563,#1587,#1643,#1667,#1698,#1754,#1810,#1866,#1906,#1937,#1993,
    #2049,#2096,#2145,#2231,#2254,#2278,#2294,#2306,#2337,#2353,#2370,
    #2381,#2399,#2458,#2468,#2737,#2748,#2770,#2787,#2804,#2821,#2838,
    #2855,#2872,#2884,#2902,#2955,#2965,#2976,#2993,#3054,#3064,#3075,
    #3085,#3095,#3135,#3176,#3217,#3292,#3302,#3313,#3324,#3335,#3345,
    #3367,#3379,#3396,#3413,#3425,#3434,#3443,#3452,#3461,#3478,#3495,
    #3517,#3529,#3560,#3572,#3584,#3615,#3627,#3639,#3656,#3673,#3687));
#17 = ADVANCED_FACE('',(#18),#52,.F.);
#18 = FACE_BOUND('',#19,.F.);
#19 = EDGE_LOOP('',(#20,#30,#38,#46));
#20 = ORIENTED_EDGE('',*,*,#21,.T.);
#21 = EDGE_CURVE('',#22,#24,#26,.T.);
#22 = VERTEX_POINT('',#23);
#23 = CARTESIAN_POINT('',(-12.8,-15.181,3.));
#24 = VERTEX_POINT('',#25);
#25 = CARTESIAN_POINT('',(-12.8,-15.181,18.5));
#26 = LINE('',#27,#28);
#27 = CARTESIAN_POINT('',(-12.8,-15.181,3.));
#28 = VECTOR('',#29,1.);
#29 = DIRECTION('',(0.,0.,1.));
#30 = ORIENTED_EDGE('',*,*,#31,.T.);
#31 = EDGE_CURVE('',#24,#32,#34,.T.);
#32 = VERTEX_POINT('',#33);
#33 = CARTESIAN_POINT('',(12.8,-15.181,18.5));
#34 = LINE('',#35,#36);
#35 = CARTESIAN_POINT('',(-12.8,-15.181,18.5));
#36 = VECTOR('',#37,1.);
#37 = DIRECTION('',(1.,0.,0.));
#38 = ORIENTED_EDGE('',*,*,#39,.F.);
#39 = EDGE_CURVE('',#40,#32,#42,.T.);
#40 = VERTEX_POINT('',#41);
#41 = CARTESIAN_POINT('',(12.8,-15.181,3.));
#42 = LINE('',#43,#44);
#43 = CARTESIAN_POINT('',(12.8,-15.181,3.));
#44 = VECTOR('',#45,1.);
#45 = DIRECTION('',(0.,0.,1.));
#46 = ORIENTED_EDGE('',*,*,#47,.F.);
#47 = EDGE_CURVE('',#22,#40,#48,.T.);
#48 = LINE('',#49,#50);
#49 = CARTESIAN_POINT('',(-12.8,-15.181,3.));
#50 = VECTOR('',#51,1.);
#51 = DIRECTION('',(1.,0.,0.));
#52 = PLANE('',#53);
#53 = AXIS2_PLACEMENT_3D('',#54,#55,#56);
#54 = CARTESIAN_POINT('',(-12.8,-15.181,3.));
#55 = DIRECTION('',(0.,1.,0.));
#56 = DIRECTION('',(1.,0.,0.));
#57 = ADVANCED_FACE('',(#58),#85,.T.);
#58 = FACE_BOUND('',#59,.F.);
#59 = EDGE_LOOP('',(#60,#70,#77,#78));
#60 = ORIENTED_EDGE('',*,*,#61,.T.);
#61 = EDGE_CURVE('',#62,#64,#66,.T.);
#62 = VERTEX_POINT('',#63);
#63 = CARTESIAN_POINT('',(-15.8,-12.181,3.));
#64 = VERTEX_POINT('',#65);
#65 = CARTESIAN_POINT('',(-15.8,-12.181,18.5));
#66 = LINE('',#67,#68);
#67 = CARTESIAN_POINT('',(-15.8,-12.181,3.));
#68 = VECTOR('',#69,1.);
#69 = DIRECTION('',(0.,0.,1.));
#70 = ORIENTED_EDGE('',*,*,#71,.T.);
#71 = EDGE_CURVE('',#64,#24,#72,.T.);
#72 = CIRCLE('',#73,3.);
#73 = AXIS2_PLACEMENT_3D('',#74,#75,#76);
#74 = CARTESIAN_POINT('',(-12.8,-12.181,18.5));
#75 = DIRECTION('',(0.,0.,1.));
#76 = DIRECTION('',(1.,0.,-0.));
#77 = ORIENTED_EDGE('',*,*,#21,.F.);
#78 = ORIENTED_EDGE('',*,*,#79,.F.);
#79 = EDGE_CURVE('',#62,#22,#80,.T.);
#80 = CIRCLE('',#81,3.);
#81 = AXIS2_PLACEMENT_3D('',#82,#83,#84);
#82 = CARTESIAN_POINT('',(-12.8,-12.181,3.));
#83 = DIRECTION('',(0.,0.,1.));
#84 = DIRECTION('',(1.,0.,-0.));
#85 = CYLINDRICAL_SURFACE('',#86,3.);
#86 = AXIS2_PLACEMENT_3D('',#87,#88,#89);
#87 = CARTESIAN_POINT('',(-12.8,-12.181,3.));
#88 = DIRECTION('',(-0.,-0.,-1.));
#89 = DIRECTION('',(1.,0.,-0.));
#90 = ADVANCED_FACE('',(#91),#118,.T.);
#91 = FACE_BOUND('',#92,.F.);
#92 = EDGE_LOOP('',(#93,#94,#103,#111));
#93 = ORIENTED_EDGE('',*,*,#39,.T.);
#94 = ORIENTED_EDGE('',*,*,#95,.T.);
#95 = EDGE_CURVE('',#32,#96,#98,.T.);
#96 = VERTEX_POINT('',#97);
#97 = CARTESIAN_POINT('',(15.8,-12.181,18.5));
#98 = CIRCLE('',#99,3.);
#99 = AXIS2_PLACEMENT_3D('',#100,#101,#102);
#100 = CARTESIAN_POINT('',(12.8,-12.181,18.5));
#101 = DIRECTION('',(0.,0.,1.));
#102 = DIRECTION('',(1.,0.,-0.));
#103 = ORIENTED_EDGE('',*,*,#104,.F.);
#104 = EDGE_CURVE('',#105,#96,#107,.T.);
#105 = VERTEX_POINT('',#106);
#106 = CARTESIAN_POINT('',(15.8,-12.181,3.));
#107 = LINE('',#108,#109);
#108 = CARTESIAN_POINT('',(15.8,-12.181,3.));
#109 = VECTOR('',#110,1.);
#110 = DIRECTION('',(0.,0.,1.));
#111 = ORIENTED_EDGE('',*,*,#112,.F.);
#112 = EDGE_CURVE('',#40,#105,#113,.T.);
#113 = CIRCLE('',#114,3.);
#114 = AXIS2_PLACEMENT_3D('',#115,#116,#117);
#115 = CARTESIAN_POINT('',(12.8,-12.181,3.));
#116 = DIRECTION('',(0.,0.,1.));
#117 = DIRECTION('',(1.,0.,-0.));
#118 = CYLINDRICAL_SURFACE('',#119,3.);
#119 = AXIS2_PLACEMENT_3D('',#120,#121,#122);
#120 = CARTESIAN_POINT('',(12.8,-12.181,3.));
#121 = DIRECTION('',(-0.,-0.,-1.));
#122 = DIRECTION('',(1.,0.,-0.));
#123 = ADVANCED_FACE('',(#124,#169),#239,.F.);
#124 = FACE_BOUND('',#125,.F.);
#125 = EDGE_LOOP('',(#126,#127,#128,#136,#145,#153,#162,#168));
#126 = ORIENTED_EDGE('',*,*,#47,.T.);
#127 = ORIENTED_EDGE('',*,*,#112,.T.);
#128 = ORIENTED_EDGE('',*,*,#129,.T.);
#129 = EDGE_CURVE('',#105,#130,#132,.T.);
#130 = VERTEX_POINT('',#131);
#131 = CARTESIAN_POINT('',(15.8,12.181,3.));
#132 = LINE('',#133,#134);
#133 = CARTESIAN_POINT('',(15.8,-12.181,3.));
#134 = VECTOR('',#135,1.);
#135 = DIRECTION('',(0.,1.,0.));
#136 = ORIENTED_EDGE('',*,*,#137,.T.);
#137 = EDGE_CURVE('',#130,#138,#140,.T.);
#138 = VERTEX_POINT('',#139);
#139 = CARTESIAN_POINT('',(12.8,15.181,3.));
#140 = CIRCLE('',#141,3.);
#141 = AXIS2_PLACEMENT_3D('',#142,#143,#144);
#142 = CARTESIAN_POINT('',(12.8,12.181,3.));
#143 = DIRECTION('',(0.,0.,1.));
#144 = DIRECTION('',(1.,0.,-0.));
#145 = ORIENTED_EDGE('',*,*,#146,.T.);
#146 = EDGE_CURVE('',#138,#147,#149,.T.);
#147 = VERTEX_POINT('',#148);
#148 = CARTESIAN_POINT('',(-12.8,15.181,3.));
#149 = LINE('',#150,#151);
#150 = CARTESIAN_POINT('',(12.8,15.181,3.));
#151 = VECTOR('',#152,1.);
#152 = DIRECTION('',(-1.,0.,0.));
#153 = ORIENTED_EDGE('',*,*,#154,.T.);
#154 = EDGE_CURVE('',#147,#155,#157,.T.);
#155 = VERTEX_POINT('',#156);
#156 = CARTESIAN_POINT('',(-15.8,12.181,3.));
#157 = CIRCLE('',#158,3.);
#158 = AXIS2_PLACEMENT_3D('',#159,#160,#161);
#159 = CARTESIAN_POINT('',(-12.8,12.181,3.));
#160 = DIRECTION('',(0.,0.,1.));
#161 = DIRECTION('',(1.,0.,-0.));
#162 = ORIENTED_EDGE('',*,*,#163,.T.);
#163 = EDGE_CURVE('',#155,#62,#164,.T.);
#164 = LINE('',#165,#166);
#165 = CARTESIAN_POINT('',(-15.8,12.181,3.));
#166 = VECTOR('',#167,1.);
#167 = DIRECTION('',(0.,-1.,0.));
#168 = ORIENTED_EDGE('',*,*,#79,.T.);
#169 = FACE_BOUND('',#170,.F.);
#170 = EDGE_LOOP('',(#171,#182,#190,#199,#207,#216,#224,#233));
#171 = ORIENTED_EDGE('',*,*,#172,.T.);
#172 = EDGE_CURVE('',#173,#175,#177,.T.);
#173 = VERTEX_POINT('',#174);
#174 = CARTESIAN_POINT('',(14.75,-12.331,3.));
#175 = VERTEX_POINT('',#176);
#176 = CARTESIAN_POINT('',(12.95,-14.131,3.));
#177 = CIRCLE('',#178,1.8);
#178 = AXIS2_PLACEMENT_3D('',#179,#180,#181);
#179 = CARTESIAN_POINT('',(12.95,-12.331,3.));
#180 = DIRECTION('',(0.,-0.,-1.));
#181 = DIRECTION('',(1.,0.,-0.));
#182 = ORIENTED_EDGE('',*,*,#183,.T.);
#183 = EDGE_CURVE('',#175,#184,#186,.T.);
#184 = VERTEX_POINT('',#185);
#185 = CARTESIAN_POINT('',(-12.95,-14.131,3.));
#186 = LINE('',#187,#188);
#187 = CARTESIAN_POINT('',(-6.475,-14.131,3.));
#188 = VECTOR('',#189,1.);
#189 = DIRECTION('',(-1.,0.,0.));
#190 = ORIENTED_EDGE('',*,*,#191,.T.);
#191 = EDGE_CURVE('',#184,#192,#194,.T.);
#192 = VERTEX_POINT('',#193);
#193 = CARTESIAN_POINT('',(-14.75,-12.331,3.));
#194 = CIRCLE('',#195,1.8);
#195 = AXIS2_PLACEMENT_3D('',#196,#197,#198);
#196 = CARTESIAN_POINT('',(-12.95,-12.331,3.));
#197 = DIRECTION('',(0.,-0.,-1.));
#198 = DIRECTION('',(1.,0.,-0.));
#199 = ORIENTED_EDGE('',*,*,#200,.T.);
#200 = EDGE_CURVE('',#192,#201,#203,.T.);
#201 = VERTEX_POINT('',#202);
#202 = CARTESIAN_POINT('',(-14.75,12.331,3.));
#203 = LINE('',#204,#205);
#204 = CARTESIAN_POINT('',(-14.75,6.1655,3.));
#205 = VECTOR('',#206,1.);
#206 = DIRECTION('',(-0.,1.,0.));
#207 = ORIENTED_EDGE('',*,*,#208,.T.);
#208 = EDGE_CURVE('',#201,#209,#211,.T.);
#209 = VERTEX_POINT('',#210);
#210 = CARTESIAN_POINT('',(-12.95,14.131,3.));
#211 = CIRCLE('',#212,1.8);
#212 = AXIS2_PLACEMENT_3D('',#213,#214,#215);
#213 = CARTESIAN_POINT('',(-12.95,12.331,3.));
#214 = DIRECTION('',(0.,-0.,-1.));
#215 = DIRECTION('',(1.,0.,-0.));
#216 = ORIENTED_EDGE('',*,*,#217,.T.);
#217 = EDGE_CURVE('',#209,#218,#220,.T.);
#218 = VERTEX_POINT('',#219);
#219 = CARTESIAN_POINT('',(12.95,14.131,3.));
#220 = LINE('',#221,#222);
#221 = CARTESIAN_POINT('',(6.475,14.131,3.));
#222 = VECTOR('',#223,1.);
#223 = DIRECTION('',(1.,0.,-0.));
#224 = ORIENTED_EDGE('',*,*,#225,.T.);
#225 = EDGE_CURVE('',#218,#226,#228,.T.);
#226 = VERTEX_POINT('',#227);
#227 = CARTESIAN_POINT('',(14.75,12.331,3.));
#228 = CIRCLE('',#229,1.8);
#229 = AXIS2_PLACEMENT_3D('',#230,#231,#232);
#230 = CARTESIAN_POINT('',(12.95,12.331,3.));
#231 = DIRECTION('',(0.,-0.,-1.));
#232 = DIRECTION('',(1.,0.,-0.));
#233 = ORIENTED_EDGE('',*,*,#234,.T.);
#234 = EDGE_CURVE('',#226,#173,#235,.T.);
#235 = LINE('',#236,#237);
#236 = CARTESIAN_POINT('',(14.75,-6.1655,3.));
#237 = VECTOR('',#238,1.);
#238 = DIRECTION('',(0.,-1.,0.));
#239 = PLANE('',#240);
#240 = AXIS2_PLACEMENT_3D('',#241,#242,#243);
#241 = CARTESIAN_POINT('',(8.690080185517E-16,2.247434530737E-16,3.));
#242 = DIRECTION('',(0.,0.,1.));
#243 = DIRECTION('',(1.,0.,-0.));
#244 = ADVANCED_FACE('',(#245,#290,#356,#494,#560,#626),#692,.T.);
#245 = FACE_BOUND('',#246,.T.);
#246 = EDGE_LOOP('',(#247,#248,#249,#257,#266,#274,#283,#289));
#247 = ORIENTED_EDGE('',*,*,#31,.T.);
#248 = ORIENTED_EDGE('',*,*,#95,.T.);
#249 = ORIENTED_EDGE('',*,*,#250,.T.);
#250 = EDGE_CURVE('',#96,#251,#253,.T.);
#251 = VERTEX_POINT('',#252);
#252 = CARTESIAN_POINT('',(15.8,12.181,18.5));
#253 = LINE('',#254,#255);
#254 = CARTESIAN_POINT('',(15.8,-12.181,18.5));
#255 = VECTOR('',#256,1.);
#256 = DIRECTION('',(0.,1.,0.));
#257 = ORIENTED_EDGE('',*,*,#258,.T.);
#258 = EDGE_CURVE('',#251,#259,#261,.T.);
#259 = VERTEX_POINT('',#260);
#260 = CARTESIAN_POINT('',(12.8,15.181,18.5));
#261 = CIRCLE('',#262,3.);
#262 = AXIS2_PLACEMENT_3D('',#263,#264,#265);
#263 = CARTESIAN_POINT('',(12.8,12.181,18.5));
#264 = DIRECTION('',(0.,0.,1.));
#265 = DIRECTION('',(1.,0.,-0.));
#266 = ORIENTED_EDGE('',*,*,#267,.T.);
#267 = EDGE_CURVE('',#259,#268,#270,.T.);
#268 = VERTEX_POINT('',#269);
#269 = CARTESIAN_POINT('',(-12.8,15.181,18.5));
#270 = LINE('',#271,#272);
#271 = CARTESIAN_POINT('',(12.8,15.181,18.5));
#272 = VECTOR('',#273,1.);
#273 = DIRECTION('',(-1.,0.,0.));
#274 = ORIENTED_EDGE('',*,*,#275,.T.);
#275 = EDGE_CURVE('',#268,#276,#278,.T.);
#276 = VERTEX_POINT('',#277);
#277 = CARTESIAN_POINT('',(-15.8,12.181,18.5));
#278 = CIRCLE('',#279,3.);
#279 = AXIS2_PLACEMENT_3D('',#280,#281,#282);
#280 = CARTESIAN_POINT('',(-12.8,12.181,18.5));
#281 = DIRECTION('',(0.,0.,1.));
#282 = DIRECTION('',(1.,0.,-0.));
#283 = ORIENTED_EDGE('',*,*,#284,.T.);
#284 = EDGE_CURVE('',#276,#64,#285,.T.);
#285 = LINE('',#286,#287);
#286 = CARTESIAN_POINT('',(-15.8,12.181,18.5));
#287 = VECTOR('',#288,1.);
#288 = DIRECTION('',(0.,-1.,0.));
#289 = ORIENTED_EDGE('',*,*,#71,.T.);
#290 = FACE_BOUND('',#291,.T.);
#291 = EDGE_LOOP('',(#292,#302,#310,#318,#326,#334,#342,#350));
#292 = ORIENTED_EDGE('',*,*,#293,.F.);
#293 = EDGE_CURVE('',#294,#296,#298,.T.);
#294 = VERTEX_POINT('',#295);
#295 = CARTESIAN_POINT('',(-12.,-10.5,18.5));
#296 = VERTEX_POINT('',#297);
#297 = CARTESIAN_POINT('',(-12.,0.5,18.5));
#298 = LINE('',#299,#300);
#299 = CARTESIAN_POINT('',(-12.,-5.25,18.5));
#300 = VECTOR('',#301,1.);
#301 = DIRECTION('',(-0.,1.,0.));
#302 = ORIENTED_EDGE('',*,*,#303,.T.);
#303 = EDGE_CURVE('',#294,#304,#306,.T.);
#304 = VERTEX_POINT('',#305);
#305 = CARTESIAN_POINT('',(-12.6,-10.5,18.5));
#306 = LINE('',#307,#308);
#307 = CARTESIAN_POINT('',(-6.3,-10.5,18.5));
#308 = VECTOR('',#309,1.);
#309 = DIRECTION('',(-1.,-0.,0.));
#310 = ORIENTED_EDGE('',*,*,#311,.T.);
#311 = EDGE_CURVE('',#304,#312,#314,.T.);
#312 = VERTEX_POINT('',#313);
#313 = CARTESIAN_POINT('',(-12.6,1.1,18.5));
#314 = LINE('',#315,#316);
#315 = CARTESIAN_POINT('',(-12.6,-5.25,18.5));
#316 = VECTOR('',#317,1.);
#317 = DIRECTION('',(-0.,1.,0.));
#318 = ORIENTED_EDGE('',*,*,#319,.F.);
#319 = EDGE_CURVE('',#320,#312,#322,.T.);
#320 = VERTEX_POINT('',#321);
#321 = CARTESIAN_POINT('',(-8.4,1.1,18.5));
#322 = LINE('',#323,#324);
#323 = CARTESIAN_POINT('',(-6.3,1.1,18.5));
#324 = VECTOR('',#325,1.);
#325 = DIRECTION('',(-1.,-0.,0.));
#326 = ORIENTED_EDGE('',*,*,#327,.F.);
#327 = EDGE_CURVE('',#328,#320,#330,.T.);
#328 = VERTEX_POINT('',#329);
#329 = CARTESIAN_POINT('',(-8.4,-10.5,18.5));
#330 = LINE('',#331,#332);
#331 = CARTESIAN_POINT('',(-8.4,-5.25,18.5));
#332 = VECTOR('',#333,1.);
#333 = DIRECTION('',(-0.,1.,0.));
#334 = ORIENTED_EDGE('',*,*,#335,.T.);
#335 = EDGE_CURVE('',#328,#336,#338,.T.);
#336 = VERTEX_POINT('',#337);
#337 = CARTESIAN_POINT('',(-9.,-10.5,18.5));
#338 = LINE('',#339,#340);
#339 = CARTESIAN_POINT('',(-4.5,-10.5,18.5));
#340 = VECTOR('',#341,1.);
#341 = DIRECTION('',(-1.,-0.,0.));
#342 = ORIENTED_EDGE('',*,*,#343,.T.);
#343 = EDGE_CURVE('',#336,#344,#346,.T.);
#344 = VERTEX_POINT('',#345);
#345 = CARTESIAN_POINT('',(-9.,0.5,18.5));
#346 = LINE('',#347,#348);
#347 = CARTESIAN_POINT('',(-9.,-5.25,18.5));
#348 = VECTOR('',#349,1.);
#349 = DIRECTION('',(-0.,1.,0.));
#350 = ORIENTED_EDGE('',*,*,#351,.T.);
#351 = EDGE_CURVE('',#344,#296,#352,.T.);
#352 = LINE('',#353,#354);
#353 = CARTESIAN_POINT('',(-6.3,0.5,18.5));
#354 = VECTOR('',#355,1.);
#355 = DIRECTION('',(-1.,-0.,0.));
#356 = FACE_BOUND('',#357,.T.);
#357 = EDGE_LOOP('',(#358,#387,#394,#421,#428,#455,#462,#489));
#358 = ORIENTED_EDGE('',*,*,#359,.T.);
#359 = EDGE_CURVE('',#360,#362,#364,.T.);
#360 = VERTEX_POINT('',#361);
#361 = CARTESIAN_POINT('',(7.6,-6.578836065574,18.5));
#362 = VERTEX_POINT('',#363);
#363 = CARTESIAN_POINT('',(4.009836065574,-10.169,18.5));
#364 = B_SPLINE_CURVE_WITH_KNOTS('',6,(#365,#366,#367,#368,#369,#370,
    #371,#372,#373,#374,#375,#376,#377,#378,#379,#380,#381,#382,#383,
    #384,#385,#386),.UNSPECIFIED.,.F.,.F.,(7,5,5,5,7),(0.,0.251999880123
    ,0.500999939699,0.749999999331,1.),.UNSPECIFIED.);
#365 = CARTESIAN_POINT('',(7.6,-6.578836065574,18.5));
#366 = CARTESIAN_POINT('',(7.6,-6.815687893094,18.5));
#367 = CARTESIAN_POINT('',(7.581249136819,-7.052553020209,18.5));
#368 = CARTESIAN_POINT('',(7.54374365146,-7.287546479027,18.5));
#369 = CARTESIAN_POINT('',(7.487739246806,-7.518830058575,18.5));
#370 = CARTESIAN_POINT('',(7.413708740509,-7.744609074199,18.5));
#371 = CARTESIAN_POINT('',(7.232143342685,-8.179081057827,18.5));
#372 = CARTESIAN_POINT('',(7.125007949057,-8.387968953626,18.5));
#373 = CARTESIAN_POINT('',(7.001673900884,-8.588130913966,18.5));
#374 = CARTESIAN_POINT('',(6.863049873408,-8.77802424257,18.5));
#375 = CARTESIAN_POINT('',(6.710220120138,-8.956224162946,18.5));
#376 = CARTESIAN_POINT('',(6.378728938403,-9.286675566831,18.5));
#377 = CARTESIAN_POINT('',(6.200049769314,-9.438944735308,18.5));
#378 = CARTESIAN_POINT('',(6.009721878239,-9.576971512275,18.5));
#379 = CARTESIAN_POINT('',(5.809173440966,-9.699676125659,18.5));
#380 = CARTESIAN_POINT('',(5.599950000741,-9.806154751022,18.5));
#381 = CARTESIAN_POINT('',(5.166646340593,-9.985635004689,18.5));
#382 = CARTESIAN_POINT('',(4.942486366723,-10.0585101966,18.5));
#383 = CARTESIAN_POINT('',(4.712950916321,-10.11363312987,18.5));
#384 = CARTESIAN_POINT('',(4.479793175476,-10.15054557137,18.5));
#385 = CARTESIAN_POINT('',(4.244808229184,-10.169,18.5));
#386 = CARTESIAN_POINT('',(4.009836065574,-10.169,18.5));
#387 = ORIENTED_EDGE('',*,*,#388,.T.);
#388 = EDGE_CURVE('',#362,#389,#391,.T.);
#389 = VERTEX_POINT('',#390);
#390 = CARTESIAN_POINT('',(-4.009836065574,-10.169,18.5));
#391 = B_SPLINE_CURVE_WITH_KNOTS('',1,(#392,#393),.UNSPECIFIED.,.F.,.F.,
  (2,2),(0.,1.),.PIECEWISE_BEZIER_KNOTS.);
#392 = CARTESIAN_POINT('',(4.009836065574,-10.169,18.5));
#393 = CARTESIAN_POINT('',(-4.009836065574,-10.169,18.5));
#394 = ORIENTED_EDGE('',*,*,#395,.T.);
#395 = EDGE_CURVE('',#389,#396,#398,.T.);
#396 = VERTEX_POINT('',#397);
#397 = CARTESIAN_POINT('',(-7.6,-6.578836065574,18.5));
#398 = B_SPLINE_CURVE_WITH_KNOTS('',6,(#399,#400,#401,#402,#403,#404,
    #405,#406,#407,#408,#409,#410,#411,#412,#413,#414,#415,#416,#417,
    #418,#419,#420),.UNSPECIFIED.,.F.,.F.,(7,5,5,5,7),(0.,0.251999880123
    ,0.500999939698,0.74999999933,1.),.UNSPECIFIED.);
#399 = CARTESIAN_POINT('',(-4.009836065574,-10.169,18.5));
#400 = CARTESIAN_POINT('',(-4.246687893094,-10.169,18.5));
#401 = CARTESIAN_POINT('',(-4.483553020209,-10.15024913681,18.5));
#402 = CARTESIAN_POINT('',(-4.718546479028,-10.11274365146,18.5));
#403 = CARTESIAN_POINT('',(-4.949830058575,-10.0567392468,18.5));
#404 = CARTESIAN_POINT('',(-5.175609074199,-9.982708740509,18.5));
#405 = CARTESIAN_POINT('',(-5.610081057827,-9.801143342685,18.5));
#406 = CARTESIAN_POINT('',(-5.818968953626,-9.694007949057,18.5));
#407 = CARTESIAN_POINT('',(-6.019130913965,-9.570673900884,18.5));
#408 = CARTESIAN_POINT('',(-6.20902424257,-9.432049873407,18.5));
#409 = CARTESIAN_POINT('',(-6.387224162946,-9.279220120138,18.5));
#410 = CARTESIAN_POINT('',(-6.717675566831,-8.947728938403,18.5));
#411 = CARTESIAN_POINT('',(-6.869944735307,-8.769049769315,18.5));
#412 = CARTESIAN_POINT('',(-7.007971512276,-8.578721878238,18.5));
#413 = CARTESIAN_POINT('',(-7.130676125658,-8.378173440967,18.5));
#414 = CARTESIAN_POINT('',(-7.237154751022,-8.168950000741,18.5));
#415 = CARTESIAN_POINT('',(-7.416635004689,-7.735646340593,18.5));
#416 = CARTESIAN_POINT('',(-7.489510196608,-7.511486366723,18.5));
#417 = CARTESIAN_POINT('',(-7.544633129874,-7.281950916321,18.5));
#418 = CARTESIAN_POINT('',(-7.581545571379,-7.048793175477,18.5));
#419 = CARTESIAN_POINT('',(-7.6,-6.813808229183,18.5));
#420 = CARTESIAN_POINT('',(-7.6,-6.578836065574,18.5));
#421 = ORIENTED_EDGE('',*,*,#422,.T.);
#422 = EDGE_CURVE('',#396,#423,#425,.T.);
#423 = VERTEX_POINT('',#424);
#424 = CARTESIAN_POINT('',(-7.6,1.440836065574,18.5));
#425 = B_SPLINE_CURVE_WITH_KNOTS('',1,(#426,#427),.UNSPECIFIED.,.F.,.F.,
  (2,2),(0.,1.),.PIECEWISE_BEZIER_KNOTS.);
#426 = CARTESIAN_POINT('',(-7.6,-6.578836065574,18.5));
#427 = CARTESIAN_POINT('',(-7.6,1.440836065574,18.5));
#428 = ORIENTED_EDGE('',*,*,#429,.T.);
#429 = EDGE_CURVE('',#423,#430,#432,.T.);
#430 = VERTEX_POINT('',#431);
#431 = CARTESIAN_POINT('',(-4.009836065574,5.031,18.5));
#432 = B_SPLINE_CURVE_WITH_KNOTS('',6,(#433,#434,#435,#436,#437,#438,
    #439,#440,#441,#442,#443,#444,#445,#446,#447,#448,#449,#450,#451,
    #452,#453,#454),.UNSPECIFIED.,.F.,.F.,(7,5,5,5,7),(0.,0.250999940401
    ,0.499999999425,0.749999999907,1.),.UNSPECIFIED.);
#433 = CARTESIAN_POINT('',(-7.6,1.440836065574,18.5));
#434 = CARTESIAN_POINT('',(-7.6,1.676748061694,18.5));
#435 = CARTESIAN_POINT('',(-7.581397649252,1.91267309691,18.5));
#436 = CARTESIAN_POINT('',(-7.544189276981,2.146748785115,18.5));
#437 = CARTESIAN_POINT('',(-7.488626469795,2.377158562647,18.5));
#438 = CARTESIAN_POINT('',(-7.415174710961,2.602128572478,18.5));
#439 = CARTESIAN_POINT('',(-7.234653025312,3.036017497259,18.5));
#440 = CARTESIAN_POINT('',(-7.127845884047,3.245073423183,18.5));
#441 = CARTESIAN_POINT('',(-7.0048264015,3.445428869168,18.5));
#442 = CARTESIAN_POINT('',(-6.866500828626,3.635539713548,18.5));
#443 = CARTESIAN_POINT('',(-6.713951179552,3.813979478422,18.5));
#444 = CARTESIAN_POINT('',(-6.382314915677,4.145615742297,18.5));
#445 = CARTESIAN_POINT('',(-6.203106230448,4.298725953272,18.5));
#446 = CARTESIAN_POINT('',(-6.012137755905,4.437492318508,18.5));
#447 = CARTESIAN_POINT('',(-5.810853878735,4.560820594872,18.5));
#448 = CARTESIAN_POINT('',(-5.600818293783,4.667795092266,18.5));
#449 = CARTESIAN_POINT('',(-5.166646340593,4.847635004689,18.5));
#450 = CARTESIAN_POINT('',(-4.942486366724,4.920510196608,18.5));
#451 = CARTESIAN_POINT('',(-4.71295091632,4.975633129874,18.5));
#452 = CARTESIAN_POINT('',(-4.479793175477,5.012545571379,18.5));
#453 = CARTESIAN_POINT('',(-4.244808229183,5.031,18.5));
#454 = CARTESIAN_POINT('',(-4.009836065574,5.031,18.5));
#455 = ORIENTED_EDGE('',*,*,#456,.T.);
#456 = EDGE_CURVE('',#430,#457,#459,.T.);
#457 = VERTEX_POINT('',#458);
#458 = CARTESIAN_POINT('',(4.009836065574,5.031,18.5));
#459 = B_SPLINE_CURVE_WITH_KNOTS('',1,(#460,#461),.UNSPECIFIED.,.F.,.F.,
  (2,2),(0.,1.),.PIECEWISE_BEZIER_KNOTS.);
#460 = CARTESIAN_POINT('',(-4.009836065574,5.031,18.5));
#461 = CARTESIAN_POINT('',(4.009836065574,5.031,18.5));
#462 = ORIENTED_EDGE('',*,*,#463,.T.);
#463 = EDGE_CURVE('',#457,#464,#466,.T.);
#464 = VERTEX_POINT('',#465);
#465 = CARTESIAN_POINT('',(7.6,1.440836065574,18.5));
#466 = B_SPLINE_CURVE_WITH_KNOTS('',6,(#467,#468,#469,#470,#471,#472,
    #473,#474,#475,#476,#477,#478,#479,#480,#481,#482,#483,#484,#485,
    #486,#487,#488),.UNSPECIFIED.,.F.,.F.,(7,5,5,5,7),(0.,0.251999880123
    ,0.500999939698,0.74999999933,1.),.UNSPECIFIED.);
#467 = CARTESIAN_POINT('',(4.009836065574,5.031,18.5));
#468 = CARTESIAN_POINT('',(4.246687893094,5.031,18.5));
#469 = CARTESIAN_POINT('',(4.483553020209,5.012249136819,18.5));
#470 = CARTESIAN_POINT('',(4.718546479027,4.974743651461,18.5));
#471 = CARTESIAN_POINT('',(4.949830058575,4.918739246806,18.5));
#472 = CARTESIAN_POINT('',(5.175609074199,4.844708740509,18.5));
#473 = CARTESIAN_POINT('',(5.610081057827,4.663143342685,18.5));
#474 = CARTESIAN_POINT('',(5.818968953626,4.556007949057,18.5));
#475 = CARTESIAN_POINT('',(6.019130913965,4.432673900884,18.5));
#476 = CARTESIAN_POINT('',(6.20902424257,4.294049873408,18.5));
#477 = CARTESIAN_POINT('',(6.387224162946,4.141220120138,18.5));
#478 = CARTESIAN_POINT('',(6.717675566831,3.809728938403,18.5));
#479 = CARTESIAN_POINT('',(6.869944735307,3.631049769314,18.5));
#480 = CARTESIAN_POINT('',(7.007971512276,3.440721878238,18.5));
#481 = CARTESIAN_POINT('',(7.130676125659,3.240173440967,18.5));
#482 = CARTESIAN_POINT('',(7.237154751022,3.030950000741,18.5));
#483 = CARTESIAN_POINT('',(7.416635004689,2.597646340593,18.5));
#484 = CARTESIAN_POINT('',(7.489510196608,2.373486366723,18.5));
#485 = CARTESIAN_POINT('',(7.544633129873,2.143950916321,18.5));
#486 = CARTESIAN_POINT('',(7.581545571379,1.910793175477,18.5));
#487 = CARTESIAN_POINT('',(7.6,1.675808229184,18.5));
#488 = CARTESIAN_POINT('',(7.6,1.440836065574,18.5));
#489 = ORIENTED_EDGE('',*,*,#490,.T.);
#490 = EDGE_CURVE('',#464,#360,#491,.T.);
#491 = B_SPLINE_CURVE_WITH_KNOTS('',1,(#492,#493),.UNSPECIFIED.,.F.,.F.,
  (2,2),(0.,1.),.PIECEWISE_BEZIER_KNOTS.);
#492 = CARTESIAN_POINT('',(7.6,1.440836065574,18.5));
#493 = CARTESIAN_POINT('',(7.6,-6.578836065574,18.5));
#494 = FACE_BOUND('',#495,.T.);
#495 = EDGE_LOOP('',(#496,#506,#514,#522,#530,#538,#546,#554));
#496 = ORIENTED_EDGE('',*,*,#497,.F.);
#497 = EDGE_CURVE('',#498,#500,#502,.T.);
#498 = VERTEX_POINT('',#499);
#499 = CARTESIAN_POINT('',(9.,-10.5,18.5));
#500 = VERTEX_POINT('',#501);
#501 = CARTESIAN_POINT('',(9.,0.5,18.5));
#502 = LINE('',#503,#504);
#503 = CARTESIAN_POINT('',(9.,-5.25,18.5));
#504 = VECTOR('',#505,1.);
#505 = DIRECTION('',(-0.,1.,0.));
#506 = ORIENTED_EDGE('',*,*,#507,.T.);
#507 = EDGE_CURVE('',#498,#508,#510,.T.);
#508 = VERTEX_POINT('',#509);
#509 = CARTESIAN_POINT('',(8.4,-10.5,18.5));
#510 = LINE('',#511,#512);
#511 = CARTESIAN_POINT('',(4.2,-10.5,18.5));
#512 = VECTOR('',#513,1.);
#513 = DIRECTION('',(-1.,-0.,0.));
#514 = ORIENTED_EDGE('',*,*,#515,.T.);
#515 = EDGE_CURVE('',#508,#516,#518,.T.);
#516 = VERTEX_POINT('',#517);
#517 = CARTESIAN_POINT('',(8.4,1.1,18.5));
#518 = LINE('',#519,#520);
#519 = CARTESIAN_POINT('',(8.4,-5.25,18.5));
#520 = VECTOR('',#521,1.);
#521 = DIRECTION('',(-0.,1.,0.));
#522 = ORIENTED_EDGE('',*,*,#523,.F.);
#523 = EDGE_CURVE('',#524,#516,#526,.T.);
#524 = VERTEX_POINT('',#525);
#525 = CARTESIAN_POINT('',(12.6,1.1,18.5));
#526 = LINE('',#527,#528);
#527 = CARTESIAN_POINT('',(4.2,1.1,18.5));
#528 = VECTOR('',#529,1.);
#529 = DIRECTION('',(-1.,-0.,0.));
#530 = ORIENTED_EDGE('',*,*,#531,.F.);
#531 = EDGE_CURVE('',#532,#524,#534,.T.);
#532 = VERTEX_POINT('',#533);
#533 = CARTESIAN_POINT('',(12.6,-10.5,18.5));
#534 = LINE('',#535,#536);
#535 = CARTESIAN_POINT('',(12.6,-5.25,18.5));
#536 = VECTOR('',#537,1.);
#537 = DIRECTION('',(-0.,1.,0.));
#538 = ORIENTED_EDGE('',*,*,#539,.T.);
#539 = EDGE_CURVE('',#532,#540,#542,.T.);
#540 = VERTEX_POINT('',#541);
#541 = CARTESIAN_POINT('',(12.,-10.5,18.5));
#542 = LINE('',#543,#544);
#543 = CARTESIAN_POINT('',(6.,-10.5,18.5));
#544 = VECTOR('',#545,1.);
#545 = DIRECTION('',(-1.,-0.,0.));
#546 = ORIENTED_EDGE('',*,*,#547,.T.);
#547 = EDGE_CURVE('',#540,#548,#550,.T.);
#548 = VERTEX_POINT('',#549);
#549 = CARTESIAN_POINT('',(12.,0.5,18.5));
#550 = LINE('',#551,#552);
#551 = CARTESIAN_POINT('',(12.,-5.25,18.5));
#552 = VECTOR('',#553,1.);
#553 = DIRECTION('',(-0.,1.,0.));
#554 = ORIENTED_EDGE('',*,*,#555,.T.);
#555 = EDGE_CURVE('',#548,#500,#556,.T.);
#556 = LINE('',#557,#558);
#557 = CARTESIAN_POINT('',(4.2,0.5,18.5));
#558 = VECTOR('',#559,1.);
#559 = DIRECTION('',(-1.,-0.,0.));
#560 = FACE_BOUND('',#561,.T.);
#561 = EDGE_LOOP('',(#562,#572,#580,#588,#596,#604,#612,#620));
#562 = ORIENTED_EDGE('',*,*,#563,.F.);
#563 = EDGE_CURVE('',#564,#566,#568,.T.);
#564 = VERTEX_POINT('',#565);
#565 = CARTESIAN_POINT('',(-2.,7.831,18.5));
#566 = VERTEX_POINT('',#567);
#567 = CARTESIAN_POINT('',(-2.,8.431,18.5));
#568 = LINE('',#569,#570);
#569 = CARTESIAN_POINT('',(-2.,3.9155,18.5));
#570 = VECTOR('',#571,1.);
#571 = DIRECTION('',(-0.,1.,0.));
#572 = ORIENTED_EDGE('',*,*,#573,.T.);
#573 = EDGE_CURVE('',#564,#574,#576,.T.);
#574 = VERTEX_POINT('',#575);
#575 = CARTESIAN_POINT('',(-12.6,7.831,18.5));
#576 = LINE('',#577,#578);
#577 = CARTESIAN_POINT('',(-6.3,7.831,18.5));
#578 = VECTOR('',#579,1.);
#579 = DIRECTION('',(-1.,-0.,0.));
#580 = ORIENTED_EDGE('',*,*,#581,.T.);
#581 = EDGE_CURVE('',#574,#582,#584,.T.);
#582 = VERTEX_POINT('',#583);
#583 = CARTESIAN_POINT('',(-12.6,12.681,18.5));
#584 = LINE('',#585,#586);
#585 = CARTESIAN_POINT('',(-12.6,3.9155,18.5));
#586 = VECTOR('',#587,1.);
#587 = DIRECTION('',(-0.,1.,0.));
#588 = ORIENTED_EDGE('',*,*,#589,.F.);
#589 = EDGE_CURVE('',#590,#582,#592,.T.);
#590 = VERTEX_POINT('',#591);
#591 = CARTESIAN_POINT('',(-2.,12.681,18.5));
#592 = LINE('',#593,#594);
#593 = CARTESIAN_POINT('',(-6.3,12.681,18.5));
#594 = VECTOR('',#595,1.);
#595 = DIRECTION('',(-1.,-0.,0.));
#596 = ORIENTED_EDGE('',*,*,#597,.F.);
#597 = EDGE_CURVE('',#598,#590,#600,.T.);
#598 = VERTEX_POINT('',#599);
#599 = CARTESIAN_POINT('',(-2.,11.431,18.5));
#600 = LINE('',#601,#602);
#601 = CARTESIAN_POINT('',(-2.,5.7155,18.5));
#602 = VECTOR('',#603,1.);
#603 = DIRECTION('',(-0.,1.,0.));
#604 = ORIENTED_EDGE('',*,*,#605,.T.);
#605 = EDGE_CURVE('',#598,#606,#608,.T.);
#606 = VERTEX_POINT('',#607);
#607 = CARTESIAN_POINT('',(-12.,11.431,18.5));
#608 = LINE('',#609,#610);
#609 = CARTESIAN_POINT('',(-6.3,11.431,18.5));
#610 = VECTOR('',#611,1.);
#611 = DIRECTION('',(-1.,-0.,0.));
#612 = ORIENTED_EDGE('',*,*,#613,.F.);
#613 = EDGE_CURVE('',#614,#606,#616,.T.);
#614 = VERTEX_POINT('',#615);
#615 = CARTESIAN_POINT('',(-12.,8.431,18.5));
#616 = LINE('',#617,#618);
#617 = CARTESIAN_POINT('',(-12.,3.9155,18.5));
#618 = VECTOR('',#619,1.);
#619 = DIRECTION('',(-0.,1.,0.));
#620 = ORIENTED_EDGE('',*,*,#621,.F.);
#621 = EDGE_CURVE('',#566,#614,#622,.T.);
#622 = LINE('',#623,#624);
#623 = CARTESIAN_POINT('',(-6.3,8.431,18.5));
#624 = VECTOR('',#625,1.);
#625 = DIRECTION('',(-1.,-0.,0.));
#626 = FACE_BOUND('',#627,.T.);
#627 = EDGE_LOOP('',(#628,#638,#646,#654,#662,#670,#678,#686));
#628 = ORIENTED_EDGE('',*,*,#629,.T.);
#629 = EDGE_CURVE('',#630,#632,#634,.T.);
#630 = VERTEX_POINT('',#631);
#631 = CARTESIAN_POINT('',(12.6,7.831,18.5));
#632 = VERTEX_POINT('',#633);
#633 = CARTESIAN_POINT('',(2.,7.831,18.5));
#634 = LINE('',#635,#636);
#635 = CARTESIAN_POINT('',(1.,7.831,18.5));
#636 = VECTOR('',#637,1.);
#637 = DIRECTION('',(-1.,-0.,0.));
#638 = ORIENTED_EDGE('',*,*,#639,.T.);
#639 = EDGE_CURVE('',#632,#640,#642,.T.);
#640 = VERTEX_POINT('',#641);
#641 = CARTESIAN_POINT('',(2.,8.431,18.5));
#642 = LINE('',#643,#644);
#643 = CARTESIAN_POINT('',(2.,3.9155,18.5));
#644 = VECTOR('',#645,1.);
#645 = DIRECTION('',(-0.,1.,0.));
#646 = ORIENTED_EDGE('',*,*,#647,.F.);
#647 = EDGE_CURVE('',#648,#640,#650,.T.);
#648 = VERTEX_POINT('',#649);
#649 = CARTESIAN_POINT('',(12.,8.431,18.5));
#650 = LINE('',#651,#652);
#651 = CARTESIAN_POINT('',(1.,8.431,18.5));
#652 = VECTOR('',#653,1.);
#653 = DIRECTION('',(-1.,-0.,0.));
#654 = ORIENTED_EDGE('',*,*,#655,.T.);
#655 = EDGE_CURVE('',#648,#656,#658,.T.);
#656 = VERTEX_POINT('',#657);
#657 = CARTESIAN_POINT('',(12.,11.431,18.5));
#658 = LINE('',#659,#660);
#659 = CARTESIAN_POINT('',(12.,3.9155,18.5));
#660 = VECTOR('',#661,1.);
#661 = DIRECTION('',(-0.,1.,0.));
#662 = ORIENTED_EDGE('',*,*,#663,.T.);
#663 = EDGE_CURVE('',#656,#664,#666,.T.);
#664 = VERTEX_POINT('',#665);
#665 = CARTESIAN_POINT('',(2.,11.431,18.5));
#666 = LINE('',#667,#668);
#667 = CARTESIAN_POINT('',(1.,11.431,18.5));
#668 = VECTOR('',#669,1.);
#669 = DIRECTION('',(-1.,-0.,0.));
#670 = ORIENTED_EDGE('',*,*,#671,.T.);
#671 = EDGE_CURVE('',#664,#672,#674,.T.);
#672 = VERTEX_POINT('',#673);
#673 = CARTESIAN_POINT('',(2.,12.681,18.5));
#674 = LINE('',#675,#676);
#675 = CARTESIAN_POINT('',(2.,5.7155,18.5));
#676 = VECTOR('',#677,1.);
#677 = DIRECTION('',(-0.,1.,0.));
#678 = ORIENTED_EDGE('',*,*,#679,.F.);
#679 = EDGE_CURVE('',#680,#672,#682,.T.);
#680 = VERTEX_POINT('',#681);
#681 = CARTESIAN_POINT('',(12.6,12.681,18.5));
#682 = LINE('',#683,#684);
#683 = CARTESIAN_POINT('',(1.,12.681,18.5));
#684 = VECTOR('',#685,1.);
#685 = DIRECTION('',(-1.,-0.,0.));
#686 = ORIENTED_EDGE('',*,*,#687,.F.);
#687 = EDGE_CURVE('',#630,#680,#688,.T.);
#688 = LINE('',#689,#690);
#689 = CARTESIAN_POINT('',(12.6,5.7155,18.5));
#690 = VECTOR('',#691,1.);
#691 = DIRECTION('',(-0.,1.,0.));
#692 = PLANE('',#693);
#693 = AXIS2_PLACEMENT_3D('',#694,#695,#696);
#694 = CARTESIAN_POINT('',(8.690080185517E-16,2.247434530737E-16,18.5));
#695 = DIRECTION('',(0.,0.,1.));
#696 = DIRECTION('',(1.,0.,-0.));
#697 = ADVANCED_FACE('',(#698),#709,.F.);
#698 = FACE_BOUND('',#699,.F.);
#699 = EDGE_LOOP('',(#700,#706,#707,#708));
#700 = ORIENTED_EDGE('',*,*,#701,.T.);
#701 = EDGE_CURVE('',#155,#276,#702,.T.);
#702 = LINE('',#703,#704);
#703 = CARTESIAN_POINT('',(-15.8,12.181,3.));
#704 = VECTOR('',#705,1.);
#705 = DIRECTION('',(0.,0.,1.));
#706 = ORIENTED_EDGE('',*,*,#284,.T.);
#707 = ORIENTED_EDGE('',*,*,#61,.F.);
#708 = ORIENTED_EDGE('',*,*,#163,.F.);
#709 = PLANE('',#710);
#710 = AXIS2_PLACEMENT_3D('',#711,#712,#713);
#711 = CARTESIAN_POINT('',(-15.8,12.181,3.));
#712 = DIRECTION('',(1.,0.,-0.));
#713 = DIRECTION('',(0.,-1.,0.));
#714 = ADVANCED_FACE('',(#715),#726,.F.);
#715 = FACE_BOUND('',#716,.F.);
#716 = EDGE_LOOP('',(#717,#718,#719,#725));
#717 = ORIENTED_EDGE('',*,*,#104,.T.);
#718 = ORIENTED_EDGE('',*,*,#250,.T.);
#719 = ORIENTED_EDGE('',*,*,#720,.F.);
#720 = EDGE_CURVE('',#130,#251,#721,.T.);
#721 = LINE('',#722,#723);
#722 = CARTESIAN_POINT('',(15.8,12.181,3.));
#723 = VECTOR('',#724,1.);
#724 = DIRECTION('',(0.,0.,1.));
#725 = ORIENTED_EDGE('',*,*,#129,.F.);
#726 = PLANE('',#727);
#727 = AXIS2_PLACEMENT_3D('',#728,#729,#730);
#728 = CARTESIAN_POINT('',(15.8,-12.181,3.));
#729 = DIRECTION('',(-1.,0.,0.));
#730 = DIRECTION('',(0.,1.,0.));
#731 = ADVANCED_FACE('',(#732),#743,.T.);
#732 = FACE_BOUND('',#733,.F.);
#733 = EDGE_LOOP('',(#734,#740,#741,#742));
#734 = ORIENTED_EDGE('',*,*,#735,.T.);
#735 = EDGE_CURVE('',#147,#268,#736,.T.);
#736 = LINE('',#737,#738);
#737 = CARTESIAN_POINT('',(-12.8,15.181,3.));
#738 = VECTOR('',#739,1.);
#739 = DIRECTION('',(0.,0.,1.));
#740 = ORIENTED_EDGE('',*,*,#275,.T.);
#741 = ORIENTED_EDGE('',*,*,#701,.F.);
#742 = ORIENTED_EDGE('',*,*,#154,.F.);
#743 = CYLINDRICAL_SURFACE('',#744,3.);
#744 = AXIS2_PLACEMENT_3D('',#745,#746,#747);
#745 = CARTESIAN_POINT('',(-12.8,12.181,3.));
#746 = DIRECTION('',(-0.,-0.,-1.));
#747 = DIRECTION('',(1.,0.,-0.));
#748 = ADVANCED_FACE('',(#749),#760,.T.);
#749 = FACE_BOUND('',#750,.F.);
#750 = EDGE_LOOP('',(#751,#752,#753,#759));
#751 = ORIENTED_EDGE('',*,*,#720,.T.);
#752 = ORIENTED_EDGE('',*,*,#258,.T.);
#753 = ORIENTED_EDGE('',*,*,#754,.F.);
#754 = EDGE_CURVE('',#138,#259,#755,.T.);
#755 = LINE('',#756,#757);
#756 = CARTESIAN_POINT('',(12.8,15.181,3.));
#757 = VECTOR('',#758,1.);
#758 = DIRECTION('',(0.,0.,1.));
#759 = ORIENTED_EDGE('',*,*,#137,.F.);
#760 = CYLINDRICAL_SURFACE('',#761,3.);
#761 = AXIS2_PLACEMENT_3D('',#762,#763,#764);
#762 = CARTESIAN_POINT('',(12.8,12.181,3.));
#763 = DIRECTION('',(-0.,-0.,-1.));
#764 = DIRECTION('',(1.,0.,-0.));
#765 = ADVANCED_FACE('',(#766),#772,.F.);
#766 = FACE_BOUND('',#767,.F.);
#767 = EDGE_LOOP('',(#768,#769,#770,#771));
#768 = ORIENTED_EDGE('',*,*,#754,.T.);
#769 = ORIENTED_EDGE('',*,*,#267,.T.);
#770 = ORIENTED_EDGE('',*,*,#735,.F.);
#771 = ORIENTED_EDGE('',*,*,#146,.F.);
#772 = PLANE('',#773);
#773 = AXIS2_PLACEMENT_3D('',#774,#775,#776);
#774 = CARTESIAN_POINT('',(12.8,15.181,3.));
#775 = DIRECTION('',(0.,-1.,0.));
#776 = DIRECTION('',(-1.,0.,0.));
#777 = ADVANCED_FACE('',(#778),#804,.F.);
#778 = FACE_BOUND('',#779,.T.);
#779 = EDGE_LOOP('',(#780,#781,#789,#798));
#780 = ORIENTED_EDGE('',*,*,#172,.T.);
#781 = ORIENTED_EDGE('',*,*,#782,.T.);
#782 = EDGE_CURVE('',#175,#783,#785,.T.);
#783 = VERTEX_POINT('',#784);
#784 = CARTESIAN_POINT('',(12.95,-14.131,9.2));
#785 = LINE('',#786,#787);
#786 = CARTESIAN_POINT('',(12.95,-14.131,2.));
#787 = VECTOR('',#788,1.);
#788 = DIRECTION('',(0.,0.,1.));
#789 = ORIENTED_EDGE('',*,*,#790,.T.);
#790 = EDGE_CURVE('',#783,#791,#793,.T.);
#791 = VERTEX_POINT('',#792);
#792 = CARTESIAN_POINT('',(14.75,-12.331,9.2));
#793 = CIRCLE('',#794,1.8);
#794 = AXIS2_PLACEMENT_3D('',#795,#796,#797);
#795 = CARTESIAN_POINT('',(12.95,-12.331,9.2));
#796 = DIRECTION('',(0.,0.,1.));
#797 = DIRECTION('',(1.,0.,-0.));
#798 = ORIENTED_EDGE('',*,*,#799,.F.);
#799 = EDGE_CURVE('',#173,#791,#800,.T.);
#800 = LINE('',#801,#802);
#801 = CARTESIAN_POINT('',(14.75,-12.331,2.));
#802 = VECTOR('',#803,1.);
#803 = DIRECTION('',(0.,0.,1.));
#804 = CYLINDRICAL_SURFACE('',#805,1.8);
#805 = AXIS2_PLACEMENT_3D('',#806,#807,#808);
#806 = CARTESIAN_POINT('',(12.95,-12.331,2.));
#807 = DIRECTION('',(-0.,-0.,-1.));
#808 = DIRECTION('',(1.,0.,-0.));
#809 = ADVANCED_FACE('',(#810,#828),#862,.T.);
#810 = FACE_BOUND('',#811,.T.);
#811 = EDGE_LOOP('',(#812,#813,#814,#822));
#812 = ORIENTED_EDGE('',*,*,#234,.T.);
#813 = ORIENTED_EDGE('',*,*,#799,.T.);
#814 = ORIENTED_EDGE('',*,*,#815,.T.);
#815 = EDGE_CURVE('',#791,#816,#818,.T.);
#816 = VERTEX_POINT('',#817);
#817 = CARTESIAN_POINT('',(14.75,12.331,9.2));
#818 = LINE('',#819,#820);
#819 = CARTESIAN_POINT('',(14.75,-12.331,9.2));
#820 = VECTOR('',#821,1.);
#821 = DIRECTION('',(0.,1.,0.));
#822 = ORIENTED_EDGE('',*,*,#823,.F.);
#823 = EDGE_CURVE('',#226,#816,#824,.T.);
#824 = LINE('',#825,#826);
#825 = CARTESIAN_POINT('',(14.75,12.331,2.));
#826 = VECTOR('',#827,1.);
#827 = DIRECTION('',(0.,0.,1.));
#828 = FACE_BOUND('',#829,.T.);
#829 = EDGE_LOOP('',(#830,#840,#848,#856));
#830 = ORIENTED_EDGE('',*,*,#831,.F.);
#831 = EDGE_CURVE('',#832,#834,#836,.T.);
#832 = VERTEX_POINT('',#833);
#833 = CARTESIAN_POINT('',(14.75,-4.,3.8));
#834 = VERTEX_POINT('',#835);
#835 = CARTESIAN_POINT('',(14.75,-4.,4.8));
#836 = LINE('',#837,#838);
#837 = CARTESIAN_POINT('',(14.75,-4.,3.8));
#838 = VECTOR('',#839,1.);
#839 = DIRECTION('',(0.,0.,1.));
#840 = ORIENTED_EDGE('',*,*,#841,.T.);
#841 = EDGE_CURVE('',#832,#842,#844,.T.);
#842 = VERTEX_POINT('',#843);
#843 = CARTESIAN_POINT('',(14.75,4.,3.8));
#844 = LINE('',#845,#846);
#845 = CARTESIAN_POINT('',(14.75,-4.,3.8));
#846 = VECTOR('',#847,1.);
#847 = DIRECTION('',(0.,1.,0.));
#848 = ORIENTED_EDGE('',*,*,#849,.T.);
#849 = EDGE_CURVE('',#842,#850,#852,.T.);
#850 = VERTEX_POINT('',#851);
#851 = CARTESIAN_POINT('',(14.75,4.,4.8));
#852 = LINE('',#853,#854);
#853 = CARTESIAN_POINT('',(14.75,4.,3.8));
#854 = VECTOR('',#855,1.);
#855 = DIRECTION('',(0.,0.,1.));
#856 = ORIENTED_EDGE('',*,*,#857,.F.);
#857 = EDGE_CURVE('',#834,#850,#858,.T.);
#858 = LINE('',#859,#860);
#859 = CARTESIAN_POINT('',(14.75,-4.,4.8));
#860 = VECTOR('',#861,1.);
#861 = DIRECTION('',(0.,1.,0.));
#862 = PLANE('',#863);
#863 = AXIS2_PLACEMENT_3D('',#864,#865,#866);
#864 = CARTESIAN_POINT('',(14.75,-12.331,2.));
#865 = DIRECTION('',(-1.,0.,0.));
#866 = DIRECTION('',(0.,1.,0.));
#867 = ADVANCED_FACE('',(#868),#887,.F.);
#868 = FACE_BOUND('',#869,.T.);
#869 = EDGE_LOOP('',(#870,#871,#872,#881));
#870 = ORIENTED_EDGE('',*,*,#225,.T.);
#871 = ORIENTED_EDGE('',*,*,#823,.T.);
#872 = ORIENTED_EDGE('',*,*,#873,.T.);
#873 = EDGE_CURVE('',#816,#874,#876,.T.);
#874 = VERTEX_POINT('',#875);
#875 = CARTESIAN_POINT('',(12.95,14.131,9.2));
#876 = CIRCLE('',#877,1.8);
#877 = AXIS2_PLACEMENT_3D('',#878,#879,#880);
#878 = CARTESIAN_POINT('',(12.95,12.331,9.2));
#879 = DIRECTION('',(0.,0.,1.));
#880 = DIRECTION('',(1.,0.,-0.));
#881 = ORIENTED_EDGE('',*,*,#882,.F.);
#882 = EDGE_CURVE('',#218,#874,#883,.T.);
#883 = LINE('',#884,#885);
#884 = CARTESIAN_POINT('',(12.95,14.131,2.));
#885 = VECTOR('',#886,1.);
#886 = DIRECTION('',(0.,0.,1.));
#887 = CYLINDRICAL_SURFACE('',#888,1.8);
#888 = AXIS2_PLACEMENT_3D('',#889,#890,#891);
#889 = CARTESIAN_POINT('',(12.95,12.331,2.));
#890 = DIRECTION('',(-0.,-0.,-1.));
#891 = DIRECTION('',(1.,0.,-0.));
#892 = ADVANCED_FACE('',(#893),#911,.T.);
#893 = FACE_BOUND('',#894,.T.);
#894 = EDGE_LOOP('',(#895,#896,#897,#905));
#895 = ORIENTED_EDGE('',*,*,#217,.T.);
#896 = ORIENTED_EDGE('',*,*,#882,.T.);
#897 = ORIENTED_EDGE('',*,*,#898,.T.);
#898 = EDGE_CURVE('',#874,#899,#901,.T.);
#899 = VERTEX_POINT('',#900);
#900 = CARTESIAN_POINT('',(-12.95,14.131,9.2));
#901 = LINE('',#902,#903);
#902 = CARTESIAN_POINT('',(12.95,14.131,9.2));
#903 = VECTOR('',#904,1.);
#904 = DIRECTION('',(-1.,0.,0.));
#905 = ORIENTED_EDGE('',*,*,#906,.F.);
#906 = EDGE_CURVE('',#209,#899,#907,.T.);
#907 = LINE('',#908,#909);
#908 = CARTESIAN_POINT('',(-12.95,14.131,2.));
#909 = VECTOR('',#910,1.);
#910 = DIRECTION('',(0.,0.,1.));
#911 = PLANE('',#912);
#912 = AXIS2_PLACEMENT_3D('',#913,#914,#915);
#913 = CARTESIAN_POINT('',(12.95,14.131,2.));
#914 = DIRECTION('',(0.,-1.,0.));
#915 = DIRECTION('',(-1.,0.,0.));
#916 = ADVANCED_FACE('',(#917),#936,.F.);
#917 = FACE_BOUND('',#918,.T.);
#918 = EDGE_LOOP('',(#919,#920,#921,#930));
#919 = ORIENTED_EDGE('',*,*,#208,.T.);
#920 = ORIENTED_EDGE('',*,*,#906,.T.);
#921 = ORIENTED_EDGE('',*,*,#922,.T.);
#922 = EDGE_CURVE('',#899,#923,#925,.T.);
#923 = VERTEX_POINT('',#924);
#924 = CARTESIAN_POINT('',(-14.75,12.331,9.2));
#925 = CIRCLE('',#926,1.8);
#926 = AXIS2_PLACEMENT_3D('',#927,#928,#929);
#927 = CARTESIAN_POINT('',(-12.95,12.331,9.2));
#928 = DIRECTION('',(0.,0.,1.));
#929 = DIRECTION('',(1.,0.,-0.));
#930 = ORIENTED_EDGE('',*,*,#931,.F.);
#931 = EDGE_CURVE('',#201,#923,#932,.T.);
#932 = LINE('',#933,#934);
#933 = CARTESIAN_POINT('',(-14.75,12.331,2.));
#934 = VECTOR('',#935,1.);
#935 = DIRECTION('',(0.,0.,1.));
#936 = CYLINDRICAL_SURFACE('',#937,1.8);
#937 = AXIS2_PLACEMENT_3D('',#938,#939,#940);
#938 = CARTESIAN_POINT('',(-12.95,12.331,2.));
#939 = DIRECTION('',(-0.,-0.,-1.));
#940 = DIRECTION('',(1.,0.,-0.));
#941 = ADVANCED_FACE('',(#942,#960),#994,.T.);
#942 = FACE_BOUND('',#943,.T.);
#943 = EDGE_LOOP('',(#944,#945,#946,#954));
#944 = ORIENTED_EDGE('',*,*,#200,.T.);
#945 = ORIENTED_EDGE('',*,*,#931,.T.);
#946 = ORIENTED_EDGE('',*,*,#947,.T.);
#947 = EDGE_CURVE('',#923,#948,#950,.T.);
#948 = VERTEX_POINT('',#949);
#949 = CARTESIAN_POINT('',(-14.75,-12.331,9.2));
#950 = LINE('',#951,#952);
#951 = CARTESIAN_POINT('',(-14.75,12.331,9.2));
#952 = VECTOR('',#953,1.);
#953 = DIRECTION('',(0.,-1.,0.));
#954 = ORIENTED_EDGE('',*,*,#955,.F.);
#955 = EDGE_CURVE('',#192,#948,#956,.T.);
#956 = LINE('',#957,#958);
#957 = CARTESIAN_POINT('',(-14.75,-12.331,2.));
#958 = VECTOR('',#959,1.);
#959 = DIRECTION('',(0.,0.,1.));
#960 = FACE_BOUND('',#961,.T.);
#961 = EDGE_LOOP('',(#962,#972,#980,#988));
#962 = ORIENTED_EDGE('',*,*,#963,.F.);
#963 = EDGE_CURVE('',#964,#966,#968,.T.);
#964 = VERTEX_POINT('',#965);
#965 = CARTESIAN_POINT('',(-14.75,-4.,3.8));
#966 = VERTEX_POINT('',#967);
#967 = CARTESIAN_POINT('',(-14.75,4.,3.8));
#968 = LINE('',#969,#970);
#969 = CARTESIAN_POINT('',(-14.75,-4.,3.8));
#970 = VECTOR('',#971,1.);
#971 = DIRECTION('',(0.,1.,0.));
#972 = ORIENTED_EDGE('',*,*,#973,.T.);
#973 = EDGE_CURVE('',#964,#974,#976,.T.);
#974 = VERTEX_POINT('',#975);
#975 = CARTESIAN_POINT('',(-14.75,-4.,4.8));
#976 = LINE('',#977,#978);
#977 = CARTESIAN_POINT('',(-14.75,-4.,3.8));
#978 = VECTOR('',#979,1.);
#979 = DIRECTION('',(0.,0.,1.));
#980 = ORIENTED_EDGE('',*,*,#981,.T.);
#981 = EDGE_CURVE('',#974,#982,#984,.T.);
#982 = VERTEX_POINT('',#983);
#983 = CARTESIAN_POINT('',(-14.75,4.,4.8));
#984 = LINE('',#985,#986);
#985 = CARTESIAN_POINT('',(-14.75,-4.,4.8));
#986 = VECTOR('',#987,1.);
#987 = DIRECTION('',(0.,1.,0.));
#988 = ORIENTED_EDGE('',*,*,#989,.F.);
#989 = EDGE_CURVE('',#966,#982,#990,.T.);
#990 = LINE('',#991,#992);
#991 = CARTESIAN_POINT('',(-14.75,4.,3.8));
#992 = VECTOR('',#993,1.);
#993 = DIRECTION('',(0.,0.,1.));
#994 = PLANE('',#995);
#995 = AXIS2_PLACEMENT_3D('',#996,#997,#998);
#996 = CARTESIAN_POINT('',(-14.75,12.331,2.));
#997 = DIRECTION('',(1.,0.,-0.));
#998 = DIRECTION('',(0.,-1.,0.));
#999 = ADVANCED_FACE('',(#1000),#1019,.F.);
#1000 = FACE_BOUND('',#1001,.T.);
#1001 = EDGE_LOOP('',(#1002,#1003,#1004,#1013));
#1002 = ORIENTED_EDGE('',*,*,#191,.T.);
#1003 = ORIENTED_EDGE('',*,*,#955,.T.);
#1004 = ORIENTED_EDGE('',*,*,#1005,.T.);
#1005 = EDGE_CURVE('',#948,#1006,#1008,.T.);
#1006 = VERTEX_POINT('',#1007);
#1007 = CARTESIAN_POINT('',(-12.95,-14.131,9.2));
#1008 = CIRCLE('',#1009,1.8);
#1009 = AXIS2_PLACEMENT_3D('',#1010,#1011,#1012);
#1010 = CARTESIAN_POINT('',(-12.95,-12.331,9.2));
#1011 = DIRECTION('',(0.,0.,1.));
#1012 = DIRECTION('',(1.,0.,-0.));
#1013 = ORIENTED_EDGE('',*,*,#1014,.F.);
#1014 = EDGE_CURVE('',#184,#1006,#1015,.T.);
#1015 = LINE('',#1016,#1017);
#1016 = CARTESIAN_POINT('',(-12.95,-14.131,2.));
#1017 = VECTOR('',#1018,1.);
#1018 = DIRECTION('',(0.,0.,1.));
#1019 = CYLINDRICAL_SURFACE('',#1020,1.8);
#1020 = AXIS2_PLACEMENT_3D('',#1021,#1022,#1023);
#1021 = CARTESIAN_POINT('',(-12.95,-12.331,2.));
#1022 = DIRECTION('',(-0.,-0.,-1.));
#1023 = DIRECTION('',(1.,0.,-0.));
#1024 = ADVANCED_FACE('',(#1025),#1036,.T.);
#1025 = FACE_BOUND('',#1026,.T.);
#1026 = EDGE_LOOP('',(#1027,#1028,#1029,#1035));
#1027 = ORIENTED_EDGE('',*,*,#183,.T.);
#1028 = ORIENTED_EDGE('',*,*,#1014,.T.);
#1029 = ORIENTED_EDGE('',*,*,#1030,.T.);
#1030 = EDGE_CURVE('',#1006,#783,#1031,.T.);
#1031 = LINE('',#1032,#1033);
#1032 = CARTESIAN_POINT('',(-12.95,-14.131,9.2));
#1033 = VECTOR('',#1034,1.);
#1034 = DIRECTION('',(1.,0.,0.));
#1035 = ORIENTED_EDGE('',*,*,#782,.F.);
#1036 = PLANE('',#1037);
#1037 = AXIS2_PLACEMENT_3D('',#1038,#1039,#1040);
#1038 = CARTESIAN_POINT('',(-12.95,-14.131,2.));
#1039 = DIRECTION('',(0.,1.,0.));
#1040 = DIRECTION('',(1.,0.,0.));
#1041 = ADVANCED_FACE('',(#1042),#1099,.F.);
#1042 = FACE_BOUND('',#1043,.F.);
#1043 = EDGE_LOOP('',(#1044,#1052,#1060,#1068,#1076,#1084,#1092,#1098));
#1044 = ORIENTED_EDGE('',*,*,#1045,.F.);
#1045 = EDGE_CURVE('',#1046,#294,#1048,.T.);
#1046 = VERTEX_POINT('',#1047);
#1047 = CARTESIAN_POINT('',(-12.,-10.5,17.));
#1048 = LINE('',#1049,#1050);
#1049 = CARTESIAN_POINT('',(-12.,-10.5,16.));
#1050 = VECTOR('',#1051,1.);
#1051 = DIRECTION('',(0.,0.,1.));
#1052 = ORIENTED_EDGE('',*,*,#1053,.T.);
#1053 = EDGE_CURVE('',#1046,#1054,#1056,.T.);
#1054 = VERTEX_POINT('',#1055);
#1055 = CARTESIAN_POINT('',(-12.,-3.563987437107,17.));
#1056 = LINE('',#1057,#1058);
#1057 = CARTESIAN_POINT('',(-12.,-5.25,17.));
#1058 = VECTOR('',#1059,1.);
#1059 = DIRECTION('',(-0.,1.,0.));
#1060 = ORIENTED_EDGE('',*,*,#1061,.T.);
#1061 = EDGE_CURVE('',#1054,#1062,#1064,.T.);
#1062 = VERTEX_POINT('',#1063);
#1063 = CARTESIAN_POINT('',(-12.,-3.563987437107,17.5));
#1064 = LINE('',#1065,#1066);
#1065 = CARTESIAN_POINT('',(-12.,-3.563987437107,6.8));
#1066 = VECTOR('',#1067,1.);
#1067 = DIRECTION('',(0.,0.,1.));
#1068 = ORIENTED_EDGE('',*,*,#1069,.F.);
#1069 = EDGE_CURVE('',#1070,#1062,#1072,.T.);
#1070 = VERTEX_POINT('',#1071);
#1071 = CARTESIAN_POINT('',(-12.,-1.574012562893,17.5));
#1072 = LINE('',#1073,#1074);
#1073 = CARTESIAN_POINT('',(-12.,-6.5345,17.5));
#1074 = VECTOR('',#1075,1.);
#1075 = DIRECTION('',(0.,-1.,0.));
#1076 = ORIENTED_EDGE('',*,*,#1077,.F.);
#1077 = EDGE_CURVE('',#1078,#1070,#1080,.T.);
#1078 = VERTEX_POINT('',#1079);
#1079 = CARTESIAN_POINT('',(-12.,-1.574012562893,17.));
#1080 = LINE('',#1081,#1082);
#1081 = CARTESIAN_POINT('',(-12.,-1.574012562893,6.8));
#1082 = VECTOR('',#1083,1.);
#1083 = DIRECTION('',(0.,0.,1.));
#1084 = ORIENTED_EDGE('',*,*,#1085,.T.);
#1085 = EDGE_CURVE('',#1078,#1086,#1088,.T.);
#1086 = VERTEX_POINT('',#1087);
#1087 = CARTESIAN_POINT('',(-12.,0.5,17.));
#1088 = LINE('',#1089,#1090);
#1089 = CARTESIAN_POINT('',(-12.,-5.25,17.));
#1090 = VECTOR('',#1091,1.);
#1091 = DIRECTION('',(-0.,1.,0.));
#1092 = ORIENTED_EDGE('',*,*,#1093,.T.);
#1093 = EDGE_CURVE('',#1086,#296,#1094,.T.);
#1094 = LINE('',#1095,#1096);
#1095 = CARTESIAN_POINT('',(-12.,0.5,16.));
#1096 = VECTOR('',#1097,1.);
#1097 = DIRECTION('',(0.,0.,1.));
#1098 = ORIENTED_EDGE('',*,*,#293,.F.);
#1099 = PLANE('',#1100);
#1100 = AXIS2_PLACEMENT_3D('',#1101,#1102,#1103);
#1101 = CARTESIAN_POINT('',(-12.,-10.5,16.));
#1102 = DIRECTION('',(1.,0.,-0.));
#1103 = DIRECTION('',(0.,0.,1.));
#1104 = ADVANCED_FACE('',(#1105),#1123,.T.);
#1105 = FACE_BOUND('',#1106,.T.);
#1106 = EDGE_LOOP('',(#1107,#1108,#1116,#1122));
#1107 = ORIENTED_EDGE('',*,*,#351,.F.);
#1108 = ORIENTED_EDGE('',*,*,#1109,.F.);
#1109 = EDGE_CURVE('',#1110,#344,#1112,.T.);
#1110 = VERTEX_POINT('',#1111);
#1111 = CARTESIAN_POINT('',(-9.,0.5,17.));
#1112 = LINE('',#1113,#1114);
#1113 = CARTESIAN_POINT('',(-9.,0.5,16.));
#1114 = VECTOR('',#1115,1.);
#1115 = DIRECTION('',(0.,0.,1.));
#1116 = ORIENTED_EDGE('',*,*,#1117,.T.);
#1117 = EDGE_CURVE('',#1110,#1086,#1118,.T.);
#1118 = LINE('',#1119,#1120);
#1119 = CARTESIAN_POINT('',(-6.3,0.5,17.));
#1120 = VECTOR('',#1121,1.);
#1121 = DIRECTION('',(-1.,-0.,0.));
#1122 = ORIENTED_EDGE('',*,*,#1093,.T.);
#1123 = PLANE('',#1124);
#1124 = AXIS2_PLACEMENT_3D('',#1125,#1126,#1127);
#1125 = CARTESIAN_POINT('',(-12.6,0.5,16.));
#1126 = DIRECTION('',(-0.,1.,0.));
#1127 = DIRECTION('',(0.,0.,1.));
#1128 = ADVANCED_FACE('',(#1129),#1179,.T.);
#1129 = FACE_BOUND('',#1130,.T.);
#1130 = EDGE_LOOP('',(#1131,#1139,#1147,#1155,#1163,#1171,#1177,#1178));
#1131 = ORIENTED_EDGE('',*,*,#1132,.F.);
#1132 = EDGE_CURVE('',#1133,#336,#1135,.T.);
#1133 = VERTEX_POINT('',#1134);
#1134 = CARTESIAN_POINT('',(-9.,-10.5,17.));
#1135 = LINE('',#1136,#1137);
#1136 = CARTESIAN_POINT('',(-9.,-10.5,16.));
#1137 = VECTOR('',#1138,1.);
#1138 = DIRECTION('',(0.,0.,1.));
#1139 = ORIENTED_EDGE('',*,*,#1140,.T.);
#1140 = EDGE_CURVE('',#1133,#1141,#1143,.T.);
#1141 = VERTEX_POINT('',#1142);
#1142 = CARTESIAN_POINT('',(-9.,-3.563987437107,17.));
#1143 = LINE('',#1144,#1145);
#1144 = CARTESIAN_POINT('',(-9.,-5.25,17.));
#1145 = VECTOR('',#1146,1.);
#1146 = DIRECTION('',(-0.,1.,0.));
#1147 = ORIENTED_EDGE('',*,*,#1148,.T.);
#1148 = EDGE_CURVE('',#1141,#1149,#1151,.T.);
#1149 = VERTEX_POINT('',#1150);
#1150 = CARTESIAN_POINT('',(-9.,-3.563987437107,17.5));
#1151 = LINE('',#1152,#1153);
#1152 = CARTESIAN_POINT('',(-9.,-3.563987437107,6.8));
#1153 = VECTOR('',#1154,1.);
#1154 = DIRECTION('',(0.,0.,1.));
#1155 = ORIENTED_EDGE('',*,*,#1156,.F.);
#1156 = EDGE_CURVE('',#1157,#1149,#1159,.T.);
#1157 = VERTEX_POINT('',#1158);
#1158 = CARTESIAN_POINT('',(-9.,-1.574012562893,17.5));
#1159 = LINE('',#1160,#1161);
#1160 = CARTESIAN_POINT('',(-9.,-6.5345,17.5));
#1161 = VECTOR('',#1162,1.);
#1162 = DIRECTION('',(0.,-1.,0.));
#1163 = ORIENTED_EDGE('',*,*,#1164,.F.);
#1164 = EDGE_CURVE('',#1165,#1157,#1167,.T.);
#1165 = VERTEX_POINT('',#1166);
#1166 = CARTESIAN_POINT('',(-9.,-1.574012562893,17.));
#1167 = LINE('',#1168,#1169);
#1168 = CARTESIAN_POINT('',(-9.,-1.574012562893,6.8));
#1169 = VECTOR('',#1170,1.);
#1170 = DIRECTION('',(0.,0.,1.));
#1171 = ORIENTED_EDGE('',*,*,#1172,.T.);
#1172 = EDGE_CURVE('',#1165,#1110,#1173,.T.);
#1173 = LINE('',#1174,#1175);
#1174 = CARTESIAN_POINT('',(-9.,-5.25,17.));
#1175 = VECTOR('',#1176,1.);
#1176 = DIRECTION('',(-0.,1.,0.));
#1177 = ORIENTED_EDGE('',*,*,#1109,.T.);
#1178 = ORIENTED_EDGE('',*,*,#343,.F.);
#1179 = PLANE('',#1180);
#1180 = AXIS2_PLACEMENT_3D('',#1181,#1182,#1183);
#1181 = CARTESIAN_POINT('',(-9.,-10.5,16.));
#1182 = DIRECTION('',(1.,0.,-0.));
#1183 = DIRECTION('',(0.,0.,1.));
#1184 = ADVANCED_FACE('',(#1185),#1203,.T.);
#1185 = FACE_BOUND('',#1186,.T.);
#1186 = EDGE_LOOP('',(#1187,#1195,#1201,#1202));
#1187 = ORIENTED_EDGE('',*,*,#1188,.F.);
#1188 = EDGE_CURVE('',#1189,#328,#1191,.T.);
#1189 = VERTEX_POINT('',#1190);
#1190 = CARTESIAN_POINT('',(-8.4,-10.5,17.));
#1191 = LINE('',#1192,#1193);
#1192 = CARTESIAN_POINT('',(-8.4,-10.5,16.));
#1193 = VECTOR('',#1194,1.);
#1194 = DIRECTION('',(0.,0.,1.));
#1195 = ORIENTED_EDGE('',*,*,#1196,.T.);
#1196 = EDGE_CURVE('',#1189,#1133,#1197,.T.);
#1197 = LINE('',#1198,#1199);
#1198 = CARTESIAN_POINT('',(-4.5,-10.5,17.));
#1199 = VECTOR('',#1200,1.);
#1200 = DIRECTION('',(-1.,-0.,0.));
#1201 = ORIENTED_EDGE('',*,*,#1132,.T.);
#1202 = ORIENTED_EDGE('',*,*,#335,.F.);
#1203 = PLANE('',#1204);
#1204 = AXIS2_PLACEMENT_3D('',#1205,#1206,#1207);
#1205 = CARTESIAN_POINT('',(-9.,-10.5,16.));
#1206 = DIRECTION('',(-0.,1.,0.));
#1207 = DIRECTION('',(0.,0.,1.));
#1208 = ADVANCED_FACE('',(#1209),#1227,.T.);
#1209 = FACE_BOUND('',#1210,.T.);
#1210 = EDGE_LOOP('',(#1211,#1212,#1220,#1226));
#1211 = ORIENTED_EDGE('',*,*,#1045,.F.);
#1212 = ORIENTED_EDGE('',*,*,#1213,.T.);
#1213 = EDGE_CURVE('',#1046,#1214,#1216,.T.);
#1214 = VERTEX_POINT('',#1215);
#1215 = CARTESIAN_POINT('',(-12.6,-10.5,17.));
#1216 = LINE('',#1217,#1218);
#1217 = CARTESIAN_POINT('',(-6.3,-10.5,17.));
#1218 = VECTOR('',#1219,1.);
#1219 = DIRECTION('',(-1.,-0.,0.));
#1220 = ORIENTED_EDGE('',*,*,#1221,.T.);
#1221 = EDGE_CURVE('',#1214,#304,#1222,.T.);
#1222 = LINE('',#1223,#1224);
#1223 = CARTESIAN_POINT('',(-12.6,-10.5,16.));
#1224 = VECTOR('',#1225,1.);
#1225 = DIRECTION('',(0.,0.,1.));
#1226 = ORIENTED_EDGE('',*,*,#303,.F.);
#1227 = PLANE('',#1228);
#1228 = AXIS2_PLACEMENT_3D('',#1229,#1230,#1231);
#1229 = CARTESIAN_POINT('',(-12.6,-10.5,16.));
#1230 = DIRECTION('',(-0.,1.,0.));
#1231 = DIRECTION('',(0.,0.,1.));
#1232 = ADVANCED_FACE('',(#1233),#1257,.F.);
#1233 = FACE_BOUND('',#1234,.F.);
#1234 = EDGE_LOOP('',(#1235,#1242,#1251,#1256));
#1235 = ORIENTED_EDGE('',*,*,#1236,.F.);
#1236 = EDGE_CURVE('',#1237,#362,#1239,.T.);
#1237 = VERTEX_POINT('',#1238);
#1238 = CARTESIAN_POINT('',(4.,-9.569,17.9));
#1239 = B_SPLINE_CURVE_WITH_KNOTS('',1,(#1240,#1241),.UNSPECIFIED.,.F.,
  .F.,(2,2),(0.,1.),.PIECEWISE_BEZIER_KNOTS.);
#1240 = CARTESIAN_POINT('',(4.,-9.569,17.9));
#1241 = CARTESIAN_POINT('',(4.01,-10.179,18.51));
#1242 = ORIENTED_EDGE('',*,*,#1243,.T.);
#1243 = EDGE_CURVE('',#1237,#1244,#1246,.T.);
#1244 = VERTEX_POINT('',#1245);
#1245 = CARTESIAN_POINT('',(7.,-6.569,17.9));
#1246 = CIRCLE('',#1247,3.);
#1247 = AXIS2_PLACEMENT_3D('',#1248,#1249,#1250);
#1248 = CARTESIAN_POINT('',(4.,-6.569,17.9));
#1249 = DIRECTION('',(0.,0.,1.));
#1250 = DIRECTION('',(1.,0.,-0.));
#1251 = ORIENTED_EDGE('',*,*,#1252,.T.);
#1252 = EDGE_CURVE('',#1244,#360,#1253,.T.);
#1253 = B_SPLINE_CURVE_WITH_KNOTS('',1,(#1254,#1255),.UNSPECIFIED.,.F.,
  .F.,(2,2),(0.,1.),.PIECEWISE_BEZIER_KNOTS.);
#1254 = CARTESIAN_POINT('',(7.,-6.569,17.9));
#1255 = CARTESIAN_POINT('',(7.61,-6.579,18.51));
#1256 = ORIENTED_EDGE('',*,*,#359,.T.);
#1257 = B_SPLINE_SURFACE_WITH_KNOTS('',8,1,(
    (#1258,#1259)
    ,(#1260,#1261)
    ,(#1262,#1263)
    ,(#1264,#1265)
    ,(#1266,#1267)
    ,(#1268,#1269)
    ,(#1270,#1271)
    ,(#1272,#1273)
    ,(#1274,#1275
    )),.UNSPECIFIED.,.F.,.F.,.F.,(9,9),(2,2),(4.712388980385,
    6.28318530718),(0.,1.),.PIECEWISE_BEZIER_KNOTS.);
#1258 = CARTESIAN_POINT('',(4.,-9.569,17.9));
#1259 = CARTESIAN_POINT('',(4.01,-10.179,18.51));
#1260 = CARTESIAN_POINT('',(4.589048622548,-9.569,17.9));
#1261 = CARTESIAN_POINT('',(4.716858347058,-10.179,18.51));
#1262 = CARTESIAN_POINT('',(5.178097430513,-9.436817633117,
    17.900000000001));
#1263 = CARTESIAN_POINT('',(5.423716916616,-10.02038115974,
    18.510000000001));
#1264 = CARTESIAN_POINT('',(5.732539703005,-9.172454197614,
    17.899999999999));
#1265 = CARTESIAN_POINT('',(6.089047643606,-9.703145037137,
    18.509999999999));
#1266 = CARTESIAN_POINT('',(6.21777626734,-8.78677626734,17.900000000002
    ));
#1267 = CARTESIAN_POINT('',(6.671331520808,-9.240331520808,
    18.510000000001));
#1268 = CARTESIAN_POINT('',(6.603454197614,-8.301539703005,
    17.899999999999));
#1269 = CARTESIAN_POINT('',(7.134145037137,-8.658047643606,
    18.509999999999));
#1270 = CARTESIAN_POINT('',(6.867817633117,-7.747097430513,
    17.900000000001));
#1271 = CARTESIAN_POINT('',(7.45138115974,-7.992716916615,18.51));
#1272 = CARTESIAN_POINT('',(7.,-7.158048622548,17.9));
#1273 = CARTESIAN_POINT('',(7.61,-7.285858347058,18.51));
#1274 = CARTESIAN_POINT('',(7.,-6.569,17.9));
#1275 = CARTESIAN_POINT('',(7.61,-6.579,18.51));
#1276 = ADVANCED_FACE('',(#1277),#1294,.F.);
#1277 = FACE_BOUND('',#1278,.F.);
#1278 = EDGE_LOOP('',(#1279,#1280,#1288,#1293));
#1279 = ORIENTED_EDGE('',*,*,#1252,.F.);
#1280 = ORIENTED_EDGE('',*,*,#1281,.T.);
#1281 = EDGE_CURVE('',#1244,#1282,#1284,.T.);
#1282 = VERTEX_POINT('',#1283);
#1283 = CARTESIAN_POINT('',(7.,1.431,17.9));
#1284 = LINE('',#1285,#1286);
#1285 = CARTESIAN_POINT('',(7.,-6.569,17.9));
#1286 = VECTOR('',#1287,1.);
#1287 = DIRECTION('',(0.,1.,0.));
#1288 = ORIENTED_EDGE('',*,*,#1289,.T.);
#1289 = EDGE_CURVE('',#1282,#464,#1290,.T.);
#1290 = B_SPLINE_CURVE_WITH_KNOTS('',1,(#1291,#1292),.UNSPECIFIED.,.F.,
  .F.,(2,2),(0.,1.),.PIECEWISE_BEZIER_KNOTS.);
#1291 = CARTESIAN_POINT('',(7.,1.431,17.9));
#1292 = CARTESIAN_POINT('',(7.61,1.441,18.51));
#1293 = ORIENTED_EDGE('',*,*,#490,.T.);
#1294 = B_SPLINE_SURFACE_WITH_KNOTS('',1,1,(
    (#1295,#1296)
    ,(#1297,#1298
    )),.UNSPECIFIED.,.F.,.F.,.F.,(2,2),(2,2),(0.,8.02),(0.,1.),
  .PIECEWISE_BEZIER_KNOTS.);
#1295 = CARTESIAN_POINT('',(7.,-6.569,17.9));
#1296 = CARTESIAN_POINT('',(7.61,-6.579,18.51));
#1297 = CARTESIAN_POINT('',(7.,1.431,17.9));
#1298 = CARTESIAN_POINT('',(7.61,1.441,18.51));
#1299 = ADVANCED_FACE('',(#1300),#1317,.F.);
#1300 = FACE_BOUND('',#1301,.F.);
#1301 = EDGE_LOOP('',(#1302,#1309,#1315,#1316));
#1302 = ORIENTED_EDGE('',*,*,#1303,.F.);
#1303 = EDGE_CURVE('',#1304,#389,#1306,.T.);
#1304 = VERTEX_POINT('',#1305);
#1305 = CARTESIAN_POINT('',(-4.,-9.569,17.9));
#1306 = B_SPLINE_CURVE_WITH_KNOTS('',1,(#1307,#1308),.UNSPECIFIED.,.F.,
  .F.,(2,2),(0.,1.),.PIECEWISE_BEZIER_KNOTS.);
#1307 = CARTESIAN_POINT('',(-4.,-9.569,17.9));
#1308 = CARTESIAN_POINT('',(-4.01,-10.179,18.51));
#1309 = ORIENTED_EDGE('',*,*,#1310,.T.);
#1310 = EDGE_CURVE('',#1304,#1237,#1311,.T.);
#1311 = LINE('',#1312,#1313);
#1312 = CARTESIAN_POINT('',(-4.,-9.569,17.9));
#1313 = VECTOR('',#1314,1.);
#1314 = DIRECTION('',(1.,0.,0.));
#1315 = ORIENTED_EDGE('',*,*,#1236,.T.);
#1316 = ORIENTED_EDGE('',*,*,#388,.T.);
#1317 = B_SPLINE_SURFACE_WITH_KNOTS('',1,1,(
    (#1318,#1319)
    ,(#1320,#1321
    )),.UNSPECIFIED.,.F.,.F.,.F.,(2,2),(2,2),(0.,8.02),(0.,1.),
  .PIECEWISE_BEZIER_KNOTS.);
#1318 = CARTESIAN_POINT('',(-4.,-9.569,17.9));
#1319 = CARTESIAN_POINT('',(-4.01,-10.179,18.51));
#1320 = CARTESIAN_POINT('',(4.,-9.569,17.9));
#1321 = CARTESIAN_POINT('',(4.01,-10.179,18.51));
#1322 = ADVANCED_FACE('',(#1323),#1341,.F.);
#1323 = FACE_BOUND('',#1324,.F.);
#1324 = EDGE_LOOP('',(#1325,#1326,#1335,#1340));
#1325 = ORIENTED_EDGE('',*,*,#1289,.F.);
#1326 = ORIENTED_EDGE('',*,*,#1327,.T.);
#1327 = EDGE_CURVE('',#1282,#1328,#1330,.T.);
#1328 = VERTEX_POINT('',#1329);
#1329 = CARTESIAN_POINT('',(4.,4.431,17.9));
#1330 = CIRCLE('',#1331,3.);
#1331 = AXIS2_PLACEMENT_3D('',#1332,#1333,#1334);
#1332 = CARTESIAN_POINT('',(4.,1.431,17.9));
#1333 = DIRECTION('',(0.,0.,1.));
#1334 = DIRECTION('',(1.,0.,-0.));
#1335 = ORIENTED_EDGE('',*,*,#1336,.T.);
#1336 = EDGE_CURVE('',#1328,#457,#1337,.T.);
#1337 = B_SPLINE_CURVE_WITH_KNOTS('',1,(#1338,#1339),.UNSPECIFIED.,.F.,
  .F.,(2,2),(0.,1.),.PIECEWISE_BEZIER_KNOTS.);
#1338 = CARTESIAN_POINT('',(4.,4.431,17.9));
#1339 = CARTESIAN_POINT('',(4.01,5.041,18.51));
#1340 = ORIENTED_EDGE('',*,*,#463,.T.);
#1341 = B_SPLINE_SURFACE_WITH_KNOTS('',8,1,(
    (#1342,#1343)
    ,(#1344,#1345)
    ,(#1346,#1347)
    ,(#1348,#1349)
    ,(#1350,#1351)
    ,(#1352,#1353)
    ,(#1354,#1355)
    ,(#1356,#1357)
    ,(#1358,#1359
    )),.UNSPECIFIED.,.F.,.F.,.F.,(9,9),(2,2),(0.,1.570796326795),(0.,1.)
  ,.PIECEWISE_BEZIER_KNOTS.);
#1342 = CARTESIAN_POINT('',(7.,1.431,17.9));
#1343 = CARTESIAN_POINT('',(7.61,1.441,18.51));
#1344 = CARTESIAN_POINT('',(7.,2.020048622548,17.9));
#1345 = CARTESIAN_POINT('',(7.61,2.147858347058,18.51));
#1346 = CARTESIAN_POINT('',(6.867817633116,2.609097430513,17.9));
#1347 = CARTESIAN_POINT('',(7.45138115974,2.854716916615,18.51));
#1348 = CARTESIAN_POINT('',(6.603454197614,3.163539703005,17.9));
#1349 = CARTESIAN_POINT('',(7.134145037137,3.520047643606,
    18.510000000001));
#1350 = CARTESIAN_POINT('',(6.21777626734,3.64877626734,17.9));
#1351 = CARTESIAN_POINT('',(6.671331520808,4.102331520807,
    18.509999999999));
#1352 = CARTESIAN_POINT('',(5.732539703005,4.034454197614,17.9));
#1353 = CARTESIAN_POINT('',(6.089047643606,4.565145037137,
    18.510000000001));
#1354 = CARTESIAN_POINT('',(5.178097430513,4.298817633116,17.9));
#1355 = CARTESIAN_POINT('',(5.423716916615,4.88238115974,18.51));
#1356 = CARTESIAN_POINT('',(4.589048622548,4.431,17.9));
#1357 = CARTESIAN_POINT('',(4.716858347058,5.041,18.51));
#1358 = CARTESIAN_POINT('',(4.,4.431,17.9));
#1359 = CARTESIAN_POINT('',(4.01,5.041,18.51));
#1360 = ADVANCED_FACE('',(#1361),#1379,.F.);
#1361 = FACE_BOUND('',#1362,.F.);
#1362 = EDGE_LOOP('',(#1363,#1370,#1377,#1378));
#1363 = ORIENTED_EDGE('',*,*,#1364,.F.);
#1364 = EDGE_CURVE('',#1365,#396,#1367,.T.);
#1365 = VERTEX_POINT('',#1366);
#1366 = CARTESIAN_POINT('',(-7.,-6.569,17.9));
#1367 = B_SPLINE_CURVE_WITH_KNOTS('',1,(#1368,#1369),.UNSPECIFIED.,.F.,
  .F.,(2,2),(0.,1.),.PIECEWISE_BEZIER_KNOTS.);
#1368 = CARTESIAN_POINT('',(-7.,-6.569,17.9));
#1369 = CARTESIAN_POINT('',(-7.61,-6.579,18.51));
#1370 = ORIENTED_EDGE('',*,*,#1371,.T.);
#1371 = EDGE_CURVE('',#1365,#1304,#1372,.T.);
#1372 = CIRCLE('',#1373,3.);
#1373 = AXIS2_PLACEMENT_3D('',#1374,#1375,#1376);
#1374 = CARTESIAN_POINT('',(-4.,-6.569,17.9));
#1375 = DIRECTION('',(0.,0.,1.));
#1376 = DIRECTION('',(1.,0.,-0.));
#1377 = ORIENTED_EDGE('',*,*,#1303,.T.);
#1378 = ORIENTED_EDGE('',*,*,#395,.T.);
#1379 = B_SPLINE_SURFACE_WITH_KNOTS('',8,1,(
    (#1380,#1381)
    ,(#1382,#1383)
    ,(#1384,#1385)
    ,(#1386,#1387)
    ,(#1388,#1389)
    ,(#1390,#1391)
    ,(#1392,#1393)
    ,(#1394,#1395)
    ,(#1396,#1397
    )),.UNSPECIFIED.,.F.,.F.,.F.,(9,9),(2,2),(3.14159265359,
    4.712388980385),(0.,1.),.PIECEWISE_BEZIER_KNOTS.);
#1380 = CARTESIAN_POINT('',(-7.,-6.569,17.9));
#1381 = CARTESIAN_POINT('',(-7.61,-6.579,18.51));
#1382 = CARTESIAN_POINT('',(-7.,-7.158048622548,17.9));
#1383 = CARTESIAN_POINT('',(-7.61,-7.285858347058,18.51));
#1384 = CARTESIAN_POINT('',(-6.867817633117,-7.747097430513,
    17.900000000001));
#1385 = CARTESIAN_POINT('',(-7.45138115974,-7.992716916616,
    18.510000000001));
#1386 = CARTESIAN_POINT('',(-6.603454197614,-8.301539703005,
    17.899999999999));
#1387 = CARTESIAN_POINT('',(-7.134145037137,-8.658047643606,
    18.509999999999));
#1388 = CARTESIAN_POINT('',(-6.21777626734,-8.78677626734,
    17.900000000001));
#1389 = CARTESIAN_POINT('',(-6.671331520808,-9.240331520808,
    18.510000000001));
#1390 = CARTESIAN_POINT('',(-5.732539703005,-9.172454197614,
    17.899999999999));
#1391 = CARTESIAN_POINT('',(-6.089047643606,-9.703145037137,
    18.509999999999));
#1392 = CARTESIAN_POINT('',(-5.178097430513,-9.436817633117,17.9));
#1393 = CARTESIAN_POINT('',(-5.423716916615,-10.02038115974,18.51));
#1394 = CARTESIAN_POINT('',(-4.589048622548,-9.569,17.9));
#1395 = CARTESIAN_POINT('',(-4.716858347058,-10.179,18.51));
#1396 = CARTESIAN_POINT('',(-4.,-9.569,17.9));
#1397 = CARTESIAN_POINT('',(-4.01,-10.179,18.51));
#1398 = ADVANCED_FACE('',(#1399),#1416,.F.);
#1399 = FACE_BOUND('',#1400,.F.);
#1400 = EDGE_LOOP('',(#1401,#1402,#1410,#1415));
#1401 = ORIENTED_EDGE('',*,*,#1336,.F.);
#1402 = ORIENTED_EDGE('',*,*,#1403,.T.);
#1403 = EDGE_CURVE('',#1328,#1404,#1406,.T.);
#1404 = VERTEX_POINT('',#1405);
#1405 = CARTESIAN_POINT('',(-4.,4.431,17.9));
#1406 = LINE('',#1407,#1408);
#1407 = CARTESIAN_POINT('',(4.,4.431,17.9));
#1408 = VECTOR('',#1409,1.);
#1409 = DIRECTION('',(-1.,0.,0.));
#1410 = ORIENTED_EDGE('',*,*,#1411,.T.);
#1411 = EDGE_CURVE('',#1404,#430,#1412,.T.);
#1412 = B_SPLINE_CURVE_WITH_KNOTS('',1,(#1413,#1414),.UNSPECIFIED.,.F.,
  .F.,(2,2),(0.,1.),.PIECEWISE_BEZIER_KNOTS.);
#1413 = CARTESIAN_POINT('',(-4.,4.431,17.9));
#1414 = CARTESIAN_POINT('',(-4.01,5.041,18.51));
#1415 = ORIENTED_EDGE('',*,*,#456,.T.);
#1416 = B_SPLINE_SURFACE_WITH_KNOTS('',1,1,(
    (#1417,#1418)
    ,(#1419,#1420
    )),.UNSPECIFIED.,.F.,.F.,.F.,(2,2),(2,2),(0.,8.02),(0.,1.),
  .PIECEWISE_BEZIER_KNOTS.);
#1417 = CARTESIAN_POINT('',(4.,4.431,17.9));
#1418 = CARTESIAN_POINT('',(4.01,5.041,18.51));
#1419 = CARTESIAN_POINT('',(-4.,4.431,17.9));
#1420 = CARTESIAN_POINT('',(-4.01,5.041,18.51));
#1421 = ADVANCED_FACE('',(#1422),#1439,.F.);
#1422 = FACE_BOUND('',#1423,.F.);
#1423 = EDGE_LOOP('',(#1424,#1431,#1437,#1438));
#1424 = ORIENTED_EDGE('',*,*,#1425,.F.);
#1425 = EDGE_CURVE('',#1426,#423,#1428,.T.);
#1426 = VERTEX_POINT('',#1427);
#1427 = CARTESIAN_POINT('',(-7.,1.431,17.9));
#1428 = B_SPLINE_CURVE_WITH_KNOTS('',1,(#1429,#1430),.UNSPECIFIED.,.F.,
  .F.,(2,2),(0.,1.),.PIECEWISE_BEZIER_KNOTS.);
#1429 = CARTESIAN_POINT('',(-7.,1.431,17.9));
#1430 = CARTESIAN_POINT('',(-7.61,1.441,18.51));
#1431 = ORIENTED_EDGE('',*,*,#1432,.T.);
#1432 = EDGE_CURVE('',#1426,#1365,#1433,.T.);
#1433 = LINE('',#1434,#1435);
#1434 = CARTESIAN_POINT('',(-7.,1.431,17.9));
#1435 = VECTOR('',#1436,1.);
#1436 = DIRECTION('',(0.,-1.,0.));
#1437 = ORIENTED_EDGE('',*,*,#1364,.T.);
#1438 = ORIENTED_EDGE('',*,*,#422,.T.);
#1439 = B_SPLINE_SURFACE_WITH_KNOTS('',1,1,(
    (#1440,#1441)
    ,(#1442,#1443
    )),.UNSPECIFIED.,.F.,.F.,.F.,(2,2),(2,2),(0.,8.02),(0.,1.),
  .PIECEWISE_BEZIER_KNOTS.);
#1440 = CARTESIAN_POINT('',(-7.,1.431,17.9));
#1441 = CARTESIAN_POINT('',(-7.61,1.441,18.51));
#1442 = CARTESIAN_POINT('',(-7.,-6.569,17.9));
#1443 = CARTESIAN_POINT('',(-7.61,-6.579,18.51));
#1444 = ADVANCED_FACE('',(#1445),#1457,.F.);
#1445 = FACE_BOUND('',#1446,.F.);
#1446 = EDGE_LOOP('',(#1447,#1448,#1455,#1456));
#1447 = ORIENTED_EDGE('',*,*,#1411,.F.);
#1448 = ORIENTED_EDGE('',*,*,#1449,.T.);
#1449 = EDGE_CURVE('',#1404,#1426,#1450,.T.);
#1450 = CIRCLE('',#1451,3.);
#1451 = AXIS2_PLACEMENT_3D('',#1452,#1453,#1454);
#1452 = CARTESIAN_POINT('',(-4.,1.431,17.9));
#1453 = DIRECTION('',(0.,0.,1.));
#1454 = DIRECTION('',(1.,0.,-0.));
#1455 = ORIENTED_EDGE('',*,*,#1425,.T.);
#1456 = ORIENTED_EDGE('',*,*,#429,.T.);
#1457 = B_SPLINE_SURFACE_WITH_KNOTS('',8,1,(
    (#1458,#1459)
    ,(#1460,#1461)
    ,(#1462,#1463)
    ,(#1464,#1465)
    ,(#1466,#1467)
    ,(#1468,#1469)
    ,(#1470,#1471)
    ,(#1472,#1473)
    ,(#1474,#1475
    )),.UNSPECIFIED.,.F.,.F.,.F.,(9,9),(2,2),(1.570796326795,
    3.14159265359),(0.,1.),.PIECEWISE_BEZIER_KNOTS.);
#1458 = CARTESIAN_POINT('',(-4.,4.431,17.9));
#1459 = CARTESIAN_POINT('',(-4.01,5.041,18.51));
#1460 = CARTESIAN_POINT('',(-4.589048622548,4.431,17.9));
#1461 = CARTESIAN_POINT('',(-4.716858347058,5.041,18.51));
#1462 = CARTESIAN_POINT('',(-5.178097430513,4.298817633116,17.9));
#1463 = CARTESIAN_POINT('',(-5.423716916615,4.88238115974,18.51));
#1464 = CARTESIAN_POINT('',(-5.732539703005,4.034454197614,17.9));
#1465 = CARTESIAN_POINT('',(-6.089047643606,4.565145037137,18.51));
#1466 = CARTESIAN_POINT('',(-6.21777626734,3.64877626734,17.9));
#1467 = CARTESIAN_POINT('',(-6.671331520808,4.102331520808,18.51));
#1468 = CARTESIAN_POINT('',(-6.603454197614,3.163539703005,17.9));
#1469 = CARTESIAN_POINT('',(-7.134145037137,3.520047643606,18.51));
#1470 = CARTESIAN_POINT('',(-6.867817633116,2.609097430513,17.9));
#1471 = CARTESIAN_POINT('',(-7.45138115974,2.854716916615,18.51));
#1472 = CARTESIAN_POINT('',(-7.,2.020048622548,17.9));
#1473 = CARTESIAN_POINT('',(-7.61,2.147858347058,18.51));
#1474 = CARTESIAN_POINT('',(-7.,1.431,17.9));
#1475 = CARTESIAN_POINT('',(-7.61,1.441,18.51));
#1476 = ADVANCED_FACE('',(#1477),#1534,.F.);
#1477 = FACE_BOUND('',#1478,.F.);
#1478 = EDGE_LOOP('',(#1479,#1487,#1495,#1503,#1511,#1519,#1527,#1533));
#1479 = ORIENTED_EDGE('',*,*,#1480,.F.);
#1480 = EDGE_CURVE('',#1481,#498,#1483,.T.);
#1481 = VERTEX_POINT('',#1482);
#1482 = CARTESIAN_POINT('',(9.,-10.5,17.));
#1483 = LINE('',#1484,#1485);
#1484 = CARTESIAN_POINT('',(9.,-10.5,16.));
#1485 = VECTOR('',#1486,1.);
#1486 = DIRECTION('',(0.,0.,1.));
#1487 = ORIENTED_EDGE('',*,*,#1488,.T.);
#1488 = EDGE_CURVE('',#1481,#1489,#1491,.T.);
#1489 = VERTEX_POINT('',#1490);
#1490 = CARTESIAN_POINT('',(9.,-3.563987437107,17.));
#1491 = LINE('',#1492,#1493);
#1492 = CARTESIAN_POINT('',(9.,-5.25,17.));
#1493 = VECTOR('',#1494,1.);
#1494 = DIRECTION('',(-0.,1.,0.));
#1495 = ORIENTED_EDGE('',*,*,#1496,.T.);
#1496 = EDGE_CURVE('',#1489,#1497,#1499,.T.);
#1497 = VERTEX_POINT('',#1498);
#1498 = CARTESIAN_POINT('',(9.,-3.563987437107,17.5));
#1499 = LINE('',#1500,#1501);
#1500 = CARTESIAN_POINT('',(9.,-3.563987437107,6.8));
#1501 = VECTOR('',#1502,1.);
#1502 = DIRECTION('',(0.,0.,1.));
#1503 = ORIENTED_EDGE('',*,*,#1504,.F.);
#1504 = EDGE_CURVE('',#1505,#1497,#1507,.T.);
#1505 = VERTEX_POINT('',#1506);
#1506 = CARTESIAN_POINT('',(9.,-1.574012562893,17.5));
#1507 = LINE('',#1508,#1509);
#1508 = CARTESIAN_POINT('',(9.,-6.5345,17.5));
#1509 = VECTOR('',#1510,1.);
#1510 = DIRECTION('',(0.,-1.,0.));
#1511 = ORIENTED_EDGE('',*,*,#1512,.F.);
#1512 = EDGE_CURVE('',#1513,#1505,#1515,.T.);
#1513 = VERTEX_POINT('',#1514);
#1514 = CARTESIAN_POINT('',(9.,-1.574012562893,17.));
#1515 = LINE('',#1516,#1517);
#1516 = CARTESIAN_POINT('',(9.,-1.574012562893,6.8));
#1517 = VECTOR('',#1518,1.);
#1518 = DIRECTION('',(0.,0.,1.));
#1519 = ORIENTED_EDGE('',*,*,#1520,.T.);
#1520 = EDGE_CURVE('',#1513,#1521,#1523,.T.);
#1521 = VERTEX_POINT('',#1522);
#1522 = CARTESIAN_POINT('',(9.,0.5,17.));
#1523 = LINE('',#1524,#1525);
#1524 = CARTESIAN_POINT('',(9.,-5.25,17.));
#1525 = VECTOR('',#1526,1.);
#1526 = DIRECTION('',(-0.,1.,0.));
#1527 = ORIENTED_EDGE('',*,*,#1528,.T.);
#1528 = EDGE_CURVE('',#1521,#500,#1529,.T.);
#1529 = LINE('',#1530,#1531);
#1530 = CARTESIAN_POINT('',(9.,0.5,16.));
#1531 = VECTOR('',#1532,1.);
#1532 = DIRECTION('',(0.,0.,1.));
#1533 = ORIENTED_EDGE('',*,*,#497,.F.);
#1534 = PLANE('',#1535);
#1535 = AXIS2_PLACEMENT_3D('',#1536,#1537,#1538);
#1536 = CARTESIAN_POINT('',(9.,-10.5,16.));
#1537 = DIRECTION('',(1.,0.,-0.));
#1538 = DIRECTION('',(0.,0.,1.));
#1539 = ADVANCED_FACE('',(#1540),#1558,.T.);
#1540 = FACE_BOUND('',#1541,.T.);
#1541 = EDGE_LOOP('',(#1542,#1543,#1551,#1557));
#1542 = ORIENTED_EDGE('',*,*,#1480,.F.);
#1543 = ORIENTED_EDGE('',*,*,#1544,.T.);
#1544 = EDGE_CURVE('',#1481,#1545,#1547,.T.);
#1545 = VERTEX_POINT('',#1546);
#1546 = CARTESIAN_POINT('',(8.4,-10.5,17.));
#1547 = LINE('',#1548,#1549);
#1548 = CARTESIAN_POINT('',(4.2,-10.5,17.));
#1549 = VECTOR('',#1550,1.);
#1550 = DIRECTION('',(-1.,-0.,0.));
#1551 = ORIENTED_EDGE('',*,*,#1552,.T.);
#1552 = EDGE_CURVE('',#1545,#508,#1553,.T.);
#1553 = LINE('',#1554,#1555);
#1554 = CARTESIAN_POINT('',(8.4,-10.5,16.));
#1555 = VECTOR('',#1556,1.);
#1556 = DIRECTION('',(0.,0.,1.));
#1557 = ORIENTED_EDGE('',*,*,#507,.F.);
#1558 = PLANE('',#1559);
#1559 = AXIS2_PLACEMENT_3D('',#1560,#1561,#1562);
#1560 = CARTESIAN_POINT('',(8.4,-10.5,16.));
#1561 = DIRECTION('',(-0.,1.,0.));
#1562 = DIRECTION('',(0.,0.,1.));
#1563 = ADVANCED_FACE('',(#1564),#1582,.T.);
#1564 = FACE_BOUND('',#1565,.T.);
#1565 = EDGE_LOOP('',(#1566,#1567,#1575,#1581));
#1566 = ORIENTED_EDGE('',*,*,#555,.F.);
#1567 = ORIENTED_EDGE('',*,*,#1568,.F.);
#1568 = EDGE_CURVE('',#1569,#548,#1571,.T.);
#1569 = VERTEX_POINT('',#1570);
#1570 = CARTESIAN_POINT('',(12.,0.5,17.));
#1571 = LINE('',#1572,#1573);
#1572 = CARTESIAN_POINT('',(12.,0.5,16.));
#1573 = VECTOR('',#1574,1.);
#1574 = DIRECTION('',(0.,0.,1.));
#1575 = ORIENTED_EDGE('',*,*,#1576,.T.);
#1576 = EDGE_CURVE('',#1569,#1521,#1577,.T.);
#1577 = LINE('',#1578,#1579);
#1578 = CARTESIAN_POINT('',(4.2,0.5,17.));
#1579 = VECTOR('',#1580,1.);
#1580 = DIRECTION('',(-1.,-0.,0.));
#1581 = ORIENTED_EDGE('',*,*,#1528,.T.);
#1582 = PLANE('',#1583);
#1583 = AXIS2_PLACEMENT_3D('',#1584,#1585,#1586);
#1584 = CARTESIAN_POINT('',(8.4,0.5,16.));
#1585 = DIRECTION('',(-0.,1.,0.));
#1586 = DIRECTION('',(0.,0.,1.));
#1587 = ADVANCED_FACE('',(#1588),#1638,.T.);
#1588 = FACE_BOUND('',#1589,.T.);
#1589 = EDGE_LOOP('',(#1590,#1598,#1606,#1614,#1622,#1630,#1636,#1637));
#1590 = ORIENTED_EDGE('',*,*,#1591,.F.);
#1591 = EDGE_CURVE('',#1592,#540,#1594,.T.);
#1592 = VERTEX_POINT('',#1593);
#1593 = CARTESIAN_POINT('',(12.,-10.5,17.));
#1594 = LINE('',#1595,#1596);
#1595 = CARTESIAN_POINT('',(12.,-10.5,16.));
#1596 = VECTOR('',#1597,1.);
#1597 = DIRECTION('',(0.,0.,1.));
#1598 = ORIENTED_EDGE('',*,*,#1599,.T.);
#1599 = EDGE_CURVE('',#1592,#1600,#1602,.T.);
#1600 = VERTEX_POINT('',#1601);
#1601 = CARTESIAN_POINT('',(12.,-3.563987437107,17.));
#1602 = LINE('',#1603,#1604);
#1603 = CARTESIAN_POINT('',(12.,-5.25,17.));
#1604 = VECTOR('',#1605,1.);
#1605 = DIRECTION('',(-0.,1.,0.));
#1606 = ORIENTED_EDGE('',*,*,#1607,.T.);
#1607 = EDGE_CURVE('',#1600,#1608,#1610,.T.);
#1608 = VERTEX_POINT('',#1609);
#1609 = CARTESIAN_POINT('',(12.,-3.563987437107,17.5));
#1610 = LINE('',#1611,#1612);
#1611 = CARTESIAN_POINT('',(12.,-3.563987437107,6.8));
#1612 = VECTOR('',#1613,1.);
#1613 = DIRECTION('',(0.,0.,1.));
#1614 = ORIENTED_EDGE('',*,*,#1615,.F.);
#1615 = EDGE_CURVE('',#1616,#1608,#1618,.T.);
#1616 = VERTEX_POINT('',#1617);
#1617 = CARTESIAN_POINT('',(12.,-1.574012562893,17.5));
#1618 = LINE('',#1619,#1620);
#1619 = CARTESIAN_POINT('',(12.,-6.5345,17.5));
#1620 = VECTOR('',#1621,1.);
#1621 = DIRECTION('',(0.,-1.,0.));
#1622 = ORIENTED_EDGE('',*,*,#1623,.F.);
#1623 = EDGE_CURVE('',#1624,#1616,#1626,.T.);
#1624 = VERTEX_POINT('',#1625);
#1625 = CARTESIAN_POINT('',(12.,-1.574012562893,17.));
#1626 = LINE('',#1627,#1628);
#1627 = CARTESIAN_POINT('',(12.,-1.574012562893,6.8));
#1628 = VECTOR('',#1629,1.);
#1629 = DIRECTION('',(0.,0.,1.));
#1630 = ORIENTED_EDGE('',*,*,#1631,.T.);
#1631 = EDGE_CURVE('',#1624,#1569,#1632,.T.);
#1632 = LINE('',#1633,#1634);
#1633 = CARTESIAN_POINT('',(12.,-5.25,17.));
#1634 = VECTOR('',#1635,1.);
#1635 = DIRECTION('',(-0.,1.,0.));
#1636 = ORIENTED_EDGE('',*,*,#1568,.T.);
#1637 = ORIENTED_EDGE('',*,*,#547,.F.);
#1638 = PLANE('',#1639);
#1639 = AXIS2_PLACEMENT_3D('',#1640,#1641,#1642);
#1640 = CARTESIAN_POINT('',(12.,-10.5,16.));
#1641 = DIRECTION('',(1.,0.,-0.));
#1642 = DIRECTION('',(0.,0.,1.));
#1643 = ADVANCED_FACE('',(#1644),#1662,.T.);
#1644 = FACE_BOUND('',#1645,.T.);
#1645 = EDGE_LOOP('',(#1646,#1654,#1660,#1661));
#1646 = ORIENTED_EDGE('',*,*,#1647,.F.);
#1647 = EDGE_CURVE('',#1648,#532,#1650,.T.);
#1648 = VERTEX_POINT('',#1649);
#1649 = CARTESIAN_POINT('',(12.6,-10.5,17.));
#1650 = LINE('',#1651,#1652);
#1651 = CARTESIAN_POINT('',(12.6,-10.5,16.));
#1652 = VECTOR('',#1653,1.);
#1653 = DIRECTION('',(0.,0.,1.));
#1654 = ORIENTED_EDGE('',*,*,#1655,.T.);
#1655 = EDGE_CURVE('',#1648,#1592,#1656,.T.);
#1656 = LINE('',#1657,#1658);
#1657 = CARTESIAN_POINT('',(6.,-10.5,17.));
#1658 = VECTOR('',#1659,1.);
#1659 = DIRECTION('',(-1.,-0.,0.));
#1660 = ORIENTED_EDGE('',*,*,#1591,.T.);
#1661 = ORIENTED_EDGE('',*,*,#539,.F.);
#1662 = PLANE('',#1663);
#1663 = AXIS2_PLACEMENT_3D('',#1664,#1665,#1666);
#1664 = CARTESIAN_POINT('',(12.,-10.5,16.));
#1665 = DIRECTION('',(-0.,1.,0.));
#1666 = DIRECTION('',(0.,0.,1.));
#1667 = ADVANCED_FACE('',(#1668),#1693,.F.);
#1668 = FACE_BOUND('',#1669,.F.);
#1669 = EDGE_LOOP('',(#1670,#1678,#1686,#1692));
#1670 = ORIENTED_EDGE('',*,*,#1671,.F.);
#1671 = EDGE_CURVE('',#1672,#564,#1674,.T.);
#1672 = VERTEX_POINT('',#1673);
#1673 = CARTESIAN_POINT('',(-2.,7.831,17.));
#1674 = LINE('',#1675,#1676);
#1675 = CARTESIAN_POINT('',(-2.,7.831,16.));
#1676 = VECTOR('',#1677,1.);
#1677 = DIRECTION('',(0.,0.,1.));
#1678 = ORIENTED_EDGE('',*,*,#1679,.T.);
#1679 = EDGE_CURVE('',#1672,#1680,#1682,.T.);
#1680 = VERTEX_POINT('',#1681);
#1681 = CARTESIAN_POINT('',(-2.,8.431,17.));
#1682 = LINE('',#1683,#1684);
#1683 = CARTESIAN_POINT('',(-2.,3.9155,17.));
#1684 = VECTOR('',#1685,1.);
#1685 = DIRECTION('',(-0.,1.,0.));
#1686 = ORIENTED_EDGE('',*,*,#1687,.T.);
#1687 = EDGE_CURVE('',#1680,#566,#1688,.T.);
#1688 = LINE('',#1689,#1690);
#1689 = CARTESIAN_POINT('',(-2.,8.431,16.));
#1690 = VECTOR('',#1691,1.);
#1691 = DIRECTION('',(0.,0.,1.));
#1692 = ORIENTED_EDGE('',*,*,#563,.F.);
#1693 = PLANE('',#1694);
#1694 = AXIS2_PLACEMENT_3D('',#1695,#1696,#1697);
#1695 = CARTESIAN_POINT('',(-2.,7.831,16.));
#1696 = DIRECTION('',(1.,0.,-0.));
#1697 = DIRECTION('',(0.,0.,1.));
#1698 = ADVANCED_FACE('',(#1699),#1749,.F.);
#1699 = FACE_BOUND('',#1700,.F.);
#1700 = EDGE_LOOP('',(#1701,#1702,#1710,#1718,#1726,#1734,#1742,#1748));
#1701 = ORIENTED_EDGE('',*,*,#1687,.F.);
#1702 = ORIENTED_EDGE('',*,*,#1703,.T.);
#1703 = EDGE_CURVE('',#1680,#1704,#1706,.T.);
#1704 = VERTEX_POINT('',#1705);
#1705 = CARTESIAN_POINT('',(-9.505012562893,8.431,17.));
#1706 = LINE('',#1707,#1708);
#1707 = CARTESIAN_POINT('',(-6.3,8.431,17.));
#1708 = VECTOR('',#1709,1.);
#1709 = DIRECTION('',(-1.,-0.,0.));
#1710 = ORIENTED_EDGE('',*,*,#1711,.T.);
#1711 = EDGE_CURVE('',#1704,#1712,#1714,.T.);
#1712 = VERTEX_POINT('',#1713);
#1713 = CARTESIAN_POINT('',(-9.505012562893,8.431,17.5));
#1714 = LINE('',#1715,#1716);
#1715 = CARTESIAN_POINT('',(-9.505012562893,8.431,6.8));
#1716 = VECTOR('',#1717,1.);
#1717 = DIRECTION('',(0.,0.,1.));
#1718 = ORIENTED_EDGE('',*,*,#1719,.F.);
#1719 = EDGE_CURVE('',#1720,#1712,#1722,.T.);
#1720 = VERTEX_POINT('',#1721);
#1721 = CARTESIAN_POINT('',(-11.4949874371,8.431,17.5));
#1722 = LINE('',#1723,#1724);
#1723 = CARTESIAN_POINT('',(-11.55,8.431,17.5));
#1724 = VECTOR('',#1725,1.);
#1725 = DIRECTION('',(1.,0.,-0.));
#1726 = ORIENTED_EDGE('',*,*,#1727,.F.);
#1727 = EDGE_CURVE('',#1728,#1720,#1730,.T.);
#1728 = VERTEX_POINT('',#1729);
#1729 = CARTESIAN_POINT('',(-11.4949874371,8.431,17.));
#1730 = LINE('',#1731,#1732);
#1731 = CARTESIAN_POINT('',(-11.4949874371,8.431,6.8));
#1732 = VECTOR('',#1733,1.);
#1733 = DIRECTION('',(0.,0.,1.));
#1734 = ORIENTED_EDGE('',*,*,#1735,.T.);
#1735 = EDGE_CURVE('',#1728,#1736,#1738,.T.);
#1736 = VERTEX_POINT('',#1737);
#1737 = CARTESIAN_POINT('',(-12.,8.431,17.));
#1738 = LINE('',#1739,#1740);
#1739 = CARTESIAN_POINT('',(-6.3,8.431,17.));
#1740 = VECTOR('',#1741,1.);
#1741 = DIRECTION('',(-1.,-0.,0.));
#1742 = ORIENTED_EDGE('',*,*,#1743,.F.);
#1743 = EDGE_CURVE('',#614,#1736,#1744,.T.);
#1744 = LINE('',#1745,#1746);
#1745 = CARTESIAN_POINT('',(-12.,8.431,16.));
#1746 = VECTOR('',#1747,1.);
#1747 = DIRECTION('',(-0.,0.,-1.));
#1748 = ORIENTED_EDGE('',*,*,#621,.F.);
#1749 = PLANE('',#1750);
#1750 = AXIS2_PLACEMENT_3D('',#1751,#1752,#1753);
#1751 = CARTESIAN_POINT('',(-12.6,8.431,16.));
#1752 = DIRECTION('',(-0.,1.,0.));
#1753 = DIRECTION('',(0.,0.,1.));
#1754 = ADVANCED_FACE('',(#1755),#1805,.F.);
#1755 = FACE_BOUND('',#1756,.F.);
#1756 = EDGE_LOOP('',(#1757,#1758,#1759,#1767,#1775,#1783,#1791,#1799));
#1757 = ORIENTED_EDGE('',*,*,#613,.F.);
#1758 = ORIENTED_EDGE('',*,*,#1743,.T.);
#1759 = ORIENTED_EDGE('',*,*,#1760,.T.);
#1760 = EDGE_CURVE('',#1736,#1761,#1763,.T.);
#1761 = VERTEX_POINT('',#1762);
#1762 = CARTESIAN_POINT('',(-12.,8.936012562893,17.));
#1763 = LINE('',#1764,#1765);
#1764 = CARTESIAN_POINT('',(-12.,3.9155,17.));
#1765 = VECTOR('',#1766,1.);
#1766 = DIRECTION('',(-0.,1.,0.));
#1767 = ORIENTED_EDGE('',*,*,#1768,.T.);
#1768 = EDGE_CURVE('',#1761,#1769,#1771,.T.);
#1769 = VERTEX_POINT('',#1770);
#1770 = CARTESIAN_POINT('',(-12.,8.936012562893,17.5));
#1771 = LINE('',#1772,#1773);
#1772 = CARTESIAN_POINT('',(-12.,8.936012562893,6.8));
#1773 = VECTOR('',#1774,1.);
#1774 = DIRECTION('',(0.,0.,1.));
#1775 = ORIENTED_EDGE('',*,*,#1776,.F.);
#1776 = EDGE_CURVE('',#1777,#1769,#1779,.T.);
#1777 = VERTEX_POINT('',#1778);
#1778 = CARTESIAN_POINT('',(-12.,10.925987437107,17.5));
#1779 = LINE('',#1780,#1781);
#1780 = CARTESIAN_POINT('',(-12.,8.881,17.5));
#1781 = VECTOR('',#1782,1.);
#1782 = DIRECTION('',(0.,-1.,0.));
#1783 = ORIENTED_EDGE('',*,*,#1784,.F.);
#1784 = EDGE_CURVE('',#1785,#1777,#1787,.T.);
#1785 = VERTEX_POINT('',#1786);
#1786 = CARTESIAN_POINT('',(-12.,10.925987437107,17.));
#1787 = LINE('',#1788,#1789);
#1788 = CARTESIAN_POINT('',(-12.,10.925987437107,6.8));
#1789 = VECTOR('',#1790,1.);
#1790 = DIRECTION('',(0.,0.,1.));
#1791 = ORIENTED_EDGE('',*,*,#1792,.T.);
#1792 = EDGE_CURVE('',#1785,#1793,#1795,.T.);
#1793 = VERTEX_POINT('',#1794);
#1794 = CARTESIAN_POINT('',(-12.,11.431,17.));
#1795 = LINE('',#1796,#1797);
#1796 = CARTESIAN_POINT('',(-12.,3.9155,17.));
#1797 = VECTOR('',#1798,1.);
#1798 = DIRECTION('',(-0.,1.,0.));
#1799 = ORIENTED_EDGE('',*,*,#1800,.F.);
#1800 = EDGE_CURVE('',#606,#1793,#1801,.T.);
#1801 = LINE('',#1802,#1803);
#1802 = CARTESIAN_POINT('',(-12.,11.431,16.));
#1803 = VECTOR('',#1804,1.);
#1804 = DIRECTION('',(-0.,0.,-1.));
#1805 = PLANE('',#1806);
#1806 = AXIS2_PLACEMENT_3D('',#1807,#1808,#1809);
#1807 = CARTESIAN_POINT('',(-12.,7.831,16.));
#1808 = DIRECTION('',(1.,0.,-0.));
#1809 = DIRECTION('',(0.,0.,1.));
#1810 = ADVANCED_FACE('',(#1811),#1861,.T.);
#1811 = FACE_BOUND('',#1812,.T.);
#1812 = EDGE_LOOP('',(#1813,#1821,#1829,#1837,#1845,#1853,#1859,#1860));
#1813 = ORIENTED_EDGE('',*,*,#1814,.F.);
#1814 = EDGE_CURVE('',#1815,#598,#1817,.T.);
#1815 = VERTEX_POINT('',#1816);
#1816 = CARTESIAN_POINT('',(-2.,11.431,17.));
#1817 = LINE('',#1818,#1819);
#1818 = CARTESIAN_POINT('',(-2.,11.431,16.));
#1819 = VECTOR('',#1820,1.);
#1820 = DIRECTION('',(0.,0.,1.));
#1821 = ORIENTED_EDGE('',*,*,#1822,.T.);
#1822 = EDGE_CURVE('',#1815,#1823,#1825,.T.);
#1823 = VERTEX_POINT('',#1824);
#1824 = CARTESIAN_POINT('',(-9.505012562893,11.431,17.));
#1825 = LINE('',#1826,#1827);
#1826 = CARTESIAN_POINT('',(-6.3,11.431,17.));
#1827 = VECTOR('',#1828,1.);
#1828 = DIRECTION('',(-1.,-0.,0.));
#1829 = ORIENTED_EDGE('',*,*,#1830,.T.);
#1830 = EDGE_CURVE('',#1823,#1831,#1833,.T.);
#1831 = VERTEX_POINT('',#1832);
#1832 = CARTESIAN_POINT('',(-9.505012562893,11.431,17.5));
#1833 = LINE('',#1834,#1835);
#1834 = CARTESIAN_POINT('',(-9.505012562893,11.431,6.8));
#1835 = VECTOR('',#1836,1.);
#1836 = DIRECTION('',(0.,0.,1.));
#1837 = ORIENTED_EDGE('',*,*,#1838,.F.);
#1838 = EDGE_CURVE('',#1839,#1831,#1841,.T.);
#1839 = VERTEX_POINT('',#1840);
#1840 = CARTESIAN_POINT('',(-11.4949874371,11.431,17.5));
#1841 = LINE('',#1842,#1843);
#1842 = CARTESIAN_POINT('',(-11.55,11.431,17.5));
#1843 = VECTOR('',#1844,1.);
#1844 = DIRECTION('',(1.,0.,-0.));
#1845 = ORIENTED_EDGE('',*,*,#1846,.F.);
#1846 = EDGE_CURVE('',#1847,#1839,#1849,.T.);
#1847 = VERTEX_POINT('',#1848);
#1848 = CARTESIAN_POINT('',(-11.4949874371,11.431,17.));
#1849 = LINE('',#1850,#1851);
#1850 = CARTESIAN_POINT('',(-11.4949874371,11.431,6.8));
#1851 = VECTOR('',#1852,1.);
#1852 = DIRECTION('',(0.,0.,1.));
#1853 = ORIENTED_EDGE('',*,*,#1854,.T.);
#1854 = EDGE_CURVE('',#1847,#1793,#1855,.T.);
#1855 = LINE('',#1856,#1857);
#1856 = CARTESIAN_POINT('',(-6.3,11.431,17.));
#1857 = VECTOR('',#1858,1.);
#1858 = DIRECTION('',(-1.,-0.,0.));
#1859 = ORIENTED_EDGE('',*,*,#1800,.F.);
#1860 = ORIENTED_EDGE('',*,*,#605,.F.);
#1861 = PLANE('',#1862);
#1862 = AXIS2_PLACEMENT_3D('',#1863,#1864,#1865);
#1863 = CARTESIAN_POINT('',(-12.6,11.431,16.));
#1864 = DIRECTION('',(-0.,1.,0.));
#1865 = DIRECTION('',(0.,0.,1.));
#1866 = ADVANCED_FACE('',(#1867),#1901,.F.);
#1867 = FACE_BOUND('',#1868,.F.);
#1868 = EDGE_LOOP('',(#1869,#1870,#1878,#1886,#1894,#1900));
#1869 = ORIENTED_EDGE('',*,*,#1814,.F.);
#1870 = ORIENTED_EDGE('',*,*,#1871,.T.);
#1871 = EDGE_CURVE('',#1815,#1872,#1874,.T.);
#1872 = VERTEX_POINT('',#1873);
#1873 = CARTESIAN_POINT('',(-2.,12.181,17.));
#1874 = LINE('',#1875,#1876);
#1875 = CARTESIAN_POINT('',(-2.,5.7155,17.));
#1876 = VECTOR('',#1877,1.);
#1877 = DIRECTION('',(-0.,1.,0.));
#1878 = ORIENTED_EDGE('',*,*,#1879,.F.);
#1879 = EDGE_CURVE('',#1880,#1872,#1882,.T.);
#1880 = VERTEX_POINT('',#1881);
#1881 = CARTESIAN_POINT('',(-2.,12.181,16.));
#1882 = LINE('',#1883,#1884);
#1883 = CARTESIAN_POINT('',(-2.,12.181,12.1));
#1884 = VECTOR('',#1885,1.);
#1885 = DIRECTION('',(0.,0.,1.));
#1886 = ORIENTED_EDGE('',*,*,#1887,.T.);
#1887 = EDGE_CURVE('',#1880,#1888,#1890,.T.);
#1888 = VERTEX_POINT('',#1889);
#1889 = CARTESIAN_POINT('',(-2.,12.681,16.));
#1890 = LINE('',#1891,#1892);
#1891 = CARTESIAN_POINT('',(-2.,11.431,16.));
#1892 = VECTOR('',#1893,1.);
#1893 = DIRECTION('',(-0.,1.,0.));
#1894 = ORIENTED_EDGE('',*,*,#1895,.T.);
#1895 = EDGE_CURVE('',#1888,#590,#1896,.T.);
#1896 = LINE('',#1897,#1898);
#1897 = CARTESIAN_POINT('',(-2.,12.681,16.));
#1898 = VECTOR('',#1899,1.);
#1899 = DIRECTION('',(0.,0.,1.));
#1900 = ORIENTED_EDGE('',*,*,#597,.F.);
#1901 = PLANE('',#1902);
#1902 = AXIS2_PLACEMENT_3D('',#1903,#1904,#1905);
#1903 = CARTESIAN_POINT('',(-2.,11.431,16.));
#1904 = DIRECTION('',(1.,0.,-0.));
#1905 = DIRECTION('',(0.,0.,1.));
#1906 = ADVANCED_FACE('',(#1907),#1932,.T.);
#1907 = FACE_BOUND('',#1908,.T.);
#1908 = EDGE_LOOP('',(#1909,#1917,#1925,#1931));
#1909 = ORIENTED_EDGE('',*,*,#1910,.F.);
#1910 = EDGE_CURVE('',#1911,#632,#1913,.T.);
#1911 = VERTEX_POINT('',#1912);
#1912 = CARTESIAN_POINT('',(2.,7.831,17.));
#1913 = LINE('',#1914,#1915);
#1914 = CARTESIAN_POINT('',(2.,7.831,16.));
#1915 = VECTOR('',#1916,1.);
#1916 = DIRECTION('',(0.,0.,1.));
#1917 = ORIENTED_EDGE('',*,*,#1918,.T.);
#1918 = EDGE_CURVE('',#1911,#1919,#1921,.T.);
#1919 = VERTEX_POINT('',#1920);
#1920 = CARTESIAN_POINT('',(2.,8.431,17.));
#1921 = LINE('',#1922,#1923);
#1922 = CARTESIAN_POINT('',(2.,3.9155,17.));
#1923 = VECTOR('',#1924,1.);
#1924 = DIRECTION('',(-0.,1.,0.));
#1925 = ORIENTED_EDGE('',*,*,#1926,.T.);
#1926 = EDGE_CURVE('',#1919,#640,#1927,.T.);
#1927 = LINE('',#1928,#1929);
#1928 = CARTESIAN_POINT('',(2.,8.431,16.));
#1929 = VECTOR('',#1930,1.);
#1930 = DIRECTION('',(0.,0.,1.));
#1931 = ORIENTED_EDGE('',*,*,#639,.F.);
#1932 = PLANE('',#1933);
#1933 = AXIS2_PLACEMENT_3D('',#1934,#1935,#1936);
#1934 = CARTESIAN_POINT('',(2.,7.831,16.));
#1935 = DIRECTION('',(1.,0.,-0.));
#1936 = DIRECTION('',(0.,0.,1.));
#1937 = ADVANCED_FACE('',(#1938),#1988,.F.);
#1938 = FACE_BOUND('',#1939,.F.);
#1939 = EDGE_LOOP('',(#1940,#1941,#1949,#1957,#1965,#1973,#1981,#1987));
#1940 = ORIENTED_EDGE('',*,*,#647,.F.);
#1941 = ORIENTED_EDGE('',*,*,#1942,.T.);
#1942 = EDGE_CURVE('',#648,#1943,#1945,.T.);
#1943 = VERTEX_POINT('',#1944);
#1944 = CARTESIAN_POINT('',(12.,8.431,17.));
#1945 = LINE('',#1946,#1947);
#1946 = CARTESIAN_POINT('',(12.,8.431,16.));
#1947 = VECTOR('',#1948,1.);
#1948 = DIRECTION('',(-0.,0.,-1.));
#1949 = ORIENTED_EDGE('',*,*,#1950,.T.);
#1950 = EDGE_CURVE('',#1943,#1951,#1953,.T.);
#1951 = VERTEX_POINT('',#1952);
#1952 = CARTESIAN_POINT('',(11.494987437107,8.431,17.));
#1953 = LINE('',#1954,#1955);
#1954 = CARTESIAN_POINT('',(1.,8.431,17.));
#1955 = VECTOR('',#1956,1.);
#1956 = DIRECTION('',(-1.,-0.,0.));
#1957 = ORIENTED_EDGE('',*,*,#1958,.T.);
#1958 = EDGE_CURVE('',#1951,#1959,#1961,.T.);
#1959 = VERTEX_POINT('',#1960);
#1960 = CARTESIAN_POINT('',(11.494987437107,8.431,17.5));
#1961 = LINE('',#1962,#1963);
#1962 = CARTESIAN_POINT('',(11.494987437107,8.431,6.8));
#1963 = VECTOR('',#1964,1.);
#1964 = DIRECTION('',(0.,0.,1.));
#1965 = ORIENTED_EDGE('',*,*,#1966,.F.);
#1966 = EDGE_CURVE('',#1967,#1959,#1969,.T.);
#1967 = VERTEX_POINT('',#1968);
#1968 = CARTESIAN_POINT('',(9.505012562893,8.431,17.5));
#1969 = LINE('',#1970,#1971);
#1970 = CARTESIAN_POINT('',(6.25,8.431,17.5));
#1971 = VECTOR('',#1972,1.);
#1972 = DIRECTION('',(1.,0.,-0.));
#1973 = ORIENTED_EDGE('',*,*,#1974,.F.);
#1974 = EDGE_CURVE('',#1975,#1967,#1977,.T.);
#1975 = VERTEX_POINT('',#1976);
#1976 = CARTESIAN_POINT('',(9.505012562893,8.431,17.));
#1977 = LINE('',#1978,#1979);
#1978 = CARTESIAN_POINT('',(9.505012562893,8.431,6.8));
#1979 = VECTOR('',#1980,1.);
#1980 = DIRECTION('',(0.,0.,1.));
#1981 = ORIENTED_EDGE('',*,*,#1982,.T.);
#1982 = EDGE_CURVE('',#1975,#1919,#1983,.T.);
#1983 = LINE('',#1984,#1985);
#1984 = CARTESIAN_POINT('',(1.,8.431,17.));
#1985 = VECTOR('',#1986,1.);
#1986 = DIRECTION('',(-1.,-0.,0.));
#1987 = ORIENTED_EDGE('',*,*,#1926,.T.);
#1988 = PLANE('',#1989);
#1989 = AXIS2_PLACEMENT_3D('',#1990,#1991,#1992);
#1990 = CARTESIAN_POINT('',(2.,8.431,16.));
#1991 = DIRECTION('',(-0.,1.,0.));
#1992 = DIRECTION('',(0.,0.,1.));
#1993 = ADVANCED_FACE('',(#1994),#2044,.T.);
#1994 = FACE_BOUND('',#1995,.T.);
#1995 = EDGE_LOOP('',(#1996,#1997,#1998,#2006,#2014,#2022,#2030,#2038));
#1996 = ORIENTED_EDGE('',*,*,#655,.F.);
#1997 = ORIENTED_EDGE('',*,*,#1942,.T.);
#1998 = ORIENTED_EDGE('',*,*,#1999,.T.);
#1999 = EDGE_CURVE('',#1943,#2000,#2002,.T.);
#2000 = VERTEX_POINT('',#2001);
#2001 = CARTESIAN_POINT('',(12.,8.936012562893,17.));
#2002 = LINE('',#2003,#2004);
#2003 = CARTESIAN_POINT('',(12.,3.9155,17.));
#2004 = VECTOR('',#2005,1.);
#2005 = DIRECTION('',(-0.,1.,0.));
#2006 = ORIENTED_EDGE('',*,*,#2007,.T.);
#2007 = EDGE_CURVE('',#2000,#2008,#2010,.T.);
#2008 = VERTEX_POINT('',#2009);
#2009 = CARTESIAN_POINT('',(12.,8.936012562893,17.5));
#2010 = LINE('',#2011,#2012);
#2011 = CARTESIAN_POINT('',(12.,8.936012562893,6.8));
#2012 = VECTOR('',#2013,1.);
#2013 = DIRECTION('',(0.,0.,1.));
#2014 = ORIENTED_EDGE('',*,*,#2015,.F.);
#2015 = EDGE_CURVE('',#2016,#2008,#2018,.T.);
#2016 = VERTEX_POINT('',#2017);
#2017 = CARTESIAN_POINT('',(12.,10.925987437107,17.5));
#2018 = LINE('',#2019,#2020);
#2019 = CARTESIAN_POINT('',(12.,8.881,17.5));
#2020 = VECTOR('',#2021,1.);
#2021 = DIRECTION('',(0.,-1.,0.));
#2022 = ORIENTED_EDGE('',*,*,#2023,.F.);
#2023 = EDGE_CURVE('',#2024,#2016,#2026,.T.);
#2024 = VERTEX_POINT('',#2025);
#2025 = CARTESIAN_POINT('',(12.,10.925987437107,17.));
#2026 = LINE('',#2027,#2028);
#2027 = CARTESIAN_POINT('',(12.,10.925987437107,6.8));
#2028 = VECTOR('',#2029,1.);
#2029 = DIRECTION('',(0.,0.,1.));
#2030 = ORIENTED_EDGE('',*,*,#2031,.T.);
#2031 = EDGE_CURVE('',#2024,#2032,#2034,.T.);
#2032 = VERTEX_POINT('',#2033);
#2033 = CARTESIAN_POINT('',(12.,11.431,17.));
#2034 = LINE('',#2035,#2036);
#2035 = CARTESIAN_POINT('',(12.,3.9155,17.));
#2036 = VECTOR('',#2037,1.);
#2037 = DIRECTION('',(-0.,1.,0.));
#2038 = ORIENTED_EDGE('',*,*,#2039,.F.);
#2039 = EDGE_CURVE('',#656,#2032,#2040,.T.);
#2040 = LINE('',#2041,#2042);
#2041 = CARTESIAN_POINT('',(12.,11.431,16.));
#2042 = VECTOR('',#2043,1.);
#2043 = DIRECTION('',(-0.,0.,-1.));
#2044 = PLANE('',#2045);
#2045 = AXIS2_PLACEMENT_3D('',#2046,#2047,#2048);
#2046 = CARTESIAN_POINT('',(12.,7.831,16.));
#2047 = DIRECTION('',(1.,0.,-0.));
#2048 = DIRECTION('',(0.,0.,1.));
#2049 = ADVANCED_FACE('',(#2050),#2091,.T.);
#2050 = FACE_BOUND('',#2051,.T.);
#2051 = EDGE_LOOP('',(#2052,#2060,#2068,#2076,#2084,#2090));
#2052 = ORIENTED_EDGE('',*,*,#2053,.F.);
#2053 = EDGE_CURVE('',#2054,#664,#2056,.T.);
#2054 = VERTEX_POINT('',#2055);
#2055 = CARTESIAN_POINT('',(2.,11.431,17.));
#2056 = LINE('',#2057,#2058);
#2057 = CARTESIAN_POINT('',(2.,11.431,16.));
#2058 = VECTOR('',#2059,1.);
#2059 = DIRECTION('',(0.,0.,1.));
#2060 = ORIENTED_EDGE('',*,*,#2061,.T.);
#2061 = EDGE_CURVE('',#2054,#2062,#2064,.T.);
#2062 = VERTEX_POINT('',#2063);
#2063 = CARTESIAN_POINT('',(2.,12.181,17.));
#2064 = LINE('',#2065,#2066);
#2065 = CARTESIAN_POINT('',(2.,5.7155,17.));
#2066 = VECTOR('',#2067,1.);
#2067 = DIRECTION('',(-0.,1.,0.));
#2068 = ORIENTED_EDGE('',*,*,#2069,.F.);
#2069 = EDGE_CURVE('',#2070,#2062,#2072,.T.);
#2070 = VERTEX_POINT('',#2071);
#2071 = CARTESIAN_POINT('',(2.,12.181,16.));
#2072 = LINE('',#2073,#2074);
#2073 = CARTESIAN_POINT('',(2.,12.181,12.1));
#2074 = VECTOR('',#2075,1.);
#2075 = DIRECTION('',(0.,0.,1.));
#2076 = ORIENTED_EDGE('',*,*,#2077,.T.);
#2077 = EDGE_CURVE('',#2070,#2078,#2080,.T.);
#2078 = VERTEX_POINT('',#2079);
#2079 = CARTESIAN_POINT('',(2.,12.681,16.));
#2080 = LINE('',#2081,#2082);
#2081 = CARTESIAN_POINT('',(2.,11.431,16.));
#2082 = VECTOR('',#2083,1.);
#2083 = DIRECTION('',(-0.,1.,0.));
#2084 = ORIENTED_EDGE('',*,*,#2085,.T.);
#2085 = EDGE_CURVE('',#2078,#672,#2086,.T.);
#2086 = LINE('',#2087,#2088);
#2087 = CARTESIAN_POINT('',(2.,12.681,16.));
#2088 = VECTOR('',#2089,1.);
#2089 = DIRECTION('',(0.,0.,1.));
#2090 = ORIENTED_EDGE('',*,*,#671,.F.);
#2091 = PLANE('',#2092);
#2092 = AXIS2_PLACEMENT_3D('',#2093,#2094,#2095);
#2093 = CARTESIAN_POINT('',(2.,11.431,16.));
#2094 = DIRECTION('',(1.,0.,-0.));
#2095 = DIRECTION('',(0.,0.,1.));
#2096 = ADVANCED_FACE('',(#2097),#2140,.T.);
#2097 = FACE_BOUND('',#2098,.T.);
#2098 = EDGE_LOOP('',(#2099,#2100,#2101,#2109,#2117,#2125,#2133,#2139));
#2099 = ORIENTED_EDGE('',*,*,#663,.F.);
#2100 = ORIENTED_EDGE('',*,*,#2039,.T.);
#2101 = ORIENTED_EDGE('',*,*,#2102,.T.);
#2102 = EDGE_CURVE('',#2032,#2103,#2105,.T.);
#2103 = VERTEX_POINT('',#2104);
#2104 = CARTESIAN_POINT('',(11.494987437107,11.431,17.));
#2105 = LINE('',#2106,#2107);
#2106 = CARTESIAN_POINT('',(1.,11.431,17.));
#2107 = VECTOR('',#2108,1.);
#2108 = DIRECTION('',(-1.,-0.,0.));
#2109 = ORIENTED_EDGE('',*,*,#2110,.T.);
#2110 = EDGE_CURVE('',#2103,#2111,#2113,.T.);
#2111 = VERTEX_POINT('',#2112);
#2112 = CARTESIAN_POINT('',(11.494987437107,11.431,17.5));
#2113 = LINE('',#2114,#2115);
#2114 = CARTESIAN_POINT('',(11.494987437107,11.431,6.8));
#2115 = VECTOR('',#2116,1.);
#2116 = DIRECTION('',(0.,0.,1.));
#2117 = ORIENTED_EDGE('',*,*,#2118,.F.);
#2118 = EDGE_CURVE('',#2119,#2111,#2121,.T.);
#2119 = VERTEX_POINT('',#2120);
#2120 = CARTESIAN_POINT('',(9.505012562893,11.431,17.5));
#2121 = LINE('',#2122,#2123);
#2122 = CARTESIAN_POINT('',(6.25,11.431,17.5));
#2123 = VECTOR('',#2124,1.);
#2124 = DIRECTION('',(1.,0.,-0.));
#2125 = ORIENTED_EDGE('',*,*,#2126,.F.);
#2126 = EDGE_CURVE('',#2127,#2119,#2129,.T.);
#2127 = VERTEX_POINT('',#2128);
#2128 = CARTESIAN_POINT('',(9.505012562893,11.431,17.));
#2129 = LINE('',#2130,#2131);
#2130 = CARTESIAN_POINT('',(9.505012562893,11.431,6.8));
#2131 = VECTOR('',#2132,1.);
#2132 = DIRECTION('',(0.,0.,1.));
#2133 = ORIENTED_EDGE('',*,*,#2134,.T.);
#2134 = EDGE_CURVE('',#2127,#2054,#2135,.T.);
#2135 = LINE('',#2136,#2137);
#2136 = CARTESIAN_POINT('',(1.,11.431,17.));
#2137 = VECTOR('',#2138,1.);
#2138 = DIRECTION('',(-1.,-0.,0.));
#2139 = ORIENTED_EDGE('',*,*,#2053,.T.);
#2140 = PLANE('',#2141);
#2141 = AXIS2_PLACEMENT_3D('',#2142,#2143,#2144);
#2142 = CARTESIAN_POINT('',(2.,11.431,16.));
#2143 = DIRECTION('',(-0.,1.,0.));
#2144 = DIRECTION('',(0.,0.,1.));
#2145 = ADVANCED_FACE('',(#2146,#2156),#2226,.F.);
#2146 = FACE_BOUND('',#2147,.F.);
#2147 = EDGE_LOOP('',(#2148,#2149,#2150,#2151,#2152,#2153,#2154,#2155));
#2148 = ORIENTED_EDGE('',*,*,#1030,.T.);
#2149 = ORIENTED_EDGE('',*,*,#790,.T.);
#2150 = ORIENTED_EDGE('',*,*,#815,.T.);
#2151 = ORIENTED_EDGE('',*,*,#873,.T.);
#2152 = ORIENTED_EDGE('',*,*,#898,.T.);
#2153 = ORIENTED_EDGE('',*,*,#922,.T.);
#2154 = ORIENTED_EDGE('',*,*,#947,.T.);
#2155 = ORIENTED_EDGE('',*,*,#1005,.T.);
#2156 = FACE_BOUND('',#2157,.F.);
#2157 = EDGE_LOOP('',(#2158,#2169,#2177,#2186,#2194,#2203,#2211,#2220));
#2158 = ORIENTED_EDGE('',*,*,#2159,.T.);
#2159 = EDGE_CURVE('',#2160,#2162,#2164,.T.);
#2160 = VERTEX_POINT('',#2161);
#2161 = CARTESIAN_POINT('',(12.8,-11.181,9.2));
#2162 = VERTEX_POINT('',#2163);
#2163 = CARTESIAN_POINT('',(11.8,-12.181,9.2));
#2164 = CIRCLE('',#2165,1.);
#2165 = AXIS2_PLACEMENT_3D('',#2166,#2167,#2168);
#2166 = CARTESIAN_POINT('',(11.8,-11.181,9.2));
#2167 = DIRECTION('',(0.,-0.,-1.));
#2168 = DIRECTION('',(1.,0.,-0.));
#2169 = ORIENTED_EDGE('',*,*,#2170,.T.);
#2170 = EDGE_CURVE('',#2162,#2171,#2173,.T.);
#2171 = VERTEX_POINT('',#2172);
#2172 = CARTESIAN_POINT('',(-11.8,-12.181,9.2));
#2173 = LINE('',#2174,#2175);
#2174 = CARTESIAN_POINT('',(-5.9,-12.181,9.2));
#2175 = VECTOR('',#2176,1.);
#2176 = DIRECTION('',(-1.,0.,0.));
#2177 = ORIENTED_EDGE('',*,*,#2178,.T.);
#2178 = EDGE_CURVE('',#2171,#2179,#2181,.T.);
#2179 = VERTEX_POINT('',#2180);
#2180 = CARTESIAN_POINT('',(-12.8,-11.181,9.2));
#2181 = CIRCLE('',#2182,1.);
#2182 = AXIS2_PLACEMENT_3D('',#2183,#2184,#2185);
#2183 = CARTESIAN_POINT('',(-11.8,-11.181,9.2));
#2184 = DIRECTION('',(0.,-0.,-1.));
#2185 = DIRECTION('',(1.,0.,-0.));
#2186 = ORIENTED_EDGE('',*,*,#2187,.T.);
#2187 = EDGE_CURVE('',#2179,#2188,#2190,.T.);
#2188 = VERTEX_POINT('',#2189);
#2189 = CARTESIAN_POINT('',(-12.8,11.181,9.2));
#2190 = LINE('',#2191,#2192);
#2191 = CARTESIAN_POINT('',(-12.8,5.5905,9.2));
#2192 = VECTOR('',#2193,1.);
#2193 = DIRECTION('',(-0.,1.,0.));
#2194 = ORIENTED_EDGE('',*,*,#2195,.T.);
#2195 = EDGE_CURVE('',#2188,#2196,#2198,.T.);
#2196 = VERTEX_POINT('',#2197);
#2197 = CARTESIAN_POINT('',(-11.8,12.181,9.2));
#2198 = CIRCLE('',#2199,1.);
#2199 = AXIS2_PLACEMENT_3D('',#2200,#2201,#2202);
#2200 = CARTESIAN_POINT('',(-11.8,11.181,9.2));
#2201 = DIRECTION('',(0.,-0.,-1.));
#2202 = DIRECTION('',(1.,0.,-0.));
#2203 = ORIENTED_EDGE('',*,*,#2204,.T.);
#2204 = EDGE_CURVE('',#2196,#2205,#2207,.T.);
#2205 = VERTEX_POINT('',#2206);
#2206 = CARTESIAN_POINT('',(11.8,12.181,9.2));
#2207 = LINE('',#2208,#2209);
#2208 = CARTESIAN_POINT('',(5.9,12.181,9.2));
#2209 = VECTOR('',#2210,1.);
#2210 = DIRECTION('',(1.,0.,-0.));
#2211 = ORIENTED_EDGE('',*,*,#2212,.T.);
#2212 = EDGE_CURVE('',#2205,#2213,#2215,.T.);
#2213 = VERTEX_POINT('',#2214);
#2214 = CARTESIAN_POINT('',(12.8,11.181,9.2));
#2215 = CIRCLE('',#2216,1.);
#2216 = AXIS2_PLACEMENT_3D('',#2217,#2218,#2219);
#2217 = CARTESIAN_POINT('',(11.8,11.181,9.2));
#2218 = DIRECTION('',(0.,-0.,-1.));
#2219 = DIRECTION('',(1.,0.,-0.));
#2220 = ORIENTED_EDGE('',*,*,#2221,.T.);
#2221 = EDGE_CURVE('',#2213,#2160,#2222,.T.);
#2222 = LINE('',#2223,#2224);
#2223 = CARTESIAN_POINT('',(12.8,-5.5905,9.2));
#2224 = VECTOR('',#2225,1.);
#2225 = DIRECTION('',(0.,-1.,0.));
#2226 = PLANE('',#2227);
#2227 = AXIS2_PLACEMENT_3D('',#2228,#2229,#2230);
#2228 = CARTESIAN_POINT('',(3.954314394445E-17,7.908628788891E-16,9.2));
#2229 = DIRECTION('',(0.,0.,1.));
#2230 = DIRECTION('',(1.,0.,-0.));
#2231 = ADVANCED_FACE('',(#2232),#2249,.T.);
#2232 = FACE_BOUND('',#2233,.T.);
#2233 = EDGE_LOOP('',(#2234,#2235,#2243));
#2234 = ORIENTED_EDGE('',*,*,#831,.T.);
#2235 = ORIENTED_EDGE('',*,*,#2236,.T.);
#2236 = EDGE_CURVE('',#834,#2237,#2239,.T.);
#2237 = VERTEX_POINT('',#2238);
#2238 = CARTESIAN_POINT('',(14.15,-4.,4.8));
#2239 = LINE('',#2240,#2241);
#2240 = CARTESIAN_POINT('',(14.75,-4.,4.8));
#2241 = VECTOR('',#2242,1.);
#2242 = DIRECTION('',(-1.,0.,0.));
#2243 = ORIENTED_EDGE('',*,*,#2244,.T.);
#2244 = EDGE_CURVE('',#2237,#832,#2245,.T.);
#2245 = LINE('',#2246,#2247);
#2246 = CARTESIAN_POINT('',(14.15,-4.,4.8));
#2247 = VECTOR('',#2248,1.);
#2248 = DIRECTION('',(0.514495755428,0.,-0.857492925713));
#2249 = PLANE('',#2250);
#2250 = AXIS2_PLACEMENT_3D('',#2251,#2252,#2253);
#2251 = CARTESIAN_POINT('',(14.558452405258,-4.,4.408452405258));
#2252 = DIRECTION('',(-0.,-1.,-0.));
#2253 = DIRECTION('',(0.,0.,-1.));
#2254 = ADVANCED_FACE('',(#2255),#2273,.T.);
#2255 = FACE_BOUND('',#2256,.T.);
#2256 = EDGE_LOOP('',(#2257,#2258,#2266,#2272));
#2257 = ORIENTED_EDGE('',*,*,#857,.T.);
#2258 = ORIENTED_EDGE('',*,*,#2259,.T.);
#2259 = EDGE_CURVE('',#850,#2260,#2262,.T.);
#2260 = VERTEX_POINT('',#2261);
#2261 = CARTESIAN_POINT('',(14.15,4.,4.8));
#2262 = LINE('',#2263,#2264);
#2263 = CARTESIAN_POINT('',(14.75,4.,4.8));
#2264 = VECTOR('',#2265,1.);
#2265 = DIRECTION('',(-1.,0.,0.));
#2266 = ORIENTED_EDGE('',*,*,#2267,.F.);
#2267 = EDGE_CURVE('',#2237,#2260,#2268,.T.);
#2268 = LINE('',#2269,#2270);
#2269 = CARTESIAN_POINT('',(14.15,-4.,4.8));
#2270 = VECTOR('',#2271,1.);
#2271 = DIRECTION('',(0.,1.,0.));
#2272 = ORIENTED_EDGE('',*,*,#2236,.F.);
#2273 = PLANE('',#2274);
#2274 = AXIS2_PLACEMENT_3D('',#2275,#2276,#2277);
#2275 = CARTESIAN_POINT('',(14.75,-4.,4.8));
#2276 = DIRECTION('',(0.,-0.,1.));
#2277 = DIRECTION('',(-1.,0.,0.));
#2278 = ADVANCED_FACE('',(#2279),#2289,.F.);
#2279 = FACE_BOUND('',#2280,.F.);
#2280 = EDGE_LOOP('',(#2281,#2282,#2283));
#2281 = ORIENTED_EDGE('',*,*,#849,.T.);
#2282 = ORIENTED_EDGE('',*,*,#2259,.T.);
#2283 = ORIENTED_EDGE('',*,*,#2284,.T.);
#2284 = EDGE_CURVE('',#2260,#842,#2285,.T.);
#2285 = LINE('',#2286,#2287);
#2286 = CARTESIAN_POINT('',(14.15,4.,4.8));
#2287 = VECTOR('',#2288,1.);
#2288 = DIRECTION('',(0.514495755428,0.,-0.857492925713));
#2289 = PLANE('',#2290);
#2290 = AXIS2_PLACEMENT_3D('',#2291,#2292,#2293);
#2291 = CARTESIAN_POINT('',(14.558452405258,4.,4.408452405258));
#2292 = DIRECTION('',(-0.,-1.,-0.));
#2293 = DIRECTION('',(0.,0.,-1.));
#2294 = ADVANCED_FACE('',(#2295),#2301,.T.);
#2295 = FACE_BOUND('',#2296,.T.);
#2296 = EDGE_LOOP('',(#2297,#2298,#2299,#2300));
#2297 = ORIENTED_EDGE('',*,*,#2267,.T.);
#2298 = ORIENTED_EDGE('',*,*,#2284,.T.);
#2299 = ORIENTED_EDGE('',*,*,#841,.F.);
#2300 = ORIENTED_EDGE('',*,*,#2244,.F.);
#2301 = PLANE('',#2302);
#2302 = AXIS2_PLACEMENT_3D('',#2303,#2304,#2305);
#2303 = CARTESIAN_POINT('',(14.15,-4.,4.8));
#2304 = DIRECTION('',(-0.857492925713,0.,-0.514495755428));
#2305 = DIRECTION('',(0.514495755428,0.,-0.857492925713));
#2306 = ADVANCED_FACE('',(#2307),#2332,.F.);
#2307 = FACE_BOUND('',#2308,.F.);
#2308 = EDGE_LOOP('',(#2309,#2319,#2325,#2326));
#2309 = ORIENTED_EDGE('',*,*,#2310,.T.);
#2310 = EDGE_CURVE('',#2311,#2313,#2315,.T.);
#2311 = VERTEX_POINT('',#2312);
#2312 = CARTESIAN_POINT('',(-14.15,-4.,4.8));
#2313 = VERTEX_POINT('',#2314);
#2314 = CARTESIAN_POINT('',(-14.15,4.,4.8));
#2315 = LINE('',#2316,#2317);
#2316 = CARTESIAN_POINT('',(-14.15,-4.,4.8));
#2317 = VECTOR('',#2318,1.);
#2318 = DIRECTION('',(0.,1.,0.));
#2319 = ORIENTED_EDGE('',*,*,#2320,.T.);
#2320 = EDGE_CURVE('',#2313,#966,#2321,.T.);
#2321 = LINE('',#2322,#2323);
#2322 = CARTESIAN_POINT('',(-14.15,4.,4.8));
#2323 = VECTOR('',#2324,1.);
#2324 = DIRECTION('',(-0.514495755428,0.,-0.857492925713));
#2325 = ORIENTED_EDGE('',*,*,#963,.F.);
#2326 = ORIENTED_EDGE('',*,*,#2327,.F.);
#2327 = EDGE_CURVE('',#2311,#964,#2328,.T.);
#2328 = LINE('',#2329,#2330);
#2329 = CARTESIAN_POINT('',(-14.15,-4.,4.8));
#2330 = VECTOR('',#2331,1.);
#2331 = DIRECTION('',(-0.514495755428,0.,-0.857492925713));
#2332 = PLANE('',#2333);
#2333 = AXIS2_PLACEMENT_3D('',#2334,#2335,#2336);
#2334 = CARTESIAN_POINT('',(-14.15,-4.,4.8));
#2335 = DIRECTION('',(-0.857492925713,0.,0.514495755428));
#2336 = DIRECTION('',(-0.514495755428,0.,-0.857492925713));
#2337 = ADVANCED_FACE('',(#2338),#2348,.T.);
#2338 = FACE_BOUND('',#2339,.T.);
#2339 = EDGE_LOOP('',(#2340,#2341,#2347));
#2340 = ORIENTED_EDGE('',*,*,#989,.T.);
#2341 = ORIENTED_EDGE('',*,*,#2342,.T.);
#2342 = EDGE_CURVE('',#982,#2313,#2343,.T.);
#2343 = LINE('',#2344,#2345);
#2344 = CARTESIAN_POINT('',(-14.75,4.,4.8));
#2345 = VECTOR('',#2346,1.);
#2346 = DIRECTION('',(1.,0.,0.));
#2347 = ORIENTED_EDGE('',*,*,#2320,.T.);
#2348 = PLANE('',#2349);
#2349 = AXIS2_PLACEMENT_3D('',#2350,#2351,#2352);
#2350 = CARTESIAN_POINT('',(-14.55845240525,4.,4.408452405258));
#2351 = DIRECTION('',(0.,1.,0.));
#2352 = DIRECTION('',(0.,-0.,1.));
#2353 = ADVANCED_FACE('',(#2354),#2365,.F.);
#2354 = FACE_BOUND('',#2355,.F.);
#2355 = EDGE_LOOP('',(#2356,#2357,#2358,#2359));
#2356 = ORIENTED_EDGE('',*,*,#981,.T.);
#2357 = ORIENTED_EDGE('',*,*,#2342,.T.);
#2358 = ORIENTED_EDGE('',*,*,#2310,.F.);
#2359 = ORIENTED_EDGE('',*,*,#2360,.F.);
#2360 = EDGE_CURVE('',#974,#2311,#2361,.T.);
#2361 = LINE('',#2362,#2363);
#2362 = CARTESIAN_POINT('',(-14.75,-4.,4.8));
#2363 = VECTOR('',#2364,1.);
#2364 = DIRECTION('',(1.,0.,0.));
#2365 = PLANE('',#2366);
#2366 = AXIS2_PLACEMENT_3D('',#2367,#2368,#2369);
#2367 = CARTESIAN_POINT('',(-14.75,-4.,4.8));
#2368 = DIRECTION('',(0.,0.,-1.));
#2369 = DIRECTION('',(1.,0.,0.));
#2370 = ADVANCED_FACE('',(#2371),#2376,.F.);
#2371 = FACE_BOUND('',#2372,.F.);
#2372 = EDGE_LOOP('',(#2373,#2374,#2375));
#2373 = ORIENTED_EDGE('',*,*,#973,.T.);
#2374 = ORIENTED_EDGE('',*,*,#2360,.T.);
#2375 = ORIENTED_EDGE('',*,*,#2327,.T.);
#2376 = PLANE('',#2377);
#2377 = AXIS2_PLACEMENT_3D('',#2378,#2379,#2380);
#2378 = CARTESIAN_POINT('',(-14.55845240525,-4.,4.408452405258));
#2379 = DIRECTION('',(0.,1.,0.));
#2380 = DIRECTION('',(0.,-0.,1.));
#2381 = ADVANCED_FACE('',(#2382),#2394,.F.);
#2382 = FACE_BOUND('',#2383,.F.);
#2383 = EDGE_LOOP('',(#2384,#2385,#2392,#2393));
#2384 = ORIENTED_EDGE('',*,*,#1085,.F.);
#2385 = ORIENTED_EDGE('',*,*,#2386,.F.);
#2386 = EDGE_CURVE('',#1165,#1078,#2387,.T.);
#2387 = CIRCLE('',#2388,1.8);
#2388 = AXIS2_PLACEMENT_3D('',#2389,#2390,#2391);
#2389 = CARTESIAN_POINT('',(-10.5,-2.569,17.));
#2390 = DIRECTION('',(0.,0.,1.));
#2391 = DIRECTION('',(1.,0.,-0.));
#2392 = ORIENTED_EDGE('',*,*,#1172,.T.);
#2393 = ORIENTED_EDGE('',*,*,#1117,.T.);
#2394 = PLANE('',#2395);
#2395 = AXIS2_PLACEMENT_3D('',#2396,#2397,#2398);
#2396 = CARTESIAN_POINT('',(-5.294552367321E-16,-2.262629216804E-17,17.)
  );
#2397 = DIRECTION('',(0.,0.,1.));
#2398 = DIRECTION('',(1.,0.,-0.));
#2399 = ADVANCED_FACE('',(#2400),#2453,.T.);
#2400 = FACE_BOUND('',#2401,.T.);
#2401 = EDGE_LOOP('',(#2402,#2412,#2419,#2420,#2427,#2428,#2435,#2436,
    #2437,#2438,#2445,#2446));
#2402 = ORIENTED_EDGE('',*,*,#2403,.T.);
#2403 = EDGE_CURVE('',#2404,#2406,#2408,.T.);
#2404 = VERTEX_POINT('',#2405);
#2405 = CARTESIAN_POINT('',(-8.7,-2.569,6.8));
#2406 = VERTEX_POINT('',#2407);
#2407 = CARTESIAN_POINT('',(-8.7,-2.569,17.5));
#2408 = LINE('',#2409,#2410);
#2409 = CARTESIAN_POINT('',(-8.7,-2.569,6.8));
#2410 = VECTOR('',#2411,1.);
#2411 = DIRECTION('',(0.,0.,1.));
#2412 = ORIENTED_EDGE('',*,*,#2413,.F.);
#2413 = EDGE_CURVE('',#1149,#2406,#2414,.T.);
#2414 = CIRCLE('',#2415,1.8);
#2415 = AXIS2_PLACEMENT_3D('',#2416,#2417,#2418);
#2416 = CARTESIAN_POINT('',(-10.5,-2.569,17.5));
#2417 = DIRECTION('',(0.,0.,1.));
#2418 = DIRECTION('',(1.,0.,-0.));
#2419 = ORIENTED_EDGE('',*,*,#1148,.F.);
#2420 = ORIENTED_EDGE('',*,*,#2421,.F.);
#2421 = EDGE_CURVE('',#1054,#1141,#2422,.T.);
#2422 = CIRCLE('',#2423,1.8);
#2423 = AXIS2_PLACEMENT_3D('',#2424,#2425,#2426);
#2424 = CARTESIAN_POINT('',(-10.5,-2.569,17.));
#2425 = DIRECTION('',(0.,0.,1.));
#2426 = DIRECTION('',(1.,0.,-0.));
#2427 = ORIENTED_EDGE('',*,*,#1061,.T.);
#2428 = ORIENTED_EDGE('',*,*,#2429,.F.);
#2429 = EDGE_CURVE('',#1070,#1062,#2430,.T.);
#2430 = CIRCLE('',#2431,1.8);
#2431 = AXIS2_PLACEMENT_3D('',#2432,#2433,#2434);
#2432 = CARTESIAN_POINT('',(-10.5,-2.569,17.5));
#2433 = DIRECTION('',(0.,0.,1.));
#2434 = DIRECTION('',(1.,0.,-0.));
#2435 = ORIENTED_EDGE('',*,*,#1077,.F.);
#2436 = ORIENTED_EDGE('',*,*,#2386,.F.);
#2437 = ORIENTED_EDGE('',*,*,#1164,.T.);
#2438 = ORIENTED_EDGE('',*,*,#2439,.F.);
#2439 = EDGE_CURVE('',#2406,#1157,#2440,.T.);
#2440 = CIRCLE('',#2441,1.8);
#2441 = AXIS2_PLACEMENT_3D('',#2442,#2443,#2444);
#2442 = CARTESIAN_POINT('',(-10.5,-2.569,17.5));
#2443 = DIRECTION('',(0.,0.,1.));
#2444 = DIRECTION('',(1.,0.,-0.));
#2445 = ORIENTED_EDGE('',*,*,#2403,.F.);
#2446 = ORIENTED_EDGE('',*,*,#2447,.T.);
#2447 = EDGE_CURVE('',#2404,#2404,#2448,.T.);
#2448 = CIRCLE('',#2449,1.8);
#2449 = AXIS2_PLACEMENT_3D('',#2450,#2451,#2452);
#2450 = CARTESIAN_POINT('',(-10.5,-2.569,6.8));
#2451 = DIRECTION('',(0.,0.,1.));
#2452 = DIRECTION('',(1.,0.,-0.));
#2453 = CYLINDRICAL_SURFACE('',#2454,1.8);
#2454 = AXIS2_PLACEMENT_3D('',#2455,#2456,#2457);
#2455 = CARTESIAN_POINT('',(-10.5,-2.569,6.8));
#2456 = DIRECTION('',(0.,0.,1.));
#2457 = DIRECTION('',(1.,0.,-0.));
#2458 = ADVANCED_FACE('',(#2459),#2463,.T.);
#2459 = FACE_BOUND('',#2460,.T.);
#2460 = EDGE_LOOP('',(#2461,#2462));
#2461 = ORIENTED_EDGE('',*,*,#1069,.F.);
#2462 = ORIENTED_EDGE('',*,*,#2429,.T.);
#2463 = PLANE('',#2464);
#2464 = AXIS2_PLACEMENT_3D('',#2465,#2466,#2467);
#2465 = CARTESIAN_POINT('',(-10.5,-2.569,17.5));
#2466 = DIRECTION('',(0.,0.,1.));
#2467 = DIRECTION('',(1.,0.,-0.));
#2468 = ADVANCED_FACE('',(#2469,#2598,#2627,#2662),#2732,.F.);
#2469 = FACE_BOUND('',#2470,.F.);
#2470 = EDGE_LOOP('',(#2471,#2479,#2487,#2496,#2504,#2513,#2521,#2530,
    #2538,#2547,#2555,#2561,#2562,#2563,#2570,#2571,#2572,#2578,#2579,
    #2580,#2589,#2596,#2597));
#2471 = ORIENTED_EDGE('',*,*,#2472,.T.);
#2472 = EDGE_CURVE('',#1672,#2473,#2475,.T.);
#2473 = VERTEX_POINT('',#2474);
#2474 = CARTESIAN_POINT('',(-12.6,7.831,17.));
#2475 = LINE('',#2476,#2477);
#2476 = CARTESIAN_POINT('',(-6.3,7.831,17.));
#2477 = VECTOR('',#2478,1.);
#2478 = DIRECTION('',(-1.,-0.,0.));
#2479 = ORIENTED_EDGE('',*,*,#2480,.T.);
#2480 = EDGE_CURVE('',#2473,#2481,#2483,.T.);
#2481 = VERTEX_POINT('',#2482);
#2482 = CARTESIAN_POINT('',(-12.6,11.781,17.));
#2483 = LINE('',#2484,#2485);
#2484 = CARTESIAN_POINT('',(-12.6,5.7155,17.));
#2485 = VECTOR('',#2486,1.);
#2486 = DIRECTION('',(-0.,1.,0.));
#2487 = ORIENTED_EDGE('',*,*,#2488,.T.);
#2488 = EDGE_CURVE('',#2481,#2489,#2491,.T.);
#2489 = VERTEX_POINT('',#2490);
#2490 = CARTESIAN_POINT('',(-12.8,11.181,17.));
#2491 = CIRCLE('',#2492,1.);
#2492 = AXIS2_PLACEMENT_3D('',#2493,#2494,#2495);
#2493 = CARTESIAN_POINT('',(-11.8,11.181,17.));
#2494 = DIRECTION('',(0.,0.,1.));
#2495 = DIRECTION('',(1.,0.,-0.));
#2496 = ORIENTED_EDGE('',*,*,#2497,.T.);
#2497 = EDGE_CURVE('',#2489,#2498,#2500,.T.);
#2498 = VERTEX_POINT('',#2499);
#2499 = CARTESIAN_POINT('',(-12.8,-11.181,17.));
#2500 = LINE('',#2501,#2502);
#2501 = CARTESIAN_POINT('',(-12.8,11.181,17.));
#2502 = VECTOR('',#2503,1.);
#2503 = DIRECTION('',(0.,-1.,0.));
#2504 = ORIENTED_EDGE('',*,*,#2505,.T.);
#2505 = EDGE_CURVE('',#2498,#2506,#2508,.T.);
#2506 = VERTEX_POINT('',#2507);
#2507 = CARTESIAN_POINT('',(-11.8,-12.181,17.));
#2508 = CIRCLE('',#2509,1.);
#2509 = AXIS2_PLACEMENT_3D('',#2510,#2511,#2512);
#2510 = CARTESIAN_POINT('',(-11.8,-11.181,17.));
#2511 = DIRECTION('',(0.,0.,1.));
#2512 = DIRECTION('',(1.,0.,-0.));
#2513 = ORIENTED_EDGE('',*,*,#2514,.T.);
#2514 = EDGE_CURVE('',#2506,#2515,#2517,.T.);
#2515 = VERTEX_POINT('',#2516);
#2516 = CARTESIAN_POINT('',(11.8,-12.181,17.));
#2517 = LINE('',#2518,#2519);
#2518 = CARTESIAN_POINT('',(-11.8,-12.181,17.));
#2519 = VECTOR('',#2520,1.);
#2520 = DIRECTION('',(1.,0.,0.));
#2521 = ORIENTED_EDGE('',*,*,#2522,.T.);
#2522 = EDGE_CURVE('',#2515,#2523,#2525,.T.);
#2523 = VERTEX_POINT('',#2524);
#2524 = CARTESIAN_POINT('',(12.8,-11.181,17.));
#2525 = CIRCLE('',#2526,1.);
#2526 = AXIS2_PLACEMENT_3D('',#2527,#2528,#2529);
#2527 = CARTESIAN_POINT('',(11.8,-11.181,17.));
#2528 = DIRECTION('',(0.,0.,1.));
#2529 = DIRECTION('',(1.,0.,-0.));
#2530 = ORIENTED_EDGE('',*,*,#2531,.T.);
#2531 = EDGE_CURVE('',#2523,#2532,#2534,.T.);
#2532 = VERTEX_POINT('',#2533);
#2533 = CARTESIAN_POINT('',(12.8,11.181,17.));
#2534 = LINE('',#2535,#2536);
#2535 = CARTESIAN_POINT('',(12.8,-11.181,17.));
#2536 = VECTOR('',#2537,1.);
#2537 = DIRECTION('',(0.,1.,0.));
#2538 = ORIENTED_EDGE('',*,*,#2539,.T.);
#2539 = EDGE_CURVE('',#2532,#2540,#2542,.T.);
#2540 = VERTEX_POINT('',#2541);
#2541 = CARTESIAN_POINT('',(12.6,11.781,17.));
#2542 = CIRCLE('',#2543,1.);
#2543 = AXIS2_PLACEMENT_3D('',#2544,#2545,#2546);
#2544 = CARTESIAN_POINT('',(11.8,11.181,17.));
#2545 = DIRECTION('',(0.,0.,1.));
#2546 = DIRECTION('',(1.,0.,-0.));
#2547 = ORIENTED_EDGE('',*,*,#2548,.F.);
#2548 = EDGE_CURVE('',#2549,#2540,#2551,.T.);
#2549 = VERTEX_POINT('',#2550);
#2550 = CARTESIAN_POINT('',(12.6,7.831,17.));
#2551 = LINE('',#2552,#2553);
#2552 = CARTESIAN_POINT('',(12.6,3.9155,17.));
#2553 = VECTOR('',#2554,1.);
#2554 = DIRECTION('',(-0.,1.,0.));
#2555 = ORIENTED_EDGE('',*,*,#2556,.T.);
#2556 = EDGE_CURVE('',#2549,#1911,#2557,.T.);
#2557 = LINE('',#2558,#2559);
#2558 = CARTESIAN_POINT('',(1.,7.831,17.));
#2559 = VECTOR('',#2560,1.);
#2560 = DIRECTION('',(-1.,-0.,0.));
#2561 = ORIENTED_EDGE('',*,*,#1918,.T.);
#2562 = ORIENTED_EDGE('',*,*,#1982,.F.);
#2563 = ORIENTED_EDGE('',*,*,#2564,.F.);
#2564 = EDGE_CURVE('',#2127,#1975,#2565,.T.);
#2565 = CIRCLE('',#2566,1.8);
#2566 = AXIS2_PLACEMENT_3D('',#2567,#2568,#2569);
#2567 = CARTESIAN_POINT('',(10.5,9.931,17.));
#2568 = DIRECTION('',(0.,0.,1.));
#2569 = DIRECTION('',(1.,0.,-0.));
#2570 = ORIENTED_EDGE('',*,*,#2134,.T.);
#2571 = ORIENTED_EDGE('',*,*,#2061,.T.);
#2572 = ORIENTED_EDGE('',*,*,#2573,.T.);
#2573 = EDGE_CURVE('',#2062,#1872,#2574,.T.);
#2574 = LINE('',#2575,#2576);
#2575 = CARTESIAN_POINT('',(11.8,12.181,17.));
#2576 = VECTOR('',#2577,1.);
#2577 = DIRECTION('',(-1.,0.,0.));
#2578 = ORIENTED_EDGE('',*,*,#1871,.F.);
#2579 = ORIENTED_EDGE('',*,*,#1822,.T.);
#2580 = ORIENTED_EDGE('',*,*,#2581,.F.);
#2581 = EDGE_CURVE('',#2582,#1823,#2584,.T.);
#2582 = VERTEX_POINT('',#2583);
#2583 = CARTESIAN_POINT('',(-8.7,9.931,17.));
#2584 = CIRCLE('',#2585,1.8);
#2585 = AXIS2_PLACEMENT_3D('',#2586,#2587,#2588);
#2586 = CARTESIAN_POINT('',(-10.5,9.931,17.));
#2587 = DIRECTION('',(0.,0.,1.));
#2588 = DIRECTION('',(1.,0.,-0.));
#2589 = ORIENTED_EDGE('',*,*,#2590,.F.);
#2590 = EDGE_CURVE('',#1704,#2582,#2591,.T.);
#2591 = CIRCLE('',#2592,1.8);
#2592 = AXIS2_PLACEMENT_3D('',#2593,#2594,#2595);
#2593 = CARTESIAN_POINT('',(-10.5,9.931,17.));
#2594 = DIRECTION('',(0.,0.,1.));
#2595 = DIRECTION('',(1.,0.,-0.));
#2596 = ORIENTED_EDGE('',*,*,#1703,.F.);
#2597 = ORIENTED_EDGE('',*,*,#1679,.F.);
#2598 = FACE_BOUND('',#2599,.F.);
#2599 = EDGE_LOOP('',(#2600,#2601,#2602,#2610,#2618,#2624,#2625,#2626));
#2600 = ORIENTED_EDGE('',*,*,#1053,.F.);
#2601 = ORIENTED_EDGE('',*,*,#1213,.T.);
#2602 = ORIENTED_EDGE('',*,*,#2603,.T.);
#2603 = EDGE_CURVE('',#1214,#2604,#2606,.T.);
#2604 = VERTEX_POINT('',#2605);
#2605 = CARTESIAN_POINT('',(-12.6,1.1,17.));
#2606 = LINE('',#2607,#2608);
#2607 = CARTESIAN_POINT('',(-12.6,-5.25,17.));
#2608 = VECTOR('',#2609,1.);
#2609 = DIRECTION('',(-0.,1.,0.));
#2610 = ORIENTED_EDGE('',*,*,#2611,.F.);
#2611 = EDGE_CURVE('',#2612,#2604,#2614,.T.);
#2612 = VERTEX_POINT('',#2613);
#2613 = CARTESIAN_POINT('',(-8.4,1.1,17.));
#2614 = LINE('',#2615,#2616);
#2615 = CARTESIAN_POINT('',(-4.5,1.1,17.));
#2616 = VECTOR('',#2617,1.);
#2617 = DIRECTION('',(-1.,-0.,0.));
#2618 = ORIENTED_EDGE('',*,*,#2619,.F.);
#2619 = EDGE_CURVE('',#1189,#2612,#2620,.T.);
#2620 = LINE('',#2621,#2622);
#2621 = CARTESIAN_POINT('',(-8.4,-5.25,17.));
#2622 = VECTOR('',#2623,1.);
#2623 = DIRECTION('',(-0.,1.,0.));
#2624 = ORIENTED_EDGE('',*,*,#1196,.T.);
#2625 = ORIENTED_EDGE('',*,*,#1140,.T.);
#2626 = ORIENTED_EDGE('',*,*,#2421,.F.);
#2627 = FACE_BOUND('',#2628,.F.);
#2628 = EDGE_LOOP('',(#2629,#2630,#2631,#2639,#2647,#2653,#2654,#2655));
#2629 = ORIENTED_EDGE('',*,*,#1488,.F.);
#2630 = ORIENTED_EDGE('',*,*,#1544,.T.);
#2631 = ORIENTED_EDGE('',*,*,#2632,.T.);
#2632 = EDGE_CURVE('',#1545,#2633,#2635,.T.);
#2633 = VERTEX_POINT('',#2634);
#2634 = CARTESIAN_POINT('',(8.4,1.1,17.));
#2635 = LINE('',#2636,#2637);
#2636 = CARTESIAN_POINT('',(8.4,-5.25,17.));
#2637 = VECTOR('',#2638,1.);
#2638 = DIRECTION('',(-0.,1.,0.));
#2639 = ORIENTED_EDGE('',*,*,#2640,.F.);
#2640 = EDGE_CURVE('',#2641,#2633,#2643,.T.);
#2641 = VERTEX_POINT('',#2642);
#2642 = CARTESIAN_POINT('',(12.6,1.1,17.));
#2643 = LINE('',#2644,#2645);
#2644 = CARTESIAN_POINT('',(6.,1.1,17.));
#2645 = VECTOR('',#2646,1.);
#2646 = DIRECTION('',(-1.,-0.,0.));
#2647 = ORIENTED_EDGE('',*,*,#2648,.F.);
#2648 = EDGE_CURVE('',#1648,#2641,#2649,.T.);
#2649 = LINE('',#2650,#2651);
#2650 = CARTESIAN_POINT('',(12.6,-5.25,17.));
#2651 = VECTOR('',#2652,1.);
#2652 = DIRECTION('',(-0.,1.,0.));
#2653 = ORIENTED_EDGE('',*,*,#1655,.T.);
#2654 = ORIENTED_EDGE('',*,*,#1599,.T.);
#2655 = ORIENTED_EDGE('',*,*,#2656,.F.);
#2656 = EDGE_CURVE('',#1489,#1600,#2657,.T.);
#2657 = CIRCLE('',#2658,1.8);
#2658 = AXIS2_PLACEMENT_3D('',#2659,#2660,#2661);
#2659 = CARTESIAN_POINT('',(10.5,-2.569,17.));
#2660 = DIRECTION('',(0.,0.,1.));
#2661 = DIRECTION('',(1.,0.,-0.));
#2662 = FACE_BOUND('',#2663,.F.);
#2663 = EDGE_LOOP('',(#2664,#2675,#2683,#2692,#2700,#2709,#2717,#2726));
#2664 = ORIENTED_EDGE('',*,*,#2665,.T.);
#2665 = EDGE_CURVE('',#2666,#2668,#2670,.T.);
#2666 = VERTEX_POINT('',#2667);
#2667 = CARTESIAN_POINT('',(7.,-6.569,17.));
#2668 = VERTEX_POINT('',#2669);
#2669 = CARTESIAN_POINT('',(4.,-9.569,17.));
#2670 = CIRCLE('',#2671,3.);
#2671 = AXIS2_PLACEMENT_3D('',#2672,#2673,#2674);
#2672 = CARTESIAN_POINT('',(4.,-6.569,17.));
#2673 = DIRECTION('',(0.,-0.,-1.));
#2674 = DIRECTION('',(1.,0.,-0.));
#2675 = ORIENTED_EDGE('',*,*,#2676,.T.);
#2676 = EDGE_CURVE('',#2668,#2677,#2679,.T.);
#2677 = VERTEX_POINT('',#2678);
#2678 = CARTESIAN_POINT('',(-4.,-9.569,17.));
#2679 = LINE('',#2680,#2681);
#2680 = CARTESIAN_POINT('',(-2.,-9.569,17.));
#2681 = VECTOR('',#2682,1.);
#2682 = DIRECTION('',(-1.,0.,0.));
#2683 = ORIENTED_EDGE('',*,*,#2684,.T.);
#2684 = EDGE_CURVE('',#2677,#2685,#2687,.T.);
#2685 = VERTEX_POINT('',#2686);
#2686 = CARTESIAN_POINT('',(-7.,-6.569,17.));
#2687 = CIRCLE('',#2688,3.);
#2688 = AXIS2_PLACEMENT_3D('',#2689,#2690,#2691);
#2689 = CARTESIAN_POINT('',(-4.,-6.569,17.));
#2690 = DIRECTION('',(0.,-0.,-1.));
#2691 = DIRECTION('',(1.,0.,-0.));
#2692 = ORIENTED_EDGE('',*,*,#2693,.T.);
#2693 = EDGE_CURVE('',#2685,#2694,#2696,.T.);
#2694 = VERTEX_POINT('',#2695);
#2695 = CARTESIAN_POINT('',(-7.,1.431,17.));
#2696 = LINE('',#2697,#2698);
#2697 = CARTESIAN_POINT('',(-7.,0.7155,17.));
#2698 = VECTOR('',#2699,1.);
#2699 = DIRECTION('',(-0.,1.,0.));
#2700 = ORIENTED_EDGE('',*,*,#2701,.T.);
#2701 = EDGE_CURVE('',#2694,#2702,#2704,.T.);
#2702 = VERTEX_POINT('',#2703);
#2703 = CARTESIAN_POINT('',(-4.,4.431,17.));
#2704 = CIRCLE('',#2705,3.);
#2705 = AXIS2_PLACEMENT_3D('',#2706,#2707,#2708);
#2706 = CARTESIAN_POINT('',(-4.,1.431,17.));
#2707 = DIRECTION('',(0.,-0.,-1.));
#2708 = DIRECTION('',(1.,0.,-0.));
#2709 = ORIENTED_EDGE('',*,*,#2710,.T.);
#2710 = EDGE_CURVE('',#2702,#2711,#2713,.T.);
#2711 = VERTEX_POINT('',#2712);
#2712 = CARTESIAN_POINT('',(4.,4.431,17.));
#2713 = LINE('',#2714,#2715);
#2714 = CARTESIAN_POINT('',(2.,4.431,17.));
#2715 = VECTOR('',#2716,1.);
#2716 = DIRECTION('',(1.,0.,-0.));
#2717 = ORIENTED_EDGE('',*,*,#2718,.T.);
#2718 = EDGE_CURVE('',#2711,#2719,#2721,.T.);
#2719 = VERTEX_POINT('',#2720);
#2720 = CARTESIAN_POINT('',(7.,1.431,17.));
#2721 = CIRCLE('',#2722,3.);
#2722 = AXIS2_PLACEMENT_3D('',#2723,#2724,#2725);
#2723 = CARTESIAN_POINT('',(4.,1.431,17.));
#2724 = DIRECTION('',(0.,-0.,-1.));
#2725 = DIRECTION('',(1.,0.,-0.));
#2726 = ORIENTED_EDGE('',*,*,#2727,.T.);
#2727 = EDGE_CURVE('',#2719,#2666,#2728,.T.);
#2728 = LINE('',#2729,#2730);
#2729 = CARTESIAN_POINT('',(7.,-3.2845,17.));
#2730 = VECTOR('',#2731,1.);
#2731 = DIRECTION('',(0.,-1.,0.));
#2732 = PLANE('',#2733);
#2733 = AXIS2_PLACEMENT_3D('',#2734,#2735,#2736);
#2734 = CARTESIAN_POINT('',(-5.294552367321E-16,-2.262629216804E-17,17.)
  );
#2735 = DIRECTION('',(0.,0.,1.));
#2736 = DIRECTION('',(1.,0.,-0.));
#2737 = ADVANCED_FACE('',(#2738),#2743,.T.);
#2738 = FACE_BOUND('',#2739,.T.);
#2739 = EDGE_LOOP('',(#2740,#2741,#2742));
#2740 = ORIENTED_EDGE('',*,*,#2413,.T.);
#2741 = ORIENTED_EDGE('',*,*,#2439,.T.);
#2742 = ORIENTED_EDGE('',*,*,#1156,.T.);
#2743 = PLANE('',#2744);
#2744 = AXIS2_PLACEMENT_3D('',#2745,#2746,#2747);
#2745 = CARTESIAN_POINT('',(-10.5,-2.569,17.5));
#2746 = DIRECTION('',(0.,0.,1.));
#2747 = DIRECTION('',(1.,0.,-0.));
#2748 = ADVANCED_FACE('',(#2749),#2765,.F.);
#2749 = FACE_BOUND('',#2750,.T.);
#2750 = EDGE_LOOP('',(#2751,#2757,#2758,#2764));
#2751 = ORIENTED_EDGE('',*,*,#2752,.F.);
#2752 = EDGE_CURVE('',#2666,#1244,#2753,.T.);
#2753 = LINE('',#2754,#2755);
#2754 = CARTESIAN_POINT('',(7.,-6.569,12.));
#2755 = VECTOR('',#2756,1.);
#2756 = DIRECTION('',(0.,0.,1.));
#2757 = ORIENTED_EDGE('',*,*,#2665,.T.);
#2758 = ORIENTED_EDGE('',*,*,#2759,.T.);
#2759 = EDGE_CURVE('',#2668,#1237,#2760,.T.);
#2760 = LINE('',#2761,#2762);
#2761 = CARTESIAN_POINT('',(4.,-9.569,12.));
#2762 = VECTOR('',#2763,1.);
#2763 = DIRECTION('',(0.,0.,1.));
#2764 = ORIENTED_EDGE('',*,*,#1243,.T.);
#2765 = CYLINDRICAL_SURFACE('',#2766,3.);
#2766 = AXIS2_PLACEMENT_3D('',#2767,#2768,#2769);
#2767 = CARTESIAN_POINT('',(4.,-6.569,12.));
#2768 = DIRECTION('',(-0.,-0.,-1.));
#2769 = DIRECTION('',(1.,0.,-0.));
#2770 = ADVANCED_FACE('',(#2771),#2782,.T.);
#2771 = FACE_BOUND('',#2772,.T.);
#2772 = EDGE_LOOP('',(#2773,#2779,#2780,#2781));
#2773 = ORIENTED_EDGE('',*,*,#2774,.F.);
#2774 = EDGE_CURVE('',#2719,#1282,#2775,.T.);
#2775 = LINE('',#2776,#2777);
#2776 = CARTESIAN_POINT('',(7.,1.431,12.));
#2777 = VECTOR('',#2778,1.);
#2778 = DIRECTION('',(0.,0.,1.));
#2779 = ORIENTED_EDGE('',*,*,#2727,.T.);
#2780 = ORIENTED_EDGE('',*,*,#2752,.T.);
#2781 = ORIENTED_EDGE('',*,*,#1281,.T.);
#2782 = PLANE('',#2783);
#2783 = AXIS2_PLACEMENT_3D('',#2784,#2785,#2786);
#2784 = CARTESIAN_POINT('',(7.,-6.569,12.));
#2785 = DIRECTION('',(-1.,0.,0.));
#2786 = DIRECTION('',(0.,1.,0.));
#2787 = ADVANCED_FACE('',(#2788),#2799,.T.);
#2788 = FACE_BOUND('',#2789,.T.);
#2789 = EDGE_LOOP('',(#2790,#2791,#2792,#2798));
#2790 = ORIENTED_EDGE('',*,*,#2759,.F.);
#2791 = ORIENTED_EDGE('',*,*,#2676,.T.);
#2792 = ORIENTED_EDGE('',*,*,#2793,.T.);
#2793 = EDGE_CURVE('',#2677,#1304,#2794,.T.);
#2794 = LINE('',#2795,#2796);
#2795 = CARTESIAN_POINT('',(-4.,-9.569,12.));
#2796 = VECTOR('',#2797,1.);
#2797 = DIRECTION('',(0.,0.,1.));
#2798 = ORIENTED_EDGE('',*,*,#1310,.T.);
#2799 = PLANE('',#2800);
#2800 = AXIS2_PLACEMENT_3D('',#2801,#2802,#2803);
#2801 = CARTESIAN_POINT('',(-4.,-9.569,12.));
#2802 = DIRECTION('',(0.,1.,0.));
#2803 = DIRECTION('',(1.,0.,0.));
#2804 = ADVANCED_FACE('',(#2805),#2816,.F.);
#2805 = FACE_BOUND('',#2806,.T.);
#2806 = EDGE_LOOP('',(#2807,#2813,#2814,#2815));
#2807 = ORIENTED_EDGE('',*,*,#2808,.F.);
#2808 = EDGE_CURVE('',#2711,#1328,#2809,.T.);
#2809 = LINE('',#2810,#2811);
#2810 = CARTESIAN_POINT('',(4.,4.431,12.));
#2811 = VECTOR('',#2812,1.);
#2812 = DIRECTION('',(0.,0.,1.));
#2813 = ORIENTED_EDGE('',*,*,#2718,.T.);
#2814 = ORIENTED_EDGE('',*,*,#2774,.T.);
#2815 = ORIENTED_EDGE('',*,*,#1327,.T.);
#2816 = CYLINDRICAL_SURFACE('',#2817,3.);
#2817 = AXIS2_PLACEMENT_3D('',#2818,#2819,#2820);
#2818 = CARTESIAN_POINT('',(4.,1.431,12.));
#2819 = DIRECTION('',(-0.,-0.,-1.));
#2820 = DIRECTION('',(1.,0.,-0.));
#2821 = ADVANCED_FACE('',(#2822),#2833,.F.);
#2822 = FACE_BOUND('',#2823,.T.);
#2823 = EDGE_LOOP('',(#2824,#2825,#2826,#2832));
#2824 = ORIENTED_EDGE('',*,*,#2793,.F.);
#2825 = ORIENTED_EDGE('',*,*,#2684,.T.);
#2826 = ORIENTED_EDGE('',*,*,#2827,.T.);
#2827 = EDGE_CURVE('',#2685,#1365,#2828,.T.);
#2828 = LINE('',#2829,#2830);
#2829 = CARTESIAN_POINT('',(-7.,-6.569,12.));
#2830 = VECTOR('',#2831,1.);
#2831 = DIRECTION('',(0.,0.,1.));
#2832 = ORIENTED_EDGE('',*,*,#1371,.T.);
#2833 = CYLINDRICAL_SURFACE('',#2834,3.);
#2834 = AXIS2_PLACEMENT_3D('',#2835,#2836,#2837);
#2835 = CARTESIAN_POINT('',(-4.,-6.569,12.));
#2836 = DIRECTION('',(-0.,-0.,-1.));
#2837 = DIRECTION('',(1.,0.,-0.));
#2838 = ADVANCED_FACE('',(#2839),#2850,.T.);
#2839 = FACE_BOUND('',#2840,.T.);
#2840 = EDGE_LOOP('',(#2841,#2847,#2848,#2849));
#2841 = ORIENTED_EDGE('',*,*,#2842,.F.);
#2842 = EDGE_CURVE('',#2702,#1404,#2843,.T.);
#2843 = LINE('',#2844,#2845);
#2844 = CARTESIAN_POINT('',(-4.,4.431,12.));
#2845 = VECTOR('',#2846,1.);
#2846 = DIRECTION('',(0.,0.,1.));
#2847 = ORIENTED_EDGE('',*,*,#2710,.T.);
#2848 = ORIENTED_EDGE('',*,*,#2808,.T.);
#2849 = ORIENTED_EDGE('',*,*,#1403,.T.);
#2850 = PLANE('',#2851);
#2851 = AXIS2_PLACEMENT_3D('',#2852,#2853,#2854);
#2852 = CARTESIAN_POINT('',(4.,4.431,12.));
#2853 = DIRECTION('',(0.,-1.,0.));
#2854 = DIRECTION('',(-1.,0.,0.));
#2855 = ADVANCED_FACE('',(#2856),#2867,.T.);
#2856 = FACE_BOUND('',#2857,.T.);
#2857 = EDGE_LOOP('',(#2858,#2859,#2860,#2866));
#2858 = ORIENTED_EDGE('',*,*,#2827,.F.);
#2859 = ORIENTED_EDGE('',*,*,#2693,.T.);
#2860 = ORIENTED_EDGE('',*,*,#2861,.T.);
#2861 = EDGE_CURVE('',#2694,#1426,#2862,.T.);
#2862 = LINE('',#2863,#2864);
#2863 = CARTESIAN_POINT('',(-7.,1.431,12.));
#2864 = VECTOR('',#2865,1.);
#2865 = DIRECTION('',(0.,0.,1.));
#2866 = ORIENTED_EDGE('',*,*,#1432,.T.);
#2867 = PLANE('',#2868);
#2868 = AXIS2_PLACEMENT_3D('',#2869,#2870,#2871);
#2869 = CARTESIAN_POINT('',(-7.,1.431,12.));
#2870 = DIRECTION('',(1.,0.,-0.));
#2871 = DIRECTION('',(0.,-1.,0.));
#2872 = ADVANCED_FACE('',(#2873),#2879,.F.);
#2873 = FACE_BOUND('',#2874,.T.);
#2874 = EDGE_LOOP('',(#2875,#2876,#2877,#2878));
#2875 = ORIENTED_EDGE('',*,*,#2861,.F.);
#2876 = ORIENTED_EDGE('',*,*,#2701,.T.);
#2877 = ORIENTED_EDGE('',*,*,#2842,.T.);
#2878 = ORIENTED_EDGE('',*,*,#1449,.T.);
#2879 = CYLINDRICAL_SURFACE('',#2880,3.);
#2880 = AXIS2_PLACEMENT_3D('',#2881,#2882,#2883);
#2881 = CARTESIAN_POINT('',(-4.,1.431,12.));
#2882 = DIRECTION('',(-0.,-0.,-1.));
#2883 = DIRECTION('',(1.,0.,-0.));
#2884 = ADVANCED_FACE('',(#2885),#2897,.F.);
#2885 = FACE_BOUND('',#2886,.F.);
#2886 = EDGE_LOOP('',(#2887,#2888,#2895,#2896));
#2887 = ORIENTED_EDGE('',*,*,#1520,.F.);
#2888 = ORIENTED_EDGE('',*,*,#2889,.F.);
#2889 = EDGE_CURVE('',#1624,#1513,#2890,.T.);
#2890 = CIRCLE('',#2891,1.8);
#2891 = AXIS2_PLACEMENT_3D('',#2892,#2893,#2894);
#2892 = CARTESIAN_POINT('',(10.5,-2.569,17.));
#2893 = DIRECTION('',(0.,0.,1.));
#2894 = DIRECTION('',(1.,0.,-0.));
#2895 = ORIENTED_EDGE('',*,*,#1631,.T.);
#2896 = ORIENTED_EDGE('',*,*,#1576,.T.);
#2897 = PLANE('',#2898);
#2898 = AXIS2_PLACEMENT_3D('',#2899,#2900,#2901);
#2899 = CARTESIAN_POINT('',(-5.294552367321E-16,-2.262629216804E-17,17.)
  );
#2900 = DIRECTION('',(0.,0.,1.));
#2901 = DIRECTION('',(1.,0.,-0.));
#2902 = ADVANCED_FACE('',(#2903),#2950,.T.);
#2903 = FACE_BOUND('',#2904,.T.);
#2904 = EDGE_LOOP('',(#2905,#2915,#2922,#2923,#2924,#2925,#2932,#2933,
    #2934,#2935,#2942,#2943));
#2905 = ORIENTED_EDGE('',*,*,#2906,.T.);
#2906 = EDGE_CURVE('',#2907,#2909,#2911,.T.);
#2907 = VERTEX_POINT('',#2908);
#2908 = CARTESIAN_POINT('',(12.3,-2.569,6.8));
#2909 = VERTEX_POINT('',#2910);
#2910 = CARTESIAN_POINT('',(12.3,-2.569,17.5));
#2911 = LINE('',#2912,#2913);
#2912 = CARTESIAN_POINT('',(12.3,-2.569,6.8));
#2913 = VECTOR('',#2914,1.);
#2914 = DIRECTION('',(0.,0.,1.));
#2915 = ORIENTED_EDGE('',*,*,#2916,.F.);
#2916 = EDGE_CURVE('',#1608,#2909,#2917,.T.);
#2917 = CIRCLE('',#2918,1.8);
#2918 = AXIS2_PLACEMENT_3D('',#2919,#2920,#2921);
#2919 = CARTESIAN_POINT('',(10.5,-2.569,17.5));
#2920 = DIRECTION('',(0.,0.,1.));
#2921 = DIRECTION('',(1.,0.,-0.));
#2922 = ORIENTED_EDGE('',*,*,#1607,.F.);
#2923 = ORIENTED_EDGE('',*,*,#2656,.F.);
#2924 = ORIENTED_EDGE('',*,*,#1496,.T.);
#2925 = ORIENTED_EDGE('',*,*,#2926,.F.);
#2926 = EDGE_CURVE('',#1505,#1497,#2927,.T.);
#2927 = CIRCLE('',#2928,1.8);
#2928 = AXIS2_PLACEMENT_3D('',#2929,#2930,#2931);
#2929 = CARTESIAN_POINT('',(10.5,-2.569,17.5));
#2930 = DIRECTION('',(0.,0.,1.));
#2931 = DIRECTION('',(1.,0.,-0.));
#2932 = ORIENTED_EDGE('',*,*,#1512,.F.);
#2933 = ORIENTED_EDGE('',*,*,#2889,.F.);
#2934 = ORIENTED_EDGE('',*,*,#1623,.T.);
#2935 = ORIENTED_EDGE('',*,*,#2936,.F.);
#2936 = EDGE_CURVE('',#2909,#1616,#2937,.T.);
#2937 = CIRCLE('',#2938,1.8);
#2938 = AXIS2_PLACEMENT_3D('',#2939,#2940,#2941);
#2939 = CARTESIAN_POINT('',(10.5,-2.569,17.5));
#2940 = DIRECTION('',(0.,0.,1.));
#2941 = DIRECTION('',(1.,0.,-0.));
#2942 = ORIENTED_EDGE('',*,*,#2906,.F.);
#2943 = ORIENTED_EDGE('',*,*,#2944,.T.);
#2944 = EDGE_CURVE('',#2907,#2907,#2945,.T.);
#2945 = CIRCLE('',#2946,1.8);
#2946 = AXIS2_PLACEMENT_3D('',#2947,#2948,#2949);
#2947 = CARTESIAN_POINT('',(10.5,-2.569,6.8));
#2948 = DIRECTION('',(0.,0.,1.));
#2949 = DIRECTION('',(1.,0.,-0.));
#2950 = CYLINDRICAL_SURFACE('',#2951,1.8);
#2951 = AXIS2_PLACEMENT_3D('',#2952,#2953,#2954);
#2952 = CARTESIAN_POINT('',(10.5,-2.569,6.8));
#2953 = DIRECTION('',(0.,0.,1.));
#2954 = DIRECTION('',(1.,0.,-0.));
#2955 = ADVANCED_FACE('',(#2956),#2960,.T.);
#2956 = FACE_BOUND('',#2957,.T.);
#2957 = EDGE_LOOP('',(#2958,#2959));
#2958 = ORIENTED_EDGE('',*,*,#1504,.F.);
#2959 = ORIENTED_EDGE('',*,*,#2926,.T.);
#2960 = PLANE('',#2961);
#2961 = AXIS2_PLACEMENT_3D('',#2962,#2963,#2964);
#2962 = CARTESIAN_POINT('',(10.5,-2.569,17.5));
#2963 = DIRECTION('',(0.,0.,1.));
#2964 = DIRECTION('',(1.,0.,-0.));
#2965 = ADVANCED_FACE('',(#2966),#2971,.T.);
#2966 = FACE_BOUND('',#2967,.T.);
#2967 = EDGE_LOOP('',(#2968,#2969,#2970));
#2968 = ORIENTED_EDGE('',*,*,#2916,.T.);
#2969 = ORIENTED_EDGE('',*,*,#2936,.T.);
#2970 = ORIENTED_EDGE('',*,*,#1615,.T.);
#2971 = PLANE('',#2972);
#2972 = AXIS2_PLACEMENT_3D('',#2973,#2974,#2975);
#2973 = CARTESIAN_POINT('',(10.5,-2.569,17.5));
#2974 = DIRECTION('',(0.,0.,1.));
#2975 = DIRECTION('',(1.,0.,-0.));
#2976 = ADVANCED_FACE('',(#2977),#2988,.F.);
#2977 = FACE_BOUND('',#2978,.F.);
#2978 = EDGE_LOOP('',(#2979,#2980,#2987));
#2979 = ORIENTED_EDGE('',*,*,#1735,.F.);
#2980 = ORIENTED_EDGE('',*,*,#2981,.F.);
#2981 = EDGE_CURVE('',#1761,#1728,#2982,.T.);
#2982 = CIRCLE('',#2983,1.8);
#2983 = AXIS2_PLACEMENT_3D('',#2984,#2985,#2986);
#2984 = CARTESIAN_POINT('',(-10.5,9.931,17.));
#2985 = DIRECTION('',(0.,0.,1.));
#2986 = DIRECTION('',(1.,0.,-0.));
#2987 = ORIENTED_EDGE('',*,*,#1760,.F.);
#2988 = PLANE('',#2989);
#2989 = AXIS2_PLACEMENT_3D('',#2990,#2991,#2992);
#2990 = CARTESIAN_POINT('',(-5.294552367321E-16,-2.262629216804E-17,17.)
  );
#2991 = DIRECTION('',(0.,0.,1.));
#2992 = DIRECTION('',(1.,0.,-0.));
#2993 = ADVANCED_FACE('',(#2994),#3049,.T.);
#2994 = FACE_BOUND('',#2995,.T.);
#2995 = EDGE_LOOP('',(#2996,#3003,#3004,#3005,#3013,#3020,#3021,#3022,
    #3023,#3030,#3031,#3032,#3033,#3040,#3041,#3048));
#2996 = ORIENTED_EDGE('',*,*,#2997,.F.);
#2997 = EDGE_CURVE('',#1831,#1839,#2998,.T.);
#2998 = CIRCLE('',#2999,1.8);
#2999 = AXIS2_PLACEMENT_3D('',#3000,#3001,#3002);
#3000 = CARTESIAN_POINT('',(-10.5,9.931,17.5));
#3001 = DIRECTION('',(0.,0.,1.));
#3002 = DIRECTION('',(1.,0.,-0.));
#3003 = ORIENTED_EDGE('',*,*,#1830,.F.);
#3004 = ORIENTED_EDGE('',*,*,#2581,.F.);
#3005 = ORIENTED_EDGE('',*,*,#3006,.F.);
#3006 = EDGE_CURVE('',#3007,#2582,#3009,.T.);
#3007 = VERTEX_POINT('',#3008);
#3008 = CARTESIAN_POINT('',(-8.7,9.931,6.8));
#3009 = LINE('',#3010,#3011);
#3010 = CARTESIAN_POINT('',(-8.7,9.931,6.8));
#3011 = VECTOR('',#3012,1.);
#3012 = DIRECTION('',(0.,0.,1.));
#3013 = ORIENTED_EDGE('',*,*,#3014,.T.);
#3014 = EDGE_CURVE('',#3007,#3007,#3015,.T.);
#3015 = CIRCLE('',#3016,1.8);
#3016 = AXIS2_PLACEMENT_3D('',#3017,#3018,#3019);
#3017 = CARTESIAN_POINT('',(-10.5,9.931,6.8));
#3018 = DIRECTION('',(0.,0.,1.));
#3019 = DIRECTION('',(1.,0.,-0.));
#3020 = ORIENTED_EDGE('',*,*,#3006,.T.);
#3021 = ORIENTED_EDGE('',*,*,#2590,.F.);
#3022 = ORIENTED_EDGE('',*,*,#1711,.T.);
#3023 = ORIENTED_EDGE('',*,*,#3024,.F.);
#3024 = EDGE_CURVE('',#1720,#1712,#3025,.T.);
#3025 = CIRCLE('',#3026,1.8);
#3026 = AXIS2_PLACEMENT_3D('',#3027,#3028,#3029);
#3027 = CARTESIAN_POINT('',(-10.5,9.931,17.5));
#3028 = DIRECTION('',(0.,0.,1.));
#3029 = DIRECTION('',(1.,0.,-0.));
#3030 = ORIENTED_EDGE('',*,*,#1727,.F.);
#3031 = ORIENTED_EDGE('',*,*,#2981,.F.);
#3032 = ORIENTED_EDGE('',*,*,#1768,.T.);
#3033 = ORIENTED_EDGE('',*,*,#3034,.F.);
#3034 = EDGE_CURVE('',#1777,#1769,#3035,.T.);
#3035 = CIRCLE('',#3036,1.8);
#3036 = AXIS2_PLACEMENT_3D('',#3037,#3038,#3039);
#3037 = CARTESIAN_POINT('',(-10.5,9.931,17.5));
#3038 = DIRECTION('',(0.,0.,1.));
#3039 = DIRECTION('',(1.,0.,-0.));
#3040 = ORIENTED_EDGE('',*,*,#1784,.F.);
#3041 = ORIENTED_EDGE('',*,*,#3042,.F.);
#3042 = EDGE_CURVE('',#1847,#1785,#3043,.T.);
#3043 = CIRCLE('',#3044,1.8);
#3044 = AXIS2_PLACEMENT_3D('',#3045,#3046,#3047);
#3045 = CARTESIAN_POINT('',(-10.5,9.931,17.));
#3046 = DIRECTION('',(0.,0.,1.));
#3047 = DIRECTION('',(1.,0.,-0.));
#3048 = ORIENTED_EDGE('',*,*,#1846,.T.);
#3049 = CYLINDRICAL_SURFACE('',#3050,1.8);
#3050 = AXIS2_PLACEMENT_3D('',#3051,#3052,#3053);
#3051 = CARTESIAN_POINT('',(-10.5,9.931,6.8));
#3052 = DIRECTION('',(0.,0.,1.));
#3053 = DIRECTION('',(1.,0.,-0.));
#3054 = ADVANCED_FACE('',(#3055),#3059,.T.);
#3055 = FACE_BOUND('',#3056,.T.);
#3056 = EDGE_LOOP('',(#3057,#3058));
#3057 = ORIENTED_EDGE('',*,*,#3024,.T.);
#3058 = ORIENTED_EDGE('',*,*,#1719,.F.);
#3059 = PLANE('',#3060);
#3060 = AXIS2_PLACEMENT_3D('',#3061,#3062,#3063);
#3061 = CARTESIAN_POINT('',(-10.5,9.931,17.5));
#3062 = DIRECTION('',(0.,0.,1.));
#3063 = DIRECTION('',(1.,0.,-0.));
#3064 = ADVANCED_FACE('',(#3065),#3070,.F.);
#3065 = FACE_BOUND('',#3066,.F.);
#3066 = EDGE_LOOP('',(#3067,#3068,#3069));
#3067 = ORIENTED_EDGE('',*,*,#1792,.F.);
#3068 = ORIENTED_EDGE('',*,*,#3042,.F.);
#3069 = ORIENTED_EDGE('',*,*,#1854,.T.);
#3070 = PLANE('',#3071);
#3071 = AXIS2_PLACEMENT_3D('',#3072,#3073,#3074);
#3072 = CARTESIAN_POINT('',(-5.294552367321E-16,-2.262629216804E-17,17.)
  );
#3073 = DIRECTION('',(0.,0.,1.));
#3074 = DIRECTION('',(1.,0.,-0.));
#3075 = ADVANCED_FACE('',(#3076),#3080,.T.);
#3076 = FACE_BOUND('',#3077,.T.);
#3077 = EDGE_LOOP('',(#3078,#3079));
#3078 = ORIENTED_EDGE('',*,*,#1776,.F.);
#3079 = ORIENTED_EDGE('',*,*,#3034,.T.);
#3080 = PLANE('',#3081);
#3081 = AXIS2_PLACEMENT_3D('',#3082,#3083,#3084);
#3082 = CARTESIAN_POINT('',(-10.5,9.931,17.5));
#3083 = DIRECTION('',(0.,0.,1.));
#3084 = DIRECTION('',(1.,0.,-0.));
#3085 = ADVANCED_FACE('',(#3086),#3090,.T.);
#3086 = FACE_BOUND('',#3087,.T.);
#3087 = EDGE_LOOP('',(#3088,#3089));
#3088 = ORIENTED_EDGE('',*,*,#1838,.T.);
#3089 = ORIENTED_EDGE('',*,*,#2997,.T.);
#3090 = PLANE('',#3091);
#3091 = AXIS2_PLACEMENT_3D('',#3092,#3093,#3094);
#3092 = CARTESIAN_POINT('',(-10.5,9.931,17.5));
#3093 = DIRECTION('',(0.,0.,1.));
#3094 = DIRECTION('',(1.,0.,-0.));
#3095 = ADVANCED_FACE('',(#3096),#3130,.T.);
#3096 = FACE_BOUND('',#3097,.T.);
#3097 = EDGE_LOOP('',(#3098,#3106,#3107,#3115,#3121,#3122,#3123,#3124));
#3098 = ORIENTED_EDGE('',*,*,#3099,.F.);
#3099 = EDGE_CURVE('',#2196,#3100,#3102,.T.);
#3100 = VERTEX_POINT('',#3101);
#3101 = CARTESIAN_POINT('',(-11.8,12.181,16.));
#3102 = LINE('',#3103,#3104);
#3103 = CARTESIAN_POINT('',(-11.8,12.181,8.2));
#3104 = VECTOR('',#3105,1.);
#3105 = DIRECTION('',(0.,0.,1.));
#3106 = ORIENTED_EDGE('',*,*,#2204,.T.);
#3107 = ORIENTED_EDGE('',*,*,#3108,.T.);
#3108 = EDGE_CURVE('',#2205,#3109,#3111,.T.);
#3109 = VERTEX_POINT('',#3110);
#3110 = CARTESIAN_POINT('',(11.8,12.181,16.));
#3111 = LINE('',#3112,#3113);
#3112 = CARTESIAN_POINT('',(11.8,12.181,8.2));
#3113 = VECTOR('',#3114,1.);
#3114 = DIRECTION('',(0.,0.,1.));
#3115 = ORIENTED_EDGE('',*,*,#3116,.T.);
#3116 = EDGE_CURVE('',#3109,#2070,#3117,.T.);
#3117 = LINE('',#3118,#3119);
#3118 = CARTESIAN_POINT('',(6.9,12.181,16.));
#3119 = VECTOR('',#3120,1.);
#3120 = DIRECTION('',(-1.,0.,0.));
#3121 = ORIENTED_EDGE('',*,*,#2069,.T.);
#3122 = ORIENTED_EDGE('',*,*,#2573,.T.);
#3123 = ORIENTED_EDGE('',*,*,#1879,.F.);
#3124 = ORIENTED_EDGE('',*,*,#3125,.T.);
#3125 = EDGE_CURVE('',#1880,#3100,#3126,.T.);
#3126 = LINE('',#3127,#3128);
#3127 = CARTESIAN_POINT('',(-0.4,12.181,16.));
#3128 = VECTOR('',#3129,1.);
#3129 = DIRECTION('',(-1.,0.,0.));
#3130 = PLANE('',#3131);
#3131 = AXIS2_PLACEMENT_3D('',#3132,#3133,#3134);
#3132 = CARTESIAN_POINT('',(11.8,12.181,8.2));
#3133 = DIRECTION('',(0.,-1.,0.));
#3134 = DIRECTION('',(-1.,0.,0.));
#3135 = ADVANCED_FACE('',(#3136),#3171,.F.);
#3136 = FACE_BOUND('',#3137,.T.);
#3137 = EDGE_LOOP('',(#3138,#3144,#3145,#3146,#3155,#3164,#3170));
#3138 = ORIENTED_EDGE('',*,*,#3139,.F.);
#3139 = EDGE_CURVE('',#2188,#2489,#3140,.T.);
#3140 = LINE('',#3141,#3142);
#3141 = CARTESIAN_POINT('',(-12.8,11.181,8.2));
#3142 = VECTOR('',#3143,1.);
#3143 = DIRECTION('',(0.,0.,1.));
#3144 = ORIENTED_EDGE('',*,*,#2195,.T.);
#3145 = ORIENTED_EDGE('',*,*,#3099,.T.);
#3146 = ORIENTED_EDGE('',*,*,#3147,.F.);
#3147 = EDGE_CURVE('',#3148,#3100,#3150,.T.);
#3148 = VERTEX_POINT('',#3149);
#3149 = CARTESIAN_POINT('',(-12.,12.160795897113,16.));
#3150 = CIRCLE('',#3151,1.);
#3151 = AXIS2_PLACEMENT_3D('',#3152,#3153,#3154);
#3152 = CARTESIAN_POINT('',(-11.8,11.181,16.));
#3153 = DIRECTION('',(0.,-0.,-1.));
#3154 = DIRECTION('',(1.,0.,-0.));
#3155 = ORIENTED_EDGE('',*,*,#3156,.F.);
#3156 = EDGE_CURVE('',#3157,#3148,#3159,.T.);
#3157 = VERTEX_POINT('',#3158);
#3158 = CARTESIAN_POINT('',(-12.6,11.781,16.));
#3159 = CIRCLE('',#3160,1.);
#3160 = AXIS2_PLACEMENT_3D('',#3161,#3162,#3163);
#3161 = CARTESIAN_POINT('',(-11.8,11.181,16.));
#3162 = DIRECTION('',(0.,-0.,-1.));
#3163 = DIRECTION('',(1.,0.,-0.));
#3164 = ORIENTED_EDGE('',*,*,#3165,.F.);
#3165 = EDGE_CURVE('',#2481,#3157,#3166,.T.);
#3166 = LINE('',#3167,#3168);
#3167 = CARTESIAN_POINT('',(-12.6,11.781,8.2));
#3168 = VECTOR('',#3169,1.);
#3169 = DIRECTION('',(-0.,-0.,-1.));
#3170 = ORIENTED_EDGE('',*,*,#2488,.T.);
#3171 = CYLINDRICAL_SURFACE('',#3172,1.);
#3172 = AXIS2_PLACEMENT_3D('',#3173,#3174,#3175);
#3173 = CARTESIAN_POINT('',(-11.8,11.181,8.2));
#3174 = DIRECTION('',(-0.,-0.,-1.));
#3175 = DIRECTION('',(1.,0.,-0.));
#3176 = ADVANCED_FACE('',(#3177),#3212,.F.);
#3177 = FACE_BOUND('',#3178,.T.);
#3178 = EDGE_LOOP('',(#3179,#3180,#3181,#3187,#3188,#3196,#3205));
#3179 = ORIENTED_EDGE('',*,*,#3108,.F.);
#3180 = ORIENTED_EDGE('',*,*,#2212,.T.);
#3181 = ORIENTED_EDGE('',*,*,#3182,.T.);
#3182 = EDGE_CURVE('',#2213,#2532,#3183,.T.);
#3183 = LINE('',#3184,#3185);
#3184 = CARTESIAN_POINT('',(12.8,11.181,8.2));
#3185 = VECTOR('',#3186,1.);
#3186 = DIRECTION('',(0.,0.,1.));
#3187 = ORIENTED_EDGE('',*,*,#2539,.T.);
#3188 = ORIENTED_EDGE('',*,*,#3189,.T.);
#3189 = EDGE_CURVE('',#2540,#3190,#3192,.T.);
#3190 = VERTEX_POINT('',#3191);
#3191 = CARTESIAN_POINT('',(12.6,11.781,16.));
#3192 = LINE('',#3193,#3194);
#3193 = CARTESIAN_POINT('',(12.6,11.781,8.2));
#3194 = VECTOR('',#3195,1.);
#3195 = DIRECTION('',(-0.,-0.,-1.));
#3196 = ORIENTED_EDGE('',*,*,#3197,.F.);
#3197 = EDGE_CURVE('',#3198,#3190,#3200,.T.);
#3198 = VERTEX_POINT('',#3199);
#3199 = CARTESIAN_POINT('',(12.,12.160795897113,16.));
#3200 = CIRCLE('',#3201,1.);
#3201 = AXIS2_PLACEMENT_3D('',#3202,#3203,#3204);
#3202 = CARTESIAN_POINT('',(11.8,11.181,16.));
#3203 = DIRECTION('',(0.,-0.,-1.));
#3204 = DIRECTION('',(1.,0.,-0.));
#3205 = ORIENTED_EDGE('',*,*,#3206,.F.);
#3206 = EDGE_CURVE('',#3109,#3198,#3207,.T.);
#3207 = CIRCLE('',#3208,1.);
#3208 = AXIS2_PLACEMENT_3D('',#3209,#3210,#3211);
#3209 = CARTESIAN_POINT('',(11.8,11.181,16.));
#3210 = DIRECTION('',(0.,-0.,-1.));
#3211 = DIRECTION('',(1.,0.,-0.));
#3212 = CYLINDRICAL_SURFACE('',#3213,1.);
#3213 = AXIS2_PLACEMENT_3D('',#3214,#3215,#3216);
#3214 = CARTESIAN_POINT('',(11.8,11.181,8.2));
#3215 = DIRECTION('',(-0.,-0.,-1.));
#3216 = DIRECTION('',(1.,0.,-0.));
#3217 = ADVANCED_FACE('',(#3218),#3287,.T.);
#3218 = FACE_BOUND('',#3219,.T.);
#3219 = EDGE_LOOP('',(#3220,#3230,#3237,#3238,#3245,#3246,#3253,#3254,
    #3255,#3256,#3263,#3264,#3271,#3272,#3279,#3280));
#3220 = ORIENTED_EDGE('',*,*,#3221,.T.);
#3221 = EDGE_CURVE('',#3222,#3224,#3226,.T.);
#3222 = VERTEX_POINT('',#3223);
#3223 = CARTESIAN_POINT('',(12.3,9.931,6.8));
#3224 = VERTEX_POINT('',#3225);
#3225 = CARTESIAN_POINT('',(12.3,9.931,17.5));
#3226 = LINE('',#3227,#3228);
#3227 = CARTESIAN_POINT('',(12.3,9.931,6.8));
#3228 = VECTOR('',#3229,1.);
#3229 = DIRECTION('',(0.,0.,1.));
#3230 = ORIENTED_EDGE('',*,*,#3231,.F.);
#3231 = EDGE_CURVE('',#2008,#3224,#3232,.T.);
#3232 = CIRCLE('',#3233,1.8);
#3233 = AXIS2_PLACEMENT_3D('',#3234,#3235,#3236);
#3234 = CARTESIAN_POINT('',(10.5,9.931,17.5));
#3235 = DIRECTION('',(0.,0.,1.));
#3236 = DIRECTION('',(1.,0.,-0.));
#3237 = ORIENTED_EDGE('',*,*,#2007,.F.);
#3238 = ORIENTED_EDGE('',*,*,#3239,.F.);
#3239 = EDGE_CURVE('',#1951,#2000,#3240,.T.);
#3240 = CIRCLE('',#3241,1.8);
#3241 = AXIS2_PLACEMENT_3D('',#3242,#3243,#3244);
#3242 = CARTESIAN_POINT('',(10.5,9.931,17.));
#3243 = DIRECTION('',(0.,0.,1.));
#3244 = DIRECTION('',(1.,0.,-0.));
#3245 = ORIENTED_EDGE('',*,*,#1958,.T.);
#3246 = ORIENTED_EDGE('',*,*,#3247,.F.);
#3247 = EDGE_CURVE('',#1967,#1959,#3248,.T.);
#3248 = CIRCLE('',#3249,1.8);
#3249 = AXIS2_PLACEMENT_3D('',#3250,#3251,#3252);
#3250 = CARTESIAN_POINT('',(10.5,9.931,17.5));
#3251 = DIRECTION('',(0.,0.,1.));
#3252 = DIRECTION('',(1.,0.,-0.));
#3253 = ORIENTED_EDGE('',*,*,#1974,.F.);
#3254 = ORIENTED_EDGE('',*,*,#2564,.F.);
#3255 = ORIENTED_EDGE('',*,*,#2126,.T.);
#3256 = ORIENTED_EDGE('',*,*,#3257,.F.);
#3257 = EDGE_CURVE('',#2111,#2119,#3258,.T.);
#3258 = CIRCLE('',#3259,1.8);
#3259 = AXIS2_PLACEMENT_3D('',#3260,#3261,#3262);
#3260 = CARTESIAN_POINT('',(10.5,9.931,17.5));
#3261 = DIRECTION('',(0.,0.,1.));
#3262 = DIRECTION('',(1.,0.,-0.));
#3263 = ORIENTED_EDGE('',*,*,#2110,.F.);
#3264 = ORIENTED_EDGE('',*,*,#3265,.F.);
#3265 = EDGE_CURVE('',#2024,#2103,#3266,.T.);
#3266 = CIRCLE('',#3267,1.8);
#3267 = AXIS2_PLACEMENT_3D('',#3268,#3269,#3270);
#3268 = CARTESIAN_POINT('',(10.5,9.931,17.));
#3269 = DIRECTION('',(0.,0.,1.));
#3270 = DIRECTION('',(1.,0.,-0.));
#3271 = ORIENTED_EDGE('',*,*,#2023,.T.);
#3272 = ORIENTED_EDGE('',*,*,#3273,.F.);
#3273 = EDGE_CURVE('',#3224,#2016,#3274,.T.);
#3274 = CIRCLE('',#3275,1.8);
#3275 = AXIS2_PLACEMENT_3D('',#3276,#3277,#3278);
#3276 = CARTESIAN_POINT('',(10.5,9.931,17.5));
#3277 = DIRECTION('',(0.,0.,1.));
#3278 = DIRECTION('',(1.,0.,-0.));
#3279 = ORIENTED_EDGE('',*,*,#3221,.F.);
#3280 = ORIENTED_EDGE('',*,*,#3281,.T.);
#3281 = EDGE_CURVE('',#3222,#3222,#3282,.T.);
#3282 = CIRCLE('',#3283,1.8);
#3283 = AXIS2_PLACEMENT_3D('',#3284,#3285,#3286);
#3284 = CARTESIAN_POINT('',(10.5,9.931,6.8));
#3285 = DIRECTION('',(0.,0.,1.));
#3286 = DIRECTION('',(1.,0.,-0.));
#3287 = CYLINDRICAL_SURFACE('',#3288,1.8);
#3288 = AXIS2_PLACEMENT_3D('',#3289,#3290,#3291);
#3289 = CARTESIAN_POINT('',(10.5,9.931,6.8));
#3290 = DIRECTION('',(0.,0.,1.));
#3291 = DIRECTION('',(1.,0.,-0.));
#3292 = ADVANCED_FACE('',(#3293),#3297,.T.);
#3293 = FACE_BOUND('',#3294,.T.);
#3294 = EDGE_LOOP('',(#3295,#3296));
#3295 = ORIENTED_EDGE('',*,*,#3247,.T.);
#3296 = ORIENTED_EDGE('',*,*,#1966,.F.);
#3297 = PLANE('',#3298);
#3298 = AXIS2_PLACEMENT_3D('',#3299,#3300,#3301);
#3299 = CARTESIAN_POINT('',(10.5,9.931,17.5));
#3300 = DIRECTION('',(0.,0.,1.));
#3301 = DIRECTION('',(1.,0.,-0.));
#3302 = ADVANCED_FACE('',(#3303),#3308,.F.);
#3303 = FACE_BOUND('',#3304,.F.);
#3304 = EDGE_LOOP('',(#3305,#3306,#3307));
#3305 = ORIENTED_EDGE('',*,*,#3239,.F.);
#3306 = ORIENTED_EDGE('',*,*,#1950,.F.);
#3307 = ORIENTED_EDGE('',*,*,#1999,.T.);
#3308 = PLANE('',#3309);
#3309 = AXIS2_PLACEMENT_3D('',#3310,#3311,#3312);
#3310 = CARTESIAN_POINT('',(-5.294552367321E-16,-2.262629216804E-17,17.)
  );
#3311 = DIRECTION('',(0.,0.,1.));
#3312 = DIRECTION('',(1.,0.,-0.));
#3313 = ADVANCED_FACE('',(#3314),#3319,.F.);
#3314 = FACE_BOUND('',#3315,.F.);
#3315 = EDGE_LOOP('',(#3316,#3317,#3318));
#3316 = ORIENTED_EDGE('',*,*,#2102,.T.);
#3317 = ORIENTED_EDGE('',*,*,#3265,.F.);
#3318 = ORIENTED_EDGE('',*,*,#2031,.T.);
#3319 = PLANE('',#3320);
#3320 = AXIS2_PLACEMENT_3D('',#3321,#3322,#3323);
#3321 = CARTESIAN_POINT('',(-5.294552367321E-16,-2.262629216804E-17,17.)
  );
#3322 = DIRECTION('',(0.,0.,1.));
#3323 = DIRECTION('',(1.,0.,-0.));
#3324 = ADVANCED_FACE('',(#3325),#3330,.T.);
#3325 = FACE_BOUND('',#3326,.T.);
#3326 = EDGE_LOOP('',(#3327,#3328,#3329));
#3327 = ORIENTED_EDGE('',*,*,#3231,.T.);
#3328 = ORIENTED_EDGE('',*,*,#3273,.T.);
#3329 = ORIENTED_EDGE('',*,*,#2015,.T.);
#3330 = PLANE('',#3331);
#3331 = AXIS2_PLACEMENT_3D('',#3332,#3333,#3334);
#3332 = CARTESIAN_POINT('',(10.5,9.931,17.5));
#3333 = DIRECTION('',(0.,0.,1.));
#3334 = DIRECTION('',(1.,0.,-0.));
#3335 = ADVANCED_FACE('',(#3336),#3340,.T.);
#3336 = FACE_BOUND('',#3337,.T.);
#3337 = EDGE_LOOP('',(#3338,#3339));
#3338 = ORIENTED_EDGE('',*,*,#2118,.T.);
#3339 = ORIENTED_EDGE('',*,*,#3257,.T.);
#3340 = PLANE('',#3341);
#3341 = AXIS2_PLACEMENT_3D('',#3342,#3343,#3344);
#3342 = CARTESIAN_POINT('',(10.5,9.931,17.5));
#3343 = DIRECTION('',(0.,0.,1.));
#3344 = DIRECTION('',(1.,0.,-0.));
#3345 = ADVANCED_FACE('',(#3346),#3362,.F.);
#3346 = FACE_BOUND('',#3347,.T.);
#3347 = EDGE_LOOP('',(#3348,#3349,#3355,#3356));
#3348 = ORIENTED_EDGE('',*,*,#2159,.T.);
#3349 = ORIENTED_EDGE('',*,*,#3350,.T.);
#3350 = EDGE_CURVE('',#2162,#2515,#3351,.T.);
#3351 = LINE('',#3352,#3353);
#3352 = CARTESIAN_POINT('',(11.8,-12.181,8.2));
#3353 = VECTOR('',#3354,1.);
#3354 = DIRECTION('',(0.,0.,1.));
#3355 = ORIENTED_EDGE('',*,*,#2522,.T.);
#3356 = ORIENTED_EDGE('',*,*,#3357,.F.);
#3357 = EDGE_CURVE('',#2160,#2523,#3358,.T.);
#3358 = LINE('',#3359,#3360);
#3359 = CARTESIAN_POINT('',(12.8,-11.181,8.2));
#3360 = VECTOR('',#3361,1.);
#3361 = DIRECTION('',(0.,0.,1.));
#3362 = CYLINDRICAL_SURFACE('',#3363,1.);
#3363 = AXIS2_PLACEMENT_3D('',#3364,#3365,#3366);
#3364 = CARTESIAN_POINT('',(11.8,-11.181,8.2));
#3365 = DIRECTION('',(-0.,-0.,-1.));
#3366 = DIRECTION('',(1.,0.,-0.));
#3367 = ADVANCED_FACE('',(#3368),#3374,.T.);
#3368 = FACE_BOUND('',#3369,.T.);
#3369 = EDGE_LOOP('',(#3370,#3371,#3372,#3373));
#3370 = ORIENTED_EDGE('',*,*,#2221,.T.);
#3371 = ORIENTED_EDGE('',*,*,#3357,.T.);
#3372 = ORIENTED_EDGE('',*,*,#2531,.T.);
#3373 = ORIENTED_EDGE('',*,*,#3182,.F.);
#3374 = PLANE('',#3375);
#3375 = AXIS2_PLACEMENT_3D('',#3376,#3377,#3378);
#3376 = CARTESIAN_POINT('',(12.8,-11.181,8.2));
#3377 = DIRECTION('',(-1.,0.,0.));
#3378 = DIRECTION('',(0.,1.,0.));
#3379 = ADVANCED_FACE('',(#3380),#3391,.T.);
#3380 = FACE_BOUND('',#3381,.T.);
#3381 = EDGE_LOOP('',(#3382,#3383,#3384,#3385));
#3382 = ORIENTED_EDGE('',*,*,#2187,.T.);
#3383 = ORIENTED_EDGE('',*,*,#3139,.T.);
#3384 = ORIENTED_EDGE('',*,*,#2497,.T.);
#3385 = ORIENTED_EDGE('',*,*,#3386,.F.);
#3386 = EDGE_CURVE('',#2179,#2498,#3387,.T.);
#3387 = LINE('',#3388,#3389);
#3388 = CARTESIAN_POINT('',(-12.8,-11.181,8.2));
#3389 = VECTOR('',#3390,1.);
#3390 = DIRECTION('',(0.,0.,1.));
#3391 = PLANE('',#3392);
#3392 = AXIS2_PLACEMENT_3D('',#3393,#3394,#3395);
#3393 = CARTESIAN_POINT('',(-12.8,11.181,8.2));
#3394 = DIRECTION('',(1.,0.,-0.));
#3395 = DIRECTION('',(0.,-1.,0.));
#3396 = ADVANCED_FACE('',(#3397),#3408,.F.);
#3397 = FACE_BOUND('',#3398,.T.);
#3398 = EDGE_LOOP('',(#3399,#3400,#3401,#3402));
#3399 = ORIENTED_EDGE('',*,*,#2178,.T.);
#3400 = ORIENTED_EDGE('',*,*,#3386,.T.);
#3401 = ORIENTED_EDGE('',*,*,#2505,.T.);
#3402 = ORIENTED_EDGE('',*,*,#3403,.F.);
#3403 = EDGE_CURVE('',#2171,#2506,#3404,.T.);
#3404 = LINE('',#3405,#3406);
#3405 = CARTESIAN_POINT('',(-11.8,-12.181,8.2));
#3406 = VECTOR('',#3407,1.);
#3407 = DIRECTION('',(0.,0.,1.));
#3408 = CYLINDRICAL_SURFACE('',#3409,1.);
#3409 = AXIS2_PLACEMENT_3D('',#3410,#3411,#3412);
#3410 = CARTESIAN_POINT('',(-11.8,-11.181,8.2));
#3411 = DIRECTION('',(-0.,-0.,-1.));
#3412 = DIRECTION('',(1.,0.,-0.));
#3413 = ADVANCED_FACE('',(#3414),#3420,.T.);
#3414 = FACE_BOUND('',#3415,.T.);
#3415 = EDGE_LOOP('',(#3416,#3417,#3418,#3419));
#3416 = ORIENTED_EDGE('',*,*,#2170,.T.);
#3417 = ORIENTED_EDGE('',*,*,#3403,.T.);
#3418 = ORIENTED_EDGE('',*,*,#2514,.T.);
#3419 = ORIENTED_EDGE('',*,*,#3350,.F.);
#3420 = PLANE('',#3421);
#3421 = AXIS2_PLACEMENT_3D('',#3422,#3423,#3424);
#3422 = CARTESIAN_POINT('',(-11.8,-12.181,8.2));
#3423 = DIRECTION('',(0.,1.,0.));
#3424 = DIRECTION('',(1.,0.,0.));
#3425 = ADVANCED_FACE('',(#3426),#3429,.F.);
#3426 = FACE_BOUND('',#3427,.T.);
#3427 = EDGE_LOOP('',(#3428));
#3428 = ORIENTED_EDGE('',*,*,#2447,.F.);
#3429 = PLANE('',#3430);
#3430 = AXIS2_PLACEMENT_3D('',#3431,#3432,#3433);
#3431 = CARTESIAN_POINT('',(-10.5,-2.569,6.8));
#3432 = DIRECTION('',(0.,0.,1.));
#3433 = DIRECTION('',(1.,0.,-0.));
#3434 = ADVANCED_FACE('',(#3435),#3438,.F.);
#3435 = FACE_BOUND('',#3436,.T.);
#3436 = EDGE_LOOP('',(#3437));
#3437 = ORIENTED_EDGE('',*,*,#2944,.F.);
#3438 = PLANE('',#3439);
#3439 = AXIS2_PLACEMENT_3D('',#3440,#3441,#3442);
#3440 = CARTESIAN_POINT('',(10.5,-2.569,6.8));
#3441 = DIRECTION('',(0.,0.,1.));
#3442 = DIRECTION('',(1.,0.,-0.));
#3443 = ADVANCED_FACE('',(#3444),#3447,.F.);
#3444 = FACE_BOUND('',#3445,.T.);
#3445 = EDGE_LOOP('',(#3446));
#3446 = ORIENTED_EDGE('',*,*,#3014,.F.);
#3447 = PLANE('',#3448);
#3448 = AXIS2_PLACEMENT_3D('',#3449,#3450,#3451);
#3449 = CARTESIAN_POINT('',(-10.5,9.931,6.8));
#3450 = DIRECTION('',(0.,0.,1.));
#3451 = DIRECTION('',(1.,0.,-0.));
#3452 = ADVANCED_FACE('',(#3453),#3456,.F.);
#3453 = FACE_BOUND('',#3454,.T.);
#3454 = EDGE_LOOP('',(#3455));
#3455 = ORIENTED_EDGE('',*,*,#3281,.F.);
#3456 = PLANE('',#3457);
#3457 = AXIS2_PLACEMENT_3D('',#3458,#3459,#3460);
#3458 = CARTESIAN_POINT('',(10.5,9.931,6.8));
#3459 = DIRECTION('',(0.,0.,1.));
#3460 = DIRECTION('',(1.,0.,-0.));
#3461 = ADVANCED_FACE('',(#3462),#3473,.F.);
#3462 = FACE_BOUND('',#3463,.T.);
#3463 = EDGE_LOOP('',(#3464,#3465,#3466,#3472));
#3464 = ORIENTED_EDGE('',*,*,#1188,.T.);
#3465 = ORIENTED_EDGE('',*,*,#327,.T.);
#3466 = ORIENTED_EDGE('',*,*,#3467,.F.);
#3467 = EDGE_CURVE('',#2612,#320,#3468,.T.);
#3468 = LINE('',#3469,#3470);
#3469 = CARTESIAN_POINT('',(-8.4,1.1,16.));
#3470 = VECTOR('',#3471,1.);
#3471 = DIRECTION('',(0.,0.,1.));
#3472 = ORIENTED_EDGE('',*,*,#2619,.F.);
#3473 = PLANE('',#3474);
#3474 = AXIS2_PLACEMENT_3D('',#3475,#3476,#3477);
#3475 = CARTESIAN_POINT('',(-8.4,-10.5,16.));
#3476 = DIRECTION('',(1.,0.,-0.));
#3477 = DIRECTION('',(0.,0.,1.));
#3478 = ADVANCED_FACE('',(#3479),#3490,.T.);
#3479 = FACE_BOUND('',#3480,.T.);
#3480 = EDGE_LOOP('',(#3481,#3482,#3483,#3489));
#3481 = ORIENTED_EDGE('',*,*,#3467,.T.);
#3482 = ORIENTED_EDGE('',*,*,#319,.T.);
#3483 = ORIENTED_EDGE('',*,*,#3484,.F.);
#3484 = EDGE_CURVE('',#2604,#312,#3485,.T.);
#3485 = LINE('',#3486,#3487);
#3486 = CARTESIAN_POINT('',(-12.6,1.1,16.));
#3487 = VECTOR('',#3488,1.);
#3488 = DIRECTION('',(0.,0.,1.));
#3489 = ORIENTED_EDGE('',*,*,#2611,.F.);
#3490 = PLANE('',#3491);
#3491 = AXIS2_PLACEMENT_3D('',#3492,#3493,#3494);
#3492 = CARTESIAN_POINT('',(-10.5,1.1,17.75));
#3493 = DIRECTION('',(-0.,-1.,-0.));
#3494 = DIRECTION('',(0.,0.,-1.));
#3495 = ADVANCED_FACE('',(#3496),#3512,.T.);
#3496 = FACE_BOUND('',#3497,.T.);
#3497 = EDGE_LOOP('',(#3498,#3499,#3505,#3506));
#3498 = ORIENTED_EDGE('',*,*,#523,.T.);
#3499 = ORIENTED_EDGE('',*,*,#3500,.F.);
#3500 = EDGE_CURVE('',#2633,#516,#3501,.T.);
#3501 = LINE('',#3502,#3503);
#3502 = CARTESIAN_POINT('',(8.4,1.1,16.));
#3503 = VECTOR('',#3504,1.);
#3504 = DIRECTION('',(0.,0.,1.));
#3505 = ORIENTED_EDGE('',*,*,#2640,.F.);
#3506 = ORIENTED_EDGE('',*,*,#3507,.T.);
#3507 = EDGE_CURVE('',#2641,#524,#3508,.T.);
#3508 = LINE('',#3509,#3510);
#3509 = CARTESIAN_POINT('',(12.6,1.1,16.));
#3510 = VECTOR('',#3511,1.);
#3511 = DIRECTION('',(0.,0.,1.));
#3512 = PLANE('',#3513);
#3513 = AXIS2_PLACEMENT_3D('',#3514,#3515,#3516);
#3514 = CARTESIAN_POINT('',(10.5,1.1,17.75));
#3515 = DIRECTION('',(-0.,-1.,-0.));
#3516 = DIRECTION('',(0.,0.,-1.));
#3517 = ADVANCED_FACE('',(#3518),#3524,.T.);
#3518 = FACE_BOUND('',#3519,.T.);
#3519 = EDGE_LOOP('',(#3520,#3521,#3522,#3523));
#3520 = ORIENTED_EDGE('',*,*,#311,.F.);
#3521 = ORIENTED_EDGE('',*,*,#1221,.F.);
#3522 = ORIENTED_EDGE('',*,*,#2603,.T.);
#3523 = ORIENTED_EDGE('',*,*,#3484,.T.);
#3524 = PLANE('',#3525);
#3525 = AXIS2_PLACEMENT_3D('',#3526,#3527,#3528);
#3526 = CARTESIAN_POINT('',(-12.6,-10.5,16.));
#3527 = DIRECTION('',(1.,0.,-0.));
#3528 = DIRECTION('',(0.,0.,1.));
#3529 = ADVANCED_FACE('',(#3530),#3555,.T.);
#3530 = FACE_BOUND('',#3531,.T.);
#3531 = EDGE_LOOP('',(#3532,#3538,#3539,#3540,#3548,#3554));
#3532 = ORIENTED_EDGE('',*,*,#3533,.F.);
#3533 = EDGE_CURVE('',#2473,#574,#3534,.T.);
#3534 = LINE('',#3535,#3536);
#3535 = CARTESIAN_POINT('',(-12.6,7.831,16.));
#3536 = VECTOR('',#3537,1.);
#3537 = DIRECTION('',(0.,0.,1.));
#3538 = ORIENTED_EDGE('',*,*,#2480,.T.);
#3539 = ORIENTED_EDGE('',*,*,#3165,.T.);
#3540 = ORIENTED_EDGE('',*,*,#3541,.T.);
#3541 = EDGE_CURVE('',#3157,#3542,#3544,.T.);
#3542 = VERTEX_POINT('',#3543);
#3543 = CARTESIAN_POINT('',(-12.6,12.681,16.));
#3544 = LINE('',#3545,#3546);
#3545 = CARTESIAN_POINT('',(-12.6,11.431,16.));
#3546 = VECTOR('',#3547,1.);
#3547 = DIRECTION('',(-0.,1.,0.));
#3548 = ORIENTED_EDGE('',*,*,#3549,.T.);
#3549 = EDGE_CURVE('',#3542,#582,#3550,.T.);
#3550 = LINE('',#3551,#3552);
#3551 = CARTESIAN_POINT('',(-12.6,12.681,16.));
#3552 = VECTOR('',#3553,1.);
#3553 = DIRECTION('',(0.,0.,1.));
#3554 = ORIENTED_EDGE('',*,*,#581,.F.);
#3555 = PLANE('',#3556);
#3556 = AXIS2_PLACEMENT_3D('',#3557,#3558,#3559);
#3557 = CARTESIAN_POINT('',(-12.6,10.524707482993,17.518707482993));
#3558 = DIRECTION('',(1.,0.,0.));
#3559 = DIRECTION('',(-0.,0.,1.));
#3560 = ADVANCED_FACE('',(#3561),#3567,.T.);
#3561 = FACE_BOUND('',#3562,.T.);
#3562 = EDGE_LOOP('',(#3563,#3564,#3565,#3566));
#3563 = ORIENTED_EDGE('',*,*,#1552,.F.);
#3564 = ORIENTED_EDGE('',*,*,#2632,.T.);
#3565 = ORIENTED_EDGE('',*,*,#3500,.T.);
#3566 = ORIENTED_EDGE('',*,*,#515,.F.);
#3567 = PLANE('',#3568);
#3568 = AXIS2_PLACEMENT_3D('',#3569,#3570,#3571);
#3569 = CARTESIAN_POINT('',(8.4,-10.5,16.));
#3570 = DIRECTION('',(1.,0.,-0.));
#3571 = DIRECTION('',(0.,0.,1.));
#3572 = ADVANCED_FACE('',(#3573),#3579,.F.);
#3573 = FACE_BOUND('',#3574,.T.);
#3574 = EDGE_LOOP('',(#3575,#3576,#3577,#3578));
#3575 = ORIENTED_EDGE('',*,*,#1647,.T.);
#3576 = ORIENTED_EDGE('',*,*,#531,.T.);
#3577 = ORIENTED_EDGE('',*,*,#3507,.F.);
#3578 = ORIENTED_EDGE('',*,*,#2648,.F.);
#3579 = PLANE('',#3580);
#3580 = AXIS2_PLACEMENT_3D('',#3581,#3582,#3583);
#3581 = CARTESIAN_POINT('',(12.6,-10.5,16.));
#3582 = DIRECTION('',(1.,0.,-0.));
#3583 = DIRECTION('',(0.,0.,1.));
#3584 = ADVANCED_FACE('',(#3585),#3610,.T.);
#3585 = FACE_BOUND('',#3586,.T.);
#3586 = EDGE_LOOP('',(#3587,#3593,#3594,#3602,#3608,#3609));
#3587 = ORIENTED_EDGE('',*,*,#3588,.T.);
#3588 = EDGE_CURVE('',#2549,#630,#3589,.T.);
#3589 = LINE('',#3590,#3591);
#3590 = CARTESIAN_POINT('',(12.6,7.831,16.));
#3591 = VECTOR('',#3592,1.);
#3592 = DIRECTION('',(0.,0.,1.));
#3593 = ORIENTED_EDGE('',*,*,#687,.T.);
#3594 = ORIENTED_EDGE('',*,*,#3595,.F.);
#3595 = EDGE_CURVE('',#3596,#680,#3598,.T.);
#3596 = VERTEX_POINT('',#3597);
#3597 = CARTESIAN_POINT('',(12.6,12.681,16.));
#3598 = LINE('',#3599,#3600);
#3599 = CARTESIAN_POINT('',(12.6,12.681,16.));
#3600 = VECTOR('',#3601,1.);
#3601 = DIRECTION('',(0.,0.,1.));
#3602 = ORIENTED_EDGE('',*,*,#3603,.F.);
#3603 = EDGE_CURVE('',#3190,#3596,#3604,.T.);
#3604 = LINE('',#3605,#3606);
#3605 = CARTESIAN_POINT('',(12.6,11.431,16.));
#3606 = VECTOR('',#3607,1.);
#3607 = DIRECTION('',(-0.,1.,0.));
#3608 = ORIENTED_EDGE('',*,*,#3189,.F.);
#3609 = ORIENTED_EDGE('',*,*,#2548,.F.);
#3610 = PLANE('',#3611);
#3611 = AXIS2_PLACEMENT_3D('',#3612,#3613,#3614);
#3612 = CARTESIAN_POINT('',(12.6,10.524707482993,17.518707482993));
#3613 = DIRECTION('',(-1.,-0.,-0.));
#3614 = DIRECTION('',(0.,0.,-1.));
#3615 = ADVANCED_FACE('',(#3616),#3622,.T.);
#3616 = FACE_BOUND('',#3617,.T.);
#3617 = EDGE_LOOP('',(#3618,#3619,#3620,#3621));
#3618 = ORIENTED_EDGE('',*,*,#1671,.F.);
#3619 = ORIENTED_EDGE('',*,*,#2472,.T.);
#3620 = ORIENTED_EDGE('',*,*,#3533,.T.);
#3621 = ORIENTED_EDGE('',*,*,#573,.F.);
#3622 = PLANE('',#3623);
#3623 = AXIS2_PLACEMENT_3D('',#3624,#3625,#3626);
#3624 = CARTESIAN_POINT('',(-12.6,7.831,16.));
#3625 = DIRECTION('',(-0.,1.,0.));
#3626 = DIRECTION('',(0.,0.,1.));
#3627 = ADVANCED_FACE('',(#3628),#3634,.T.);
#3628 = FACE_BOUND('',#3629,.T.);
#3629 = EDGE_LOOP('',(#3630,#3631,#3632,#3633));
#3630 = ORIENTED_EDGE('',*,*,#3588,.F.);
#3631 = ORIENTED_EDGE('',*,*,#2556,.T.);
#3632 = ORIENTED_EDGE('',*,*,#1910,.T.);
#3633 = ORIENTED_EDGE('',*,*,#629,.F.);
#3634 = PLANE('',#3635);
#3635 = AXIS2_PLACEMENT_3D('',#3636,#3637,#3638);
#3636 = CARTESIAN_POINT('',(2.,7.831,16.));
#3637 = DIRECTION('',(-0.,1.,0.));
#3638 = DIRECTION('',(0.,0.,1.));
#3639 = ADVANCED_FACE('',(#3640),#3651,.F.);
#3640 = FACE_BOUND('',#3641,.T.);
#3641 = EDGE_LOOP('',(#3642,#3643,#3644,#3645));
#3642 = ORIENTED_EDGE('',*,*,#1895,.T.);
#3643 = ORIENTED_EDGE('',*,*,#589,.T.);
#3644 = ORIENTED_EDGE('',*,*,#3549,.F.);
#3645 = ORIENTED_EDGE('',*,*,#3646,.T.);
#3646 = EDGE_CURVE('',#3542,#1888,#3647,.T.);
#3647 = LINE('',#3648,#3649);
#3648 = CARTESIAN_POINT('',(-12.6,12.681,16.));
#3649 = VECTOR('',#3650,1.);
#3650 = DIRECTION('',(1.,0.,-0.));
#3651 = PLANE('',#3652);
#3652 = AXIS2_PLACEMENT_3D('',#3653,#3654,#3655);
#3653 = CARTESIAN_POINT('',(-12.6,12.681,16.));
#3654 = DIRECTION('',(-0.,1.,0.));
#3655 = DIRECTION('',(0.,0.,1.));
#3656 = ADVANCED_FACE('',(#3657),#3668,.F.);
#3657 = FACE_BOUND('',#3658,.T.);
#3658 = EDGE_LOOP('',(#3659,#3660,#3661,#3662));
#3659 = ORIENTED_EDGE('',*,*,#3595,.T.);
#3660 = ORIENTED_EDGE('',*,*,#679,.T.);
#3661 = ORIENTED_EDGE('',*,*,#2085,.F.);
#3662 = ORIENTED_EDGE('',*,*,#3663,.T.);
#3663 = EDGE_CURVE('',#2078,#3596,#3664,.T.);
#3664 = LINE('',#3665,#3666);
#3665 = CARTESIAN_POINT('',(2.,12.681,16.));
#3666 = VECTOR('',#3667,1.);
#3667 = DIRECTION('',(1.,0.,-0.));
#3668 = PLANE('',#3669);
#3669 = AXIS2_PLACEMENT_3D('',#3670,#3671,#3672);
#3670 = CARTESIAN_POINT('',(2.,12.681,16.));
#3671 = DIRECTION('',(-0.,1.,0.));
#3672 = DIRECTION('',(0.,0.,1.));
#3673 = ADVANCED_FACE('',(#3674),#3682,.T.);
#3674 = FACE_BOUND('',#3675,.T.);
#3675 = EDGE_LOOP('',(#3676,#3677,#3678,#3679,#3680,#3681));
#3676 = ORIENTED_EDGE('',*,*,#3646,.F.);
#3677 = ORIENTED_EDGE('',*,*,#3541,.F.);
#3678 = ORIENTED_EDGE('',*,*,#3156,.T.);
#3679 = ORIENTED_EDGE('',*,*,#3147,.T.);
#3680 = ORIENTED_EDGE('',*,*,#3125,.F.);
#3681 = ORIENTED_EDGE('',*,*,#1887,.T.);
#3682 = PLANE('',#3683);
#3683 = AXIS2_PLACEMENT_3D('',#3684,#3685,#3686);
#3684 = CARTESIAN_POINT('',(-12.6,11.431,16.));
#3685 = DIRECTION('',(0.,0.,1.));
#3686 = DIRECTION('',(1.,0.,-0.));
#3687 = ADVANCED_FACE('',(#3688),#3696,.T.);
#3688 = FACE_BOUND('',#3689,.T.);
#3689 = EDGE_LOOP('',(#3690,#3691,#3692,#3693,#3694,#3695));
#3690 = ORIENTED_EDGE('',*,*,#3663,.F.);
#3691 = ORIENTED_EDGE('',*,*,#2077,.F.);
#3692 = ORIENTED_EDGE('',*,*,#3116,.F.);
#3693 = ORIENTED_EDGE('',*,*,#3206,.T.);
#3694 = ORIENTED_EDGE('',*,*,#3197,.T.);
#3695 = ORIENTED_EDGE('',*,*,#3603,.T.);
#3696 = PLANE('',#3697);
#3697 = AXIS2_PLACEMENT_3D('',#3698,#3699,#3700);
#3698 = CARTESIAN_POINT('',(2.,11.431,16.));
#3699 = DIRECTION('',(0.,0.,1.));
#3700 = DIRECTION('',(1.,0.,-0.));
#3701 = ( GEOMETRIC_REPRESENTATION_CONTEXT(3) 
GLOBAL_UNCERTAINTY_ASSIGNED_CONTEXT((#3705)) 
GLOBAL_UNIT_ASSIGNED_CONTEXT((#3702,#3703,#3704)) REPRESENTATION_CONTEXT
('Context #1','3D Context with UNIT and UNCERTAINTY') );
#3702 = ( LENGTH_UNIT() NAMED_UNIT(*) SI_UNIT(.MILLI.,.METRE.) );
#3703 = ( NAMED_UNIT(*) PLANE_ANGLE_UNIT() SI_UNIT($,.RADIAN.) );
#3704 = ( NAMED_UNIT(*) SI_UNIT($,.STERADIAN.) SOLID_ANGLE_UNIT() );
#3705 = UNCERTAINTY_MEASURE_WITH_UNIT(LENGTH_MEASURE(2.E-07),#3702,
  'distance_accuracy_value','confusion accuracy');
#3706 = PRODUCT_RELATED_PRODUCT_CATEGORY('part',$,(#7));
ENDSEC;
END-ISO-10303-21;
