ISO-10303-21;
HEADER;
FILE_DESCRIPTION(('FreeCAD Model'),'2;1');
FILE_NAME('Open CASCADE Shape Model','2026-09-30T16:33:03',('Author'),(
    ''),'Open CASCADE STEP processor 8.0','FreeCAD','Unknown');
FILE_SCHEMA(('AUTOMOTIVE_DESIGN { 1 0 10303 214 1 1 1 1 }'));
ENDSEC;
DATA;
#1 = APPLICATION_PROTOCOL_DEFINITION('international standard',
  'automotive_design',2000,#2);
#2 = APPLICATION_CONTEXT(
  'core data for automotive mechanical design processes');
#3 = SHAPE_DEFINITION_REPRESENTATION(#4,#10);
#4 = PRODUCT_DEFINITION_SHAPE('','',#5);
#5 = PRODUCT_DEFINITION('design','',#6,#9);
#6 = PRODUCT_DEFINITION_FORMATION('','',#7);
#7 = PRODUCT('08_vis_M8_L20','08_vis_M8_L20','',(#8));
#8 = PRODUCT_CONTEXT('',#2,'mechanical');
#9 = PRODUCT_DEFINITION_CONTEXT('part definition',#2,'design');
#10 = ADVANCED_BREP_SHAPE_REPRESENTATION('',(#11,#15),#3227);
#11 = AXIS2_PLACEMENT_3D('',#12,#13,#14);
#12 = CARTESIAN_POINT('',(0.,0.,0.));
#13 = DIRECTION('',(0.,0.,1.));
#14 = DIRECTION('',(1.,0.,-0.));
#15 = MANIFOLD_SOLID_BREP('',#16);
#16 = CLOSED_SHELL('',(#17,#59,#496,#521,#636,#687,#712,#737,#754,#779,
    #796,#821,#838,#863,#880,#905,#922,#947,#964,#989,#1006,#1031,#1048,
    #1073,#1090,#1115,#1159,#1797,#2312,#2782,#3098,#3115,#3142,#3159,
    #3171,#3198,#3214));
#17 = ADVANCED_FACE('',(#18),#54,.T.);
#18 = FACE_BOUND('',#19,.T.);
#19 = EDGE_LOOP('',(#20,#31,#39,#48));
#20 = ORIENTED_EDGE('',*,*,#21,.F.);
#21 = EDGE_CURVE('',#22,#24,#26,.T.);
#22 = VERTEX_POINT('',#23);
#23 = CARTESIAN_POINT('',(8.910326086957,1.267315676579,5.));
#24 = VERTEX_POINT('',#25);
#25 = CARTESIAN_POINT('',(8.350226585597,3.357635472947,5.));
#26 = CIRCLE('',#27,9.);
#27 = AXIS2_PLACEMENT_3D('',#28,#29,#30);
#28 = CARTESIAN_POINT('',(0.,0.,5.));
#29 = DIRECTION('',(0.,0.,1.));
#30 = DIRECTION('',(1.,0.,-0.));
#31 = ORIENTED_EDGE('',*,*,#32,.F.);
#32 = EDGE_CURVE('',#33,#22,#35,.T.);
#33 = VERTEX_POINT('',#34);
#34 = CARTESIAN_POINT('',(8.910326086957,1.267315676579,0.));
#35 = LINE('',#36,#37);
#36 = CARTESIAN_POINT('',(8.910326086957,1.267315676579,0.));
#37 = VECTOR('',#38,1.);
#38 = DIRECTION('',(0.,0.,1.));
#39 = ORIENTED_EDGE('',*,*,#40,.T.);
#40 = EDGE_CURVE('',#33,#41,#43,.T.);
#41 = VERTEX_POINT('',#42);
#42 = CARTESIAN_POINT('',(8.350226585597,3.357635472947,0.));
#43 = CIRCLE('',#44,9.);
#44 = AXIS2_PLACEMENT_3D('',#45,#46,#47);
#45 = CARTESIAN_POINT('',(0.,0.,0.));
#46 = DIRECTION('',(0.,0.,1.));
#47 = DIRECTION('',(1.,0.,-0.));
#48 = ORIENTED_EDGE('',*,*,#49,.T.);
#49 = EDGE_CURVE('',#41,#24,#50,.T.);
#50 = LINE('',#51,#52);
#51 = CARTESIAN_POINT('',(8.350226585597,3.357635472947,0.));
#52 = VECTOR('',#53,1.);
#53 = DIRECTION('',(0.,0.,1.));
#54 = CYLINDRICAL_SURFACE('',#55,9.);
#55 = AXIS2_PLACEMENT_3D('',#56,#57,#58);
#56 = CARTESIAN_POINT('',(0.,0.,0.));
#57 = DIRECTION('',(0.,0.,1.));
#58 = DIRECTION('',(1.,0.,-0.));
#59 = ADVANCED_FACE('',(#60,#268),#491,.T.);
#60 = FACE_BOUND('',#61,.T.);
#61 = EDGE_LOOP('',(#62,#71,#72,#81,#90,#99,#108,#117,#126,#135,#144,
    #153,#162,#171,#180,#189,#198,#207,#216,#225,#234,#243,#252,#261));
#62 = ORIENTED_EDGE('',*,*,#63,.F.);
#63 = EDGE_CURVE('',#22,#64,#66,.T.);
#64 = VERTEX_POINT('',#65);
#65 = CARTESIAN_POINT('',(8.910326086957,-1.267315676579,5.));
#66 = CIRCLE('',#67,1.3);
#67 = AXIS2_PLACEMENT_3D('',#68,#69,#70);
#68 = CARTESIAN_POINT('',(9.2,0.,5.));
#69 = DIRECTION('',(0.,0.,1.));
#70 = DIRECTION('',(1.,0.,-0.));
#71 = ORIENTED_EDGE('',*,*,#21,.T.);
#72 = ORIENTED_EDGE('',*,*,#73,.F.);
#73 = EDGE_CURVE('',#74,#24,#76,.T.);
#74 = VERTEX_POINT('',#75);
#75 = CARTESIAN_POINT('',(7.082910909018,5.55269061401,5.));
#76 = CIRCLE('',#77,1.3);
#77 = AXIS2_PLACEMENT_3D('',#78,#79,#80);
#78 = CARTESIAN_POINT('',(7.967433714817,4.6,5.));
#79 = DIRECTION('',(0.,0.,1.));
#80 = DIRECTION('',(0.866025403784,0.5,-0.));
#81 = ORIENTED_EDGE('',*,*,#82,.T.);
#82 = EDGE_CURVE('',#74,#83,#85,.T.);
#83 = VERTEX_POINT('',#84);
#84 = CARTESIAN_POINT('',(5.55269061401,7.082910909018,5.));
#85 = CIRCLE('',#86,9.);
#86 = AXIS2_PLACEMENT_3D('',#87,#88,#89);
#87 = CARTESIAN_POINT('',(0.,0.,5.));
#88 = DIRECTION('',(0.,0.,1.));
#89 = DIRECTION('',(1.,0.,-0.));
#90 = ORIENTED_EDGE('',*,*,#91,.F.);
#91 = EDGE_CURVE('',#92,#83,#94,.T.);
#92 = VERTEX_POINT('',#93);
#93 = CARTESIAN_POINT('',(3.357635472947,8.350226585597,5.));
#94 = CIRCLE('',#95,1.3);
#95 = AXIS2_PLACEMENT_3D('',#96,#97,#98);
#96 = CARTESIAN_POINT('',(4.6,7.967433714817,5.));
#97 = DIRECTION('',(0.,0.,1.));
#98 = DIRECTION('',(0.5,0.866025403784,-0.));
#99 = ORIENTED_EDGE('',*,*,#100,.T.);
#100 = EDGE_CURVE('',#92,#101,#103,.T.);
#101 = VERTEX_POINT('',#102);
#102 = CARTESIAN_POINT('',(1.267315676579,8.910326086957,5.));
#103 = CIRCLE('',#104,9.);
#104 = AXIS2_PLACEMENT_3D('',#105,#106,#107);
#105 = CARTESIAN_POINT('',(0.,0.,5.));
#106 = DIRECTION('',(0.,0.,1.));
#107 = DIRECTION('',(1.,0.,-0.));
#108 = ORIENTED_EDGE('',*,*,#109,.F.);
#109 = EDGE_CURVE('',#110,#101,#112,.T.);
#110 = VERTEX_POINT('',#111);
#111 = CARTESIAN_POINT('',(-1.267315676579,8.910326086957,5.));
#112 = CIRCLE('',#113,1.3);
#113 = AXIS2_PLACEMENT_3D('',#114,#115,#116);
#114 = CARTESIAN_POINT('',(1.021405182655E-15,9.2,5.));
#115 = DIRECTION('',(0.,0.,1.));
#116 = DIRECTION('',(1.110223024625E-16,1.,-0.));
#117 = ORIENTED_EDGE('',*,*,#118,.T.);
#118 = EDGE_CURVE('',#110,#119,#121,.T.);
#119 = VERTEX_POINT('',#120);
#120 = CARTESIAN_POINT('',(-3.357635472947,8.350226585597,5.));
#121 = CIRCLE('',#122,9.);
#122 = AXIS2_PLACEMENT_3D('',#123,#124,#125);
#123 = CARTESIAN_POINT('',(0.,0.,5.));
#124 = DIRECTION('',(0.,0.,1.));
#125 = DIRECTION('',(1.,0.,-0.));
#126 = ORIENTED_EDGE('',*,*,#127,.F.);
#127 = EDGE_CURVE('',#128,#119,#130,.T.);
#128 = VERTEX_POINT('',#129);
#129 = CARTESIAN_POINT('',(-5.55269061401,7.082910909018,5.));
#130 = CIRCLE('',#131,1.3);
#131 = AXIS2_PLACEMENT_3D('',#132,#133,#134);
#132 = CARTESIAN_POINT('',(-4.6,7.967433714817,5.));
#133 = DIRECTION('',(0.,0.,1.));
#134 = DIRECTION('',(-0.5,0.866025403784,0.));
#135 = ORIENTED_EDGE('',*,*,#136,.T.);
#136 = EDGE_CURVE('',#128,#137,#139,.T.);
#137 = VERTEX_POINT('',#138);
#138 = CARTESIAN_POINT('',(-7.082910909018,5.55269061401,5.));
#139 = CIRCLE('',#140,9.);
#140 = AXIS2_PLACEMENT_3D('',#141,#142,#143);
#141 = CARTESIAN_POINT('',(0.,0.,5.));
#142 = DIRECTION('',(0.,0.,1.));
#143 = DIRECTION('',(1.,0.,-0.));
#144 = ORIENTED_EDGE('',*,*,#145,.F.);
#145 = EDGE_CURVE('',#146,#137,#148,.T.);
#146 = VERTEX_POINT('',#147);
#147 = CARTESIAN_POINT('',(-8.350226585597,3.357635472947,5.));
#148 = CIRCLE('',#149,1.3);
#149 = AXIS2_PLACEMENT_3D('',#150,#151,#152);
#150 = CARTESIAN_POINT('',(-7.967433714817,4.6,5.));
#151 = DIRECTION('',(0.,0.,1.));
#152 = DIRECTION('',(-0.866025403784,0.5,0.));
#153 = ORIENTED_EDGE('',*,*,#154,.T.);
#154 = EDGE_CURVE('',#146,#155,#157,.T.);
#155 = VERTEX_POINT('',#156);
#156 = CARTESIAN_POINT('',(-8.910326086957,1.267315676579,5.));
#157 = CIRCLE('',#158,9.);
#158 = AXIS2_PLACEMENT_3D('',#159,#160,#161);
#159 = CARTESIAN_POINT('',(0.,0.,5.));
#160 = DIRECTION('',(0.,0.,1.));
#161 = DIRECTION('',(1.,0.,-0.));
#162 = ORIENTED_EDGE('',*,*,#163,.F.);
#163 = EDGE_CURVE('',#164,#155,#166,.T.);
#164 = VERTEX_POINT('',#165);
#165 = CARTESIAN_POINT('',(-8.910326086957,-1.267315676579,5.));
#166 = CIRCLE('',#167,1.3);
#167 = AXIS2_PLACEMENT_3D('',#168,#169,#170);
#168 = CARTESIAN_POINT('',(-9.2,1.126675055216E-15,5.));
#169 = DIRECTION('',(0.,0.,1.));
#170 = DIRECTION('',(-1.,1.224646799147E-16,0.));
#171 = ORIENTED_EDGE('',*,*,#172,.T.);
#172 = EDGE_CURVE('',#164,#173,#175,.T.);
#173 = VERTEX_POINT('',#174);
#174 = CARTESIAN_POINT('',(-8.350226585597,-3.357635472947,5.));
#175 = CIRCLE('',#176,9.);
#176 = AXIS2_PLACEMENT_3D('',#177,#178,#179);
#177 = CARTESIAN_POINT('',(0.,0.,5.));
#178 = DIRECTION('',(0.,0.,1.));
#179 = DIRECTION('',(1.,0.,-0.));
#180 = ORIENTED_EDGE('',*,*,#181,.F.);
#181 = EDGE_CURVE('',#182,#173,#184,.T.);
#182 = VERTEX_POINT('',#183);
#183 = CARTESIAN_POINT('',(-7.082910909018,-5.55269061401,5.));
#184 = CIRCLE('',#185,1.3);
#185 = AXIS2_PLACEMENT_3D('',#186,#187,#188);
#186 = CARTESIAN_POINT('',(-7.967433714817,-4.6,5.));
#187 = DIRECTION('',(0.,0.,1.));
#188 = DIRECTION('',(-0.866025403784,-0.5,0.));
#189 = ORIENTED_EDGE('',*,*,#190,.T.);
#190 = EDGE_CURVE('',#182,#191,#193,.T.);
#191 = VERTEX_POINT('',#192);
#192 = CARTESIAN_POINT('',(-5.55269061401,-7.082910909018,5.));
#193 = CIRCLE('',#194,9.);
#194 = AXIS2_PLACEMENT_3D('',#195,#196,#197);
#195 = CARTESIAN_POINT('',(0.,0.,5.));
#196 = DIRECTION('',(0.,0.,1.));
#197 = DIRECTION('',(1.,0.,-0.));
#198 = ORIENTED_EDGE('',*,*,#199,.F.);
#199 = EDGE_CURVE('',#200,#191,#202,.T.);
#200 = VERTEX_POINT('',#201);
#201 = CARTESIAN_POINT('',(-3.357635472947,-8.350226585597,5.));
#202 = CIRCLE('',#203,1.3);
#203 = AXIS2_PLACEMENT_3D('',#204,#205,#206);
#204 = CARTESIAN_POINT('',(-4.6,-7.967433714817,5.));
#205 = DIRECTION('',(0.,0.,1.));
#206 = DIRECTION('',(-0.5,-0.866025403784,0.));
#207 = ORIENTED_EDGE('',*,*,#208,.T.);
#208 = EDGE_CURVE('',#200,#209,#211,.T.);
#209 = VERTEX_POINT('',#210);
#210 = CARTESIAN_POINT('',(-1.267315676579,-8.910326086957,5.));
#211 = CIRCLE('',#212,9.);
#212 = AXIS2_PLACEMENT_3D('',#213,#214,#215);
#213 = CARTESIAN_POINT('',(0.,0.,5.));
#214 = DIRECTION('',(0.,0.,1.));
#215 = DIRECTION('',(1.,0.,-0.));
#216 = ORIENTED_EDGE('',*,*,#217,.F.);
#217 = EDGE_CURVE('',#218,#209,#220,.T.);
#218 = VERTEX_POINT('',#219);
#219 = CARTESIAN_POINT('',(1.267315676579,-8.910326086957,5.));
#220 = CIRCLE('',#221,1.3);
#221 = AXIS2_PLACEMENT_3D('',#222,#223,#224);
#222 = CARTESIAN_POINT('',(-2.04281036531E-15,-9.2,5.));
#223 = DIRECTION('',(0.,0.,1.));
#224 = DIRECTION('',(-2.22044604925E-16,-1.,0.));
#225 = ORIENTED_EDGE('',*,*,#226,.T.);
#226 = EDGE_CURVE('',#218,#227,#229,.T.);
#227 = VERTEX_POINT('',#228);
#228 = CARTESIAN_POINT('',(3.357635472947,-8.350226585597,5.));
#229 = CIRCLE('',#230,9.);
#230 = AXIS2_PLACEMENT_3D('',#231,#232,#233);
#231 = CARTESIAN_POINT('',(0.,0.,5.));
#232 = DIRECTION('',(0.,0.,1.));
#233 = DIRECTION('',(1.,0.,-0.));
#234 = ORIENTED_EDGE('',*,*,#235,.F.);
#235 = EDGE_CURVE('',#236,#227,#238,.T.);
#236 = VERTEX_POINT('',#237);
#237 = CARTESIAN_POINT('',(5.55269061401,-7.082910909018,5.));
#238 = CIRCLE('',#239,1.3);
#239 = AXIS2_PLACEMENT_3D('',#240,#241,#242);
#240 = CARTESIAN_POINT('',(4.6,-7.967433714817,5.));
#241 = DIRECTION('',(0.,0.,1.));
#242 = DIRECTION('',(0.5,-0.866025403784,0.));
#243 = ORIENTED_EDGE('',*,*,#244,.T.);
#244 = EDGE_CURVE('',#236,#245,#247,.T.);
#245 = VERTEX_POINT('',#246);
#246 = CARTESIAN_POINT('',(7.082910909018,-5.55269061401,5.));
#247 = CIRCLE('',#248,9.);
#248 = AXIS2_PLACEMENT_3D('',#249,#250,#251);
#249 = CARTESIAN_POINT('',(0.,0.,5.));
#250 = DIRECTION('',(0.,0.,1.));
#251 = DIRECTION('',(1.,0.,-0.));
#252 = ORIENTED_EDGE('',*,*,#253,.F.);
#253 = EDGE_CURVE('',#254,#245,#256,.T.);
#254 = VERTEX_POINT('',#255);
#255 = CARTESIAN_POINT('',(8.350226585597,-3.357635472947,5.));
#256 = CIRCLE('',#257,1.3);
#257 = AXIS2_PLACEMENT_3D('',#258,#259,#260);
#258 = CARTESIAN_POINT('',(7.967433714817,-4.6,5.));
#259 = DIRECTION('',(0.,0.,1.));
#260 = DIRECTION('',(0.866025403784,-0.5,0.));
#261 = ORIENTED_EDGE('',*,*,#262,.T.);
#262 = EDGE_CURVE('',#254,#64,#263,.T.);
#263 = CIRCLE('',#264,9.);
#264 = AXIS2_PLACEMENT_3D('',#265,#266,#267);
#265 = CARTESIAN_POINT('',(0.,0.,5.));
#266 = DIRECTION('',(0.,0.,1.));
#267 = DIRECTION('',(1.,0.,-0.));
#268 = FACE_BOUND('',#269,.T.);
#269 = EDGE_LOOP('',(#270,#299,#330,#357,#369,#481));
#270 = ORIENTED_EDGE('',*,*,#271,.F.);
#271 = EDGE_CURVE('',#272,#274,#276,.T.);
#272 = VERTEX_POINT('',#273);
#273 = CARTESIAN_POINT('',(3.325272040844,2.037765879748,5.));
#274 = VERTEX_POINT('',#275);
#275 = CARTESIAN_POINT('',(-0.827920120941,2.883495842435,5.));
#276 = B_SPLINE_CURVE_WITH_KNOTS('',6,(#277,#278,#279,#280,#281,#282,
    #283,#284,#285,#286,#287,#288,#289,#290,#291,#292,#293,#294,#295,
    #296,#297,#298),.UNSPECIFIED.,.F.,.F.,(7,5,5,5,7),(0.,0.337686917882
    ,0.604891202251,0.821569164045,1.),.UNSPECIFIED.);
#277 = CARTESIAN_POINT('',(3.325272040844,2.037765879748,5.));
#278 = CARTESIAN_POINT('',(3.094998617918,2.297469903787,5.));
#279 = CARTESIAN_POINT('',(2.836929470586,2.531831849315,5.));
#280 = CARTESIAN_POINT('',(2.554065345143,2.736427663202,5.));
#281 = CARTESIAN_POINT('',(2.250290787262,2.907347510668,5.));
#282 = CARTESIAN_POINT('',(1.930334741464,3.041148718633,5.));
#283 = CARTESIAN_POINT('',(1.3386195469,3.209869587313,5.));
#284 = CARTESIAN_POINT('',(1.070691702586,3.259613216386,5.));
#285 = CARTESIAN_POINT('',(0.7991143435,3.283313539133,5.));
#286 = CARTESIAN_POINT('',(0.527055076816,3.28015817325,5.));
#287 = CARTESIAN_POINT('',(0.257951224928,3.249783399065,5.));
#288 = CARTESIAN_POINT('',(-0.217338416234,3.146058730062,5.));
#289 = CARTESIAN_POINT('',(-0.425821748975,3.081916571019,5.));
#290 = CARTESIAN_POINT('',(-0.627978928575,3.000243897569,5.));
#291 = CARTESIAN_POINT('',(-0.821796817339,2.901494995819,5.));
#292 = CARTESIAN_POINT('',(-1.0052359681,2.786425981568,5.));
#293 = CARTESIAN_POINT('',(-1.317147937558,2.548945210904,5.));
#294 = CARTESIAN_POINT('',(-1.449616491531,2.431408249122,5.));
#295 = CARTESIAN_POINT('',(-1.572566987584,2.30422631607,5.));
#296 = CARTESIAN_POINT('',(-1.684918280953,2.168211046261,5.));
#297 = CARTESIAN_POINT('',(-1.785646046613,2.024347915209,5.));
#298 = CARTESIAN_POINT('',(-1.873831682702,1.873830724908,5.));
#299 = ORIENTED_EDGE('',*,*,#300,.F.);
#300 = EDGE_CURVE('',#301,#272,#303,.T.);
#301 = VERTEX_POINT('',#302);
#302 = CARTESIAN_POINT('',(3.325299442007,-2.037736559626,5.));
#303 = B_SPLINE_CURVE_WITH_KNOTS('',5,(#304,#305,#306,#307,#308,#309,
    #310,#311,#312,#313,#314,#315,#316,#317,#318,#319,#320,#321,#322,
    #323,#324,#325,#326,#327,#328,#329),.UNSPECIFIED.,.F.,.F.,(6,4,4,4,4
    ,4,6),(0.,2.800023430055E-02,8.80009297544E-02,0.317003828075,
    0.545004849048,0.773003017354,1.),.UNSPECIFIED.);
#304 = CARTESIAN_POINT('',(3.325299442007,-2.037736559626,5.));
#305 = CARTESIAN_POINT('',(3.33784704352,-2.017260694269,5.));
#306 = CARTESIAN_POINT('',(3.350237047994,-1.996688252161,5.));
#307 = CARTESIAN_POINT('',(3.362468464345,-1.976020850914,5.));
#308 = CARTESIAN_POINT('',(3.374540326585,-1.955260122986,5.));
#309 = CARTESIAN_POINT('',(3.411976134454,-1.88972384173,5.));
#310 = CARTESIAN_POINT('',(3.436763605063,-1.84461898549,5.));
#311 = CARTESIAN_POINT('',(3.460804844262,-1.799109362019,5.));
#312 = CARTESIAN_POINT('',(3.484091134334,-1.753211473601,5.));
#313 = CARTESIAN_POINT('',(3.592577813182,-1.530347182859,5.));
#314 = CARTESIAN_POINT('',(3.667425785976,-1.34833891042,5.));
#315 = CARTESIAN_POINT('',(3.730701501153,-1.161856147172,5.));
#316 = CARTESIAN_POINT('',(3.782071300668,-0.971881467289,5.));
#317 = CARTESIAN_POINT('',(3.860408853911,-0.587836095007,5.));
#318 = CARTESIAN_POINT('',(3.887483251087,-0.393782712963,5.));
#319 = CARTESIAN_POINT('',(3.902343247708,-0.198287359054,5.));
#320 = CARTESIAN_POINT('',(3.904910984551,-2.37126937156E-03,5.));
#321 = CARTESIAN_POINT('',(3.88556328704,0.388241351163,5.));
#322 = CARTESIAN_POINT('',(3.863647945203,0.582942213488,5.));
#323 = CARTESIAN_POINT('',(3.829542275665,0.776009614822,5.));
#324 = CARTESIAN_POINT('',(3.783424551697,0.966435014913,5.));
#325 = CARTESIAN_POINT('',(3.668028197731,1.339212738924,5.));
#326 = CARTESIAN_POINT('',(3.598850905868,1.52160090341,5.));
#327 = CARTESIAN_POINT('',(3.518368738148,1.699427271392,5.));
#328 = CARTESIAN_POINT('',(3.426998708838,1.871771241766,5.));
#329 = CARTESIAN_POINT('',(3.325272040844,2.037765879748,5.));
#330 = ORIENTED_EDGE('',*,*,#331,.F.);
#331 = EDGE_CURVE('',#332,#301,#334,.T.);
#332 = VERTEX_POINT('',#333);
#333 = CARTESIAN_POINT('',(-0.827908134416,-2.883499284024,5.));
#334 = B_SPLINE_CURVE_WITH_KNOTS('',6,(#335,#336,#337,#338,#339,#340,
    #341,#342,#343,#344,#345,#346,#347,#348,#349,#350,#351,#352,#353,
    #354,#355,#356),.UNSPECIFIED.,.F.,.F.,(7,5,5,5,7),(0.,0.179334420575
    ,0.397063622587,0.662314732001,1.),.UNSPECIFIED.);
#335 = CARTESIAN_POINT('',(-1.873831902994,-1.873834308215,5.));
#336 = CARTESIAN_POINT('',(-1.785199066976,-2.025114909885,5.));
#337 = CARTESIAN_POINT('',(-1.683897545931,-2.169673913781,5.));
#338 = CARTESIAN_POINT('',(-1.570859467727,-2.306298897779,5.));
#339 = CARTESIAN_POINT('',(-1.447124557189,-2.433989947353,5.));
#340 = CARTESIAN_POINT('',(-1.313790705875,-2.551924783795,5.));
#341 = CARTESIAN_POINT('',(-0.999860085404,-2.78999714672,5.));
#342 = CARTESIAN_POINT('',(-0.815243339421,-2.905209883933,5.));
#343 = CARTESIAN_POINT('',(-0.620190779916,-3.003924087794,5.));
#344 = CARTESIAN_POINT('',(-0.416771650916,-3.08537935247,5.));
#345 = CARTESIAN_POINT('',(-0.207029348135,-3.149125166417,5.));
#346 = CARTESIAN_POINT('',(0.267811971366,-3.250872593736,5.));
#347 = CARTESIAN_POINT('',(0.535038170804,-3.280221757975,5.));
#348 = CARTESIAN_POINT('',(0.80509997551,-3.282765381323,5.));
#349 = CARTESIAN_POINT('',(1.074639312447,-3.258860800656,5.));
#350 = CARTESIAN_POINT('',(1.340560919476,-3.209305232779,5.));
#351 = CARTESIAN_POINT('',(1.93037044455,-3.041136663147,5.));
#352 = CARTESIAN_POINT('',(2.25032934521,-2.907339703381,5.));
#353 = CARTESIAN_POINT('',(2.554104714953,-2.736419269389,5.));
#354 = CARTESIAN_POINT('',(2.836967099163,-2.531817940961,5.));
#355 = CARTESIAN_POINT('',(3.095032100941,-2.297448034097,5.));
#356 = CARTESIAN_POINT('',(3.325299442007,-2.037736559626,5.));
#357 = ORIENTED_EDGE('',*,*,#358,.F.);
#358 = EDGE_CURVE('',#359,#332,#361,.T.);
#359 = VERTEX_POINT('',#360);
#360 = CARTESIAN_POINT('',(-1.873831902994,-1.873834308215,5.));
#361 = B_SPLINE_CURVE_WITH_KNOTS('',6,(#362,#363,#364,#365,#366,#367,
    #368),.UNSPECIFIED.,.F.,.F.,(7,7),(0.,1.),.PIECEWISE_BEZIER_KNOTS.);
#362 = CARTESIAN_POINT('',(-1.873831902994,-1.873834308215,5.));
#363 = CARTESIAN_POINT('',(-1.729587705518,-2.1200336849,5.));
#364 = CARTESIAN_POINT('',(-1.55178827749,-2.348431322158,5.));
#365 = CARTESIAN_POINT('',(-1.34447628862,-2.553771850315,5.));
#366 = CARTESIAN_POINT('',(-1.112410429505,-2.732359007249,5.));
#367 = CARTESIAN_POINT('',(-0.860522117394,-2.881596759185,5.));
#368 = CARTESIAN_POINT('',(-0.593933411517,-3.,5.));
#369 = ORIENTED_EDGE('',*,*,#370,.F.);
#370 = EDGE_CURVE('',#371,#359,#373,.T.);
#371 = VERTEX_POINT('',#372);
#372 = CARTESIAN_POINT('',(-1.873831682702,1.873830724908,5.));
#373 = B_SPLINE_CURVE_WITH_KNOTS('',8,(#374,#375,#376,#377,#378,#379,
    #380,#381,#382,#383,#384,#385,#386,#387,#388,#389,#390,#391,#392,
    #393,#394,#395,#396,#397,#398,#399,#400,#401,#402,#403,#404,#405,
    #406,#407,#408,#409,#410,#411,#412,#413,#414,#415,#416,#417,#418,
    #419,#420,#421,#422,#423,#424,#425,#426,#427,#428,#429,#430,#431,
    #432,#433,#434,#435,#436,#437,#438,#439,#440,#441,#442,#443,#444,
    #445,#446,#447,#448,#449,#450,#451,#452,#453,#454,#455,#456,#457,
    #458,#459,#460,#461,#462,#463,#464,#465,#466,#467,#468,#469,#470,
    #471,#472,#473,#474,#475,#476,#477,#478,#479,#480),.UNSPECIFIED.,.F.
  ,.F.,(9,7,7,7,7,7,7,7,7,7,7,7,7,7,7,9),(0.,2.200503080084E-02,
    4.901147026243E-02,0.292845712259,0.336855914562,0.410872494868,
    0.484888888738,0.548903837931,0.611919074346,0.661930784023,
    0.705940348363,0.787957659199,0.832968880755,0.85897536256,
    0.878980419705,1.),.UNSPECIFIED.);
#374 = CARTESIAN_POINT('',(-1.873831758093,1.873830668789,5.));
#375 = CARTESIAN_POINT('',(-1.849548814566,1.898113478425,5.));
#376 = CARTESIAN_POINT('',(-1.824906219766,1.922036655287,5.));
#377 = CARTESIAN_POINT('',(-1.799910196734,1.945593980051,5.));
#378 = CARTESIAN_POINT('',(-1.774567090451,1.968779368775,5.));
#379 = CARTESIAN_POINT('',(-1.748883367838,1.991586872899,5.));
#380 = CARTESIAN_POINT('',(-1.722865617755,2.014010679241,5.));
#381 = CARTESIAN_POINT('',(-1.696520551006,2.036045110006,5.));
#382 = CARTESIAN_POINT('',(-1.637128775749,2.08424246752,5.));
#383 = CARTESIAN_POINT('',(-1.603919806604,2.110205493514,5.));
#384 = CARTESIAN_POINT('',(-1.570240731755,2.13556345033,5.));
#385 = CARTESIAN_POINT('',(-1.536104429305,2.160306424177,5.));
#386 = CARTESIAN_POINT('',(-1.501524016594,2.184424837904,5.));
#387 = CARTESIAN_POINT('',(-1.466512850206,2.207909450998,5.));
#388 = CARTESIAN_POINT('',(-1.431084525964,2.230751359586,5.));
#389 = CARTESIAN_POINT('',(-1.071738092566,2.453295586992,5.));
#390 = CARTESIAN_POINT('',(-0.714511402621,2.601073615657,5.));
#391 = CARTESIAN_POINT('',(-0.334832075227,2.688657143663,5.));
#392 = CARTESIAN_POINT('',(5.541194178253E-02,2.712938137754,5.));
#393 = CARTESIAN_POINT('',(0.444338274908,2.672747131628,5.));
#394 = CARTESIAN_POINT('',(0.820122240238,2.569734556683,5.));
#395 = CARTESIAN_POINT('',(1.171014127872,2.407490542803,5.));
#396 = CARTESIAN_POINT('',(1.542942668771,2.155573659513,5.));
#397 = CARTESIAN_POINT('',(1.598668295032,2.115372145377,5.));
#398 = CARTESIAN_POINT('',(1.653194787952,2.073525777812,5.));
#399 = CARTESIAN_POINT('',(1.706465569694,2.030076417719,5.));
#400 = CARTESIAN_POINT('',(1.758425937917,1.985068155846,5.));
#401 = CARTESIAN_POINT('',(1.809023065776,1.938547312792,5.));
#402 = CARTESIAN_POINT('',(1.858206001921,1.890562439002,5.));
#403 = CARTESIAN_POINT('',(1.986180849903,1.758086300176,5.));
#404 = CARTESIAN_POINT('',(2.062299211812,1.671008646656,5.));
#405 = CARTESIAN_POINT('',(2.134046151147,1.580174540757,5.));
#406 = CARTESIAN_POINT('',(2.201205926117,1.485840907305,5.));
#407 = CARTESIAN_POINT('',(2.263581895974,1.388278073242,5.));
#408 = CARTESIAN_POINT('',(2.320996758773,1.287769431465,5.));
#409 = CARTESIAN_POINT('',(2.373292789125,1.184611104666,5.));
#410 = CARTESIAN_POINT('',(2.467371244298,0.973612379409,5.));
#411 = CARTESIAN_POINT('',(2.50915568203,0.865767539089,5.));
#412 = CARTESIAN_POINT('',(2.545547882657,0.755885811194,5.));
#413 = CARTESIAN_POINT('',(2.576432803348,0.64428239598,5.));
#414 = CARTESIAN_POINT('',(2.601717973844,0.531278573954,5.));
#415 = CARTESIAN_POINT('',(2.621333605382,0.417201308842,5.));
#416 = CARTESIAN_POINT('',(2.63523269961,0.302382850566,5.));
#417 = CARTESIAN_POINT('',(2.650447206042,8.750723586814E-02,5.));
#418 = CARTESIAN_POINT('',(2.653209485018,-1.245112197804E-02,5.));
#419 = CARTESIAN_POINT('',(2.651662683772,-0.112497158501,5.));
#420 = CARTESIAN_POINT('',(2.64580456703,-0.212413976615,5.));
#421 = CARTESIAN_POINT('',(2.635645955656,-0.311985544171,5.));
#422 = CARTESIAN_POINT('',(2.621210707402,-0.410996879157,5.));
#423 = CARTESIAN_POINT('',(2.602535697664,-0.509234234895,5.));
#424 = CARTESIAN_POINT('',(2.557162980796,-0.702217579135,5.));
#425 = CARTESIAN_POINT('',(2.530594602204,-0.796996345655,5.));
#426 = CARTESIAN_POINT('',(2.500013401069,-0.890619152673,5.));
#427 = CARTESIAN_POINT('',(2.465478635864,-0.982887796841,5.));
#428 = CARTESIAN_POINT('',(2.427061018709,-1.073608460945,5.));
#429 = CARTESIAN_POINT('',(2.384842647156,-1.16259187125,5.));
#430 = CARTESIAN_POINT('',(2.338916935978,-1.249653454843,5.));
#431 = CARTESIAN_POINT('',(2.250080606101,-1.402041585861,5.));
#432 = CARTESIAN_POINT('',(2.208502904006,-1.46814694054,5.));
#433 = CARTESIAN_POINT('',(2.164707736376,-1.53283992194,5.));
#434 = CARTESIAN_POINT('',(2.118751279574,-1.59603381514,5.));
#435 = CARTESIAN_POINT('',(2.07069359262,-1.657644829377,5.));
#436 = CARTESIAN_POINT('',(2.020598617194,-1.717592098044,5.));
#437 = CARTESIAN_POINT('',(1.968534177636,-1.775797678692,5.));
#438 = CARTESIAN_POINT('',(1.8670860465,-1.881807927889,5.));
#439 = CARTESIAN_POINT('',(1.818130178425,-1.930022884796,5.));
#440 = CARTESIAN_POINT('',(1.767753205589,-1.976780395237,5.));
#441 = CARTESIAN_POINT('',(1.716005846292,-2.02203165743,5.));
#442 = CARTESIAN_POINT('',(1.662940708272,-2.06573009633,5.));
#443 = CARTESIAN_POINT('',(1.608612288697,-2.107831363624,5.));
#444 = CARTESIAN_POINT('',(1.553076974174,-2.148293337733,5.));
#445 = CARTESIAN_POINT('',(1.390755462692,-2.259352681614,5.));
#446 = CARTESIAN_POINT('',(1.281124483034,-2.325800136429,5.));
#447 = CARTESIAN_POINT('',(1.167880428302,-2.386157316433,5.));
#448 = CARTESIAN_POINT('',(1.051419553133,-2.440197083381,5.));
#449 = CARTESIAN_POINT('',(0.932152471724,-2.487724228863,5.));
#450 = CARTESIAN_POINT('',(0.810503264499,-2.528574872971,5.));
#451 = CARTESIAN_POINT('',(0.686909259985,-2.562617365362,5.));
#452 = CARTESIAN_POINT('',(0.493173139657,-2.604647691954,5.));
#453 = CARTESIAN_POINT('',(0.424073408261,-2.617461260328,5.));
#454 = CARTESIAN_POINT('',(0.354596113384,-2.628179440895,5.));
#455 = CARTESIAN_POINT('',(0.284815438651,-2.636789374557,5.));
#456 = CARTESIAN_POINT('',(0.214805935628,-2.643281296077,5.));
#457 = CARTESIAN_POINT('',(0.144642523825,-2.647648534076,5.));
#458 = CARTESIAN_POINT('',(7.440049069288E-02,-2.649887511037,5.));
#459 = CARTESIAN_POINT('',(-3.643050508359E-02,-2.650061433051,5.));
#460 = CARTESIAN_POINT('',(-7.701767151394E-02,-2.649414478191,5.));
#461 = CARTESIAN_POINT('',(-0.117591464846,-2.648056931997,5.));
#462 = CARTESIAN_POINT('',(-0.15813736551,-2.645989190981,5.));
#463 = CARTESIAN_POINT('',(-0.198640877189,-2.643211994883,5.));
#464 = CARTESIAN_POINT('',(-0.239087526811,-2.63972642668,5.));
#465 = CARTESIAN_POINT('',(-0.279462864557,-2.635533912577,5.));
#466 = CARTESIAN_POINT('',(-0.35074457353,-2.626868754341,5.));
#467 = CARTESIAN_POINT('',(-0.381685963428,-2.622684019736,5.));
#468 = CARTESIAN_POINT('',(-0.41257007206,-2.618082824551,5.));
#469 = CARTESIAN_POINT('',(-0.443390359018,-2.613066095964,5.));
#470 = CARTESIAN_POINT('',(-0.474140304972,-2.607634881979,5.));
#471 = CARTESIAN_POINT('',(-0.504813411675,-2.601790351426,5.));
#472 = CARTESIAN_POINT('',(-0.535403201959,-2.595533793964,5.));
#473 = CARTESIAN_POINT('',(-0.750411532997,-2.548533889237,5.));
#474 = CARTESIAN_POINT('',(-0.931664099201,-2.493167811525,5.));
#475 = CARTESIAN_POINT('',(-1.108187040129,-2.423082145907,5.));
#476 = CARTESIAN_POINT('',(-1.27858919987,-2.338761233626,5.));
#477 = CARTESIAN_POINT('',(-1.441553861565,-2.24083567741,5.));
#478 = CARTESIAN_POINT('',(-1.595838806097,-2.130072804646,5.));
#479 = CARTESIAN_POINT('',(-1.740284712703,-2.00738191455,5.));
#480 = CARTESIAN_POINT('',(-1.873831901526,-1.873834309312,5.));
#481 = ORIENTED_EDGE('',*,*,#482,.F.);
#482 = EDGE_CURVE('',#274,#371,#483,.T.);
#483 = B_SPLINE_CURVE_WITH_KNOTS('',6,(#484,#485,#486,#487,#488,#489,
    #490),.UNSPECIFIED.,.F.,.F.,(7,7),(0.,1.),.PIECEWISE_BEZIER_KNOTS.);
#484 = CARTESIAN_POINT('',(-0.593947554227,3.,5.));
#485 = CARTESIAN_POINT('',(-0.860532255778,2.881594411294,5.));
#486 = CARTESIAN_POINT('',(-1.11241515772,2.732352829055,5.));
#487 = CARTESIAN_POINT('',(-1.344477221011,2.553761641852,5.));
#488 = CARTESIAN_POINT('',(-1.5517891616,2.348422203206,5.));
#489 = CARTESIAN_POINT('',(-1.729588824242,2.120027619768,5.));
#490 = CARTESIAN_POINT('',(-1.873831682702,1.873830724908,5.));
#491 = PLANE('',#492);
#492 = AXIS2_PLACEMENT_3D('',#493,#494,#495);
#493 = CARTESIAN_POINT('',(0.,0.,5.));
#494 = DIRECTION('',(0.,0.,1.));
#495 = DIRECTION('',(1.,0.,-0.));
#496 = ADVANCED_FACE('',(#497),#516,.F.);
#497 = FACE_BOUND('',#498,.F.);
#498 = EDGE_LOOP('',(#499,#507,#514,#515));
#499 = ORIENTED_EDGE('',*,*,#500,.F.);
#500 = EDGE_CURVE('',#501,#74,#503,.T.);
#501 = VERTEX_POINT('',#502);
#502 = CARTESIAN_POINT('',(7.082910909018,5.55269061401,0.));
#503 = LINE('',#504,#505);
#504 = CARTESIAN_POINT('',(7.082910909018,5.55269061401,0.));
#505 = VECTOR('',#506,1.);
#506 = DIRECTION('',(0.,0.,1.));
#507 = ORIENTED_EDGE('',*,*,#508,.T.);
#508 = EDGE_CURVE('',#501,#41,#509,.T.);
#509 = CIRCLE('',#510,1.3);
#510 = AXIS2_PLACEMENT_3D('',#511,#512,#513);
#511 = CARTESIAN_POINT('',(7.967433714817,4.6,0.));
#512 = DIRECTION('',(0.,0.,1.));
#513 = DIRECTION('',(0.866025403784,0.5,-0.));
#514 = ORIENTED_EDGE('',*,*,#49,.T.);
#515 = ORIENTED_EDGE('',*,*,#73,.F.);
#516 = CYLINDRICAL_SURFACE('',#517,1.3);
#517 = AXIS2_PLACEMENT_3D('',#518,#519,#520);
#518 = CARTESIAN_POINT('',(7.967433714817,4.6,-1.));
#519 = DIRECTION('',(0.,0.,1.));
#520 = DIRECTION('',(0.866025403784,0.5,0.));
#521 = ADVANCED_FACE('',(#522),#631,.F.);
#522 = FACE_BOUND('',#523,.F.);
#523 = EDGE_LOOP('',(#524,#533,#534,#535,#544,#553,#562,#571,#580,#589,
    #598,#607,#616,#625));
#524 = ORIENTED_EDGE('',*,*,#525,.F.);
#525 = EDGE_CURVE('',#33,#526,#528,.T.);
#526 = VERTEX_POINT('',#527);
#527 = CARTESIAN_POINT('',(8.175304923404,0.8,0.));
#528 = CIRCLE('',#529,1.3);
#529 = AXIS2_PLACEMENT_3D('',#530,#531,#532);
#530 = CARTESIAN_POINT('',(9.2,0.,0.));
#531 = DIRECTION('',(0.,0.,1.));
#532 = DIRECTION('',(1.,0.,-0.));
#533 = ORIENTED_EDGE('',*,*,#40,.T.);
#534 = ORIENTED_EDGE('',*,*,#508,.F.);
#535 = ORIENTED_EDGE('',*,*,#536,.T.);
#536 = EDGE_CURVE('',#501,#537,#539,.T.);
#537 = VERTEX_POINT('',#538);
#538 = CARTESIAN_POINT('',(5.55269061401,7.082910909018,0.));
#539 = CIRCLE('',#540,9.);
#540 = AXIS2_PLACEMENT_3D('',#541,#542,#543);
#541 = CARTESIAN_POINT('',(0.,0.,0.));
#542 = DIRECTION('',(0.,0.,1.));
#543 = DIRECTION('',(1.,0.,-0.));
#544 = ORIENTED_EDGE('',*,*,#545,.F.);
#545 = EDGE_CURVE('',#546,#537,#548,.T.);
#546 = VERTEX_POINT('',#547);
#547 = CARTESIAN_POINT('',(3.357635472947,8.350226585597,0.));
#548 = CIRCLE('',#549,1.3);
#549 = AXIS2_PLACEMENT_3D('',#550,#551,#552);
#550 = CARTESIAN_POINT('',(4.6,7.967433714817,0.));
#551 = DIRECTION('',(0.,0.,1.));
#552 = DIRECTION('',(0.5,0.866025403784,-0.));
#553 = ORIENTED_EDGE('',*,*,#554,.T.);
#554 = EDGE_CURVE('',#546,#555,#557,.T.);
#555 = VERTEX_POINT('',#556);
#556 = CARTESIAN_POINT('',(1.267315676579,8.910326086957,0.));
#557 = CIRCLE('',#558,9.);
#558 = AXIS2_PLACEMENT_3D('',#559,#560,#561);
#559 = CARTESIAN_POINT('',(0.,0.,0.));
#560 = DIRECTION('',(0.,0.,1.));
#561 = DIRECTION('',(1.,0.,-0.));
#562 = ORIENTED_EDGE('',*,*,#563,.F.);
#563 = EDGE_CURVE('',#564,#555,#566,.T.);
#564 = VERTEX_POINT('',#565);
#565 = CARTESIAN_POINT('',(-1.267315676579,8.910326086957,0.));
#566 = CIRCLE('',#567,1.3);
#567 = AXIS2_PLACEMENT_3D('',#568,#569,#570);
#568 = CARTESIAN_POINT('',(1.021405182655E-15,9.2,0.));
#569 = DIRECTION('',(0.,0.,1.));
#570 = DIRECTION('',(1.110223024625E-16,1.,-0.));
#571 = ORIENTED_EDGE('',*,*,#572,.T.);
#572 = EDGE_CURVE('',#564,#573,#575,.T.);
#573 = VERTEX_POINT('',#574);
#574 = CARTESIAN_POINT('',(-3.357635472947,8.350226585597,0.));
#575 = CIRCLE('',#576,9.);
#576 = AXIS2_PLACEMENT_3D('',#577,#578,#579);
#577 = CARTESIAN_POINT('',(0.,0.,0.));
#578 = DIRECTION('',(0.,0.,1.));
#579 = DIRECTION('',(1.,0.,-0.));
#580 = ORIENTED_EDGE('',*,*,#581,.F.);
#581 = EDGE_CURVE('',#582,#573,#584,.T.);
#582 = VERTEX_POINT('',#583);
#583 = CARTESIAN_POINT('',(-5.55269061401,7.082910909018,0.));
#584 = CIRCLE('',#585,1.3);
#585 = AXIS2_PLACEMENT_3D('',#586,#587,#588);
#586 = CARTESIAN_POINT('',(-4.6,7.967433714817,0.));
#587 = DIRECTION('',(0.,0.,1.));
#588 = DIRECTION('',(-0.5,0.866025403784,0.));
#589 = ORIENTED_EDGE('',*,*,#590,.T.);
#590 = EDGE_CURVE('',#582,#591,#593,.T.);
#591 = VERTEX_POINT('',#592);
#592 = CARTESIAN_POINT('',(-7.082910909018,5.55269061401,0.));
#593 = CIRCLE('',#594,9.);
#594 = AXIS2_PLACEMENT_3D('',#595,#596,#597);
#595 = CARTESIAN_POINT('',(0.,0.,0.));
#596 = DIRECTION('',(0.,0.,1.));
#597 = DIRECTION('',(1.,0.,-0.));
#598 = ORIENTED_EDGE('',*,*,#599,.F.);
#599 = EDGE_CURVE('',#600,#591,#602,.T.);
#600 = VERTEX_POINT('',#601);
#601 = CARTESIAN_POINT('',(-8.350226585597,3.357635472947,0.));
#602 = CIRCLE('',#603,1.3);
#603 = AXIS2_PLACEMENT_3D('',#604,#605,#606);
#604 = CARTESIAN_POINT('',(-7.967433714817,4.6,0.));
#605 = DIRECTION('',(0.,0.,1.));
#606 = DIRECTION('',(-0.866025403784,0.5,0.));
#607 = ORIENTED_EDGE('',*,*,#608,.T.);
#608 = EDGE_CURVE('',#600,#609,#611,.T.);
#609 = VERTEX_POINT('',#610);
#610 = CARTESIAN_POINT('',(-8.910326086957,1.267315676579,0.));
#611 = CIRCLE('',#612,9.);
#612 = AXIS2_PLACEMENT_3D('',#613,#614,#615);
#613 = CARTESIAN_POINT('',(0.,0.,0.));
#614 = DIRECTION('',(0.,0.,1.));
#615 = DIRECTION('',(1.,0.,-0.));
#616 = ORIENTED_EDGE('',*,*,#617,.F.);
#617 = EDGE_CURVE('',#618,#609,#620,.T.);
#618 = VERTEX_POINT('',#619);
#619 = CARTESIAN_POINT('',(-8.175304923404,0.8,0.));
#620 = CIRCLE('',#621,1.3);
#621 = AXIS2_PLACEMENT_3D('',#622,#623,#624);
#622 = CARTESIAN_POINT('',(-9.2,1.126675055216E-15,0.));
#623 = DIRECTION('',(0.,0.,1.));
#624 = DIRECTION('',(-1.,1.224646799147E-16,0.));
#625 = ORIENTED_EDGE('',*,*,#626,.T.);
#626 = EDGE_CURVE('',#618,#526,#627,.T.);
#627 = LINE('',#628,#629);
#628 = CARTESIAN_POINT('',(-10.,0.8,0.));
#629 = VECTOR('',#630,1.);
#630 = DIRECTION('',(1.,0.,-0.));
#631 = PLANE('',#632);
#632 = AXIS2_PLACEMENT_3D('',#633,#634,#635);
#633 = CARTESIAN_POINT('',(0.,0.,0.));
#634 = DIRECTION('',(0.,0.,1.));
#635 = DIRECTION('',(1.,0.,-0.));
#636 = ADVANCED_FACE('',(#637),#682,.F.);
#637 = FACE_BOUND('',#638,.F.);
#638 = EDGE_LOOP('',(#639,#640,#641,#649,#658,#666,#675,#681));
#639 = ORIENTED_EDGE('',*,*,#32,.F.);
#640 = ORIENTED_EDGE('',*,*,#525,.T.);
#641 = ORIENTED_EDGE('',*,*,#642,.T.);
#642 = EDGE_CURVE('',#526,#643,#645,.T.);
#643 = VERTEX_POINT('',#644);
#644 = CARTESIAN_POINT('',(8.175304923404,0.8,2.));
#645 = LINE('',#646,#647);
#646 = CARTESIAN_POINT('',(8.175304923404,0.8,-1.));
#647 = VECTOR('',#648,1.);
#648 = DIRECTION('',(0.,0.,1.));
#649 = ORIENTED_EDGE('',*,*,#650,.T.);
#650 = EDGE_CURVE('',#643,#651,#653,.T.);
#651 = VERTEX_POINT('',#652);
#652 = CARTESIAN_POINT('',(8.175304923404,-0.8,2.));
#653 = CIRCLE('',#654,1.3);
#654 = AXIS2_PLACEMENT_3D('',#655,#656,#657);
#655 = CARTESIAN_POINT('',(9.2,0.,2.));
#656 = DIRECTION('',(0.,0.,1.));
#657 = DIRECTION('',(1.,0.,-0.));
#658 = ORIENTED_EDGE('',*,*,#659,.F.);
#659 = EDGE_CURVE('',#660,#651,#662,.T.);
#660 = VERTEX_POINT('',#661);
#661 = CARTESIAN_POINT('',(8.175304923404,-0.8,0.));
#662 = LINE('',#663,#664);
#663 = CARTESIAN_POINT('',(8.175304923404,-0.8,-1.));
#664 = VECTOR('',#665,1.);
#665 = DIRECTION('',(0.,0.,1.));
#666 = ORIENTED_EDGE('',*,*,#667,.T.);
#667 = EDGE_CURVE('',#660,#668,#670,.T.);
#668 = VERTEX_POINT('',#669);
#669 = CARTESIAN_POINT('',(8.910326086957,-1.267315676579,0.));
#670 = CIRCLE('',#671,1.3);
#671 = AXIS2_PLACEMENT_3D('',#672,#673,#674);
#672 = CARTESIAN_POINT('',(9.2,0.,0.));
#673 = DIRECTION('',(0.,0.,1.));
#674 = DIRECTION('',(1.,0.,-0.));
#675 = ORIENTED_EDGE('',*,*,#676,.T.);
#676 = EDGE_CURVE('',#668,#64,#677,.T.);
#677 = LINE('',#678,#679);
#678 = CARTESIAN_POINT('',(8.910326086957,-1.267315676579,0.));
#679 = VECTOR('',#680,1.);
#680 = DIRECTION('',(0.,0.,1.));
#681 = ORIENTED_EDGE('',*,*,#63,.F.);
#682 = CYLINDRICAL_SURFACE('',#683,1.3);
#683 = AXIS2_PLACEMENT_3D('',#684,#685,#686);
#684 = CARTESIAN_POINT('',(9.2,0.,-1.));
#685 = DIRECTION('',(0.,0.,1.));
#686 = DIRECTION('',(1.,0.,0.));
#687 = ADVANCED_FACE('',(#688),#707,.T.);
#688 = FACE_BOUND('',#689,.T.);
#689 = EDGE_LOOP('',(#690,#691,#699,#706));
#690 = ORIENTED_EDGE('',*,*,#262,.F.);
#691 = ORIENTED_EDGE('',*,*,#692,.F.);
#692 = EDGE_CURVE('',#693,#254,#695,.T.);
#693 = VERTEX_POINT('',#694);
#694 = CARTESIAN_POINT('',(8.350226585597,-3.357635472947,0.));
#695 = LINE('',#696,#697);
#696 = CARTESIAN_POINT('',(8.350226585597,-3.357635472947,0.));
#697 = VECTOR('',#698,1.);
#698 = DIRECTION('',(0.,0.,1.));
#699 = ORIENTED_EDGE('',*,*,#700,.T.);
#700 = EDGE_CURVE('',#693,#668,#701,.T.);
#701 = CIRCLE('',#702,9.);
#702 = AXIS2_PLACEMENT_3D('',#703,#704,#705);
#703 = CARTESIAN_POINT('',(0.,0.,0.));
#704 = DIRECTION('',(0.,0.,1.));
#705 = DIRECTION('',(1.,0.,-0.));
#706 = ORIENTED_EDGE('',*,*,#676,.T.);
#707 = CYLINDRICAL_SURFACE('',#708,9.);
#708 = AXIS2_PLACEMENT_3D('',#709,#710,#711);
#709 = CARTESIAN_POINT('',(0.,0.,0.));
#710 = DIRECTION('',(0.,0.,1.));
#711 = DIRECTION('',(1.,0.,-0.));
#712 = ADVANCED_FACE('',(#713),#732,.F.);
#713 = FACE_BOUND('',#714,.F.);
#714 = EDGE_LOOP('',(#715,#716,#717,#726));
#715 = ORIENTED_EDGE('',*,*,#253,.F.);
#716 = ORIENTED_EDGE('',*,*,#692,.F.);
#717 = ORIENTED_EDGE('',*,*,#718,.T.);
#718 = EDGE_CURVE('',#693,#719,#721,.T.);
#719 = VERTEX_POINT('',#720);
#720 = CARTESIAN_POINT('',(7.082910909018,-5.55269061401,0.));
#721 = CIRCLE('',#722,1.3);
#722 = AXIS2_PLACEMENT_3D('',#723,#724,#725);
#723 = CARTESIAN_POINT('',(7.967433714817,-4.6,0.));
#724 = DIRECTION('',(0.,0.,1.));
#725 = DIRECTION('',(0.866025403784,-0.5,0.));
#726 = ORIENTED_EDGE('',*,*,#727,.T.);
#727 = EDGE_CURVE('',#719,#245,#728,.T.);
#728 = LINE('',#729,#730);
#729 = CARTESIAN_POINT('',(7.082910909018,-5.55269061401,0.));
#730 = VECTOR('',#731,1.);
#731 = DIRECTION('',(0.,0.,1.));
#732 = CYLINDRICAL_SURFACE('',#733,1.3);
#733 = AXIS2_PLACEMENT_3D('',#734,#735,#736);
#734 = CARTESIAN_POINT('',(7.967433714817,-4.6,-1.));
#735 = DIRECTION('',(0.,0.,1.));
#736 = DIRECTION('',(0.866025403784,-0.5,0.));
#737 = ADVANCED_FACE('',(#738),#749,.T.);
#738 = FACE_BOUND('',#739,.T.);
#739 = EDGE_LOOP('',(#740,#741,#742,#743));
#740 = ORIENTED_EDGE('',*,*,#82,.F.);
#741 = ORIENTED_EDGE('',*,*,#500,.F.);
#742 = ORIENTED_EDGE('',*,*,#536,.T.);
#743 = ORIENTED_EDGE('',*,*,#744,.T.);
#744 = EDGE_CURVE('',#537,#83,#745,.T.);
#745 = LINE('',#746,#747);
#746 = CARTESIAN_POINT('',(5.55269061401,7.082910909018,0.));
#747 = VECTOR('',#748,1.);
#748 = DIRECTION('',(0.,0.,1.));
#749 = CYLINDRICAL_SURFACE('',#750,9.);
#750 = AXIS2_PLACEMENT_3D('',#751,#752,#753);
#751 = CARTESIAN_POINT('',(0.,0.,0.));
#752 = DIRECTION('',(0.,0.,1.));
#753 = DIRECTION('',(1.,0.,-0.));
#754 = ADVANCED_FACE('',(#755),#774,.T.);
#755 = FACE_BOUND('',#756,.T.);
#756 = EDGE_LOOP('',(#757,#758,#766,#773));
#757 = ORIENTED_EDGE('',*,*,#244,.F.);
#758 = ORIENTED_EDGE('',*,*,#759,.F.);
#759 = EDGE_CURVE('',#760,#236,#762,.T.);
#760 = VERTEX_POINT('',#761);
#761 = CARTESIAN_POINT('',(5.55269061401,-7.082910909018,0.));
#762 = LINE('',#763,#764);
#763 = CARTESIAN_POINT('',(5.55269061401,-7.082910909018,0.));
#764 = VECTOR('',#765,1.);
#765 = DIRECTION('',(0.,0.,1.));
#766 = ORIENTED_EDGE('',*,*,#767,.T.);
#767 = EDGE_CURVE('',#760,#719,#768,.T.);
#768 = CIRCLE('',#769,9.);
#769 = AXIS2_PLACEMENT_3D('',#770,#771,#772);
#770 = CARTESIAN_POINT('',(0.,0.,0.));
#771 = DIRECTION('',(0.,0.,1.));
#772 = DIRECTION('',(1.,0.,-0.));
#773 = ORIENTED_EDGE('',*,*,#727,.T.);
#774 = CYLINDRICAL_SURFACE('',#775,9.);
#775 = AXIS2_PLACEMENT_3D('',#776,#777,#778);
#776 = CARTESIAN_POINT('',(0.,0.,0.));
#777 = DIRECTION('',(0.,0.,1.));
#778 = DIRECTION('',(1.,0.,-0.));
#779 = ADVANCED_FACE('',(#780),#791,.F.);
#780 = FACE_BOUND('',#781,.F.);
#781 = EDGE_LOOP('',(#782,#783,#789,#790));
#782 = ORIENTED_EDGE('',*,*,#91,.F.);
#783 = ORIENTED_EDGE('',*,*,#784,.F.);
#784 = EDGE_CURVE('',#546,#92,#785,.T.);
#785 = LINE('',#786,#787);
#786 = CARTESIAN_POINT('',(3.357635472947,8.350226585597,0.));
#787 = VECTOR('',#788,1.);
#788 = DIRECTION('',(0.,0.,1.));
#789 = ORIENTED_EDGE('',*,*,#545,.T.);
#790 = ORIENTED_EDGE('',*,*,#744,.T.);
#791 = CYLINDRICAL_SURFACE('',#792,1.3);
#792 = AXIS2_PLACEMENT_3D('',#793,#794,#795);
#793 = CARTESIAN_POINT('',(4.6,7.967433714817,-1.));
#794 = DIRECTION('',(0.,0.,1.));
#795 = DIRECTION('',(0.5,0.866025403784,0.));
#796 = ADVANCED_FACE('',(#797),#816,.F.);
#797 = FACE_BOUND('',#798,.F.);
#798 = EDGE_LOOP('',(#799,#800,#801,#810));
#799 = ORIENTED_EDGE('',*,*,#235,.F.);
#800 = ORIENTED_EDGE('',*,*,#759,.F.);
#801 = ORIENTED_EDGE('',*,*,#802,.T.);
#802 = EDGE_CURVE('',#760,#803,#805,.T.);
#803 = VERTEX_POINT('',#804);
#804 = CARTESIAN_POINT('',(3.357635472947,-8.350226585597,0.));
#805 = CIRCLE('',#806,1.3);
#806 = AXIS2_PLACEMENT_3D('',#807,#808,#809);
#807 = CARTESIAN_POINT('',(4.6,-7.967433714817,0.));
#808 = DIRECTION('',(0.,0.,1.));
#809 = DIRECTION('',(0.5,-0.866025403784,0.));
#810 = ORIENTED_EDGE('',*,*,#811,.T.);
#811 = EDGE_CURVE('',#803,#227,#812,.T.);
#812 = LINE('',#813,#814);
#813 = CARTESIAN_POINT('',(3.357635472947,-8.350226585597,0.));
#814 = VECTOR('',#815,1.);
#815 = DIRECTION('',(0.,0.,1.));
#816 = CYLINDRICAL_SURFACE('',#817,1.3);
#817 = AXIS2_PLACEMENT_3D('',#818,#819,#820);
#818 = CARTESIAN_POINT('',(4.6,-7.967433714817,-1.));
#819 = DIRECTION('',(0.,0.,1.));
#820 = DIRECTION('',(0.5,-0.866025403784,0.));
#821 = ADVANCED_FACE('',(#822),#833,.T.);
#822 = FACE_BOUND('',#823,.T.);
#823 = EDGE_LOOP('',(#824,#825,#826,#827));
#824 = ORIENTED_EDGE('',*,*,#100,.F.);
#825 = ORIENTED_EDGE('',*,*,#784,.F.);
#826 = ORIENTED_EDGE('',*,*,#554,.T.);
#827 = ORIENTED_EDGE('',*,*,#828,.T.);
#828 = EDGE_CURVE('',#555,#101,#829,.T.);
#829 = LINE('',#830,#831);
#830 = CARTESIAN_POINT('',(1.267315676579,8.910326086957,0.));
#831 = VECTOR('',#832,1.);
#832 = DIRECTION('',(0.,0.,1.));
#833 = CYLINDRICAL_SURFACE('',#834,9.);
#834 = AXIS2_PLACEMENT_3D('',#835,#836,#837);
#835 = CARTESIAN_POINT('',(0.,0.,0.));
#836 = DIRECTION('',(0.,0.,1.));
#837 = DIRECTION('',(1.,0.,-0.));
#838 = ADVANCED_FACE('',(#839),#858,.T.);
#839 = FACE_BOUND('',#840,.T.);
#840 = EDGE_LOOP('',(#841,#842,#850,#857));
#841 = ORIENTED_EDGE('',*,*,#226,.F.);
#842 = ORIENTED_EDGE('',*,*,#843,.F.);
#843 = EDGE_CURVE('',#844,#218,#846,.T.);
#844 = VERTEX_POINT('',#845);
#845 = CARTESIAN_POINT('',(1.267315676579,-8.910326086957,0.));
#846 = LINE('',#847,#848);
#847 = CARTESIAN_POINT('',(1.267315676579,-8.910326086957,0.));
#848 = VECTOR('',#849,1.);
#849 = DIRECTION('',(0.,0.,1.));
#850 = ORIENTED_EDGE('',*,*,#851,.T.);
#851 = EDGE_CURVE('',#844,#803,#852,.T.);
#852 = CIRCLE('',#853,9.);
#853 = AXIS2_PLACEMENT_3D('',#854,#855,#856);
#854 = CARTESIAN_POINT('',(0.,0.,0.));
#855 = DIRECTION('',(0.,0.,1.));
#856 = DIRECTION('',(1.,0.,-0.));
#857 = ORIENTED_EDGE('',*,*,#811,.T.);
#858 = CYLINDRICAL_SURFACE('',#859,9.);
#859 = AXIS2_PLACEMENT_3D('',#860,#861,#862);
#860 = CARTESIAN_POINT('',(0.,0.,0.));
#861 = DIRECTION('',(0.,0.,1.));
#862 = DIRECTION('',(1.,0.,-0.));
#863 = ADVANCED_FACE('',(#864),#875,.F.);
#864 = FACE_BOUND('',#865,.F.);
#865 = EDGE_LOOP('',(#866,#867,#873,#874));
#866 = ORIENTED_EDGE('',*,*,#109,.F.);
#867 = ORIENTED_EDGE('',*,*,#868,.F.);
#868 = EDGE_CURVE('',#564,#110,#869,.T.);
#869 = LINE('',#870,#871);
#870 = CARTESIAN_POINT('',(-1.267315676579,8.910326086957,0.));
#871 = VECTOR('',#872,1.);
#872 = DIRECTION('',(0.,0.,1.));
#873 = ORIENTED_EDGE('',*,*,#563,.T.);
#874 = ORIENTED_EDGE('',*,*,#828,.T.);
#875 = CYLINDRICAL_SURFACE('',#876,1.3);
#876 = AXIS2_PLACEMENT_3D('',#877,#878,#879);
#877 = CARTESIAN_POINT('',(1.021405182655E-15,9.2,-1.));
#878 = DIRECTION('',(0.,0.,1.));
#879 = DIRECTION('',(1.110223024625E-16,1.,0.));
#880 = ADVANCED_FACE('',(#881),#900,.F.);
#881 = FACE_BOUND('',#882,.F.);
#882 = EDGE_LOOP('',(#883,#884,#885,#894));
#883 = ORIENTED_EDGE('',*,*,#217,.F.);
#884 = ORIENTED_EDGE('',*,*,#843,.F.);
#885 = ORIENTED_EDGE('',*,*,#886,.T.);
#886 = EDGE_CURVE('',#844,#887,#889,.T.);
#887 = VERTEX_POINT('',#888);
#888 = CARTESIAN_POINT('',(-1.267315676579,-8.910326086957,0.));
#889 = CIRCLE('',#890,1.3);
#890 = AXIS2_PLACEMENT_3D('',#891,#892,#893);
#891 = CARTESIAN_POINT('',(-2.04281036531E-15,-9.2,0.));
#892 = DIRECTION('',(0.,0.,1.));
#893 = DIRECTION('',(-2.22044604925E-16,-1.,0.));
#894 = ORIENTED_EDGE('',*,*,#895,.T.);
#895 = EDGE_CURVE('',#887,#209,#896,.T.);
#896 = LINE('',#897,#898);
#897 = CARTESIAN_POINT('',(-1.267315676579,-8.910326086957,0.));
#898 = VECTOR('',#899,1.);
#899 = DIRECTION('',(0.,0.,1.));
#900 = CYLINDRICAL_SURFACE('',#901,1.3);
#901 = AXIS2_PLACEMENT_3D('',#902,#903,#904);
#902 = CARTESIAN_POINT('',(-2.04281036531E-15,-9.2,-1.));
#903 = DIRECTION('',(0.,0.,1.));
#904 = DIRECTION('',(-2.22044604925E-16,-1.,0.));
#905 = ADVANCED_FACE('',(#906),#917,.T.);
#906 = FACE_BOUND('',#907,.T.);
#907 = EDGE_LOOP('',(#908,#909,#910,#911));
#908 = ORIENTED_EDGE('',*,*,#118,.F.);
#909 = ORIENTED_EDGE('',*,*,#868,.F.);
#910 = ORIENTED_EDGE('',*,*,#572,.T.);
#911 = ORIENTED_EDGE('',*,*,#912,.T.);
#912 = EDGE_CURVE('',#573,#119,#913,.T.);
#913 = LINE('',#914,#915);
#914 = CARTESIAN_POINT('',(-3.357635472947,8.350226585597,0.));
#915 = VECTOR('',#916,1.);
#916 = DIRECTION('',(0.,0.,1.));
#917 = CYLINDRICAL_SURFACE('',#918,9.);
#918 = AXIS2_PLACEMENT_3D('',#919,#920,#921);
#919 = CARTESIAN_POINT('',(0.,0.,0.));
#920 = DIRECTION('',(0.,0.,1.));
#921 = DIRECTION('',(1.,0.,-0.));
#922 = ADVANCED_FACE('',(#923),#942,.T.);
#923 = FACE_BOUND('',#924,.T.);
#924 = EDGE_LOOP('',(#925,#926,#934,#941));
#925 = ORIENTED_EDGE('',*,*,#208,.F.);
#926 = ORIENTED_EDGE('',*,*,#927,.F.);
#927 = EDGE_CURVE('',#928,#200,#930,.T.);
#928 = VERTEX_POINT('',#929);
#929 = CARTESIAN_POINT('',(-3.357635472947,-8.350226585597,0.));
#930 = LINE('',#931,#932);
#931 = CARTESIAN_POINT('',(-3.357635472947,-8.350226585597,0.));
#932 = VECTOR('',#933,1.);
#933 = DIRECTION('',(0.,0.,1.));
#934 = ORIENTED_EDGE('',*,*,#935,.T.);
#935 = EDGE_CURVE('',#928,#887,#936,.T.);
#936 = CIRCLE('',#937,9.);
#937 = AXIS2_PLACEMENT_3D('',#938,#939,#940);
#938 = CARTESIAN_POINT('',(0.,0.,0.));
#939 = DIRECTION('',(0.,0.,1.));
#940 = DIRECTION('',(1.,0.,-0.));
#941 = ORIENTED_EDGE('',*,*,#895,.T.);
#942 = CYLINDRICAL_SURFACE('',#943,9.);
#943 = AXIS2_PLACEMENT_3D('',#944,#945,#946);
#944 = CARTESIAN_POINT('',(0.,0.,0.));
#945 = DIRECTION('',(0.,0.,1.));
#946 = DIRECTION('',(1.,0.,-0.));
#947 = ADVANCED_FACE('',(#948),#959,.F.);
#948 = FACE_BOUND('',#949,.F.);
#949 = EDGE_LOOP('',(#950,#951,#957,#958));
#950 = ORIENTED_EDGE('',*,*,#127,.F.);
#951 = ORIENTED_EDGE('',*,*,#952,.F.);
#952 = EDGE_CURVE('',#582,#128,#953,.T.);
#953 = LINE('',#954,#955);
#954 = CARTESIAN_POINT('',(-5.55269061401,7.082910909018,0.));
#955 = VECTOR('',#956,1.);
#956 = DIRECTION('',(0.,0.,1.));
#957 = ORIENTED_EDGE('',*,*,#581,.T.);
#958 = ORIENTED_EDGE('',*,*,#912,.T.);
#959 = CYLINDRICAL_SURFACE('',#960,1.3);
#960 = AXIS2_PLACEMENT_3D('',#961,#962,#963);
#961 = CARTESIAN_POINT('',(-4.6,7.967433714817,-1.));
#962 = DIRECTION('',(0.,0.,1.));
#963 = DIRECTION('',(-0.5,0.866025403784,0.));
#964 = ADVANCED_FACE('',(#965),#984,.F.);
#965 = FACE_BOUND('',#966,.F.);
#966 = EDGE_LOOP('',(#967,#968,#969,#978));
#967 = ORIENTED_EDGE('',*,*,#199,.F.);
#968 = ORIENTED_EDGE('',*,*,#927,.F.);
#969 = ORIENTED_EDGE('',*,*,#970,.T.);
#970 = EDGE_CURVE('',#928,#971,#973,.T.);
#971 = VERTEX_POINT('',#972);
#972 = CARTESIAN_POINT('',(-5.55269061401,-7.082910909018,0.));
#973 = CIRCLE('',#974,1.3);
#974 = AXIS2_PLACEMENT_3D('',#975,#976,#977);
#975 = CARTESIAN_POINT('',(-4.6,-7.967433714817,0.));
#976 = DIRECTION('',(0.,0.,1.));
#977 = DIRECTION('',(-0.5,-0.866025403784,0.));
#978 = ORIENTED_EDGE('',*,*,#979,.T.);
#979 = EDGE_CURVE('',#971,#191,#980,.T.);
#980 = LINE('',#981,#982);
#981 = CARTESIAN_POINT('',(-5.55269061401,-7.082910909018,0.));
#982 = VECTOR('',#983,1.);
#983 = DIRECTION('',(0.,0.,1.));
#984 = CYLINDRICAL_SURFACE('',#985,1.3);
#985 = AXIS2_PLACEMENT_3D('',#986,#987,#988);
#986 = CARTESIAN_POINT('',(-4.6,-7.967433714817,-1.));
#987 = DIRECTION('',(0.,0.,1.));
#988 = DIRECTION('',(-0.5,-0.866025403784,0.));
#989 = ADVANCED_FACE('',(#990),#1001,.T.);
#990 = FACE_BOUND('',#991,.T.);
#991 = EDGE_LOOP('',(#992,#993,#994,#995));
#992 = ORIENTED_EDGE('',*,*,#136,.F.);
#993 = ORIENTED_EDGE('',*,*,#952,.F.);
#994 = ORIENTED_EDGE('',*,*,#590,.T.);
#995 = ORIENTED_EDGE('',*,*,#996,.T.);
#996 = EDGE_CURVE('',#591,#137,#997,.T.);
#997 = LINE('',#998,#999);
#998 = CARTESIAN_POINT('',(-7.082910909018,5.55269061401,0.));
#999 = VECTOR('',#1000,1.);
#1000 = DIRECTION('',(0.,0.,1.));
#1001 = CYLINDRICAL_SURFACE('',#1002,9.);
#1002 = AXIS2_PLACEMENT_3D('',#1003,#1004,#1005);
#1003 = CARTESIAN_POINT('',(0.,0.,0.));
#1004 = DIRECTION('',(0.,0.,1.));
#1005 = DIRECTION('',(1.,0.,-0.));
#1006 = ADVANCED_FACE('',(#1007),#1026,.T.);
#1007 = FACE_BOUND('',#1008,.T.);
#1008 = EDGE_LOOP('',(#1009,#1010,#1018,#1025));
#1009 = ORIENTED_EDGE('',*,*,#190,.F.);
#1010 = ORIENTED_EDGE('',*,*,#1011,.F.);
#1011 = EDGE_CURVE('',#1012,#182,#1014,.T.);
#1012 = VERTEX_POINT('',#1013);
#1013 = CARTESIAN_POINT('',(-7.082910909018,-5.55269061401,0.));
#1014 = LINE('',#1015,#1016);
#1015 = CARTESIAN_POINT('',(-7.082910909018,-5.55269061401,0.));
#1016 = VECTOR('',#1017,1.);
#1017 = DIRECTION('',(0.,0.,1.));
#1018 = ORIENTED_EDGE('',*,*,#1019,.T.);
#1019 = EDGE_CURVE('',#1012,#971,#1020,.T.);
#1020 = CIRCLE('',#1021,9.);
#1021 = AXIS2_PLACEMENT_3D('',#1022,#1023,#1024);
#1022 = CARTESIAN_POINT('',(0.,0.,0.));
#1023 = DIRECTION('',(0.,0.,1.));
#1024 = DIRECTION('',(1.,0.,-0.));
#1025 = ORIENTED_EDGE('',*,*,#979,.T.);
#1026 = CYLINDRICAL_SURFACE('',#1027,9.);
#1027 = AXIS2_PLACEMENT_3D('',#1028,#1029,#1030);
#1028 = CARTESIAN_POINT('',(0.,0.,0.));
#1029 = DIRECTION('',(0.,0.,1.));
#1030 = DIRECTION('',(1.,0.,-0.));
#1031 = ADVANCED_FACE('',(#1032),#1043,.F.);
#1032 = FACE_BOUND('',#1033,.F.);
#1033 = EDGE_LOOP('',(#1034,#1035,#1041,#1042));
#1034 = ORIENTED_EDGE('',*,*,#145,.F.);
#1035 = ORIENTED_EDGE('',*,*,#1036,.F.);
#1036 = EDGE_CURVE('',#600,#146,#1037,.T.);
#1037 = LINE('',#1038,#1039);
#1038 = CARTESIAN_POINT('',(-8.350226585597,3.357635472947,0.));
#1039 = VECTOR('',#1040,1.);
#1040 = DIRECTION('',(0.,0.,1.));
#1041 = ORIENTED_EDGE('',*,*,#599,.T.);
#1042 = ORIENTED_EDGE('',*,*,#996,.T.);
#1043 = CYLINDRICAL_SURFACE('',#1044,1.3);
#1044 = AXIS2_PLACEMENT_3D('',#1045,#1046,#1047);
#1045 = CARTESIAN_POINT('',(-7.967433714817,4.6,-1.));
#1046 = DIRECTION('',(0.,0.,1.));
#1047 = DIRECTION('',(-0.866025403784,0.5,0.));
#1048 = ADVANCED_FACE('',(#1049),#1068,.F.);
#1049 = FACE_BOUND('',#1050,.F.);
#1050 = EDGE_LOOP('',(#1051,#1052,#1053,#1062));
#1051 = ORIENTED_EDGE('',*,*,#181,.F.);
#1052 = ORIENTED_EDGE('',*,*,#1011,.F.);
#1053 = ORIENTED_EDGE('',*,*,#1054,.T.);
#1054 = EDGE_CURVE('',#1012,#1055,#1057,.T.);
#1055 = VERTEX_POINT('',#1056);
#1056 = CARTESIAN_POINT('',(-8.350226585597,-3.357635472947,0.));
#1057 = CIRCLE('',#1058,1.3);
#1058 = AXIS2_PLACEMENT_3D('',#1059,#1060,#1061);
#1059 = CARTESIAN_POINT('',(-7.967433714817,-4.6,0.));
#1060 = DIRECTION('',(0.,0.,1.));
#1061 = DIRECTION('',(-0.866025403784,-0.5,0.));
#1062 = ORIENTED_EDGE('',*,*,#1063,.T.);
#1063 = EDGE_CURVE('',#1055,#173,#1064,.T.);
#1064 = LINE('',#1065,#1066);
#1065 = CARTESIAN_POINT('',(-8.350226585597,-3.357635472947,0.));
#1066 = VECTOR('',#1067,1.);
#1067 = DIRECTION('',(0.,0.,1.));
#1068 = CYLINDRICAL_SURFACE('',#1069,1.3);
#1069 = AXIS2_PLACEMENT_3D('',#1070,#1071,#1072);
#1070 = CARTESIAN_POINT('',(-7.967433714817,-4.6,-1.));
#1071 = DIRECTION('',(0.,0.,1.));
#1072 = DIRECTION('',(-0.866025403784,-0.5,0.));
#1073 = ADVANCED_FACE('',(#1074),#1085,.T.);
#1074 = FACE_BOUND('',#1075,.T.);
#1075 = EDGE_LOOP('',(#1076,#1077,#1078,#1079));
#1076 = ORIENTED_EDGE('',*,*,#154,.F.);
#1077 = ORIENTED_EDGE('',*,*,#1036,.F.);
#1078 = ORIENTED_EDGE('',*,*,#608,.T.);
#1079 = ORIENTED_EDGE('',*,*,#1080,.T.);
#1080 = EDGE_CURVE('',#609,#155,#1081,.T.);
#1081 = LINE('',#1082,#1083);
#1082 = CARTESIAN_POINT('',(-8.910326086957,1.267315676579,0.));
#1083 = VECTOR('',#1084,1.);
#1084 = DIRECTION('',(0.,0.,1.));
#1085 = CYLINDRICAL_SURFACE('',#1086,9.);
#1086 = AXIS2_PLACEMENT_3D('',#1087,#1088,#1089);
#1087 = CARTESIAN_POINT('',(0.,0.,0.));
#1088 = DIRECTION('',(0.,0.,1.));
#1089 = DIRECTION('',(1.,0.,-0.));
#1090 = ADVANCED_FACE('',(#1091),#1110,.T.);
#1091 = FACE_BOUND('',#1092,.T.);
#1092 = EDGE_LOOP('',(#1093,#1094,#1102,#1109));
#1093 = ORIENTED_EDGE('',*,*,#172,.F.);
#1094 = ORIENTED_EDGE('',*,*,#1095,.F.);
#1095 = EDGE_CURVE('',#1096,#164,#1098,.T.);
#1096 = VERTEX_POINT('',#1097);
#1097 = CARTESIAN_POINT('',(-8.910326086957,-1.267315676579,0.));
#1098 = LINE('',#1099,#1100);
#1099 = CARTESIAN_POINT('',(-8.910326086957,-1.267315676579,0.));
#1100 = VECTOR('',#1101,1.);
#1101 = DIRECTION('',(0.,0.,1.));
#1102 = ORIENTED_EDGE('',*,*,#1103,.T.);
#1103 = EDGE_CURVE('',#1096,#1055,#1104,.T.);
#1104 = CIRCLE('',#1105,9.);
#1105 = AXIS2_PLACEMENT_3D('',#1106,#1107,#1108);
#1106 = CARTESIAN_POINT('',(0.,0.,0.));
#1107 = DIRECTION('',(0.,0.,1.));
#1108 = DIRECTION('',(1.,0.,-0.));
#1109 = ORIENTED_EDGE('',*,*,#1063,.T.);
#1110 = CYLINDRICAL_SURFACE('',#1111,9.);
#1111 = AXIS2_PLACEMENT_3D('',#1112,#1113,#1114);
#1112 = CARTESIAN_POINT('',(0.,0.,0.));
#1113 = DIRECTION('',(0.,0.,1.));
#1114 = DIRECTION('',(1.,0.,-0.));
#1115 = ADVANCED_FACE('',(#1116),#1154,.F.);
#1116 = FACE_BOUND('',#1117,.F.);
#1117 = EDGE_LOOP('',(#1118,#1119,#1120,#1129,#1137,#1146,#1152,#1153));
#1118 = ORIENTED_EDGE('',*,*,#163,.F.);
#1119 = ORIENTED_EDGE('',*,*,#1095,.F.);
#1120 = ORIENTED_EDGE('',*,*,#1121,.T.);
#1121 = EDGE_CURVE('',#1096,#1122,#1124,.T.);
#1122 = VERTEX_POINT('',#1123);
#1123 = CARTESIAN_POINT('',(-8.175304923404,-0.8,0.));
#1124 = CIRCLE('',#1125,1.3);
#1125 = AXIS2_PLACEMENT_3D('',#1126,#1127,#1128);
#1126 = CARTESIAN_POINT('',(-9.2,1.126675055216E-15,0.));
#1127 = DIRECTION('',(0.,0.,1.));
#1128 = DIRECTION('',(-1.,1.224646799147E-16,0.));
#1129 = ORIENTED_EDGE('',*,*,#1130,.T.);
#1130 = EDGE_CURVE('',#1122,#1131,#1133,.T.);
#1131 = VERTEX_POINT('',#1132);
#1132 = CARTESIAN_POINT('',(-8.175304923404,-0.8,2.));
#1133 = LINE('',#1134,#1135);
#1134 = CARTESIAN_POINT('',(-8.175304923404,-0.8,-1.));
#1135 = VECTOR('',#1136,1.);
#1136 = DIRECTION('',(0.,0.,1.));
#1137 = ORIENTED_EDGE('',*,*,#1138,.T.);
#1138 = EDGE_CURVE('',#1131,#1139,#1141,.T.);
#1139 = VERTEX_POINT('',#1140);
#1140 = CARTESIAN_POINT('',(-8.175304923404,0.8,2.));
#1141 = CIRCLE('',#1142,1.3);
#1142 = AXIS2_PLACEMENT_3D('',#1143,#1144,#1145);
#1143 = CARTESIAN_POINT('',(-9.2,1.126675055216E-15,2.));
#1144 = DIRECTION('',(0.,0.,1.));
#1145 = DIRECTION('',(-1.,1.224646799147E-16,0.));
#1146 = ORIENTED_EDGE('',*,*,#1147,.F.);
#1147 = EDGE_CURVE('',#618,#1139,#1148,.T.);
#1148 = LINE('',#1149,#1150);
#1149 = CARTESIAN_POINT('',(-8.175304923404,0.8,-1.));
#1150 = VECTOR('',#1151,1.);
#1151 = DIRECTION('',(0.,0.,1.));
#1152 = ORIENTED_EDGE('',*,*,#617,.T.);
#1153 = ORIENTED_EDGE('',*,*,#1080,.T.);
#1154 = CYLINDRICAL_SURFACE('',#1155,1.3);
#1155 = AXIS2_PLACEMENT_3D('',#1156,#1157,#1158);
#1156 = CARTESIAN_POINT('',(-9.2,1.126675055216E-15,-1.));
#1157 = DIRECTION('',(0.,0.,1.));
#1158 = DIRECTION('',(-1.,1.224646799147E-16,0.));
#1159 = ADVANCED_FACE('',(#1160),#1522,.F.);
#1160 = FACE_BOUND('',#1161,.F.);
#1161 = EDGE_LOOP('',(#1162,#1304,#1305,#1306,#1448,#1475,#1512));
#1162 = ORIENTED_EDGE('',*,*,#1163,.F.);
#1163 = EDGE_CURVE('',#371,#1164,#1166,.T.);
#1164 = VERTEX_POINT('',#1165);
#1165 = CARTESIAN_POINT('',(-1.873819109866,1.873841916665,25.));
#1166 = B_SPLINE_CURVE_WITH_KNOTS('',9,(#1167,#1168,#1169,#1170,#1171,
    #1172,#1173,#1174,#1175,#1176,#1177,#1178,#1179,#1180,#1181,#1182,
    #1183,#1184,#1185,#1186,#1187,#1188,#1189,#1190,#1191,#1192,#1193,
    #1194,#1195,#1196,#1197,#1198,#1199,#1200,#1201,#1202,#1203,#1204,
    #1205,#1206,#1207,#1208,#1209,#1210,#1211,#1212,#1213,#1214,#1215,
    #1216,#1217,#1218,#1219,#1220,#1221,#1222,#1223,#1224,#1225,#1226,
    #1227,#1228,#1229,#1230,#1231,#1232,#1233,#1234,#1235,#1236,#1237,
    #1238,#1239,#1240,#1241,#1242,#1243,#1244,#1245,#1246,#1247,#1248,
    #1249,#1250,#1251,#1252,#1253,#1254,#1255,#1256,#1257,#1258,#1259,
    #1260,#1261,#1262,#1263,#1264,#1265,#1266,#1267,#1268,#1269,#1270,
    #1271,#1272,#1273,#1274,#1275,#1276,#1277,#1278,#1279,#1280,#1281,
    #1282,#1283,#1284,#1285,#1286,#1287,#1288,#1289,#1290,#1291,#1292,
    #1293,#1294,#1295,#1296,#1297,#1298,#1299,#1300,#1301,#1302,#1303),
  .UNSPECIFIED.,.F.,.F.,(10,8,9,8,9,8,9,8,9,8,9,8,9,8,9,8,10),(0.,
    4.945362464213,9.890724928427,14.83608739264,19.781449856854,
    24.726812321067,29.672174785281,34.617537249494,39.562899713707,
    44.508262177921,49.453624642134,54.398987106348,59.344349570561,
    64.289712034774,69.235074498988,74.180436963201,79.125799427415),
  .UNSPECIFIED.);
#1167 = CARTESIAN_POINT('',(2.65,2.886579864025E-15,2.25));
#1168 = CARTESIAN_POINT('',(2.649993937483,1.387513647706,2.416669488376
    ));
#1169 = CARTESIAN_POINT('',(1.832353959931,2.775578759278,2.58333144213)
  );
#1170 = CARTESIAN_POINT('',(0.199661448837,3.609821305555,2.750000351839
    ));
#1171 = CARTESIAN_POINT('',(-1.825935630826,3.356851795127,
    2.916674661959));
#1172 = CARTESIAN_POINT('',(-3.356436384514,1.825600267799,
    3.083324690185));
#1173 = CARTESIAN_POINT('',(-3.610131016235,-0.199504571851,
    3.250006331964));
#1174 = CARTESIAN_POINT('',(-2.775453361417,-1.83238453137,
    3.416665974593));
#1175 = CARTESIAN_POINT('',(-1.387533013038,-2.649997301329,
    3.583334557666));
#1176 = CARTESIAN_POINT('',(1.387532939095,-2.64999860306,3.916667085755
    ));
#1177 = CARTESIAN_POINT('',(2.775465957498,-1.832392006385,
    4.083336342591));
#1178 = CARTESIAN_POINT('',(3.610078679431,-0.199478436922,
    4.249993663117));
#1179 = CARTESIAN_POINT('',(3.35653626444,1.825564022354,4.416680236187)
  );
#1180 = CARTESIAN_POINT('',(1.825828487973,3.356869473457,4.583322514856
    ));
#1181 = CARTESIAN_POINT('',(-0.199600250017,3.609826821693,4.75000638218
    ));
#1182 = CARTESIAN_POINT('',(-1.832366209699,2.775572053041,
    4.916665828992));
#1183 = CARTESIAN_POINT('',(-2.649995597682,1.387514161175,
    5.083335343393));
#1184 = CARTESIAN_POINT('',(-2.649999999993,6.901592502985E-13,
    5.250000000003));
#1185 = CARTESIAN_POINT('',(-2.649993937499,-1.387513647706,
    5.416669488368));
#1186 = CARTESIAN_POINT('',(-1.832353959908,-2.775578759283,
    5.583331442143));
#1187 = CARTESIAN_POINT('',(-0.199661448863,-3.609821305542,
    5.750000351823));
#1188 = CARTESIAN_POINT('',(1.825935630846,-3.356851795143,
    5.916674661973));
#1189 = CARTESIAN_POINT('',(3.356436384503,-1.825600267787,
    6.083324690176));
#1190 = CARTESIAN_POINT('',(3.610131016238,0.199504571846,6.250006331968
    ));
#1191 = CARTESIAN_POINT('',(2.775453361418,1.832384531371,6.416665974592
    ));
#1192 = CARTESIAN_POINT('',(1.387533013037,2.649997301329,6.583334557667
    ));
#1193 = CARTESIAN_POINT('',(-1.387532939092,2.64999860306,6.916667085754
    ));
#1194 = CARTESIAN_POINT('',(-2.77546595751,1.83239200638,7.083336342596)
  );
#1195 = CARTESIAN_POINT('',(-3.610078679403,0.199478436948,
    7.249993663108));
#1196 = CARTESIAN_POINT('',(-3.356536264491,-1.825564022408,
    7.416680236202));
#1197 = CARTESIAN_POINT('',(-1.825828487903,-3.356869473388,
    7.583322514838));
#1198 = CARTESIAN_POINT('',(0.199600249942,-3.609826821747,
    7.750006382198));
#1199 = CARTESIAN_POINT('',(1.832366209757,-2.775572053016,
    7.916665828976));
#1200 = CARTESIAN_POINT('',(2.649995597642,-1.387514161176,
    8.083335343404));
#1201 = CARTESIAN_POINT('',(2.650000000008,7.160046144978E-13,
    8.249999999997));
#1202 = CARTESIAN_POINT('',(2.649993945463,1.387513648102,8.416669492119
    ));
#1203 = CARTESIAN_POINT('',(1.832353927044,2.775578757637,8.583331426753
    ));
#1204 = CARTESIAN_POINT('',(0.199661529428,3.609821309572,8.750000389481
    ));
#1205 = CARTESIAN_POINT('',(-1.825935773844,3.356851788013,
    8.916674595189));
#1206 = CARTESIAN_POINT('',(-3.356436188115,1.825600277547,
    9.083324781854));
#1207 = CARTESIAN_POINT('',(-3.610131230794,-0.199504582486,
    9.25000623183));
#1208 = CARTESIAN_POINT('',(-2.775453173303,-1.832384522053,
    9.416666062381));
#1209 = CARTESIAN_POINT('',(-1.387533144695,-2.649997307848,
    9.583334496226));
#1210 = CARTESIAN_POINT('',(1.387533214721,-2.649998589412,
    9.916667214382));
#1211 = CARTESIAN_POINT('',(2.775464469552,-1.832392080067,
    10.083335648219));
#1212 = CARTESIAN_POINT('',(3.610082570256,-0.199478244248,
    10.249995478815));
#1213 = CARTESIAN_POINT('',(3.356529176796,1.825563671371,
    10.416676928666));
#1214 = CARTESIAN_POINT('',(1.825838346686,3.35686996166,10.583327115535
    ));
#1215 = CARTESIAN_POINT('',(-0.199611095394,3.609826284643,
    10.750001321031));
#1216 = CARTESIAN_POINT('',(-1.832356663483,2.775572525746,10.9166702839
    ));
#1217 = CARTESIAN_POINT('',(-2.650002293868,1.3875138296,11.083332218483
    ));
#1218 = CARTESIAN_POINT('',(-2.649996334432,1.815038294324E-07,
    11.250001710611));
#1219 = CARTESIAN_POINT('',(-2.650000633688,-1.387513979274,
    11.416666363462));
#1220 = CARTESIAN_POINT('',(-1.832344413739,-2.775578286581,
    11.583335897044));
#1221 = CARTESIAN_POINT('',(-0.199672294117,-3.609821842591,
    11.749995290682));
#1222 = CARTESIAN_POINT('',(1.825945489392,-3.356851306942,
    11.916679262647));
#1223 = CARTESIAN_POINT('',(3.356429296988,-1.825600618766,
    12.083321382655));
#1224 = CARTESIAN_POINT('',(3.610134907007,0.199504764517,
    12.250008147669));
#1225 = CARTESIAN_POINT('',(2.775451873479,1.832384457691,
    12.416665280218));
#1226 = CARTESIAN_POINT('',(1.387533288666,2.649997314977,
    12.583334686294));
#1227 = CARTESIAN_POINT('',(-1.387533070753,2.64999859654,
    12.916667024314));
#1228 = CARTESIAN_POINT('',(-2.775465769399,1.832392015697,
    13.083336430379));
#1229 = CARTESIAN_POINT('',(-3.61007889392,0.199478426315,
    13.249993562987));
#1230 = CARTESIAN_POINT('',(-3.356536068194,-1.825564012671,
    13.416680327849));
#1231 = CARTESIAN_POINT('',(-1.825828630799,-3.356869480484,
    13.583322448099));
#1232 = CARTESIAN_POINT('',(0.199600330461,-3.609826817743,
    13.750006419807));
#1233 = CARTESIAN_POINT('',(1.83236617687,-2.775572054658,
    13.916665813629));
#1234 = CARTESIAN_POINT('',(2.649995605663,-1.38751416077,
    14.083335347126));
#1235 = CARTESIAN_POINT('',(2.649999999989,-1.296918965528E-12,
    14.250000000005));
#1236 = CARTESIAN_POINT('',(2.649993937506,1.387513647707,
    14.416669488364));
#1237 = CARTESIAN_POINT('',(1.832353959895,2.775578759282,14.58333144215
    ));
#1238 = CARTESIAN_POINT('',(0.199661448879,3.609821305541,
    14.750000351814));
#1239 = CARTESIAN_POINT('',(-1.825935630861,3.356851795145,
    14.916674661982));
#1240 = CARTESIAN_POINT('',(-3.356436384493,1.825600267785,
    15.08332469017));
#1241 = CARTESIAN_POINT('',(-3.610131016243,-0.199504571845,
    15.250006331971));
#1242 = CARTESIAN_POINT('',(-2.775453361416,-1.832384531371,
    15.416665974591));
#1243 = CARTESIAN_POINT('',(-1.387533013037,-2.649997301329,
    15.583334557667));
#1244 = CARTESIAN_POINT('',(1.387532939094,-2.649998603059,
    15.916667085755));
#1245 = CARTESIAN_POINT('',(2.775465957505,-1.832392006398,
    16.083336342593));
#1246 = CARTESIAN_POINT('',(3.610078679413,-0.199478436871,
    16.249993663117));
#1247 = CARTESIAN_POINT('',(3.356536264469,1.825564022245,
    16.416680236181));
#1248 = CARTESIAN_POINT('',(1.825828487949,3.356869473597,16.58332251487
    ));
#1249 = CARTESIAN_POINT('',(-0.199600250008,3.609826821581,
    16.750006382162));
#1250 = CARTESIAN_POINT('',(-1.832366209694,2.775572053092,
    16.916665829006));
#1251 = CARTESIAN_POINT('',(-2.649995597685,1.387514161163,
    17.083335343386));
#1252 = CARTESIAN_POINT('',(-2.649999999991,6.066258606552E-13,
    17.250000000003));
#1253 = CARTESIAN_POINT('',(-2.649993945506,-1.387513648103,
    17.416669492097));
#1254 = CARTESIAN_POINT('',(-1.832353926977,-2.775578757658,
    17.583331426791));
#1255 = CARTESIAN_POINT('',(-0.199661529504,-3.609821309521,
    17.750000389435));
#1256 = CARTESIAN_POINT('',(1.825935773906,-3.356851788076,
    17.916674595229));
#1257 = CARTESIAN_POINT('',(3.35643618808,-1.825600277501,18.08332478183
    ));
#1258 = CARTESIAN_POINT('',(3.610131230806,0.199504582466,
    18.250006231841));
#1259 = CARTESIAN_POINT('',(2.7754531733,1.832384522057,18.416666062379)
  );
#1260 = CARTESIAN_POINT('',(1.387533144695,2.649997307848,
    18.583334496226));
#1261 = CARTESIAN_POINT('',(-1.387533214721,2.649998589412,
    18.916667214382));
#1262 = CARTESIAN_POINT('',(-2.775464469576,1.832392080057,
    19.083335648218));
#1263 = CARTESIAN_POINT('',(-3.610082570149,0.199478244291,
    19.249995478821));
#1264 = CARTESIAN_POINT('',(-3.356529177022,-1.82556367146,
    19.416676928651));
#1265 = CARTESIAN_POINT('',(-1.825838346409,-3.356869961552,
    19.583327115558));
#1266 = CARTESIAN_POINT('',(0.199611095201,-3.60982628472,
    19.750001321006));
#1267 = CARTESIAN_POINT('',(1.832356663545,-2.775572525715,
    19.916670283919));
#1268 = CARTESIAN_POINT('',(2.650002293883,-1.3875138296,20.083332218474
    ));
#1269 = CARTESIAN_POINT('',(2.649996334426,-1.815009303288E-07,
    20.25000171061));
#1270 = CARTESIAN_POINT('',(2.650000633711,1.387513979268,20.41666636345
    ));
#1271 = CARTESIAN_POINT('',(1.832344413702,2.775578286614,
    20.583335897067));
#1272 = CARTESIAN_POINT('',(0.199672294156,3.609821842521,
    20.749995290653));
#1273 = CARTESIAN_POINT('',(-1.82594548942,3.356851307025,
    20.916679262671));
#1274 = CARTESIAN_POINT('',(-3.356429296978,1.825600618705,
    21.083321382643));
#1275 = CARTESIAN_POINT('',(-3.610134907006,-0.199504764489,
    21.250008147672));
#1276 = CARTESIAN_POINT('',(-2.775451873482,-1.832384457697,
    21.416665280218));
#1277 = CARTESIAN_POINT('',(-1.387533288665,-2.649997314977,
    21.583334686293));
#1278 = CARTESIAN_POINT('',(1.387533070753,-2.64999859654,
    21.916667024315));
#1279 = CARTESIAN_POINT('',(2.775465769375,-1.83239201571,
    22.083336430378));
#1280 = CARTESIAN_POINT('',(3.610078894025,-0.199478426261,
    22.249993562988));
#1281 = CARTESIAN_POINT('',(3.356536067968,1.825564012556,
    22.416680327845));
#1282 = CARTESIAN_POINT('',(1.825828631089,3.35686948063,22.583322448105
    ));
#1283 = CARTESIAN_POINT('',(-0.199600330694,3.609826817628,
    22.750006419802));
#1284 = CARTESIAN_POINT('',(-1.832366176762,2.77557205471,
    22.916665813632));
#1285 = CARTESIAN_POINT('',(-2.649995605681,1.387514160758,
    23.083335347126));
#1286 = CARTESIAN_POINT('',(-2.649999999991,1.410649375089E-12,
    23.250000000005));
#1287 = CARTESIAN_POINT('',(-2.649993945498,-1.387513648102,
    23.4166694921));
#1288 = CARTESIAN_POINT('',(-1.832353926995,-2.775578757657,
    23.583331426781));
#1289 = CARTESIAN_POINT('',(-0.199661529479,-3.609821309528,
    23.750000389451));
#1290 = CARTESIAN_POINT('',(1.825935773884,-3.356851788066,
    23.916674595212));
#1291 = CARTESIAN_POINT('',(3.356436188094,-1.825600277509,
    24.083324781842));
#1292 = CARTESIAN_POINT('',(3.610131230801,0.199504582469,
    24.250006231835));
#1293 = CARTESIAN_POINT('',(2.775453173302,1.832384522057,
    24.416666062381));
#1294 = CARTESIAN_POINT('',(1.387533144695,2.649997307848,
    24.583334496226));
#1295 = CARTESIAN_POINT('',(-1.387533214721,2.649998589412,
    24.916667214382));
#1296 = CARTESIAN_POINT('',(-2.77546446957,1.832392080057,25.08333564822
    ));
#1297 = CARTESIAN_POINT('',(-3.610082570174,0.199478244293,
    25.249995478812));
#1298 = CARTESIAN_POINT('',(-3.356529176974,-1.82556367147,
    25.416676928673));
#1299 = CARTESIAN_POINT('',(-1.825838346456,-3.356869961533,
    25.583327115524));
#1300 = CARTESIAN_POINT('',(0.199611095215,-3.609826284739,
    25.750001321045));
#1301 = CARTESIAN_POINT('',(1.832356663566,-2.775572525703,
    25.916670283885));
#1302 = CARTESIAN_POINT('',(2.65000229385,-1.387513829601,
    26.083332218495));
#1303 = CARTESIAN_POINT('',(2.649996334446,-1.814964737033E-07,
    26.250001710604));
#1304 = ORIENTED_EDGE('',*,*,#482,.F.);
#1305 = ORIENTED_EDGE('',*,*,#271,.F.);
#1306 = ORIENTED_EDGE('',*,*,#1307,.T.);
#1307 = EDGE_CURVE('',#272,#1308,#1310,.T.);
#1308 = VERTEX_POINT('',#1309);
#1309 = CARTESIAN_POINT('',(-2.907972923598,-2.598782194791,
    24.057145558205));
#1310 = B_SPLINE_CURVE_WITH_KNOTS('',9,(#1311,#1312,#1313,#1314,#1315,
    #1316,#1317,#1318,#1319,#1320,#1321,#1322,#1323,#1324,#1325,#1326,
    #1327,#1328,#1329,#1330,#1331,#1332,#1333,#1334,#1335,#1336,#1337,
    #1338,#1339,#1340,#1341,#1342,#1343,#1344,#1345,#1346,#1347,#1348,
    #1349,#1350,#1351,#1352,#1353,#1354,#1355,#1356,#1357,#1358,#1359,
    #1360,#1361,#1362,#1363,#1364,#1365,#1366,#1367,#1368,#1369,#1370,
    #1371,#1372,#1373,#1374,#1375,#1376,#1377,#1378,#1379,#1380,#1381,
    #1382,#1383,#1384,#1385,#1386,#1387,#1388,#1389,#1390,#1391,#1392,
    #1393,#1394,#1395,#1396,#1397,#1398,#1399,#1400,#1401,#1402,#1403,
    #1404,#1405,#1406,#1407,#1408,#1409,#1410,#1411,#1412,#1413,#1414,
    #1415,#1416,#1417,#1418,#1419,#1420,#1421,#1422,#1423,#1424,#1425,
    #1426,#1427,#1428,#1429,#1430,#1431,#1432,#1433,#1434,#1435,#1436,
    #1437,#1438,#1439,#1440,#1441,#1442,#1443,#1444,#1445,#1446,#1447),
  .UNSPECIFIED.,.F.,.F.,(10,8,9,8,9,8,9,8,9,8,9,8,9,8,9,8,10),(0.,
    4.945362464213,9.890724928427,14.83608739264,19.781449856854,
    24.726812321067,29.672174785281,34.617537249494,39.562899713707,
    44.508262177921,49.453624642134,54.398987106348,59.344349570561,
    64.289712034774,69.235074498988,74.180436963201,79.125799427415),
  .UNSPECIFIED.);
#1311 = CARTESIAN_POINT('',(3.9,-1.33226762955E-15,2.825));
#1312 = CARTESIAN_POINT('',(3.899998585412,2.042091952548,2.991659410845
    ));
#1313 = CARTESIAN_POINT('',(2.696697298392,4.084444005479,3.158338196501
    ));
#1314 = CARTESIAN_POINT('',(0.293745361987,5.313327539346,3.324999095083
    ));
#1315 = CARTESIAN_POINT('',(-2.687079262462,4.939344249906,
    3.491646107668));
#1316 = CARTESIAN_POINT('',(-4.939801299873,2.687451833728,
    3.658355558284));
#1317 = CARTESIAN_POINT('',(-5.312951549723,-0.293933651916,
    3.824983717959));
#1318 = CARTESIAN_POINT('',(-4.084646423753,-2.696653140729,
    3.991668446255));
#1319 = CARTESIAN_POINT('',(-2.042032468508,-3.899999354283,
    4.15833018506));
#1320 = CARTESIAN_POINT('',(2.042032960319,-3.899999334916,
    4.491665589011));
#1321 = CARTESIAN_POINT('',(4.084649714852,-2.696654584512,
    4.658325595265));
#1322 = CARTESIAN_POINT('',(5.312939376098,-0.293926290091,
    4.825016294811));
#1323 = CARTESIAN_POINT('',(4.939824254503,2.687443009643,4.99163177365)
  );
#1324 = CARTESIAN_POINT('',(2.687053617667,4.939350114541,5.158361152325
    ));
#1325 = CARTESIAN_POINT('',(-0.293731775839,5.313327270844,
    5.324983588578));
#1326 = CARTESIAN_POINT('',(-2.696700689735,4.08444341895,5.491668820776
    ));
#1327 = CARTESIAN_POINT('',(-3.899999239381,2.042090632247,
    5.658328164599));
#1328 = CARTESIAN_POINT('',(-3.899999999998,-6.41324546815E-13,
    5.824999999991));
#1329 = CARTESIAN_POINT('',(-3.899998585416,-2.042091952548,
    5.991659410861));
#1330 = CARTESIAN_POINT('',(-2.696697298386,-4.084444005479,
    6.158338196482));
#1331 = CARTESIAN_POINT('',(-0.293745361994,-5.313327539344,
    6.324999095099));
#1332 = CARTESIAN_POINT('',(2.687079262469,-4.939344249909,
    6.491646107659));
#1333 = CARTESIAN_POINT('',(4.939801299869,-2.687451833725,
    6.658355558289));
#1334 = CARTESIAN_POINT('',(5.312951549724,0.293933651915,6.824983717957
    ));
#1335 = CARTESIAN_POINT('',(4.084646423754,2.696653140729,6.991668446256
    ));
#1336 = CARTESIAN_POINT('',(2.042032468508,3.899999354283,7.158330185059
    ));
#1337 = CARTESIAN_POINT('',(-2.042032960318,3.899999334916,
    7.491665589013));
#1338 = CARTESIAN_POINT('',(-4.084649714855,2.696654584508,
    7.658325595254));
#1339 = CARTESIAN_POINT('',(-5.312939376094,0.293926290113,7.82501629484
    ));
#1340 = CARTESIAN_POINT('',(-4.93982425451,-2.687443009694,
    7.991631773596));
#1341 = CARTESIAN_POINT('',(-2.687053617653,-4.939350114472,
    8.158361152398));
#1342 = CARTESIAN_POINT('',(0.293731775815,-5.313327270899,
    8.324983588502));
#1343 = CARTESIAN_POINT('',(2.696700689758,-4.084443418928,
    8.491668820836));
#1344 = CARTESIAN_POINT('',(3.899999239364,-2.04209063224,8.658328164562
    ));
#1345 = CARTESIAN_POINT('',(3.900000000002,-1.301061929271E-12,
    8.82500000001));
#1346 = CARTESIAN_POINT('',(3.899998587275,2.042091951533,8.991659401227
    ));
#1347 = CARTESIAN_POINT('',(2.696697290715,4.084444009663,9.158338236019
    ));
#1348 = CARTESIAN_POINT('',(0.293745380797,5.313327529091,9.324998998324
    ));
#1349 = CARTESIAN_POINT('',(-2.687079295839,4.939344268109,
    9.491646279324));
#1350 = CARTESIAN_POINT('',(-4.939801254042,2.687451808726,
    9.658355322588));
#1351 = CARTESIAN_POINT('',(-5.312951599789,-0.2939336246,9.824983975436
    ));
#1352 = CARTESIAN_POINT('',(-4.084646379859,-2.69665316468,
    9.991668220516));
#1353 = CARTESIAN_POINT('',(-2.042032499228,-3.89999933752,
    10.158330343049));
#1354 = CARTESIAN_POINT('',(2.042033024633,-3.899999370009,
    10.491665258258));
#1355 = CARTESIAN_POINT('',(4.08464936765,-2.696654395064,
    10.658327380787));
#1356 = CARTESIAN_POINT('',(5.312940284017,-0.293926785476,
    10.825011625893));
#1357 = CARTESIAN_POINT('',(4.939822600596,2.687443912053,
    10.991640278667));
#1358 = CARTESIAN_POINT('',(2.687055918187,4.939348859311,
    11.158349322063));
#1359 = CARTESIAN_POINT('',(-0.293734306547,5.313328651702,
    11.324996602895));
#1360 = CARTESIAN_POINT('',(-2.696698462227,4.084442203503,
    11.491657365362));
#1361 = CARTESIAN_POINT('',(-3.900000801842,2.042091484819,
    11.658336200034));
#1362 = CARTESIAN_POINT('',(-3.899999144689,-4.667120915207E-07,
    11.824995601316));
#1363 = CARTESIAN_POINT('',(-3.900000147883,-2.042091099968,
    11.991667446296));
#1364 = CARTESIAN_POINT('',(-2.696695070909,-4.084445220923,
    12.158326741056));
#1365 = CARTESIAN_POINT('',(-0.293747892601,-5.313326158503,
    12.325012109443));
#1366 = CARTESIAN_POINT('',(2.687081562843,-4.939345505116,
    12.491634277362));
#1367 = CARTESIAN_POINT('',(4.939799646082,-2.687450931331,
    12.658364063334));
#1368 = CARTESIAN_POINT('',(5.312952457587,0.293933156535,
    12.824979049024));
#1369 = CARTESIAN_POINT('',(4.084646076562,2.696653330177,
    12.991670231781));
#1370 = CARTESIAN_POINT('',(2.042032532822,3.899999319189,
    13.158329854307));
#1371 = CARTESIAN_POINT('',(-2.042032991039,3.899999351678,
    13.491665746999));
#1372 = CARTESIAN_POINT('',(-4.084649670976,2.696654560567,
    13.658325369532));
#1373 = CARTESIAN_POINT('',(-5.312939426085,0.293926317383,
    13.825016552271));
#1374 = CARTESIAN_POINT('',(-4.93982420884,-2.687443034598,
    13.991631537983));
#1375 = CARTESIAN_POINT('',(-2.687053650829,-4.939350096395,
    14.158361323944));
#1376 = CARTESIAN_POINT('',(0.293731794476,-5.313327281052,
    14.324983491858));
#1377 = CARTESIAN_POINT('',(2.696700682142,-4.084443414793,
    14.491668860261));
#1378 = CARTESIAN_POINT('',(3.899999241229,-2.042090633245,
    14.658328155006));
#1379 = CARTESIAN_POINT('',(3.899999999997,7.036762195684E-13,
    14.824999999988));
#1380 = CARTESIAN_POINT('',(3.899998585417,2.042091952548,
    14.991659410868));
#1381 = CARTESIAN_POINT('',(2.696697298382,4.084444005478,
    15.158338196471));
#1382 = CARTESIAN_POINT('',(0.293745361999,5.313327539345,
    15.324999095109));
#1383 = CARTESIAN_POINT('',(-2.687079262474,4.939344249909,
    15.491646107653));
#1384 = CARTESIAN_POINT('',(-4.939801299865,2.687451833725,
    15.658355558289));
#1385 = CARTESIAN_POINT('',(-5.312951549725,-0.293933651915,
    15.824983717959));
#1386 = CARTESIAN_POINT('',(-4.084646423753,-2.696653140729,
    15.991668446254));
#1387 = CARTESIAN_POINT('',(-2.042032468508,-3.899999354283,
    16.15833018506));
#1388 = CARTESIAN_POINT('',(2.042032960319,-3.899999334915,
    16.491665589011));
#1389 = CARTESIAN_POINT('',(4.084649714856,-2.696654584526,
    16.658325595264));
#1390 = CARTESIAN_POINT('',(5.312939376085,-0.293926290034,
    16.825016294814));
#1391 = CARTESIAN_POINT('',(4.939824254526,2.687443009527,
    16.991631773645));
#1392 = CARTESIAN_POINT('',(2.687053617643,4.939350114685,
    17.158361152329));
#1393 = CARTESIAN_POINT('',(-0.293731775823,5.313327270732,
    17.324983588581));
#1394 = CARTESIAN_POINT('',(-2.696700689742,4.084443419002,
    17.491668820765));
#1395 = CARTESIAN_POINT('',(-3.899999239377,2.042090632232,
    17.65832816461));
#1396 = CARTESIAN_POINT('',(-3.899999999998,-2.975397705995E-14,
    17.824999999988));
#1397 = CARTESIAN_POINT('',(-3.899998587285,-2.042091951531,
    17.991659401272));
#1398 = CARTESIAN_POINT('',(-2.696697290698,-4.084444009667,
    18.158338235969));
#1399 = CARTESIAN_POINT('',(-0.293745380816,-5.313327529082,
    18.324998998359));
#1400 = CARTESIAN_POINT('',(2.687079295856,-4.939344268119,
    18.491646279308));
#1401 = CARTESIAN_POINT('',(4.939801254031,-2.687451808719,
    18.658355322593));
#1402 = CARTESIAN_POINT('',(5.312951599793,0.293933624597,
    18.824983975435));
#1403 = CARTESIAN_POINT('',(4.084646379859,2.69665316468,18.991668220516
    ));
#1404 = CARTESIAN_POINT('',(2.042032499228,3.89999933752,19.158330343049
    ));
#1405 = CARTESIAN_POINT('',(-2.042033024633,3.899999370009,
    19.491665258258));
#1406 = CARTESIAN_POINT('',(-4.084649367673,2.696654395062,
    19.658327380786));
#1407 = CARTESIAN_POINT('',(-5.312940283911,0.293926785487,
    19.825011625892));
#1408 = CARTESIAN_POINT('',(-4.939822600822,-2.687443912074,
    19.991640278673));
#1409 = CARTESIAN_POINT('',(-2.687055917907,-4.939348859287,
    20.158349322048));
#1410 = CARTESIAN_POINT('',(0.293734306345,-5.313328651719,
    20.32499660292));
#1411 = CARTESIAN_POINT('',(2.696698462304,-4.084442203494,
    20.491657365333));
#1412 = CARTESIAN_POINT('',(3.900000801844,-2.042091484817,
    20.658336200055));
#1413 = CARTESIAN_POINT('',(3.899999144686,4.667161117409E-07,
    20.82499560131));
#1414 = CARTESIAN_POINT('',(3.90000014789,2.042091099959,20.991667446314
    ));
#1415 = CARTESIAN_POINT('',(2.696695070901,4.08444522094,21.158326741046
    ));
#1416 = CARTESIAN_POINT('',(0.293747892606,5.313326158477,
    21.325012109428));
#1417 = CARTESIAN_POINT('',(-2.687081562843,4.939345505143,
    21.491634277394));
#1418 = CARTESIAN_POINT('',(-4.939799646083,2.687450931312,
    21.658364063304));
#1419 = CARTESIAN_POINT('',(-5.312952457586,-0.293933156526,
    21.824979049041));
#1420 = CARTESIAN_POINT('',(-4.084646076563,-2.696653330179,
    21.991670231775));
#1421 = CARTESIAN_POINT('',(-2.042032532822,-3.899999319189,
    22.158329854308));
#1422 = CARTESIAN_POINT('',(2.04203299104,-3.899999351678,
    22.491665746999));
#1423 = CARTESIAN_POINT('',(4.084649670953,-2.696654560569,
    22.658325369532));
#1424 = CARTESIAN_POINT('',(5.312939426184,-0.293926317375,
    22.825016552272));
#1425 = CARTESIAN_POINT('',(4.939824208631,2.687443034581,
    22.991631537984));
#1426 = CARTESIAN_POINT('',(2.687053651094,4.939350096418,
    23.158361323939));
#1427 = CARTESIAN_POINT('',(-0.293731794686,5.313327281033,
    23.324983491865));
#1428 = CARTESIAN_POINT('',(-2.696700682047,4.084443414803,
    23.491668860257));
#1429 = CARTESIAN_POINT('',(-3.899999241244,2.042090633238,
    23.658328155006));
#1430 = CARTESIAN_POINT('',(-3.899999999998,2.75335310107E-14,
    23.824999999989));
#1431 = CARTESIAN_POINT('',(-3.899998587283,-2.042091951531,
    23.991659401263));
#1432 = CARTESIAN_POINT('',(-2.696697290703,-4.084444009667,
    24.158338235983));
#1433 = CARTESIAN_POINT('',(-0.29374538081,-5.313327529084,
    24.324998998347));
#1434 = CARTESIAN_POINT('',(2.687079295851,-4.939344268117,
    24.491646279314));
#1435 = CARTESIAN_POINT('',(4.939801254034,-2.68745180872,
    24.658355322593));
#1436 = CARTESIAN_POINT('',(5.312951599792,0.293933624597,
    24.824983975433));
#1437 = CARTESIAN_POINT('',(4.084646379859,2.69665316468,24.991668220517
    ));
#1438 = CARTESIAN_POINT('',(2.042032499228,3.89999933752,25.158330343049
    ));
#1439 = CARTESIAN_POINT('',(-2.042033024633,3.899999370009,
    25.491665258258));
#1440 = CARTESIAN_POINT('',(-4.084649367667,2.696654395062,
    25.658327380787));
#1441 = CARTESIAN_POINT('',(-5.312940283937,0.293926785484,
    25.825011625889));
#1442 = CARTESIAN_POINT('',(-4.939822600767,-2.687443912068,
    25.991640278676));
#1443 = CARTESIAN_POINT('',(-2.687055917972,-4.939348859293,
    26.158349322053));
#1444 = CARTESIAN_POINT('',(0.293734306388,-5.313328651713,
    26.324996602898));
#1445 = CARTESIAN_POINT('',(2.696698462295,-4.084442203498,
    26.491657365372));
#1446 = CARTESIAN_POINT('',(3.900000801836,-2.042091484812,
    26.658336200017));
#1447 = CARTESIAN_POINT('',(3.899999144694,4.667173170326E-07,
    26.82499560133));
#1448 = ORIENTED_EDGE('',*,*,#1449,.T.);
#1449 = EDGE_CURVE('',#1308,#1450,#1452,.T.);
#1450 = VERTEX_POINT('',#1451);
#1451 = CARTESIAN_POINT('',(3.317031346335,-8.124383641921E-16,
    24.55683027457));
#1452 = B_SPLINE_CURVE_WITH_KNOTS('',6,(#1453,#1454,#1455,#1456,#1457,
    #1458,#1459,#1460,#1461,#1462,#1463,#1464,#1465,#1466,#1467,#1468,
    #1469,#1470,#1471,#1472,#1473,#1474),.UNSPECIFIED.,.F.,.F.,(7,5,5,5,
    7),(0.,0.281448868088,0.53809238149,0.777726136277,1.),
  .UNSPECIFIED.);
#1453 = CARTESIAN_POINT('',(-2.907972923598,-2.598782194791,
    24.057145558205));
#1454 = CARTESIAN_POINT('',(-2.613739051633,-2.889622412067,
    24.079078269266));
#1455 = CARTESIAN_POINT('',(-2.282592279867,-3.142757153397,
    24.101169226729));
#1456 = CARTESIAN_POINT('',(-1.920507918995,-3.351723593102,
    24.123403499813));
#1457 = CARTESIAN_POINT('',(-1.534687424883,-3.511759513074,
    24.145791333541));
#1458 = CARTESIAN_POINT('',(-1.133202245493,-3.619294443301,
    24.168349276332));
#1459 = CARTESIAN_POINT('',(-0.353261585178,-3.721656981468,
    24.211780439521));
#1460 = CARTESIAN_POINT('',(2.433175448057E-02,-3.725613279709,
    24.232639254905));
#1461 = CARTESIAN_POINT('',(0.400540408934,-3.683475089039,
    24.253632868637));
#1462 = CARTESIAN_POINT('',(0.768385949793,-3.595589675769,
    24.274770441122));
#1463 = CARTESIAN_POINT('',(1.120894461392,-3.463470194013,24.2960631855
    ));
#1464 = CARTESIAN_POINT('',(1.759838203709,-3.128784963624,
    24.337519782835));
#1465 = CARTESIAN_POINT('',(2.049262238561,-2.931386417159,
    24.357674936689));
#1466 = CARTESIAN_POINT('',(2.314039553061,-2.700809518176,
    24.377958857196));
#1467 = CARTESIAN_POINT('',(2.549362972509,-2.440743586586,
    24.398378651542));
#1468 = CARTESIAN_POINT('',(2.750992590054,-2.155694688775,
    24.418944928818));
#1469 = CARTESIAN_POINT('',(3.068412656708,-1.568900074682,
    24.458858004351));
#1470 = CARTESIAN_POINT('',(3.189429974856,-1.269737749635,
    24.478193365864));
#1471 = CARTESIAN_POINT('',(3.276061494476,-0.958247459964,
    24.497651818618));
#1472 = CARTESIAN_POINT('',(3.326624276458,-0.639293618372,
    24.517240532041));
#1473 = CARTESIAN_POINT('',(3.340203510494,-0.318048944229,
    24.536968419554));
#1474 = CARTESIAN_POINT('',(3.317031346335,-4.440892098501E-15,
    24.55683027457));
#1475 = ORIENTED_EDGE('',*,*,#1476,.T.);
#1476 = EDGE_CURVE('',#1450,#1477,#1479,.T.);
#1477 = VERTEX_POINT('',#1478);
#1478 = CARTESIAN_POINT('',(-1.507721519487,2.359401580841,25.));
#1479 = B_SPLINE_CURVE_WITH_KNOTS('',7,(#1480,#1481,#1482,#1483,#1484,
    #1485,#1486,#1487,#1488,#1489,#1490,#1491,#1492,#1493,#1494,#1495,
    #1496,#1497,#1498,#1499,#1500,#1501,#1502,#1503,#1504,#1505,#1506,
    #1507,#1508,#1509,#1510,#1511),.UNSPECIFIED.,.F.,.F.,(8,6,6,6,6,8),(
    0.,0.275704627076,0.530886491846,0.650540305943,0.770558322436,1.),
  .UNSPECIFIED.);
#1480 = CARTESIAN_POINT('',(3.317031346335,-4.43442795002E-15,
    24.55683027457));
#1481 = CARTESIAN_POINT('',(3.29796080866,0.261752175232,24.573176449739
    ));
#1482 = CARTESIAN_POINT('',(3.254683217249,0.521487117281,24.58961617883
    ));
#1483 = CARTESIAN_POINT('',(3.187289789257,0.776414197905,
    24.606146150283));
#1484 = CARTESIAN_POINT('',(3.096286819861,1.023815579676,
    24.622768096474));
#1485 = CARTESIAN_POINT('',(2.982537718447,1.261038452091,
    24.639486131307));
#1486 = CARTESIAN_POINT('',(2.847276028411,1.485517773014,
    24.656303258941));
#1487 = CARTESIAN_POINT('',(2.548647090869,1.888560615728,
    24.688871827772));
#1488 = CARTESIAN_POINT('',(2.388079935213,2.069354504829,24.7046138739)
  );
#1489 = CARTESIAN_POINT('',(2.211813080011,2.235271693478,
    24.720440904202));
#1490 = CARTESIAN_POINT('',(2.021424059527,2.384595986567,
    24.736354969296));
#1491 = CARTESIAN_POINT('',(1.818709791389,2.515809222029,
    24.752359941865));
#1492 = CARTESIAN_POINT('',(1.605685951473,2.627612289598,
    24.768458433102));
#1493 = CARTESIAN_POINT('',(1.280961184884,2.761840232476,
    24.792239435347));
#1494 = CARTESIAN_POINT('',(1.175528614026,2.800200472444,
    24.799851256214));
#1495 = CARTESIAN_POINT('',(1.068550377632,2.833969650392,
    24.807483650089));
#1496 = CARTESIAN_POINT('',(0.96026265055,2.863058858555,24.815136752537
    ));
#1497 = CARTESIAN_POINT('',(0.850908261216,2.887394270081,
    24.822810740613));
#1498 = CARTESIAN_POINT('',(0.740736502433,2.906917628699,
    24.830505784356));
#1499 = CARTESIAN_POINT('',(0.518932330937,2.936300497951,
    24.845961698816));
#1500 = CARTESIAN_POINT('',(0.407294546144,2.946130767948,
    24.853722771061));
#1501 = CARTESIAN_POINT('',(0.295348783617,2.951034442395,
    24.861505625547));
#1502 = CARTESIAN_POINT('',(0.183353727966,2.95098695836,24.869309823855
    ));
#1503 = CARTESIAN_POINT('',(7.15769398057E-02,2.945978766831,
    24.877136569726));
#1504 = CARTESIAN_POINT('',(-3.971816151018E-02,2.936018427353,
    24.884986796758));
#1505 = CARTESIAN_POINT('',(-0.361594554519,2.892682191269,
    24.907909861634));
#1506 = CARTESIAN_POINT('',(-0.570215015698,2.846232328932,
    24.923045104185));
#1507 = CARTESIAN_POINT('',(-0.774213094868,2.781977711254,
    24.93826209781));
#1508 = CARTESIAN_POINT('',(-0.971731677165,2.700366618364,
    24.953563149457));
#1509 = CARTESIAN_POINT('',(-1.160965284408,2.602076784696,
    24.968952133084));
#1510 = CARTESIAN_POINT('',(-1.340175072809,2.48802339375,
    24.984431480586));
#1511 = CARTESIAN_POINT('',(-1.507721367805,2.35940167777,25.));
#1512 = ORIENTED_EDGE('',*,*,#1513,.T.);
#1513 = EDGE_CURVE('',#1477,#1164,#1514,.T.);
#1514 = B_SPLINE_CURVE_WITH_KNOTS('',6,(#1515,#1516,#1517,#1518,#1519,
    #1520,#1521),.UNSPECIFIED.,.F.,.F.,(7,7),(0.,1.),
  .PIECEWISE_BEZIER_KNOTS.);
#1515 = CARTESIAN_POINT('',(-0.593928320061,3.,25.));
#1516 = CARTESIAN_POINT('',(-0.860515181564,2.881597188916,25.));
#1517 = CARTESIAN_POINT('',(-1.112401764587,2.732360253039,25.));
#1518 = CARTESIAN_POINT('',(-1.344466103156,2.553774280667,25.));
#1519 = CARTESIAN_POINT('',(-1.551776855548,2.348435256735,25.));
#1520 = CARTESIAN_POINT('',(-1.729575399261,2.120039377266,25.));
#1521 = CARTESIAN_POINT('',(-1.873819109866,1.873841916665,25.));
#1522 = B_SPLINE_SURFACE_WITH_KNOTS('',1,9,(
    (#1523,#1524,#1525,#1526,#1527,#1528,#1529,#1530,#1531,#1532,#1533
      ,#1534,#1535,#1536,#1537,#1538,#1539,#1540,#1541,#1542,#1543,#1544
      ,#1545,#1546,#1547,#1548,#1549,#1550,#1551,#1552,#1553,#1554,#1555
      ,#1556,#1557,#1558,#1559,#1560,#1561,#1562,#1563,#1564,#1565,#1566
      ,#1567,#1568,#1569,#1570,#1571,#1572,#1573,#1574,#1575,#1576,#1577
      ,#1578,#1579,#1580,#1581,#1582,#1583,#1584,#1585,#1586,#1587,#1588
      ,#1589,#1590,#1591,#1592,#1593,#1594,#1595,#1596,#1597,#1598,#1599
      ,#1600,#1601,#1602,#1603,#1604,#1605,#1606,#1607,#1608,#1609,#1610
      ,#1611,#1612,#1613,#1614,#1615,#1616,#1617,#1618,#1619,#1620,#1621
      ,#1622,#1623,#1624,#1625,#1626,#1627,#1628,#1629,#1630,#1631,#1632
      ,#1633,#1634,#1635,#1636,#1637,#1638,#1639,#1640,#1641,#1642,#1643
      ,#1644,#1645,#1646,#1647,#1648,#1649,#1650,#1651,#1652,#1653,#1654
      ,#1655,#1656,#1657,#1658,#1659)
    ,(#1660,#1661,#1662,#1663,#1664,#1665,#1666,#1667,#1668,#1669,#1670
      ,#1671,#1672,#1673,#1674,#1675,#1676,#1677,#1678,#1679,#1680,#1681
      ,#1682,#1683,#1684,#1685,#1686,#1687,#1688,#1689,#1690,#1691,#1692
      ,#1693,#1694,#1695,#1696,#1697,#1698,#1699,#1700,#1701,#1702,#1703
      ,#1704,#1705,#1706,#1707,#1708,#1709,#1710,#1711,#1712,#1713,#1714
      ,#1715,#1716,#1717,#1718,#1719,#1720,#1721,#1722,#1723,#1724,#1725
      ,#1726,#1727,#1728,#1729,#1730,#1731,#1732,#1733,#1734,#1735,#1736
      ,#1737,#1738,#1739,#1740,#1741,#1742,#1743,#1744,#1745,#1746,#1747
      ,#1748,#1749,#1750,#1751,#1752,#1753,#1754,#1755,#1756,#1757,#1758
      ,#1759,#1760,#1761,#1762,#1763,#1764,#1765,#1766,#1767,#1768,#1769
      ,#1770,#1771,#1772,#1773,#1774,#1775,#1776,#1777,#1778,#1779,#1780
      ,#1781,#1782,#1783,#1784,#1785,#1786,#1787,#1788,#1789,#1790,#1791
      ,#1792,#1793,#1794,#1795,#1796
    )),.UNSPECIFIED.,.F.,.F.,.F.,(2,2),(10,8,9,8,9,8,9,8,9,8,9,8,9,8,9,8
    ,10),(0.,1.375908790582),(0.,4.945362464213,9.890724928427,
    14.83608739264,19.781449856854,24.726812321067,29.672174785281,
    34.617537249494,39.562899713707,44.508262177921,49.453624642134,
    54.398987106348,59.344349570561,64.289712034774,69.235074498988,
    74.180436963201,79.125799427415),.UNSPECIFIED.);
#1523 = CARTESIAN_POINT('',(2.65,2.886579864025E-15,2.25));
#1524 = CARTESIAN_POINT('',(2.649993937483,1.387513647706,2.416669488376
    ));
#1525 = CARTESIAN_POINT('',(1.832353959931,2.775578759278,2.58333144213)
  );
#1526 = CARTESIAN_POINT('',(0.199661448837,3.609821305555,2.750000351839
    ));
#1527 = CARTESIAN_POINT('',(-1.825935630826,3.356851795127,
    2.916674661959));
#1528 = CARTESIAN_POINT('',(-3.356436384514,1.825600267799,
    3.083324690185));
#1529 = CARTESIAN_POINT('',(-3.610131016235,-0.199504571851,
    3.250006331964));
#1530 = CARTESIAN_POINT('',(-2.775453361417,-1.83238453137,
    3.416665974593));
#1531 = CARTESIAN_POINT('',(-1.387533013038,-2.649997301329,
    3.583334557666));
#1532 = CARTESIAN_POINT('',(1.387532939095,-2.64999860306,3.916667085755
    ));
#1533 = CARTESIAN_POINT('',(2.775465957498,-1.832392006385,
    4.083336342591));
#1534 = CARTESIAN_POINT('',(3.610078679431,-0.199478436922,
    4.249993663117));
#1535 = CARTESIAN_POINT('',(3.35653626444,1.825564022354,4.416680236187)
  );
#1536 = CARTESIAN_POINT('',(1.825828487973,3.356869473457,4.583322514856
    ));
#1537 = CARTESIAN_POINT('',(-0.199600250017,3.609826821693,4.75000638218
    ));
#1538 = CARTESIAN_POINT('',(-1.832366209699,2.775572053041,
    4.916665828992));
#1539 = CARTESIAN_POINT('',(-2.649995597682,1.387514161175,
    5.083335343393));
#1540 = CARTESIAN_POINT('',(-2.649999999993,6.901592502985E-13,
    5.250000000003));
#1541 = CARTESIAN_POINT('',(-2.649993937499,-1.387513647706,
    5.416669488368));
#1542 = CARTESIAN_POINT('',(-1.832353959908,-2.775578759283,
    5.583331442143));
#1543 = CARTESIAN_POINT('',(-0.199661448863,-3.609821305542,
    5.750000351823));
#1544 = CARTESIAN_POINT('',(1.825935630846,-3.356851795143,
    5.916674661973));
#1545 = CARTESIAN_POINT('',(3.356436384503,-1.825600267787,
    6.083324690176));
#1546 = CARTESIAN_POINT('',(3.610131016238,0.199504571846,6.250006331968
    ));
#1547 = CARTESIAN_POINT('',(2.775453361418,1.832384531371,6.416665974592
    ));
#1548 = CARTESIAN_POINT('',(1.387533013037,2.649997301329,6.583334557667
    ));
#1549 = CARTESIAN_POINT('',(-1.387532939092,2.64999860306,6.916667085754
    ));
#1550 = CARTESIAN_POINT('',(-2.77546595751,1.83239200638,7.083336342596)
  );
#1551 = CARTESIAN_POINT('',(-3.610078679403,0.199478436948,
    7.249993663108));
#1552 = CARTESIAN_POINT('',(-3.356536264491,-1.825564022408,
    7.416680236202));
#1553 = CARTESIAN_POINT('',(-1.825828487903,-3.356869473388,
    7.583322514838));
#1554 = CARTESIAN_POINT('',(0.199600249942,-3.609826821747,
    7.750006382198));
#1555 = CARTESIAN_POINT('',(1.832366209757,-2.775572053016,
    7.916665828976));
#1556 = CARTESIAN_POINT('',(2.649995597642,-1.387514161176,
    8.083335343404));
#1557 = CARTESIAN_POINT('',(2.650000000008,7.160046144978E-13,
    8.249999999997));
#1558 = CARTESIAN_POINT('',(2.649993945463,1.387513648102,8.416669492119
    ));
#1559 = CARTESIAN_POINT('',(1.832353927044,2.775578757637,8.583331426753
    ));
#1560 = CARTESIAN_POINT('',(0.199661529428,3.609821309572,8.750000389481
    ));
#1561 = CARTESIAN_POINT('',(-1.825935773844,3.356851788013,
    8.916674595189));
#1562 = CARTESIAN_POINT('',(-3.356436188115,1.825600277547,
    9.083324781854));
#1563 = CARTESIAN_POINT('',(-3.610131230794,-0.199504582486,
    9.25000623183));
#1564 = CARTESIAN_POINT('',(-2.775453173303,-1.832384522053,
    9.416666062381));
#1565 = CARTESIAN_POINT('',(-1.387533144695,-2.649997307848,
    9.583334496226));
#1566 = CARTESIAN_POINT('',(1.387533214721,-2.649998589412,
    9.916667214382));
#1567 = CARTESIAN_POINT('',(2.775464469552,-1.832392080067,
    10.083335648219));
#1568 = CARTESIAN_POINT('',(3.610082570256,-0.199478244248,
    10.249995478815));
#1569 = CARTESIAN_POINT('',(3.356529176796,1.825563671371,
    10.416676928666));
#1570 = CARTESIAN_POINT('',(1.825838346686,3.35686996166,10.583327115535
    ));
#1571 = CARTESIAN_POINT('',(-0.199611095394,3.609826284643,
    10.750001321031));
#1572 = CARTESIAN_POINT('',(-1.832356663483,2.775572525746,10.9166702839
    ));
#1573 = CARTESIAN_POINT('',(-2.650002293868,1.3875138296,11.083332218483
    ));
#1574 = CARTESIAN_POINT('',(-2.649996334432,1.815038294324E-07,
    11.250001710611));
#1575 = CARTESIAN_POINT('',(-2.650000633688,-1.387513979274,
    11.416666363462));
#1576 = CARTESIAN_POINT('',(-1.832344413739,-2.775578286581,
    11.583335897044));
#1577 = CARTESIAN_POINT('',(-0.199672294117,-3.609821842591,
    11.749995290682));
#1578 = CARTESIAN_POINT('',(1.825945489392,-3.356851306942,
    11.916679262647));
#1579 = CARTESIAN_POINT('',(3.356429296988,-1.825600618766,
    12.083321382655));
#1580 = CARTESIAN_POINT('',(3.610134907007,0.199504764517,
    12.250008147669));
#1581 = CARTESIAN_POINT('',(2.775451873479,1.832384457691,
    12.416665280218));
#1582 = CARTESIAN_POINT('',(1.387533288666,2.649997314977,
    12.583334686294));
#1583 = CARTESIAN_POINT('',(-1.387533070753,2.64999859654,
    12.916667024314));
#1584 = CARTESIAN_POINT('',(-2.775465769399,1.832392015697,
    13.083336430379));
#1585 = CARTESIAN_POINT('',(-3.61007889392,0.199478426315,
    13.249993562987));
#1586 = CARTESIAN_POINT('',(-3.356536068194,-1.825564012671,
    13.416680327849));
#1587 = CARTESIAN_POINT('',(-1.825828630799,-3.356869480484,
    13.583322448099));
#1588 = CARTESIAN_POINT('',(0.199600330461,-3.609826817743,
    13.750006419807));
#1589 = CARTESIAN_POINT('',(1.83236617687,-2.775572054658,
    13.916665813629));
#1590 = CARTESIAN_POINT('',(2.649995605663,-1.38751416077,
    14.083335347126));
#1591 = CARTESIAN_POINT('',(2.649999999989,-1.296918965528E-12,
    14.250000000005));
#1592 = CARTESIAN_POINT('',(2.649993937506,1.387513647707,
    14.416669488364));
#1593 = CARTESIAN_POINT('',(1.832353959895,2.775578759282,14.58333144215
    ));
#1594 = CARTESIAN_POINT('',(0.199661448879,3.609821305541,
    14.750000351814));
#1595 = CARTESIAN_POINT('',(-1.825935630861,3.356851795145,
    14.916674661982));
#1596 = CARTESIAN_POINT('',(-3.356436384493,1.825600267785,
    15.08332469017));
#1597 = CARTESIAN_POINT('',(-3.610131016243,-0.199504571845,
    15.250006331971));
#1598 = CARTESIAN_POINT('',(-2.775453361416,-1.832384531371,
    15.416665974591));
#1599 = CARTESIAN_POINT('',(-1.387533013037,-2.649997301329,
    15.583334557667));
#1600 = CARTESIAN_POINT('',(1.387532939094,-2.649998603059,
    15.916667085755));
#1601 = CARTESIAN_POINT('',(2.775465957505,-1.832392006398,
    16.083336342593));
#1602 = CARTESIAN_POINT('',(3.610078679413,-0.199478436871,
    16.249993663117));
#1603 = CARTESIAN_POINT('',(3.356536264469,1.825564022245,
    16.416680236181));
#1604 = CARTESIAN_POINT('',(1.825828487949,3.356869473597,16.58332251487
    ));
#1605 = CARTESIAN_POINT('',(-0.199600250008,3.609826821581,
    16.750006382162));
#1606 = CARTESIAN_POINT('',(-1.832366209694,2.775572053092,
    16.916665829006));
#1607 = CARTESIAN_POINT('',(-2.649995597685,1.387514161163,
    17.083335343386));
#1608 = CARTESIAN_POINT('',(-2.649999999991,6.066258606552E-13,
    17.250000000003));
#1609 = CARTESIAN_POINT('',(-2.649993945506,-1.387513648103,
    17.416669492097));
#1610 = CARTESIAN_POINT('',(-1.832353926977,-2.775578757658,
    17.583331426791));
#1611 = CARTESIAN_POINT('',(-0.199661529504,-3.609821309521,
    17.750000389435));
#1612 = CARTESIAN_POINT('',(1.825935773906,-3.356851788076,
    17.916674595229));
#1613 = CARTESIAN_POINT('',(3.35643618808,-1.825600277501,18.08332478183
    ));
#1614 = CARTESIAN_POINT('',(3.610131230806,0.199504582466,
    18.250006231841));
#1615 = CARTESIAN_POINT('',(2.7754531733,1.832384522057,18.416666062379)
  );
#1616 = CARTESIAN_POINT('',(1.387533144695,2.649997307848,
    18.583334496226));
#1617 = CARTESIAN_POINT('',(-1.387533214721,2.649998589412,
    18.916667214382));
#1618 = CARTESIAN_POINT('',(-2.775464469576,1.832392080057,
    19.083335648218));
#1619 = CARTESIAN_POINT('',(-3.610082570149,0.199478244291,
    19.249995478821));
#1620 = CARTESIAN_POINT('',(-3.356529177022,-1.82556367146,
    19.416676928651));
#1621 = CARTESIAN_POINT('',(-1.825838346409,-3.356869961552,
    19.583327115558));
#1622 = CARTESIAN_POINT('',(0.199611095201,-3.60982628472,
    19.750001321006));
#1623 = CARTESIAN_POINT('',(1.832356663545,-2.775572525715,
    19.916670283919));
#1624 = CARTESIAN_POINT('',(2.650002293883,-1.3875138296,20.083332218474
    ));
#1625 = CARTESIAN_POINT('',(2.649996334426,-1.815009303288E-07,
    20.25000171061));
#1626 = CARTESIAN_POINT('',(2.650000633711,1.387513979268,20.41666636345
    ));
#1627 = CARTESIAN_POINT('',(1.832344413702,2.775578286614,
    20.583335897067));
#1628 = CARTESIAN_POINT('',(0.199672294156,3.609821842521,
    20.749995290653));
#1629 = CARTESIAN_POINT('',(-1.82594548942,3.356851307025,
    20.916679262671));
#1630 = CARTESIAN_POINT('',(-3.356429296978,1.825600618705,
    21.083321382643));
#1631 = CARTESIAN_POINT('',(-3.610134907006,-0.199504764489,
    21.250008147672));
#1632 = CARTESIAN_POINT('',(-2.775451873482,-1.832384457697,
    21.416665280218));
#1633 = CARTESIAN_POINT('',(-1.387533288665,-2.649997314977,
    21.583334686293));
#1634 = CARTESIAN_POINT('',(1.387533070753,-2.64999859654,
    21.916667024315));
#1635 = CARTESIAN_POINT('',(2.775465769375,-1.83239201571,
    22.083336430378));
#1636 = CARTESIAN_POINT('',(3.610078894025,-0.199478426261,
    22.249993562988));
#1637 = CARTESIAN_POINT('',(3.356536067968,1.825564012556,
    22.416680327845));
#1638 = CARTESIAN_POINT('',(1.825828631089,3.35686948063,22.583322448105
    ));
#1639 = CARTESIAN_POINT('',(-0.199600330694,3.609826817628,
    22.750006419802));
#1640 = CARTESIAN_POINT('',(-1.832366176762,2.77557205471,
    22.916665813632));
#1641 = CARTESIAN_POINT('',(-2.649995605681,1.387514160758,
    23.083335347126));
#1642 = CARTESIAN_POINT('',(-2.649999999991,1.410649375089E-12,
    23.250000000005));
#1643 = CARTESIAN_POINT('',(-2.649993945498,-1.387513648102,
    23.4166694921));
#1644 = CARTESIAN_POINT('',(-1.832353926995,-2.775578757657,
    23.583331426781));
#1645 = CARTESIAN_POINT('',(-0.199661529479,-3.609821309528,
    23.750000389451));
#1646 = CARTESIAN_POINT('',(1.825935773884,-3.356851788066,
    23.916674595212));
#1647 = CARTESIAN_POINT('',(3.356436188094,-1.825600277509,
    24.083324781842));
#1648 = CARTESIAN_POINT('',(3.610131230801,0.199504582469,
    24.250006231835));
#1649 = CARTESIAN_POINT('',(2.775453173302,1.832384522057,
    24.416666062381));
#1650 = CARTESIAN_POINT('',(1.387533144695,2.649997307848,
    24.583334496226));
#1651 = CARTESIAN_POINT('',(-1.387533214721,2.649998589412,
    24.916667214382));
#1652 = CARTESIAN_POINT('',(-2.77546446957,1.832392080057,25.08333564822
    ));
#1653 = CARTESIAN_POINT('',(-3.610082570174,0.199478244293,
    25.249995478812));
#1654 = CARTESIAN_POINT('',(-3.356529176974,-1.82556367147,
    25.416676928673));
#1655 = CARTESIAN_POINT('',(-1.825838346456,-3.356869961533,
    25.583327115524));
#1656 = CARTESIAN_POINT('',(0.199611095215,-3.609826284739,
    25.750001321045));
#1657 = CARTESIAN_POINT('',(1.832356663566,-2.775572525703,
    25.916670283885));
#1658 = CARTESIAN_POINT('',(2.65000229385,-1.387513829601,
    26.083332218495));
#1659 = CARTESIAN_POINT('',(2.649996334446,-1.814964737033E-07,
    26.250001710604));
#1660 = CARTESIAN_POINT('',(3.9,-1.33226762955E-15,2.825));
#1661 = CARTESIAN_POINT('',(3.899998585412,2.042091952548,2.991659410845
    ));
#1662 = CARTESIAN_POINT('',(2.696697298392,4.084444005479,3.158338196501
    ));
#1663 = CARTESIAN_POINT('',(0.293745361987,5.313327539346,3.324999095083
    ));
#1664 = CARTESIAN_POINT('',(-2.687079262462,4.939344249906,
    3.491646107668));
#1665 = CARTESIAN_POINT('',(-4.939801299873,2.687451833728,
    3.658355558284));
#1666 = CARTESIAN_POINT('',(-5.312951549723,-0.293933651916,
    3.824983717959));
#1667 = CARTESIAN_POINT('',(-4.084646423753,-2.696653140729,
    3.991668446255));
#1668 = CARTESIAN_POINT('',(-2.042032468508,-3.899999354283,
    4.15833018506));
#1669 = CARTESIAN_POINT('',(2.042032960319,-3.899999334916,
    4.491665589011));
#1670 = CARTESIAN_POINT('',(4.084649714852,-2.696654584512,
    4.658325595265));
#1671 = CARTESIAN_POINT('',(5.312939376098,-0.293926290091,
    4.825016294811));
#1672 = CARTESIAN_POINT('',(4.939824254503,2.687443009643,4.99163177365)
  );
#1673 = CARTESIAN_POINT('',(2.687053617667,4.939350114541,5.158361152325
    ));
#1674 = CARTESIAN_POINT('',(-0.293731775839,5.313327270844,
    5.324983588578));
#1675 = CARTESIAN_POINT('',(-2.696700689735,4.08444341895,5.491668820776
    ));
#1676 = CARTESIAN_POINT('',(-3.899999239381,2.042090632247,
    5.658328164599));
#1677 = CARTESIAN_POINT('',(-3.899999999998,-6.41324546815E-13,
    5.824999999991));
#1678 = CARTESIAN_POINT('',(-3.899998585416,-2.042091952548,
    5.991659410861));
#1679 = CARTESIAN_POINT('',(-2.696697298386,-4.084444005479,
    6.158338196482));
#1680 = CARTESIAN_POINT('',(-0.293745361994,-5.313327539344,
    6.324999095099));
#1681 = CARTESIAN_POINT('',(2.687079262469,-4.939344249909,
    6.491646107659));
#1682 = CARTESIAN_POINT('',(4.939801299869,-2.687451833725,
    6.658355558289));
#1683 = CARTESIAN_POINT('',(5.312951549724,0.293933651915,6.824983717957
    ));
#1684 = CARTESIAN_POINT('',(4.084646423754,2.696653140729,6.991668446256
    ));
#1685 = CARTESIAN_POINT('',(2.042032468508,3.899999354283,7.158330185059
    ));
#1686 = CARTESIAN_POINT('',(-2.042032960318,3.899999334916,
    7.491665589013));
#1687 = CARTESIAN_POINT('',(-4.084649714855,2.696654584508,
    7.658325595254));
#1688 = CARTESIAN_POINT('',(-5.312939376094,0.293926290113,7.82501629484
    ));
#1689 = CARTESIAN_POINT('',(-4.93982425451,-2.687443009694,
    7.991631773596));
#1690 = CARTESIAN_POINT('',(-2.687053617653,-4.939350114472,
    8.158361152398));
#1691 = CARTESIAN_POINT('',(0.293731775815,-5.313327270899,
    8.324983588502));
#1692 = CARTESIAN_POINT('',(2.696700689758,-4.084443418928,
    8.491668820836));
#1693 = CARTESIAN_POINT('',(3.899999239364,-2.04209063224,8.658328164562
    ));
#1694 = CARTESIAN_POINT('',(3.900000000002,-1.301061929271E-12,
    8.82500000001));
#1695 = CARTESIAN_POINT('',(3.899998587275,2.042091951533,8.991659401227
    ));
#1696 = CARTESIAN_POINT('',(2.696697290715,4.084444009663,9.158338236019
    ));
#1697 = CARTESIAN_POINT('',(0.293745380797,5.313327529091,9.324998998324
    ));
#1698 = CARTESIAN_POINT('',(-2.687079295839,4.939344268109,
    9.491646279324));
#1699 = CARTESIAN_POINT('',(-4.939801254042,2.687451808726,
    9.658355322588));
#1700 = CARTESIAN_POINT('',(-5.312951599789,-0.2939336246,9.824983975436
    ));
#1701 = CARTESIAN_POINT('',(-4.084646379859,-2.69665316468,
    9.991668220516));
#1702 = CARTESIAN_POINT('',(-2.042032499228,-3.89999933752,
    10.158330343049));
#1703 = CARTESIAN_POINT('',(2.042033024633,-3.899999370009,
    10.491665258258));
#1704 = CARTESIAN_POINT('',(4.08464936765,-2.696654395064,
    10.658327380787));
#1705 = CARTESIAN_POINT('',(5.312940284017,-0.293926785476,
    10.825011625893));
#1706 = CARTESIAN_POINT('',(4.939822600596,2.687443912053,
    10.991640278667));
#1707 = CARTESIAN_POINT('',(2.687055918187,4.939348859311,
    11.158349322063));
#1708 = CARTESIAN_POINT('',(-0.293734306547,5.313328651702,
    11.324996602895));
#1709 = CARTESIAN_POINT('',(-2.696698462227,4.084442203503,
    11.491657365362));
#1710 = CARTESIAN_POINT('',(-3.900000801842,2.042091484819,
    11.658336200034));
#1711 = CARTESIAN_POINT('',(-3.899999144689,-4.667120915207E-07,
    11.824995601316));
#1712 = CARTESIAN_POINT('',(-3.900000147883,-2.042091099968,
    11.991667446296));
#1713 = CARTESIAN_POINT('',(-2.696695070909,-4.084445220923,
    12.158326741056));
#1714 = CARTESIAN_POINT('',(-0.293747892601,-5.313326158503,
    12.325012109443));
#1715 = CARTESIAN_POINT('',(2.687081562843,-4.939345505116,
    12.491634277362));
#1716 = CARTESIAN_POINT('',(4.939799646082,-2.687450931331,
    12.658364063334));
#1717 = CARTESIAN_POINT('',(5.312952457587,0.293933156535,
    12.824979049024));
#1718 = CARTESIAN_POINT('',(4.084646076562,2.696653330177,
    12.991670231781));
#1719 = CARTESIAN_POINT('',(2.042032532822,3.899999319189,
    13.158329854307));
#1720 = CARTESIAN_POINT('',(-2.042032991039,3.899999351678,
    13.491665746999));
#1721 = CARTESIAN_POINT('',(-4.084649670976,2.696654560567,
    13.658325369532));
#1722 = CARTESIAN_POINT('',(-5.312939426085,0.293926317383,
    13.825016552271));
#1723 = CARTESIAN_POINT('',(-4.93982420884,-2.687443034598,
    13.991631537983));
#1724 = CARTESIAN_POINT('',(-2.687053650829,-4.939350096395,
    14.158361323944));
#1725 = CARTESIAN_POINT('',(0.293731794476,-5.313327281052,
    14.324983491858));
#1726 = CARTESIAN_POINT('',(2.696700682142,-4.084443414793,
    14.491668860261));
#1727 = CARTESIAN_POINT('',(3.899999241229,-2.042090633245,
    14.658328155006));
#1728 = CARTESIAN_POINT('',(3.899999999997,7.036762195684E-13,
    14.824999999988));
#1729 = CARTESIAN_POINT('',(3.899998585417,2.042091952548,
    14.991659410868));
#1730 = CARTESIAN_POINT('',(2.696697298382,4.084444005478,
    15.158338196471));
#1731 = CARTESIAN_POINT('',(0.293745361999,5.313327539345,
    15.324999095109));
#1732 = CARTESIAN_POINT('',(-2.687079262474,4.939344249909,
    15.491646107653));
#1733 = CARTESIAN_POINT('',(-4.939801299865,2.687451833725,
    15.658355558289));
#1734 = CARTESIAN_POINT('',(-5.312951549725,-0.293933651915,
    15.824983717959));
#1735 = CARTESIAN_POINT('',(-4.084646423753,-2.696653140729,
    15.991668446254));
#1736 = CARTESIAN_POINT('',(-2.042032468508,-3.899999354283,
    16.15833018506));
#1737 = CARTESIAN_POINT('',(2.042032960319,-3.899999334915,
    16.491665589011));
#1738 = CARTESIAN_POINT('',(4.084649714856,-2.696654584526,
    16.658325595264));
#1739 = CARTESIAN_POINT('',(5.312939376085,-0.293926290034,
    16.825016294814));
#1740 = CARTESIAN_POINT('',(4.939824254526,2.687443009527,
    16.991631773645));
#1741 = CARTESIAN_POINT('',(2.687053617643,4.939350114685,
    17.158361152329));
#1742 = CARTESIAN_POINT('',(-0.293731775823,5.313327270732,
    17.324983588581));
#1743 = CARTESIAN_POINT('',(-2.696700689742,4.084443419002,
    17.491668820765));
#1744 = CARTESIAN_POINT('',(-3.899999239377,2.042090632232,
    17.65832816461));
#1745 = CARTESIAN_POINT('',(-3.899999999998,-2.975397705995E-14,
    17.824999999988));
#1746 = CARTESIAN_POINT('',(-3.899998587285,-2.042091951531,
    17.991659401272));
#1747 = CARTESIAN_POINT('',(-2.696697290698,-4.084444009667,
    18.158338235969));
#1748 = CARTESIAN_POINT('',(-0.293745380816,-5.313327529082,
    18.324998998359));
#1749 = CARTESIAN_POINT('',(2.687079295856,-4.939344268119,
    18.491646279308));
#1750 = CARTESIAN_POINT('',(4.939801254031,-2.687451808719,
    18.658355322593));
#1751 = CARTESIAN_POINT('',(5.312951599793,0.293933624597,
    18.824983975435));
#1752 = CARTESIAN_POINT('',(4.084646379859,2.69665316468,18.991668220516
    ));
#1753 = CARTESIAN_POINT('',(2.042032499228,3.89999933752,19.158330343049
    ));
#1754 = CARTESIAN_POINT('',(-2.042033024633,3.899999370009,
    19.491665258258));
#1755 = CARTESIAN_POINT('',(-4.084649367673,2.696654395062,
    19.658327380786));
#1756 = CARTESIAN_POINT('',(-5.312940283911,0.293926785487,
    19.825011625892));
#1757 = CARTESIAN_POINT('',(-4.939822600822,-2.687443912074,
    19.991640278673));
#1758 = CARTESIAN_POINT('',(-2.687055917907,-4.939348859287,
    20.158349322048));
#1759 = CARTESIAN_POINT('',(0.293734306345,-5.313328651719,
    20.32499660292));
#1760 = CARTESIAN_POINT('',(2.696698462304,-4.084442203494,
    20.491657365333));
#1761 = CARTESIAN_POINT('',(3.900000801844,-2.042091484817,
    20.658336200055));
#1762 = CARTESIAN_POINT('',(3.899999144686,4.667161117409E-07,
    20.82499560131));
#1763 = CARTESIAN_POINT('',(3.90000014789,2.042091099959,20.991667446314
    ));
#1764 = CARTESIAN_POINT('',(2.696695070901,4.08444522094,21.158326741046
    ));
#1765 = CARTESIAN_POINT('',(0.293747892606,5.313326158477,
    21.325012109428));
#1766 = CARTESIAN_POINT('',(-2.687081562843,4.939345505143,
    21.491634277394));
#1767 = CARTESIAN_POINT('',(-4.939799646083,2.687450931312,
    21.658364063304));
#1768 = CARTESIAN_POINT('',(-5.312952457586,-0.293933156526,
    21.824979049041));
#1769 = CARTESIAN_POINT('',(-4.084646076563,-2.696653330179,
    21.991670231775));
#1770 = CARTESIAN_POINT('',(-2.042032532822,-3.899999319189,
    22.158329854308));
#1771 = CARTESIAN_POINT('',(2.04203299104,-3.899999351678,
    22.491665746999));
#1772 = CARTESIAN_POINT('',(4.084649670953,-2.696654560569,
    22.658325369532));
#1773 = CARTESIAN_POINT('',(5.312939426184,-0.293926317375,
    22.825016552272));
#1774 = CARTESIAN_POINT('',(4.939824208631,2.687443034581,
    22.991631537984));
#1775 = CARTESIAN_POINT('',(2.687053651094,4.939350096418,
    23.158361323939));
#1776 = CARTESIAN_POINT('',(-0.293731794686,5.313327281033,
    23.324983491865));
#1777 = CARTESIAN_POINT('',(-2.696700682047,4.084443414803,
    23.491668860257));
#1778 = CARTESIAN_POINT('',(-3.899999241244,2.042090633238,
    23.658328155006));
#1779 = CARTESIAN_POINT('',(-3.899999999998,2.75335310107E-14,
    23.824999999989));
#1780 = CARTESIAN_POINT('',(-3.899998587283,-2.042091951531,
    23.991659401263));
#1781 = CARTESIAN_POINT('',(-2.696697290703,-4.084444009667,
    24.158338235983));
#1782 = CARTESIAN_POINT('',(-0.29374538081,-5.313327529084,
    24.324998998347));
#1783 = CARTESIAN_POINT('',(2.687079295851,-4.939344268117,
    24.491646279314));
#1784 = CARTESIAN_POINT('',(4.939801254034,-2.68745180872,
    24.658355322593));
#1785 = CARTESIAN_POINT('',(5.312951599792,0.293933624597,
    24.824983975433));
#1786 = CARTESIAN_POINT('',(4.084646379859,2.69665316468,24.991668220517
    ));
#1787 = CARTESIAN_POINT('',(2.042032499228,3.89999933752,25.158330343049
    ));
#1788 = CARTESIAN_POINT('',(-2.042033024633,3.899999370009,
    25.491665258258));
#1789 = CARTESIAN_POINT('',(-4.084649367667,2.696654395062,
    25.658327380787));
#1790 = CARTESIAN_POINT('',(-5.312940283937,0.293926785484,
    25.825011625889));
#1791 = CARTESIAN_POINT('',(-4.939822600767,-2.687443912068,
    25.991640278676));
#1792 = CARTESIAN_POINT('',(-2.687055917972,-4.939348859293,
    26.158349322053));
#1793 = CARTESIAN_POINT('',(0.293734306388,-5.313328651713,
    26.324996602898));
#1794 = CARTESIAN_POINT('',(2.696698462295,-4.084442203498,
    26.491657365372));
#1795 = CARTESIAN_POINT('',(3.900000801836,-2.042091484812,
    26.658336200017));
#1796 = CARTESIAN_POINT('',(3.899999144694,4.667173170326E-07,
    26.82499560133));
#1797 = ADVANCED_FACE('',(#1798),#2051,.F.);
#1798 = FACE_BOUND('',#1799,.F.);
#1799 = EDGE_LOOP('',(#1800,#1942,#1943,#1944));
#1800 = ORIENTED_EDGE('',*,*,#1801,.F.);
#1801 = EDGE_CURVE('',#359,#1802,#1804,.T.);
#1802 = VERTEX_POINT('',#1803);
#1803 = CARTESIAN_POINT('',(-1.873844623325,-1.873823006346,25.));
#1804 = B_SPLINE_CURVE_WITH_KNOTS('',9,(#1805,#1806,#1807,#1808,#1809,
    #1810,#1811,#1812,#1813,#1814,#1815,#1816,#1817,#1818,#1819,#1820,
    #1821,#1822,#1823,#1824,#1825,#1826,#1827,#1828,#1829,#1830,#1831,
    #1832,#1833,#1834,#1835,#1836,#1837,#1838,#1839,#1840,#1841,#1842,
    #1843,#1844,#1845,#1846,#1847,#1848,#1849,#1850,#1851,#1852,#1853,
    #1854,#1855,#1856,#1857,#1858,#1859,#1860,#1861,#1862,#1863,#1864,
    #1865,#1866,#1867,#1868,#1869,#1870,#1871,#1872,#1873,#1874,#1875,
    #1876,#1877,#1878,#1879,#1880,#1881,#1882,#1883,#1884,#1885,#1886,
    #1887,#1888,#1889,#1890,#1891,#1892,#1893,#1894,#1895,#1896,#1897,
    #1898,#1899,#1900,#1901,#1902,#1903,#1904,#1905,#1906,#1907,#1908,
    #1909,#1910,#1911,#1912,#1913,#1914,#1915,#1916,#1917,#1918,#1919,
    #1920,#1921,#1922,#1923,#1924,#1925,#1926,#1927,#1928,#1929,#1930,
    #1931,#1932,#1933,#1934,#1935,#1936,#1937,#1938,#1939,#1940,#1941),
  .UNSPECIFIED.,.F.,.F.,(10,8,9,8,9,8,9,8,9,8,9,8,9,8,9,8,10),(0.,
    4.945362464213,9.890724928427,14.83608739264,19.781449856854,
    24.726812321067,29.672174785281,34.617537249494,39.562899713707,
    44.508262177921,49.453624642134,54.398987106348,59.344349570561,
    64.289712034774,69.235074498988,74.180436963201,79.125799427415),
  .UNSPECIFIED.);
#1805 = CARTESIAN_POINT('',(2.65,4.440892098501E-16,3.75));
#1806 = CARTESIAN_POINT('',(2.650006062514,1.387515567227,3.916669488376
    ));
#1807 = CARTESIAN_POINT('',(1.832359355296,2.77557624008,4.083331442072)
  );
#1808 = CARTESIAN_POINT('',(0.199611699154,3.609831262416,4.250000351983
    ));
#1809 = CARTESIAN_POINT('',(-1.825840785058,3.356874734425,
    4.416674661718));
#1810 = CARTESIAN_POINT('',(-3.356533498526,1.825566418857,
    4.583324690397));
#1811 = CARTESIAN_POINT('',(-3.610087791921,-0.199478263265,
    4.750006331852));
#1812 = CARTESIAN_POINT('',(-2.775468246098,-1.832394433722,
    4.916665974615));
#1813 = CARTESIAN_POINT('',(-1.387535447173,-2.650002153439,
    5.083334557658));
#1814 = CARTESIAN_POINT('',(1.387535158116,-2.650001082106,
    5.416667085755));
#1815 = CARTESIAN_POINT('',(2.775455399002,-1.832387172883,
    5.583336342575));
#1816 = CARTESIAN_POINT('',(3.61014010143,-0.199505299372,5.749993663137
    ));
#1817 = CARTESIAN_POINT('',(3.356433868631,1.82560292604,5.916680236167)
  );
#1818 = CARTESIAN_POINT('',(1.825948387751,3.35685581535,6.083322514812)
  );
#1819 = CARTESIAN_POINT('',(-0.199672403461,3.609826855709,
    6.250006382261));
#1820 = CARTESIAN_POINT('',(-1.832346725377,2.775582248659,
    6.416665828923));
#1821 = CARTESIAN_POINT('',(-2.65000421224,1.387516080696,6.583335343402
    ));
#1822 = CARTESIAN_POINT('',(-2.650000000007,-8.235188152701E-13,
    6.750000000003));
#1823 = CARTESIAN_POINT('',(-2.6500060625,-1.387515567229,6.916669488368
    ));
#1824 = CARTESIAN_POINT('',(-1.832359355316,-2.775576240067,
    7.083331442086));
#1825 = CARTESIAN_POINT('',(-0.199611699133,-3.609831262443,
    7.250000351967));
#1826 = CARTESIAN_POINT('',(1.825840785042,-3.356874734394,
    7.416674661732));
#1827 = CARTESIAN_POINT('',(3.356533498535,-1.825566418879,
    7.583324690388));
#1828 = CARTESIAN_POINT('',(3.610087791919,0.199478263274,7.750006331856
    ));
#1829 = CARTESIAN_POINT('',(2.775468246098,1.83239443372,7.916665974614)
  );
#1830 = CARTESIAN_POINT('',(1.387535447174,2.650002153439,8.083334557659
    ));
#1831 = CARTESIAN_POINT('',(-1.387535158118,2.650001082107,
    8.416667085754));
#1832 = CARTESIAN_POINT('',(-2.775455398995,1.832387172874,
    8.583336342579));
#1833 = CARTESIAN_POINT('',(-3.610140101448,0.199505299412,
    8.749993663128));
#1834 = CARTESIAN_POINT('',(-3.356433868604,-1.825602926128,
    8.916680236182));
#1835 = CARTESIAN_POINT('',(-1.825948387783,-3.356855815233,
    9.083322514793));
#1836 = CARTESIAN_POINT('',(0.199672403489,-3.609826855806,9.25000638228
    ));
#1837 = CARTESIAN_POINT('',(1.832346725349,-2.775582248613,
    9.416665828907));
#1838 = CARTESIAN_POINT('',(2.650004212256,-1.3875160807,9.583335343413)
  );
#1839 = CARTESIAN_POINT('',(2.649999999992,-3.771209879589E-13,
    9.749999999997));
#1840 = CARTESIAN_POINT('',(2.650006054534,1.387515567622,9.916669492119
    ));
#1841 = CARTESIAN_POINT('',(1.832359388185,2.775576238461,
    10.083331426696));
#1842 = CARTESIAN_POINT('',(0.199611618559,3.609831266384,
    10.250000389625));
#1843 = CARTESIAN_POINT('',(-1.825840642035,3.356874727371,
    10.416674594949));
#1844 = CARTESIAN_POINT('',(-3.356533694929,1.825566428561,
    10.583324782065));
#1845 = CARTESIAN_POINT('',(-3.61008757736,-0.19947827388,10.75000623172
    ));
#1846 = CARTESIAN_POINT('',(-2.775468434213,-1.832394424409,
    10.916666062402));
#1847 = CARTESIAN_POINT('',(-1.387535315515,-2.650002159958,
    11.083334496218));
#1848 = CARTESIAN_POINT('',(1.387534882488,-2.650001068458,
    11.41666721438));
#1849 = CARTESIAN_POINT('',(2.775456886924,-1.832387246565,
    11.58333564821));
#1850 = CARTESIAN_POINT('',(3.61013621073,-0.199505106693,
    11.749995478816));
#1851 = CARTESIAN_POINT('',(3.356440956007,1.825602575046,
    11.916676928681));
#1852 = CARTESIAN_POINT('',(1.825938529369,3.356856303565,
    12.083327115442));
#1853 = CARTESIAN_POINT('',(-0.19966155831,3.609826318654,
    12.250001321166));
#1854 = CARTESIAN_POINT('',(-1.832356271525,2.775582721361,
    12.416670283785));
#1855 = CARTESIAN_POINT('',(-2.649997516026,1.387515749126,
    12.583332218524));
#1856 = CARTESIAN_POINT('',(-2.650003665577,1.815020992608E-07,
    12.750001710593));
#1857 = CARTESIAN_POINT('',(-2.649999366295,-1.387515898792,
    12.916666363495));
#1858 = CARTESIAN_POINT('',(-1.832368901506,-2.775575767405,
    13.083335896939));
#1859 = CARTESIAN_POINT('',(-0.199600853855,-3.609831799404,
    13.249995290879));
#1860 = CARTESIAN_POINT('',(1.825830926473,-3.356874246299,
    13.416679262357));
#1861 = CARTESIAN_POINT('',(3.356540586067,-1.82556676978,
    13.583321382902));
#1862 = CARTESIAN_POINT('',(3.61008390114,0.19947845591,13.750008147537)
  );
#1863 = CARTESIAN_POINT('',(2.77546973404,1.832394360048,13.916665280247
    ));
#1864 = CARTESIAN_POINT('',(1.387535171544,2.650002167087,
    14.083334686284));
#1865 = CARTESIAN_POINT('',(-1.387535026456,2.650001075587,
    14.416667024315));
#1866 = CARTESIAN_POINT('',(-2.775455587143,1.832387182199,
    14.583336430361));
#1867 = CARTESIAN_POINT('',(-3.610139886774,0.199505288745,
    14.749993563008));
#1868 = CARTESIAN_POINT('',(-3.35643406523,-1.825602916313,
    14.916680327827));
#1869 = CARTESIAN_POINT('',(-1.825948244476,-3.356855822435,
    15.083322448055));
#1870 = CARTESIAN_POINT('',(0.199672322653,-3.609826851712,
    15.250006419888));
#1871 = CARTESIAN_POINT('',(1.832346758383,-2.775582250295,
    15.416665813561));
#1872 = CARTESIAN_POINT('',(2.650004204219,-1.387516080289,
    15.583335347134));
#1873 = CARTESIAN_POINT('',(2.650000000011,1.334309578012E-12,
    15.750000000005));
#1874 = CARTESIAN_POINT('',(2.650006062493,1.387515567231,
    15.916669488364));
#1875 = CARTESIAN_POINT('',(1.832359355327,2.77557624006,16.083331442092
    ));
#1876 = CARTESIAN_POINT('',(0.19961169912,3.609831262456,16.250000351959
    ));
#1877 = CARTESIAN_POINT('',(-1.825840785029,3.356874734378,
    16.41667466174));
#1878 = CARTESIAN_POINT('',(-3.356533498544,1.825566418892,
    16.583324690383));
#1879 = CARTESIAN_POINT('',(-3.610087791915,-0.19947826328,
    16.750006331858));
#1880 = CARTESIAN_POINT('',(-2.775468246099,-1.832394433719,
    16.916665974613));
#1881 = CARTESIAN_POINT('',(-1.387535447173,-2.650002153439,
    17.083334557658));
#1882 = CARTESIAN_POINT('',(1.387535158117,-2.650001082106,
    17.416667085755));
#1883 = CARTESIAN_POINT('',(2.775455399006,-1.83238717289,
    17.583336342576));
#1884 = CARTESIAN_POINT('',(3.61014010141,-0.199505299343,
    17.749993663137));
#1885 = CARTESIAN_POINT('',(3.356433868677,1.825602925984,
    17.916680236161));
#1886 = CARTESIAN_POINT('',(1.825948387689,3.356855815417,
    18.083322514825));
#1887 = CARTESIAN_POINT('',(-0.199672403405,3.609826855658,
    18.250006382244));
#1888 = CARTESIAN_POINT('',(-1.832346725411,2.775582248685,
    18.416665828938));
#1889 = CARTESIAN_POINT('',(-2.650004212221,1.387516080685,
    18.583335343395));
#1890 = CARTESIAN_POINT('',(-2.650000000009,-6.350475700856E-14,
    18.750000000003));
#1891 = CARTESIAN_POINT('',(-2.650006054495,-1.387515567624,
    18.916669492096));
#1892 = CARTESIAN_POINT('',(-1.83235938824,-2.775576238435,
    19.083331426734));
#1893 = CARTESIAN_POINT('',(-0.199611618503,-3.609831266443,
    19.250000389579));
#1894 = CARTESIAN_POINT('',(1.825840641992,-3.3568747273,19.416674594989
    ));
#1895 = CARTESIAN_POINT('',(3.356533694952,-1.825566428613,
    19.58332478204));
#1896 = CARTESIAN_POINT('',(3.610087577353,0.199478273902,19.75000623173
    ));
#1897 = CARTESIAN_POINT('',(2.775468434214,1.832394424405,19.9166660624)
  );
#1898 = CARTESIAN_POINT('',(1.387535315515,2.650002159958,
    20.083334496218));
#1899 = CARTESIAN_POINT('',(-1.387534882488,2.650001068458,
    20.41666721438));
#1900 = CARTESIAN_POINT('',(-2.775456886951,1.83238724655,
    20.583335648208));
#1901 = CARTESIAN_POINT('',(-3.610136210604,0.199505106759,
    20.749995478823));
#1902 = CARTESIAN_POINT('',(-3.35644095628,-1.825602575187,
    20.916676928664));
#1903 = CARTESIAN_POINT('',(-1.825938529017,-3.356856303388,
    21.083327115467));
#1904 = CARTESIAN_POINT('',(0.199661558034,-3.609826318783,
    21.25000132114));
#1905 = CARTESIAN_POINT('',(1.832356271652,-2.775582721311,
    21.416670283804));
#1906 = CARTESIAN_POINT('',(2.649997516006,-1.387515749124,
    21.583332218515));
#1907 = CARTESIAN_POINT('',(2.650003665579,-1.814973811678E-07,
    21.750001710592));
#1908 = CARTESIAN_POINT('',(2.649999366281,1.387515898787,
    21.916666363483));
#1909 = CARTESIAN_POINT('',(1.832368901527,2.775575767387,
    22.083335896963));
#1910 = CARTESIAN_POINT('',(0.199600853837,3.609831799457,
    22.249995290851));
#1911 = CARTESIAN_POINT('',(-1.825830926467,3.356874246232,
    22.416679262381));
#1912 = CARTESIAN_POINT('',(-3.356540586062,1.825566769829,
    22.583321382889));
#1913 = CARTESIAN_POINT('',(-3.610083901149,-0.19947845593,
    22.750008147541));
#1914 = CARTESIAN_POINT('',(-2.775469734035,-1.832394360044,
    22.916665280247));
#1915 = CARTESIAN_POINT('',(-1.387535171545,-2.650002167087,
    23.083334686284));
#1916 = CARTESIAN_POINT('',(1.387535026458,-2.650001075587,
    23.416667024315));
#1917 = CARTESIAN_POINT('',(2.775455587117,-1.832387182212,
    23.583336430361));
#1918 = CARTESIAN_POINT('',(3.610139886879,-0.199505288692,
    23.749993563008));
#1919 = CARTESIAN_POINT('',(3.356434065011,1.825602916201,
    23.916680327826));
#1920 = CARTESIAN_POINT('',(1.825948244752,3.356855822579,
    24.083322448059));
#1921 = CARTESIAN_POINT('',(-0.199672322872,3.609826851598,
    24.250006419885));
#1922 = CARTESIAN_POINT('',(-1.832346758282,2.775582250348,
    24.416665813562));
#1923 = CARTESIAN_POINT('',(-2.650004204236,1.387516080276,
    24.583335347134));
#1924 = CARTESIAN_POINT('',(-2.650000000009,-1.042721464728E-12,
    24.750000000005));
#1925 = CARTESIAN_POINT('',(-2.650006054502,-1.387515567625,
    24.9166694921));
#1926 = CARTESIAN_POINT('',(-1.832359388225,-2.775576238437,
    25.083331426723));
#1927 = CARTESIAN_POINT('',(-0.199611618522,-3.609831266434,
    25.250000389596));
#1928 = CARTESIAN_POINT('',(1.82584064201,-3.356874727313,
    25.416674594971));
#1929 = CARTESIAN_POINT('',(3.35653369494,-1.825566428602,
    25.583324782053));
#1930 = CARTESIAN_POINT('',(3.610087577358,0.199478273897,
    25.750006231723));
#1931 = CARTESIAN_POINT('',(2.775468434213,1.832394424406,
    25.916666062402));
#1932 = CARTESIAN_POINT('',(1.387535315515,2.650002159958,
    26.083334496218));
#1933 = CARTESIAN_POINT('',(-1.387534882488,2.650001068458,
    26.41666721438));
#1934 = CARTESIAN_POINT('',(-2.775456886943,1.832387246558,
    26.58333564821));
#1935 = CARTESIAN_POINT('',(-3.610136210643,0.199505106723,
    26.749995478814));
#1936 = CARTESIAN_POINT('',(-3.356440956189,-1.825602575108,
    26.916676928686));
#1937 = CARTESIAN_POINT('',(-1.825938529146,-3.356856303492,
    27.083327115433));
#1938 = CARTESIAN_POINT('',(0.199661558154,-3.6098263187,27.250001321178
    ));
#1939 = CARTESIAN_POINT('',(1.832356271572,-2.775582721344,
    27.416670283771));
#1940 = CARTESIAN_POINT('',(2.649997516045,-1.387515749123,
    27.583332218536));
#1941 = CARTESIAN_POINT('',(2.650003665567,-1.814901603091E-07,
    27.750001710586));
#1942 = ORIENTED_EDGE('',*,*,#370,.F.);
#1943 = ORIENTED_EDGE('',*,*,#1163,.T.);
#1944 = ORIENTED_EDGE('',*,*,#1945,.T.);
#1945 = EDGE_CURVE('',#1164,#1802,#1946,.T.);
#1946 = B_SPLINE_CURVE_WITH_KNOTS('',7,(#1947,#1948,#1949,#1950,#1951,
    #1952,#1953,#1954,#1955,#1956,#1957,#1958,#1959,#1960,#1961,#1962,
    #1963,#1964,#1965,#1966,#1967,#1968,#1969,#1970,#1971,#1972,#1973,
    #1974,#1975,#1976,#1977,#1978,#1979,#1980,#1981,#1982,#1983,#1984,
    #1985,#1986,#1987,#1988,#1989,#1990,#1991,#1992,#1993,#1994,#1995,
    #1996,#1997,#1998,#1999,#2000,#2001,#2002,#2003,#2004,#2005,#2006,
    #2007,#2008,#2009,#2010,#2011,#2012,#2013,#2014,#2015,#2016,#2017,
    #2018,#2019,#2020,#2021,#2022,#2023,#2024,#2025,#2026,#2027,#2028,
    #2029,#2030,#2031,#2032,#2033,#2034,#2035,#2036,#2037,#2038,#2039,
    #2040,#2041,#2042,#2043,#2044,#2045,#2046,#2047,#2048,#2049,#2050),
  .UNSPECIFIED.,.F.,.F.,(8,6,6,6,6,6,6,6,6,6,6,6,6,6,6,6,6,8),(0.,
    0.120997803049,0.147999789214,0.167001068922,0.212004206395,
    0.247006151154,0.271007082288,0.294007852182,0.469972816301,
    0.514975382311,0.588978601432,0.662982020176,0.711984638191,
    0.736985952933,0.809989134876,0.874992704549,0.936996705932,1.),
  .UNSPECIFIED.);
#1947 = CARTESIAN_POINT('',(-1.873819111341,1.873841915567,25.));
#1948 = CARTESIAN_POINT('',(-1.72119320051,2.026466820184,25.));
#1949 = CARTESIAN_POINT('',(-1.554035750912,2.164616051027,25.));
#1950 = CARTESIAN_POINT('',(-1.374042257539,2.286575535085,25.));
#1951 = CARTESIAN_POINT('',(-1.183107495174,2.390955206212,25.));
#1952 = CARTESIAN_POINT('',(-0.983280871818,2.476635588541,25.));
#1953 = CARTESIAN_POINT('',(-0.776755149526,2.542773515793,25.));
#1954 = CARTESIAN_POINT('',(-0.518831335462,2.599153249752,25.));
#1955 = CARTESIAN_POINT('',(-0.471555982715,2.608441714958,25.));
#1956 = CARTESIAN_POINT('',(-0.424087907812,2.61672682896,25.));
#1957 = CARTESIAN_POINT('',(-0.376452671754,2.624003841573,25.));
#1958 = CARTESIAN_POINT('',(-0.328675963101,2.630268805561,25.));
#1959 = CARTESIAN_POINT('',(-0.280783597974,2.635518576638,25.));
#1960 = CARTESIAN_POINT('',(-0.199036563727,2.64272903571,25.));
#1961 = CARTESIAN_POINT('',(-0.165227163945,2.645203382375,25.));
#1962 = CARTESIAN_POINT('',(-0.131382357953,2.647173038048,25.));
#1963 = CARTESIAN_POINT('',(-9.751119135517E-02,2.648637382654,25.));
#1964 = CARTESIAN_POINT('',(-6.362271811316E-02,2.649595991456,25.));
#1965 = CARTESIAN_POINT('',(-2.972600054505E-02,2.650048635056,25.));
#1966 = CARTESIAN_POINT('',(8.444982316713E-02,2.649868910421,25.));
#1967 = CARTESIAN_POINT('',(0.164725787552,2.646904217329,25.));
#1968 = CARTESIAN_POINT('',(0.244876735283,2.64110197457,25.));
#1969 = CARTESIAN_POINT('',(0.324782353737,2.632469144314,25.));
#1970 = CARTESIAN_POINT('',(0.404323066209,2.621018876446,25.));
#1971 = CARTESIAN_POINT('',(0.483380031916,2.606770508571,25.));
#1972 = CARTESIAN_POINT('',(0.622854926462,2.576511242535,25.));
#1973 = CARTESIAN_POINT('',(0.683510888515,2.561595704539,25.));
#1974 = CARTESIAN_POINT('',(0.743747545613,2.545014987893,25.));
#1975 = CARTESIAN_POINT('',(0.803510091382,2.526783354808,25.));
#1976 = CARTESIAN_POINT('',(0.862744399609,2.50691729384,25.));
#1977 = CARTESIAN_POINT('',(0.921397024241,2.485435519888,25.));
#1978 = CARTESIAN_POINT('',(1.019198423887,2.446535322457,25.));
#1979 = CARTESIAN_POINT('',(1.058683390374,2.429961810246,25.));
#1980 = CARTESIAN_POINT('',(1.097853113046,2.412645183914,25.));
#1981 = CARTESIAN_POINT('',(1.136690823661,2.394592659042,25.));
#1982 = CARTESIAN_POINT('',(1.175179971537,2.375811920437,25.));
#1983 = CARTESIAN_POINT('',(1.213304223555,2.356311122133,25.));
#1984 = CARTESIAN_POINT('',(1.287217877184,2.316728932213,25.));
#1985 = CARTESIAN_POINT('',(1.323038393294,2.296705587587,25.));
#1986 = CARTESIAN_POINT('',(1.35849483098,2.276036443485,25.));
#1987 = CARTESIAN_POINT('',(1.393573235099,2.254729463083,25.));
#1988 = CARTESIAN_POINT('',(1.428259876869,2.232792982772,25.));
#1989 = CARTESIAN_POINT('',(1.462541253873,2.21023571215,25.));
#1990 = CARTESIAN_POINT('',(1.755468146652,2.009814910599,25.));
#1991 = CARTESIAN_POINT('',(1.990242703316,1.796617547023,25.));
#1992 = CARTESIAN_POINT('',(2.194341646587,1.551703949651,25.));
#1993 = CARTESIAN_POINT('',(2.362893384415,1.280492044136,25.));
#1994 = CARTESIAN_POINT('',(2.492126470793,0.989049810578,25.));
#1995 = CARTESIAN_POINT('',(2.579341157389,0.684145048327,25.));
#1996 = CARTESIAN_POINT('',(2.634882906403,0.293898446133,25.));
#1997 = CARTESIAN_POINT('',(2.64338556175,0.214020155963,25.));
#1998 = CARTESIAN_POINT('',(2.649062123119,0.133861480756,25.));
#1999 = CARTESIAN_POINT('',(2.651901941081,5.354236651021E-02,25.));
#2000 = CARTESIAN_POINT('',(2.651900753359,-2.681701383524E-02,25.));
#2001 = CARTESIAN_POINT('',(2.649060684832,-0.1070962604,25.));
#2002 = CARTESIAN_POINT('',(2.634065654478,-0.318857587345,25.));
#2003 = CARTESIAN_POINT('',(2.617086880791,-0.450001652908,25.));
#2004 = CARTESIAN_POINT('',(2.592492487716,-0.580067520572,25.));
#2005 = CARTESIAN_POINT('',(2.560366835122,-0.708525546477,25.));
#2006 = CARTESIAN_POINT('',(2.520839791032,-0.834856924115,25.));
#2007 = CARTESIAN_POINT('',(2.474086441158,-0.958554743064,25.));
#2008 = CARTESIAN_POINT('',(2.366567010692,-1.199695677617,25.));
#2009 = CARTESIAN_POINT('',(2.305798243686,-1.317144714573,25.));
#2010 = CARTESIAN_POINT('',(2.238241157799,-1.430978533382,25.));
#2011 = CARTESIAN_POINT('',(2.164156041916,-1.540728296361,25.));
#2012 = CARTESIAN_POINT('',(2.083842179391,-1.645950849769,25.));
#2013 = CARTESIAN_POINT('',(1.997637214019,-1.746229620227,25.));
#2014 = CARTESIAN_POINT('',(1.845182101221,-1.904045542052,25.));
#2015 = CARTESIAN_POINT('',(1.782027966219,-1.964578729403,25.));
#2016 = CARTESIAN_POINT('',(1.716562686768,-2.022662745963,25.));
#2017 = CARTESIAN_POINT('',(1.64890052788,-2.078192192522,25.));
#2018 = CARTESIAN_POINT('',(1.579161443806,-2.131068597883,25.));
#2019 = CARTESIAN_POINT('',(1.507471078036,-2.181200418862,25.));
#2020 = CARTESIAN_POINT('',(1.396455532144,-2.252637010562,25.));
#2021 = CARTESIAN_POINT('',(1.358476436884,-2.276034602979,25.));
#2022 = CARTESIAN_POINT('',(1.320040851058,-2.298684632958,25.));
#2023 = CARTESIAN_POINT('',(1.281166446689,-2.320576445126,25.));
#2024 = CARTESIAN_POINT('',(1.241871194286,-2.341699913313,25.));
#2025 = CARTESIAN_POINT('',(1.202173362839,-2.362045440552,25.));
#2026 = CARTESIAN_POINT('',(1.045053591673,-2.438714319146,25.));
#2027 = CARTESIAN_POINT('',(0.924738500743,-2.489115632333,25.));
#2028 = CARTESIAN_POINT('',(0.801612738562,-2.53258047814,25.));
#2029 = CARTESIAN_POINT('',(0.676156595943,-2.568923508806,25.));
#2030 = CARTESIAN_POINT('',(0.548863191543,-2.598001755751,25.));
#2031 = CARTESIAN_POINT('',(0.420237500415,-2.61971493601,25.));
#2032 = CARTESIAN_POINT('',(0.175537396522,-2.646730607938,25.));
#2033 = CARTESIAN_POINT('',(5.962799062832E-02,-2.653571170614,25.));
#2034 = CARTESIAN_POINT('',(-5.656934000387E-02,-2.654487482501,25.));
#2035 = CARTESIAN_POINT('',(-0.172691501892,-2.649467440903,25.));
#2036 = CARTESIAN_POINT('',(-0.288376342019,-2.638526768502,25.));
#2037 = CARTESIAN_POINT('',(-0.40326318667,-2.621708977225,25.));
#2038 = CARTESIAN_POINT('',(-0.625475531594,-2.577505647669,25.));
#2039 = CARTESIAN_POINT('',(-0.732908200922,-2.550643010577,25.));
#2040 = CARTESIAN_POINT('',(-0.838980419146,-2.518559493294,25.));
#2041 = CARTESIAN_POINT('',(-0.94338836102,-2.481339055759,25.));
#2042 = CARTESIAN_POINT('',(-1.04583573527,-2.439087391757,25.));
#2043 = CARTESIAN_POINT('',(-1.146034174692,-2.391931775268,25.));
#2044 = CARTESIAN_POINT('',(-1.342947175718,-2.287273412502,25.));
#2045 = CARTESIAN_POINT('',(-1.439582105588,-2.229614794977,25.));
#2046 = CARTESIAN_POINT('',(-1.533314670913,-2.167201346902,25.));
#2047 = CARTESIAN_POINT('',(-1.623865132859,-2.100209458712,25.));
#2048 = CARTESIAN_POINT('',(-1.710968137112,-2.028835358529,25.));
#2049 = CARTESIAN_POINT('',(-1.794373092275,-1.95329485206,25.));
#2050 = CARTESIAN_POINT('',(-1.873844548274,-1.873823062508,25.));
#2051 = B_SPLINE_SURFACE_WITH_KNOTS('',1,9,(
    (#2052,#2053,#2054,#2055,#2056,#2057,#2058,#2059,#2060,#2061,#2062
      ,#2063,#2064,#2065,#2066,#2067,#2068,#2069,#2070,#2071,#2072,#2073
      ,#2074,#2075,#2076,#2077,#2078,#2079,#2080,#2081,#2082,#2083,#2084
      ,#2085,#2086,#2087,#2088,#2089,#2090,#2091,#2092,#2093,#2094,#2095
      ,#2096,#2097,#2098,#2099,#2100,#2101,#2102,#2103,#2104,#2105,#2106
      ,#2107,#2108,#2109,#2110,#2111,#2112,#2113,#2114,#2115,#2116,#2117
      ,#2118,#2119,#2120,#2121,#2122,#2123,#2124,#2125,#2126,#2127,#2128
      ,#2129,#2130,#2131,#2132,#2133,#2134,#2135,#2136,#2137,#2138,#2139
      ,#2140,#2141,#2142,#2143,#2144,#2145,#2146,#2147,#2148,#2149,#2150
      ,#2151,#2152,#2153,#2154,#2155,#2156,#2157,#2158,#2159,#2160,#2161
      ,#2162,#2163,#2164,#2165,#2166,#2167,#2168,#2169,#2170,#2171,#2172
      ,#2173,#2174,#2175,#2176,#2177,#2178,#2179,#2180,#2181)
    ,(#2182,#2183,#2184,#2185,#2186,#2187,#2188,#2189,#2190,#2191,#2192
      ,#2193,#2194,#2195,#2196,#2197,#2198,#2199,#2200,#2201,#2202,#2203
      ,#2204,#2205,#2206,#2207,#2208,#2209,#2210,#2211,#2212,#2213,#2214
      ,#2215,#2216,#2217,#2218,#2219,#2220,#2221,#2222,#2223,#2224,#2225
      ,#2226,#2227,#2228,#2229,#2230,#2231,#2232,#2233,#2234,#2235,#2236
      ,#2237,#2238,#2239,#2240,#2241,#2242,#2243,#2244,#2245,#2246,#2247
      ,#2248,#2249,#2250,#2251,#2252,#2253,#2254,#2255,#2256,#2257,#2258
      ,#2259,#2260,#2261,#2262,#2263,#2264,#2265,#2266,#2267,#2268,#2269
      ,#2270,#2271,#2272,#2273,#2274,#2275,#2276,#2277,#2278,#2279,#2280
      ,#2281,#2282,#2283,#2284,#2285,#2286,#2287,#2288,#2289,#2290,#2291
      ,#2292,#2293,#2294,#2295,#2296,#2297,#2298,#2299,#2300,#2301,#2302
      ,#2303,#2304,#2305,#2306,#2307,#2308,#2309,#2310,#2311
  )),.UNSPECIFIED.,.F.,.F.,.F.,(2,2),(10,8,8,8,8,8,8,8,8,8,8,8,8,8,8,8,
    10),(0.,1.5),(0.,4.945362464213,9.890724928427,14.83608739264,
    19.781449856854,24.726812321067,29.672174785281,34.617537249494,
    39.562899713707,44.508262177921,49.453624642134,54.398987106348,
    59.344349570561,64.289712034774,69.235074498988,74.180436963201,
    79.125799427415),.UNSPECIFIED.);
#2052 = CARTESIAN_POINT('',(2.65,4.440892098501E-16,3.75));
#2053 = CARTESIAN_POINT('',(2.65000605855,1.387515567425,3.916669490242)
  );
#2054 = CARTESIAN_POINT('',(1.832359371608,2.775576239265,4.083331434395
    ));
#2055 = CARTESIAN_POINT('',(0.199611659198,3.609831264413,4.250000370788
    ));
#2056 = CARTESIAN_POINT('',(-1.825840714165,3.356874730882,
    4.416674628354));
#2057 = CARTESIAN_POINT('',(-3.35653359587,1.825566423721,4.583324736209
    ));
#2058 = CARTESIAN_POINT('',(-3.610087685582,-0.199478268579,
    4.750006281807));
#2059 = CARTESIAN_POINT('',(-2.77546833933,-1.832394429063,
    4.916666018492));
#2060 = CARTESIAN_POINT('',(-1.387535381922,-2.6500021567,5.08333452695)
  );
#2061 = CARTESIAN_POINT('',(1.387535021513,-2.65000107528,5.416667150043
    ));
#2062 = CARTESIAN_POINT('',(2.775456136436,-1.832387209735,
    5.583335995524));
#2063 = CARTESIAN_POINT('',(3.610138173132,-0.199505203007,
    5.749994570633));
#2064 = CARTESIAN_POINT('',(3.356437381268,1.8256027505,5.916678583049)
  );
#2065 = CARTESIAN_POINT('',(1.825943501762,3.356856059523,6.083324814257
    ));
#2066 = CARTESIAN_POINT('',(-0.199667028447,3.609826587099,
    6.250003852671));
#2067 = CARTESIAN_POINT('',(-1.832351456552,2.775582485094,6.41666805551
    ));
#2068 = CARTESIAN_POINT('',(-2.650000893544,1.387515914848,
    6.583333781556));
#2069 = CARTESIAN_POINT('',(-2.650002739841,-1.387515733275,
    6.916667928389));
#2070 = CARTESIAN_POINT('',(-1.832364102797,-2.775576002817,
    7.083333660993));
#2071 = CARTESIAN_POINT('',(-0.199606284178,-3.609831533049,
    7.249997841188));
#2072 = CARTESIAN_POINT('',(1.825835828186,-3.35687448668,7.4166769278)
  );
#2073 = CARTESIAN_POINT('',(3.356537108479,-1.825566599282,7.5833230831)
  );
#2074 = CARTESIAN_POINT('',(3.610085757321,0.199478364951,7.750007189287
    ));
#2075 = CARTESIAN_POINT('',(2.775469076727,1.832394392211,7.916665671457
    ));
#2076 = CARTESIAN_POINT('',(1.387535245344,2.650002163525,8.083334591226
    ));
#2077 = CARTESIAN_POINT('',(-1.387534956315,2.650001072022,8.41666711936
    ));
#2078 = CARTESIAN_POINT('',(-2.775456229381,1.832387214372,
    8.583336039268));
#2079 = CARTESIAN_POINT('',(-3.61013806754,0.199505197769,8.749994520936
    ));
#2080 = CARTESIAN_POINT('',(-3.356437477255,-1.825602745789,
    8.916678628224));
#2081 = CARTESIAN_POINT('',(-1.825943432749,-3.356856062856,
    9.083324781782));
#2082 = CARTESIAN_POINT('',(0.199666990553,-3.6098265853,9.250003870496)
  );
#2083 = CARTESIAN_POINT('',(1.832351471047,-2.775582485774,
    9.416668048696));
#2084 = CARTESIAN_POINT('',(2.650000890852,-1.387515914716,
    9.583333782816));
#2085 = CARTESIAN_POINT('',(2.650002741129,1.38751573321,9.91666792779)
  );
#2086 = CARTESIAN_POINT('',(1.832364100962,2.77557600293,10.083333661841
    ));
#2087 = CARTESIAN_POINT('',(0.199606286259,3.609831532897,
    10.249997840224));
#2088 = CARTESIAN_POINT('',(-1.825835830072,3.356874486832,
    10.416676928679));
#2089 = CARTESIAN_POINT('',(-3.35653710713,1.825566599173,
    10.583323082465));
#2090 = CARTESIAN_POINT('',(-3.610085758058,-0.199478364896,
    10.750007189638));
#2091 = CARTESIAN_POINT('',(-2.775469076448,-1.832394392228,
    10.916665671321));
#2092 = CARTESIAN_POINT('',(-1.387535245396,-2.650002163523,
    11.083334591252));
#2093 = CARTESIAN_POINT('',(1.387534956339,-2.650001072023,
    11.416667119348));
#2094 = CARTESIAN_POINT('',(2.775456229332,-1.832387214384,
    11.583336039284));
#2095 = CARTESIAN_POINT('',(3.610138067648,-0.199505197707,
    11.749994520916));
#2096 = CARTESIAN_POINT('',(3.356437477066,1.825602745654,
    11.916678628246));
#2097 = CARTESIAN_POINT('',(1.825943432973,3.356856063031,
    12.083324781761));
#2098 = CARTESIAN_POINT('',(-0.19966699072,3.609826585162,
    12.250003870512));
#2099 = CARTESIAN_POINT('',(-1.832351470979,2.775582485834,
    12.416668048687));
#2100 = CARTESIAN_POINT('',(-2.650000890858,1.38751591471,
    12.583333782819));
#2101 = CARTESIAN_POINT('',(-2.650002741128,-1.387515733208,
    12.91666792779));
#2102 = CARTESIAN_POINT('',(-1.83236410096,-2.775576002932,
    13.083333661841));
#2103 = CARTESIAN_POINT('',(-0.199606286265,-3.609831532896,
    13.249997840226));
#2104 = CARTESIAN_POINT('',(1.825835830078,-3.356874486833,
    13.416676928676));
#2105 = CARTESIAN_POINT('',(3.356537107125,-1.825566599172,
    13.583323082467));
#2106 = CARTESIAN_POINT('',(3.610085758059,0.199478364896,
    13.750007189637));
#2107 = CARTESIAN_POINT('',(2.775469076448,1.832394392228,
    13.916665671321));
#2108 = CARTESIAN_POINT('',(1.387535245395,2.650002163523,
    14.083334591252));
#2109 = CARTESIAN_POINT('',(-1.387534956339,2.650001072023,
    14.416667119348));
#2110 = CARTESIAN_POINT('',(-2.775456229369,1.832387214379,
    14.583336039284));
#2111 = CARTESIAN_POINT('',(-3.610138067492,0.199505197732,
    14.749994520917));
#2112 = CARTESIAN_POINT('',(-3.356437477392,-1.825602745707,
    14.916678628245));
#2113 = CARTESIAN_POINT('',(-1.825943432566,-3.356856062966,
    15.083324781761));
#2114 = CARTESIAN_POINT('',(0.199666990412,-3.609826585207,
    15.250003870514));
#2115 = CARTESIAN_POINT('',(1.832351471108,-2.77558248582,
    15.416668048683));
#2116 = CARTESIAN_POINT('',(2.650000890851,-1.387515914707,
    15.583333782822));
#2117 = CARTESIAN_POINT('',(2.650002741127,1.38751573321,15.916667927784
    ));
#2118 = CARTESIAN_POINT('',(1.832364100966,2.775576002906,
    16.083333661856));
#2119 = CARTESIAN_POINT('',(0.199606286258,3.609831532953,
    16.249997840206));
#2120 = CARTESIAN_POINT('',(-1.825835830077,3.356874486764,
    16.416676928694));
#2121 = CARTESIAN_POINT('',(-3.356537107118,1.825566599223,
    16.583323082457));
#2122 = CARTESIAN_POINT('',(-3.610085758069,-0.199478364918,
    16.75000718964));
#2123 = CARTESIAN_POINT('',(-2.775469076441,-1.832394392224,
    16.916665671322));
#2124 = CARTESIAN_POINT('',(-1.387535245398,-2.650002163522,
    17.083334591251));
#2125 = CARTESIAN_POINT('',(1.387534956341,-2.650001072023,
    17.416667119347));
#2126 = CARTESIAN_POINT('',(2.775456229348,-1.832387214385,
    17.583336039285));
#2127 = CARTESIAN_POINT('',(3.610138067564,-0.199505197706,
    17.749994520917));
#2128 = CARTESIAN_POINT('',(3.356437477254,1.825602745653,
    17.916678628237));
#2129 = CARTESIAN_POINT('',(1.825943432734,3.35685606303,18.083324781778
    ));
#2130 = CARTESIAN_POINT('',(-0.199666990539,3.609826585161,
    18.250003870493));
#2131 = CARTESIAN_POINT('',(-1.832351471054,2.775582485838,18.4166680487
    ));
#2132 = CARTESIAN_POINT('',(-2.650000890853,1.387515914706,
    18.583333782816));
#2133 = CARTESIAN_POINT('',(-2.650002741124,-1.387515733207,
    18.916667927785));
#2134 = CARTESIAN_POINT('',(-1.832364100968,-2.775576002911,
    19.083333661855));
#2135 = CARTESIAN_POINT('',(-0.199606286258,-3.609831532948,
    19.249997840208));
#2136 = CARTESIAN_POINT('',(1.825835830079,-3.356874486769,
    19.416676928691));
#2137 = CARTESIAN_POINT('',(3.356537107116,-1.825566599219,
    19.583323082461));
#2138 = CARTESIAN_POINT('',(3.61008575807,0.199478364916,19.750007189637
    ));
#2139 = CARTESIAN_POINT('',(2.775469076441,1.832394392225,
    19.916665671323));
#2140 = CARTESIAN_POINT('',(1.387535245398,2.650002163522,
    20.083334591251));
#2141 = CARTESIAN_POINT('',(-1.387534956341,2.650001072023,
    20.416667119348));
#2142 = CARTESIAN_POINT('',(-2.775456229356,1.832387214371,
    20.583336039284));
#2143 = CARTESIAN_POINT('',(-3.61013806753,0.199505197771,
    20.749994520919));
#2144 = CARTESIAN_POINT('',(-3.356437477326,-1.825602745791,
    20.916678628238));
#2145 = CARTESIAN_POINT('',(-1.825943432639,-3.356856062861,
    21.083324781775));
#2146 = CARTESIAN_POINT('',(0.199666990463,-3.609826585284,
    21.250003870498));
#2147 = CARTESIAN_POINT('',(1.832351471089,-2.77558248579,
    21.416668048696));
#2148 = CARTESIAN_POINT('',(2.65000089085,-1.387515914704,
    21.583333782817));
#2149 = CARTESIAN_POINT('',(2.650002741127,1.387515733207,
    21.916667927785));
#2150 = CARTESIAN_POINT('',(1.832364100958,2.775576002908,
    22.083333661853));
#2151 = CARTESIAN_POINT('',(0.199606286281,3.609831532955,
    22.249997840214));
#2152 = CARTESIAN_POINT('',(-1.825835830116,3.356874486761,
    22.416676928679));
#2153 = CARTESIAN_POINT('',(-3.35653710707,1.825566599223,
    22.583323082477));
#2154 = CARTESIAN_POINT('',(-3.610085758116,-0.199478364916,
    22.750007189619));
#2155 = CARTESIAN_POINT('',(-2.775469076403,-1.832394392226,
    22.91666567134));
#2156 = CARTESIAN_POINT('',(-1.387535245423,-2.650002163521,
    23.083334591239));
#2157 = CARTESIAN_POINT('',(1.387534956394,-2.650001072025,
    23.416667119373));
#2158 = CARTESIAN_POINT('',(2.775456229055,-1.832387214377,
    23.583336039149));
#2159 = CARTESIAN_POINT('',(3.61013806835,-0.199505197718,23.74999452127
    ));
#2160 = CARTESIAN_POINT('',(3.356437475802,1.825602745666,
    23.916678627601));
#2161 = CARTESIAN_POINT('',(1.82594343475,3.35685606301,24.083324782657)
  );
#2162 = CARTESIAN_POINT('',(-0.199666992729,3.609826585203,
    24.25000386953));
#2163 = CARTESIAN_POINT('',(-1.83235146916,2.775582485776,
    24.416668049548));
#2164 = CARTESIAN_POINT('',(-2.650000892163,1.387515914761,
    24.583333782217));
#2165 = CARTESIAN_POINT('',(-2.650002738393,-1.387515733338,
    24.916667929049));
#2166 = CARTESIAN_POINT('',(-1.832364115711,-2.775576002195,
    25.083333655028));
#2167 = CARTESIAN_POINT('',(-0.199606247699,-3.609831534825,
    25.249997858054));
#2168 = CARTESIAN_POINT('',(1.82583575983,-3.35687448334,25.41667689619)
  );
#2169 = CARTESIAN_POINT('',(3.356537204838,-1.825566603999,
    25.583323127661));
#2170 = CARTESIAN_POINT('',(3.610085650563,0.199478370183,
    25.750007139919));
#2171 = CARTESIAN_POINT('',(2.775469171072,1.832394387584,
    25.916665715084));
#2172 = CARTESIAN_POINT('',(1.387535179018,2.650002166779,
    26.083334560556));
#2173 = CARTESIAN_POINT('',(-1.387534817289,2.6500010652,26.416667183648
    ));
#2174 = CARTESIAN_POINT('',(-2.775456980102,1.832387251213,
    26.583335692121));
#2175 = CARTESIAN_POINT('',(-3.610136104386,0.199505101413,
    26.74999542873));
#2176 = CARTESIAN_POINT('',(-3.356441053457,-1.825602570248,
    26.916676974533));
#2177 = CARTESIAN_POINT('',(-1.825938458308,-3.356856307031,
    27.083327082044));
#2178 = CARTESIAN_POINT('',(0.199661518229,-3.609826316705,
    27.250001339997));
#2179 = CARTESIAN_POINT('',(1.832356287872,-2.775582722159,
    27.416670276088));
#2180 = CARTESIAN_POINT('',(2.649997512084,-1.387515748925,
    27.583332220403));
#2181 = CARTESIAN_POINT('',(2.650003665567,-1.814901603091E-07,
    27.750001710586));
#2182 = CARTESIAN_POINT('',(2.65,4.440892098501E-16,2.25));
#2183 = CARTESIAN_POINT('',(2.64999394152,1.387513647904,2.416669490242)
  );
#2184 = CARTESIAN_POINT('',(1.832353943317,2.775578758463,2.583331434453
    ));
#2185 = CARTESIAN_POINT('',(0.199661489532,3.609821307551,2.750000370643
    ));
#2186 = CARTESIAN_POINT('',(-1.82593570303,3.356851791584,2.916674628595
    ));
#2187 = CARTESIAN_POINT('',(-3.356436285369,1.825600272663,
    3.083324735997));
#2188 = CARTESIAN_POINT('',(-3.610131124542,-0.199504577165,
    3.250006281919));
#2189 = CARTESIAN_POINT('',(-2.775453266461,-1.832384526711,
    3.41666601847));
#2190 = CARTESIAN_POINT('',(-1.387533079496,-2.64999730459,
    3.583334526958));
#2191 = CARTESIAN_POINT('',(1.387533078225,-2.649998596233,
    3.916667150043));
#2192 = CARTESIAN_POINT('',(2.775465206423,-1.832392043238,
    4.083335995541));
#2193 = CARTESIAN_POINT('',(3.610080643402,-0.199478340558,
    4.249994570611));
#2194 = CARTESIAN_POINT('',(3.356532686822,1.825563846815,4.416678583072
    ));
#2195 = CARTESIAN_POINT('',(1.825833464351,3.356869717628,4.583324814298
    ));
#2196 = CARTESIAN_POINT('',(-0.199605724466,3.609826553084,
    4.750003852594));
#2197 = CARTESIAN_POINT('',(-1.832361390999,2.775572289476,
    4.916668055575));
#2198 = CARTESIAN_POINT('',(-2.649998977773,1.387513995327,5.08333378155
    ));
#2199 = CARTESIAN_POINT('',(-2.649997321626,-1.387513813752,
    5.416667928391));
#2200 = CARTESIAN_POINT('',(-1.8323491246,-2.775578522033,5.583333661046
    ));
#2201 = CARTESIAN_POINT('',(-0.199666963992,-3.609821576148,
    5.749997841048));
#2202 = CARTESIAN_POINT('',(1.825940679402,-3.35685154743,5.916676928038
    ));
#2203 = CARTESIAN_POINT('',(3.356432707777,-1.825600448189,
    6.083323082891));
#2204 = CARTESIAN_POINT('',(3.610133088475,0.199504673522,6.250007189397
    ));
#2205 = CARTESIAN_POINT('',(2.775452515421,1.832384489862,6.416665671435
    ));
#2206 = CARTESIAN_POINT('',(1.3875332186,2.649997311415,6.583334591235)
  );
#2207 = CARTESIAN_POINT('',(-1.387533144628,2.649998592975,
    6.916667119359));
#2208 = CARTESIAN_POINT('',(-2.77546511176,1.832392047877,7.083336039285
    ));
#2209 = CARTESIAN_POINT('',(-3.610080750942,0.199478335305,
    7.249994520915));
#2210 = CARTESIAN_POINT('',(-3.356532589073,-1.82556384207,
    7.416678628246));
#2211 = CARTESIAN_POINT('',(-1.825833534615,-3.356869721011,
    7.583324781824));
#2212 = CARTESIAN_POINT('',(0.199605763029,-3.609826551242,
    7.750003870418));
#2213 = CARTESIAN_POINT('',(1.832361376254,-2.775572290177,
    7.916668048761));
#2214 = CARTESIAN_POINT('',(2.649998980499,-1.387513995193,8.08333378281
    ));
#2215 = CARTESIAN_POINT('',(2.649997320321,1.387513813689,8.416667927793
    ));
#2216 = CARTESIAN_POINT('',(1.832349126462,2.775578522107,8.583333661895
    ));
#2217 = CARTESIAN_POINT('',(0.199666961878,3.609821576084,8.749997840084
    ));
#2218 = CARTESIAN_POINT('',(-1.825940677486,3.356851547476,
    8.916676928916));
#2219 = CARTESIAN_POINT('',(-3.356432709147,1.825600448157,
    9.083323082256));
#2220 = CARTESIAN_POINT('',(-3.610133087728,-0.199504673501,
    9.250007189749));
#2221 = CARTESIAN_POINT('',(-2.775452515705,-1.832384489872,9.4166656713
    ));
#2222 = CARTESIAN_POINT('',(-1.387533218548,-2.649997311413,
    9.58333459126));
#2223 = CARTESIAN_POINT('',(1.387533144604,-2.649998592976,
    9.916667119348));
#2224 = CARTESIAN_POINT('',(2.775465111778,-1.832392047885,
    10.083336039302));
#2225 = CARTESIAN_POINT('',(3.610080750975,-0.199478335265,
    10.249994520894));
#2226 = CARTESIAN_POINT('',(3.356532588957,1.825563841983,
    10.416678628269));
#2227 = CARTESIAN_POINT('',(1.825833534776,3.356869721121,
    10.583324781802));
#2228 = CARTESIAN_POINT('',(-0.199605763153,3.609826551157,
    10.750003870435));
#2229 = CARTESIAN_POINT('',(-1.832361376208,2.775572290214,
    10.916668048751));
#2230 = CARTESIAN_POINT('',(-2.649998980499,1.387513995188,
    11.083333782813));
#2231 = CARTESIAN_POINT('',(-2.64999732032,-1.387513813686,
    11.416667927792));
#2232 = CARTESIAN_POINT('',(-1.832349126463,-2.775578522113,
    11.583333661895));
#2233 = CARTESIAN_POINT('',(-0.199666961876,-3.609821576077,
    11.749997840085));
#2234 = CARTESIAN_POINT('',(1.825940677482,-3.356851547481,
    11.916676928915));
#2235 = CARTESIAN_POINT('',(3.356432709151,-1.825600448155,
    12.083323082257));
#2236 = CARTESIAN_POINT('',(3.610133087725,0.1995046735,12.250007189748)
  );
#2237 = CARTESIAN_POINT('',(2.775452515705,1.832384489872,12.4166656713)
  );
#2238 = CARTESIAN_POINT('',(1.387533218548,2.649997311413,12.58333459126
    ));
#2239 = CARTESIAN_POINT('',(-1.387533144604,2.649998592976,
    12.916667119348));
#2240 = CARTESIAN_POINT('',(-2.775465111808,1.832392047877,
    13.083336039301));
#2241 = CARTESIAN_POINT('',(-3.610080750835,0.199478335302,
    13.249994520895));
#2242 = CARTESIAN_POINT('',(-3.35653258926,-1.825563842065,
    13.416678628269));
#2243 = CARTESIAN_POINT('',(-1.825833534393,-3.356869721014,
    13.583324781801));
#2244 = CARTESIAN_POINT('',(0.199605762859,-3.609826551238,
    13.750003870438));
#2245 = CARTESIAN_POINT('',(1.832361376334,-2.775572290181,
    13.916668048748));
#2246 = CARTESIAN_POINT('',(2.649998980488,-1.387513995188,
    14.083333782816));
#2247 = CARTESIAN_POINT('',(2.64999732033,1.387513813686,14.416667927787
    ));
#2248 = CARTESIAN_POINT('',(1.832349126445,2.775578522129,
    14.583333661909));
#2249 = CARTESIAN_POINT('',(0.199666961897,3.609821576038,
    14.749997840067));
#2250 = CARTESIAN_POINT('',(-1.825940677497,3.356851547531,
    14.916676928931));
#2251 = CARTESIAN_POINT('',(-3.356432709147,1.825600448116,
    15.083323082249));
#2252 = CARTESIAN_POINT('',(-3.610133087721,-0.199504673482,
    15.250007189749));
#2253 = CARTESIAN_POINT('',(-2.77545251571,-1.832384489877,
    15.416665671301));
#2254 = CARTESIAN_POINT('',(-1.387533218546,-2.649997311412,
    15.58333459126));
#2255 = CARTESIAN_POINT('',(1.387533144602,-2.649998592976,
    15.916667119347));
#2256 = CARTESIAN_POINT('',(2.7754651118,-1.832392047892,16.083336039302
    ));
#2257 = CARTESIAN_POINT('',(3.610080750888,-0.199478335234,
    16.249994520896));
#2258 = CARTESIAN_POINT('',(3.356532589129,1.825563841915,16.41667862826
    ));
#2259 = CARTESIAN_POINT('',(1.825833534577,3.35686972121,16.583324781819
    ));
#2260 = CARTESIAN_POINT('',(-0.199605763018,3.609826551085,
    16.750003870416));
#2261 = CARTESIAN_POINT('',(-1.832361376252,2.775572290245,
    16.916668048764));
#2262 = CARTESIAN_POINT('',(-2.649998980503,1.387513995185,
    17.08333378281));
#2263 = CARTESIAN_POINT('',(-2.649997320325,-1.387513813685,
    17.416667927788));
#2264 = CARTESIAN_POINT('',(-1.832349126449,-2.775578522135,
    17.583333661909));
#2265 = CARTESIAN_POINT('',(-0.199666961892,-3.609821576025,
    17.749997840066));
#2266 = CARTESIAN_POINT('',(1.825940677491,-3.356851547546,
    17.91667692893));
#2267 = CARTESIAN_POINT('',(3.356432709153,-1.825600448106,
    18.08332308225));
#2268 = CARTESIAN_POINT('',(3.610133087718,0.199504673479,
    18.250007189749));
#2269 = CARTESIAN_POINT('',(2.775452515711,1.832384489877,
    18.416665671301));
#2270 = CARTESIAN_POINT('',(1.387533218546,2.649997311412,
    18.583334591259));
#2271 = CARTESIAN_POINT('',(-1.387533144603,2.649998592976,
    18.916667119348));
#2272 = CARTESIAN_POINT('',(-2.775465111806,1.832392047877,
    19.083336039301));
#2273 = CARTESIAN_POINT('',(-3.610080750858,0.199478335305,
    19.249994520898));
#2274 = CARTESIAN_POINT('',(-3.3565325892,-1.825563842067,19.41667862826
    ));
#2275 = CARTESIAN_POINT('',(-1.825833534477,-3.356869721018,
    19.583324781817));
#2276 = CARTESIAN_POINT('',(0.199605762935,-3.609826551227,
    19.750003870419));
#2277 = CARTESIAN_POINT('',(1.832361376291,-2.775572290189,
    19.916668048761));
#2278 = CARTESIAN_POINT('',(2.6499989805,-1.387513995184,20.083333782811
    ));
#2279 = CARTESIAN_POINT('',(2.649997320326,1.387513813684,
    20.416667927788));
#2280 = CARTESIAN_POINT('',(1.832349126455,2.77557852214,20.583333661906
    ));
#2281 = CARTESIAN_POINT('',(0.199666961875,3.609821576013,
    20.749997840077));
#2282 = CARTESIAN_POINT('',(-1.825940677461,3.356851547559,
    20.916676928912));
#2283 = CARTESIAN_POINT('',(-3.356432709194,1.825600448096,
    21.083323082273));
#2284 = CARTESIAN_POINT('',(-3.610133087675,-0.199504673473,
    21.250007189726));
#2285 = CARTESIAN_POINT('',(-2.775452515748,-1.83238448988,
    21.41666567132));
#2286 = CARTESIAN_POINT('',(-1.387533218521,-2.649997311411,
    21.583334591247));
#2287 = CARTESIAN_POINT('',(1.387533144551,-2.649998592978,
    21.916667119373));
#2288 = CARTESIAN_POINT('',(2.77546511207,-1.832392047875,
    22.083336039165));
#2289 = CARTESIAN_POINT('',(3.610080750194,-0.199478335287,
    22.24999452125));
#2290 = CARTESIAN_POINT('',(3.356532590392,1.825563842021,
    22.416678627622));
#2291 = CARTESIAN_POINT('',(1.825833532794,3.356869721061,22.5833247827)
  );
#2292 = CARTESIAN_POINT('',(-0.199605761014,3.609826551232,
    22.750003869451));
#2293 = CARTESIAN_POINT('',(-1.832361378055,2.775572290137,
    22.916668049613));
#2294 = CARTESIAN_POINT('',(-2.649998979223,1.387513995243,
    23.083333782211));
#2295 = CARTESIAN_POINT('',(-2.649997323003,-1.387513813814,
    23.416667929052));
#2296 = CARTESIAN_POINT('',(-1.832349111981,-2.775578521415,
    23.583333655082));
#2297 = CARTESIAN_POINT('',(-0.199666999741,-3.609821577919,
    23.749997857913));
#2298 = CARTESIAN_POINT('',(1.825940746455,-3.356851544093,
    23.916676896429));
#2299 = CARTESIAN_POINT('',(3.356432613212,-1.825600452906,
    24.08332312745));
#2300 = CARTESIAN_POINT('',(3.610133193269,0.199504678755,24.25000714003
    ));
#2301 = CARTESIAN_POINT('',(2.7754524228,1.832384485234,24.416665715062)
  );
#2302 = CARTESIAN_POINT('',(1.387533283719,2.649997314669,
    24.583334560564));
#2303 = CARTESIAN_POINT('',(-1.387533281128,2.649998586153,
    24.91666718365));
#2304 = CARTESIAN_POINT('',(-2.775464374686,1.832392084712,
    25.08333569213));
#2305 = CARTESIAN_POINT('',(-3.610082678398,0.199478238984,
    25.249995428728));
#2306 = CARTESIAN_POINT('',(-3.356529077906,-1.825563666609,
    25.416676974519));
#2307 = CARTESIAN_POINT('',(-1.825838418606,-3.356869965072,
    25.583327082136));
#2308 = CARTESIAN_POINT('',(0.19961113588,-3.609826282744,
    25.750001339863));
#2309 = CARTESIAN_POINT('',(1.832356646964,-2.775572526518,
    25.916670276203));
#2310 = CARTESIAN_POINT('',(2.650002297884,-1.387513829404,
    26.083332220361));
#2311 = CARTESIAN_POINT('',(2.649996334446,-1.814964732592E-07,
    26.250001710604));
#2312 = ADVANCED_FACE('',(#2313),#2507,.F.);
#2313 = FACE_BOUND('',#2314,.F.);
#2314 = EDGE_LOOP('',(#2315,#2316,#2317,#2329,#2366,#2506));
#2315 = ORIENTED_EDGE('',*,*,#358,.F.);
#2316 = ORIENTED_EDGE('',*,*,#1801,.T.);
#2317 = ORIENTED_EDGE('',*,*,#2318,.T.);
#2318 = EDGE_CURVE('',#1802,#2319,#2321,.T.);
#2319 = VERTEX_POINT('',#2320);
#2320 = CARTESIAN_POINT('',(-1.507743804635,-2.35938733988,25.));
#2321 = B_SPLINE_CURVE_WITH_KNOTS('',6,(#2322,#2323,#2324,#2325,#2326,
    #2327,#2328),.UNSPECIFIED.,.F.,.F.,(7,7),(0.,1.),
  .PIECEWISE_BEZIER_KNOTS.);
#2322 = CARTESIAN_POINT('',(-1.873844623325,-1.873823006346,25.));
#2323 = CARTESIAN_POINT('',(-1.729601242013,-2.120021833332,25.));
#2324 = CARTESIAN_POINT('',(-1.55180065097,-2.348418183979,25.));
#2325 = CARTESIAN_POINT('',(-1.344487467032,-2.55375915367,25.));
#2326 = CARTESIAN_POINT('',(-1.11242386907,-2.732351549277,25.));
#2327 = CARTESIAN_POINT('',(-0.860539224655,-2.881593970432,25.));
#2328 = CARTESIAN_POINT('',(-0.593952651442,-3.,25.));
#2329 = ORIENTED_EDGE('',*,*,#2330,.T.);
#2330 = EDGE_CURVE('',#2319,#2331,#2333,.T.);
#2331 = VERTEX_POINT('',#2332);
#2332 = CARTESIAN_POINT('',(-3.635729142881,1.411178764351,
    24.057148142274));
#2333 = B_SPLINE_CURVE_WITH_KNOTS('',6,(#2334,#2335,#2336,#2337,#2338,
    #2339,#2340,#2341,#2342,#2343,#2344,#2345,#2346,#2347,#2348,#2349,
    #2350,#2351,#2352,#2353,#2354,#2355,#2356,#2357,#2358,#2359,#2360,
    #2361,#2362,#2363,#2364,#2365),.UNSPECIFIED.,.F.,.F.,(7,5,5,5,5,5,7)
  ,(0.,0.338801601171,0.519779630119,0.612529387949,0.659614456907,
    0.708366744161,1.),.UNSPECIFIED.);
#2334 = CARTESIAN_POINT('',(-1.507743659939,-2.359387432347,25.));
#2335 = CARTESIAN_POINT('',(-1.750891177955,-2.286872061989,
    24.940149303496));
#2336 = CARTESIAN_POINT('',(-1.988218443285,-2.186315093991,
    24.881379765421));
#2337 = CARTESIAN_POINT('',(-2.21565207549,-2.059036939254,
    24.823645764292));
#2338 = CARTESIAN_POINT('',(-2.429754241498,-1.907068035694,
    24.766879567937));
#2339 = CARTESIAN_POINT('',(-2.62763585725,-1.732828275284,
    24.711030572097));
#2340 = CARTESIAN_POINT('',(-2.902769495193,-1.43564860303,
    24.626716027749));
#2341 = CARTESIAN_POINT('',(-2.993284686427,-1.32661012247,
    24.597610466746));
#2342 = CARTESIAN_POINT('',(-3.078170311138,-1.212422624509,
    24.56874997218));
#2343 = CARTESIAN_POINT('',(-3.157129355728,-1.093520177707,
    24.54012813865));
#2344 = CARTESIAN_POINT('',(-3.229912499172,-0.97035003286,
    24.511738906899));
#2345 = CARTESIAN_POINT('',(-3.330345290352,-0.778291534262,
    24.469144430288));
#2346 = CARTESIAN_POINT('',(-3.362700108554,-0.712213157465,
    24.454771404253));
#2347 = CARTESIAN_POINT('',(-3.393351776212,-0.645194637648,
    24.440457276078));
#2348 = CARTESIAN_POINT('',(-3.422276021256,-0.577297459757,
    24.426201277411));
#2349 = CARTESIAN_POINT('',(-3.449451682025,-0.508583345491,
    24.412002634353));
#2350 = CARTESIAN_POINT('',(-3.487759778209,-0.403847778512,
    24.390681247434));
#2351 = CARTESIAN_POINT('',(-3.500203557665,-0.368386717137,
    24.383516505977));
#2352 = CARTESIAN_POINT('',(-3.512189680661,-0.33273916138,
    24.376366239923));
#2353 = CARTESIAN_POINT('',(-3.523715982178,-0.29691319984,
    24.369230344074));
#2354 = CARTESIAN_POINT('',(-3.534780497158,-0.260916917514,
    24.362108711212));
#2355 = CARTESIAN_POINT('',(-3.556357789546,-0.187319549966,
    24.347642086808));
#2356 = CARTESIAN_POINT('',(-3.566837338526,-0.149706845088,
    24.340297963265));
#2357 = CARTESIAN_POINT('',(-3.576817166818,-0.111928623507,
    24.332969571748));
#2358 = CARTESIAN_POINT('',(-3.586297930089,-7.39955744326E-02,
    24.32565474795));
#2359 = CARTESIAN_POINT('',(-3.595274786545,-3.591414665549E-02,
    24.318356214129));
#2360 = CARTESIAN_POINT('',(-3.654442955919,0.230927342355,
    24.267494378884));
#2361 = CARTESIAN_POINT('',(-3.687121595634,0.464501509249,
    24.224442049803));
#2362 = CARTESIAN_POINT('',(-3.70148840367,0.701121192247,24.18190245358
    ));
#2363 = CARTESIAN_POINT('',(-3.697536113409,0.938937542686,
    24.13985215366));
#2364 = CARTESIAN_POINT('',(-3.675475506415,1.176183791155,
    24.098271922385));
#2365 = CARTESIAN_POINT('',(-3.635729142881,1.411178764351,
    24.057148142274));
#2366 = ORIENTED_EDGE('',*,*,#2367,.F.);
#2367 = EDGE_CURVE('',#301,#2331,#2368,.T.);
#2368 = B_SPLINE_CURVE_WITH_KNOTS('',9,(#2369,#2370,#2371,#2372,#2373,
    #2374,#2375,#2376,#2377,#2378,#2379,#2380,#2381,#2382,#2383,#2384,
    #2385,#2386,#2387,#2388,#2389,#2390,#2391,#2392,#2393,#2394,#2395,
    #2396,#2397,#2398,#2399,#2400,#2401,#2402,#2403,#2404,#2405,#2406,
    #2407,#2408,#2409,#2410,#2411,#2412,#2413,#2414,#2415,#2416,#2417,
    #2418,#2419,#2420,#2421,#2422,#2423,#2424,#2425,#2426,#2427,#2428,
    #2429,#2430,#2431,#2432,#2433,#2434,#2435,#2436,#2437,#2438,#2439,
    #2440,#2441,#2442,#2443,#2444,#2445,#2446,#2447,#2448,#2449,#2450,
    #2451,#2452,#2453,#2454,#2455,#2456,#2457,#2458,#2459,#2460,#2461,
    #2462,#2463,#2464,#2465,#2466,#2467,#2468,#2469,#2470,#2471,#2472,
    #2473,#2474,#2475,#2476,#2477,#2478,#2479,#2480,#2481,#2482,#2483,
    #2484,#2485,#2486,#2487,#2488,#2489,#2490,#2491,#2492,#2493,#2494,
    #2495,#2496,#2497,#2498,#2499,#2500,#2501,#2502,#2503,#2504,#2505),
  .UNSPECIFIED.,.F.,.F.,(10,8,9,8,9,8,9,8,9,8,9,8,9,8,9,8,10),(0.,
    4.945362464213,9.890724928427,14.83608739264,19.781449856854,
    24.726812321067,29.672174785281,34.617537249494,39.562899713707,
    44.508262177921,49.453624642134,54.398987106348,59.344349570561,
    64.289712034774,69.235074498988,74.180436963201,79.125799427415),
  .UNSPECIFIED.);
#2369 = CARTESIAN_POINT('',(3.9,8.881784197001E-16,3.175));
#2370 = CARTESIAN_POINT('',(3.900001414586,2.042092400436,3.341659410845
    ));
#2371 = CARTESIAN_POINT('',(2.69669855731,4.084443417666,3.508338196487)
  );
#2372 = CARTESIAN_POINT('',(0.293733753727,5.313329862614,3.674999095117
    ));
#2373 = CARTESIAN_POINT('',(-2.687057131783,4.939349602409,
    3.841646107611));
#2374 = CARTESIAN_POINT('',(-4.939823959809,2.687443935642,
    4.008355558334));
#2375 = CARTESIAN_POINT('',(-5.312941464049,-0.293927513246,
    4.174983717933));
#2376 = CARTESIAN_POINT('',(-4.084649896846,-2.696655451278,
    4.34166844626));
#2377 = CARTESIAN_POINT('',(-2.042033036473,-3.900000486442,
    4.508330185058));
#2378 = CARTESIAN_POINT('',(2.042033478091,-3.89999991336,4.841665589011
    ));
#2379 = CARTESIAN_POINT('',(4.084647251203,-2.696653456695,
    5.008325595261));
#2380 = CARTESIAN_POINT('',(5.312953707898,-0.293932557996,
    5.175016294815));
#2381 = CARTESIAN_POINT('',(4.939800362148,2.68745208717,5.341631773645)
  );
#2382 = CARTESIAN_POINT('',(2.687081594281,4.939346927649,5.508361152315
    ));
#2383 = CARTESIAN_POINT('',(-0.293748611643,5.313327278781,
    5.674983588597));
#2384 = CARTESIAN_POINT('',(-2.696696143393,4.084445797927,5.84166882076
    ));
#2385 = CARTESIAN_POINT('',(-3.900001249444,2.042091080135,
    6.008328164601));
#2386 = CARTESIAN_POINT('',(-3.900000000002,-9.948195564077E-13,
    6.174999999991));
#2387 = CARTESIAN_POINT('',(-3.900001414582,-2.042092400437,
    6.341659410861));
#2388 = CARTESIAN_POINT('',(-2.696698557314,-4.084443417662,
    6.508338196468));
#2389 = CARTESIAN_POINT('',(-0.293733753724,-5.313329862621,
    6.674999095132));
#2390 = CARTESIAN_POINT('',(2.687057131781,-4.939349602401,
    6.841646107602));
#2391 = CARTESIAN_POINT('',(4.93982395981,-2.687443935647,7.008355558338
    ));
#2392 = CARTESIAN_POINT('',(5.312941464049,0.293927513248,7.17498371793)
  );
#2393 = CARTESIAN_POINT('',(4.084649896846,2.696655451277,7.341668446261
    ));
#2394 = CARTESIAN_POINT('',(2.042033036473,3.900000486442,7.508330185057
    ));
#2395 = CARTESIAN_POINT('',(-2.042033478091,3.89999991336,7.841665589013
    ));
#2396 = CARTESIAN_POINT('',(-4.084647251201,2.69665345669,8.00832559525)
  );
#2397 = CARTESIAN_POINT('',(-5.312953707905,0.293932558021,
    8.175016294845));
#2398 = CARTESIAN_POINT('',(-4.939800362136,-2.687452087228,
    8.341631773591));
#2399 = CARTESIAN_POINT('',(-2.687081594291,-4.939346927569,
    8.508361152388));
#2400 = CARTESIAN_POINT('',(0.293748611643,-5.313327278846,
    8.674983588521));
#2401 = CARTESIAN_POINT('',(2.696696143396,-4.084445797901,8.84166882082
    ));
#2402 = CARTESIAN_POINT('',(3.900001249441,-2.042091080129,
    9.008328164564));
#2403 = CARTESIAN_POINT('',(3.899999999998,-1.55818958467E-12,
    9.17500000001));
#2404 = CARTESIAN_POINT('',(3.900001412724,2.042092399421,9.341659401227
    ));
#2405 = CARTESIAN_POINT('',(2.696698564981,4.084443421856,9.508338236005
    ));
#2406 = CARTESIAN_POINT('',(0.293733734928,5.313329852347,9.674998998358
    ));
#2407 = CARTESIAN_POINT('',(-2.687057098417,4.939349620626,
    9.841646279267));
#2408 = CARTESIAN_POINT('',(-4.939824005632,2.68744391063,
    10.008355322638));
#2409 = CARTESIAN_POINT('',(-5.312941413988,-0.293927485925,
    10.174983975409));
#2410 = CARTESIAN_POINT('',(-4.084649940738,-2.696655475229,
    10.341668220521));
#2411 = CARTESIAN_POINT('',(-2.042033005753,-3.900000469679,
    10.508330343047));
#2412 = CARTESIAN_POINT('',(2.042033413779,-3.899999948454,
    10.841665258258));
#2413 = CARTESIAN_POINT('',(4.08464759837,-2.696653267247,
    11.008327380784));
#2414 = CARTESIAN_POINT('',(5.312952800127,-0.293933053379,
    11.175011625893));
#2415 = CARTESIAN_POINT('',(4.939802015746,2.687452989576,11.34164027867
    ));
#2416 = CARTESIAN_POINT('',(2.687079294146,4.939345672423,
    11.508349322041));
#2417 = CARTESIAN_POINT('',(-0.293746081227,5.313328659638,
    11.674996602926));
#2418 = CARTESIAN_POINT('',(-2.69669837077,4.08444458248,11.841657365335
    ));
#2419 = CARTESIAN_POINT('',(-3.899999687012,2.042091932709,
    12.008336200043));
#2420 = CARTESIAN_POINT('',(-3.90000085529,-4.667124969742E-07,
    12.174995601311));
#2421 = CARTESIAN_POINT('',(-3.899999852158,-2.042091547855,
    12.341667446304));
#2422 = CARTESIAN_POINT('',(-2.696700784721,-4.084444633115,
    12.508326741032));
#2423 = CARTESIAN_POINT('',(-0.293731223207,-5.31332848176,
    12.675012109489));
#2424 = CARTESIAN_POINT('',(2.687054831495,-4.939350857633,
    12.841634277295));
#2425 = CARTESIAN_POINT('',(4.939825613534,-2.687443033234,
    13.00836406339));
#2426 = CARTESIAN_POINT('',(5.312940556218,0.29392701786,13.174979048994
    ));
#2427 = CARTESIAN_POINT('',(4.084650244027,2.696655640727,
    13.341670231788));
#2428 = CARTESIAN_POINT('',(2.04203297216,3.900000451348,13.508329854304
    ));
#2429 = CARTESIAN_POINT('',(-2.04203344737,3.899999930123,
    13.841665746999));
#2430 = CARTESIAN_POINT('',(-4.084647295116,2.696653432751,
    14.008325369529));
#2431 = CARTESIAN_POINT('',(-5.312953657751,0.293932585284,
    14.175016552275));
#2432 = CARTESIAN_POINT('',(-4.939800408148,-2.687452112115,
    14.341631537979));
#2433 = CARTESIAN_POINT('',(-2.687081560687,-4.939346909517,
    14.508361323932));
#2434 = CARTESIAN_POINT('',(0.293748592654,-5.313327288978,
    14.674983491878));
#2435 = CARTESIAN_POINT('',(2.696696151162,-4.084445793775,
    14.841668860244));
#2436 = CARTESIAN_POINT('',(3.900001247558,-2.042091081133,
    15.008328155008));
#2437 = CARTESIAN_POINT('',(3.900000000002,1.313854788111E-12,
    15.174999999988));
#2438 = CARTESIAN_POINT('',(3.900001414581,2.042092400437,
    15.341659410868));
#2439 = CARTESIAN_POINT('',(2.696698557316,4.08444341766,15.508338196457
    ));
#2440 = CARTESIAN_POINT('',(0.293733753722,5.313329862625,
    15.674999095144));
#2441 = CARTESIAN_POINT('',(-2.68705713178,4.939349602397,
    15.841646107595));
#2442 = CARTESIAN_POINT('',(-4.93982395981,2.687443935649,16.00835555834
    ));
#2443 = CARTESIAN_POINT('',(-5.312941464049,-0.293927513249,
    16.174983717931));
#2444 = CARTESIAN_POINT('',(-4.084649896846,-2.696655451277,
    16.34166844626));
#2445 = CARTESIAN_POINT('',(-2.042033036473,-3.900000486442,
    16.508330185058));
#2446 = CARTESIAN_POINT('',(2.042033478091,-3.89999991336,
    16.841665589011));
#2447 = CARTESIAN_POINT('',(4.084647251206,-2.696653456707,
    17.008325595259));
#2448 = CARTESIAN_POINT('',(5.312953707885,-0.293932557945,
    17.17501629482));
#2449 = CARTESIAN_POINT('',(4.939800362174,2.687452087066,
    17.341631773638));
#2450 = CARTESIAN_POINT('',(2.687081594249,4.939346927777,17.50836115232
    ));
#2451 = CARTESIAN_POINT('',(-0.293748611616,5.313327278683,
    17.674983588599));
#2452 = CARTESIAN_POINT('',(-2.696696143409,4.084445797974,
    17.84166882075));
#2453 = CARTESIAN_POINT('',(-3.900001249435,2.04209108012,
    18.008328164612));
#2454 = CARTESIAN_POINT('',(-3.900000000002,-1.86517468137E-13,
    18.174999999988));
#2455 = CARTESIAN_POINT('',(-3.900001412716,-2.04209239942,
    18.341659401272));
#2456 = CARTESIAN_POINT('',(-2.696698564993,-4.084443421849,
    18.508338235955));
#2457 = CARTESIAN_POINT('',(-0.293733734916,-5.313329852364,
    18.674998998393));
#2458 = CARTESIAN_POINT('',(2.687057098409,-4.939349620605,
    18.841646279251));
#2459 = CARTESIAN_POINT('',(4.939824005635,-2.687443910645,
    19.008355322643));
#2460 = CARTESIAN_POINT('',(5.312941413987,0.293927485932,
    19.174983975409));
#2461 = CARTESIAN_POINT('',(4.084649940739,2.696655475228,
    19.341668220521));
#2462 = CARTESIAN_POINT('',(2.042033005753,3.900000469679,
    19.508330343047));
#2463 = CARTESIAN_POINT('',(-2.042033413779,3.899999948454,
    19.841665258258));
#2464 = CARTESIAN_POINT('',(-4.084647598394,2.696653267243,
    20.008327380784));
#2465 = CARTESIAN_POINT('',(-5.312952800017,0.293933053396,
    20.175011625892));
#2466 = CARTESIAN_POINT('',(-4.939802015982,-2.68745298961,
    20.341640278676));
#2467 = CARTESIAN_POINT('',(-2.687079293849,-4.939345672382,
    20.508349322027));
#2468 = CARTESIAN_POINT('',(0.293746081006,-5.313328659667,
    20.674996602951));
#2469 = CARTESIAN_POINT('',(2.696698370863,-4.084444582466,
    20.841657365307));
#2470 = CARTESIAN_POINT('',(3.899999687006,-2.042091932706,
    21.008336200064));
#2471 = CARTESIAN_POINT('',(3.900000855289,4.667169395232E-07,
    21.174995601306));
#2472 = CARTESIAN_POINT('',(3.899999852156,2.042091547847,
    21.341667446322));
#2473 = CARTESIAN_POINT('',(2.696700784726,4.084444633121,
    21.508326741022));
#2474 = CARTESIAN_POINT('',(0.293731223199,5.313328481763,
    21.675012109474));
#2475 = CARTESIAN_POINT('',(-2.687054831488,4.939350857625,
    21.841634277327));
#2476 = CARTESIAN_POINT('',(-4.939825613536,2.687443033241,
    22.008364063361));
#2477 = CARTESIAN_POINT('',(-5.312940556219,-0.293927017862,
    22.174979049011));
#2478 = CARTESIAN_POINT('',(-4.084650244025,-2.696655640727,
    22.341670231782));
#2479 = CARTESIAN_POINT('',(-2.042032972161,-3.900000451348,
    22.508329854306));
#2480 = CARTESIAN_POINT('',(2.042033447371,-3.899999930123,
    22.841665746999));
#2481 = CARTESIAN_POINT('',(4.084647295093,-2.696653432753,
    23.008325369528));
#2482 = CARTESIAN_POINT('',(5.31295365785,-0.293932585276,
    23.175016552277));
#2483 = CARTESIAN_POINT('',(4.939800407941,2.687452112098,
    23.341631537979));
#2484 = CARTESIAN_POINT('',(2.687081560949,4.939346909539,
    23.508361323929));
#2485 = CARTESIAN_POINT('',(-0.293748592861,5.31332728896,
    23.674983491883));
#2486 = CARTESIAN_POINT('',(-2.696696151068,4.084445793785,
    23.841668860241));
#2487 = CARTESIAN_POINT('',(-3.900001247574,2.042091081125,
    24.008328155008));
#2488 = CARTESIAN_POINT('',(-3.900000000002,-5.417888360171E-13,
    24.174999999989));
#2489 = CARTESIAN_POINT('',(-3.900001412717,-2.04209239942,
    24.341659401263));
#2490 = CARTESIAN_POINT('',(-2.69669856499,-4.084443421849,
    24.50833823597));
#2491 = CARTESIAN_POINT('',(-0.29373373492,-5.313329852362,
    24.674998998379));
#2492 = CARTESIAN_POINT('',(2.687057098414,-4.939349620608,
    24.84164627926));
#2493 = CARTESIAN_POINT('',(4.939824005632,-2.687443910642,
    25.008355322641));
#2494 = CARTESIAN_POINT('',(5.312941413988,0.293927485931,
    25.174983975408));
#2495 = CARTESIAN_POINT('',(4.084649940738,2.696655475228,
    25.341668220522));
#2496 = CARTESIAN_POINT('',(2.042033005753,3.900000469679,
    25.508330343047));
#2497 = CARTESIAN_POINT('',(-2.042033413779,3.899999948454,
    25.841665258258));
#2498 = CARTESIAN_POINT('',(-4.084647598388,2.696653267246,
    26.008327380785));
#2499 = CARTESIAN_POINT('',(-5.312952800047,0.293933053384,
    26.175011625889));
#2500 = CARTESIAN_POINT('',(-4.939802015918,-2.687452989584,
    26.34164027868));
#2501 = CARTESIAN_POINT('',(-2.687079293933,-4.939345672417,
    26.508349322029));
#2502 = CARTESIAN_POINT('',(0.293746081073,-5.313328659637,
    26.674996602931));
#2503 = CARTESIAN_POINT('',(2.696698370829,-4.084444582481,
    26.841657365344));
#2504 = CARTESIAN_POINT('',(3.899999687015,-2.0420919327,27.008336200026
    ));
#2505 = CARTESIAN_POINT('',(3.900000855289,4.667187847474E-07,
    27.174995601326));
#2506 = ORIENTED_EDGE('',*,*,#331,.F.);
#2507 = B_SPLINE_SURFACE_WITH_KNOTS('',1,9,(
    (#2508,#2509,#2510,#2511,#2512,#2513,#2514,#2515,#2516,#2517,#2518
      ,#2519,#2520,#2521,#2522,#2523,#2524,#2525,#2526,#2527,#2528,#2529
      ,#2530,#2531,#2532,#2533,#2534,#2535,#2536,#2537,#2538,#2539,#2540
      ,#2541,#2542,#2543,#2544,#2545,#2546,#2547,#2548,#2549,#2550,#2551
      ,#2552,#2553,#2554,#2555,#2556,#2557,#2558,#2559,#2560,#2561,#2562
      ,#2563,#2564,#2565,#2566,#2567,#2568,#2569,#2570,#2571,#2572,#2573
      ,#2574,#2575,#2576,#2577,#2578,#2579,#2580,#2581,#2582,#2583,#2584
      ,#2585,#2586,#2587,#2588,#2589,#2590,#2591,#2592,#2593,#2594,#2595
      ,#2596,#2597,#2598,#2599,#2600,#2601,#2602,#2603,#2604,#2605,#2606
      ,#2607,#2608,#2609,#2610,#2611,#2612,#2613,#2614,#2615,#2616,#2617
      ,#2618,#2619,#2620,#2621,#2622,#2623,#2624,#2625,#2626,#2627,#2628
      ,#2629,#2630,#2631,#2632,#2633,#2634,#2635,#2636,#2637,#2638,#2639
      ,#2640,#2641,#2642,#2643,#2644)
    ,(#2645,#2646,#2647,#2648,#2649,#2650,#2651,#2652,#2653,#2654,#2655
      ,#2656,#2657,#2658,#2659,#2660,#2661,#2662,#2663,#2664,#2665,#2666
      ,#2667,#2668,#2669,#2670,#2671,#2672,#2673,#2674,#2675,#2676,#2677
      ,#2678,#2679,#2680,#2681,#2682,#2683,#2684,#2685,#2686,#2687,#2688
      ,#2689,#2690,#2691,#2692,#2693,#2694,#2695,#2696,#2697,#2698,#2699
      ,#2700,#2701,#2702,#2703,#2704,#2705,#2706,#2707,#2708,#2709,#2710
      ,#2711,#2712,#2713,#2714,#2715,#2716,#2717,#2718,#2719,#2720,#2721
      ,#2722,#2723,#2724,#2725,#2726,#2727,#2728,#2729,#2730,#2731,#2732
      ,#2733,#2734,#2735,#2736,#2737,#2738,#2739,#2740,#2741,#2742,#2743
      ,#2744,#2745,#2746,#2747,#2748,#2749,#2750,#2751,#2752,#2753,#2754
      ,#2755,#2756,#2757,#2758,#2759,#2760,#2761,#2762,#2763,#2764,#2765
      ,#2766,#2767,#2768,#2769,#2770,#2771,#2772,#2773,#2774,#2775,#2776
      ,#2777,#2778,#2779,#2780,#2781
    )),.UNSPECIFIED.,.F.,.F.,.F.,(2,2),(10,8,9,8,9,8,9,8,9,8,9,8,9,8,9,8
    ,10),(0.,1.375908790582),(0.,4.945362464213,9.890724928427,
    14.83608739264,19.781449856854,24.726812321067,29.672174785281,
    34.617537249494,39.562899713707,44.508262177921,49.453624642134,
    54.398987106348,59.344349570561,64.289712034774,69.235074498988,
    74.180436963201,79.125799427415),.UNSPECIFIED.);
#2508 = CARTESIAN_POINT('',(3.9,-8.881784197001E-16,3.175));
#2509 = CARTESIAN_POINT('',(3.900001414586,2.042092400436,3.341659410845
    ));
#2510 = CARTESIAN_POINT('',(2.69669855731,4.084443417666,3.508338196487)
  );
#2511 = CARTESIAN_POINT('',(0.293733753727,5.313329862614,3.674999095117
    ));
#2512 = CARTESIAN_POINT('',(-2.687057131783,4.939349602409,
    3.841646107611));
#2513 = CARTESIAN_POINT('',(-4.939823959809,2.687443935641,
    4.008355558334));
#2514 = CARTESIAN_POINT('',(-5.31294146405,-0.293927513246,
    4.174983717933));
#2515 = CARTESIAN_POINT('',(-4.084649896846,-2.696655451278,
    4.34166844626));
#2516 = CARTESIAN_POINT('',(-2.042033036473,-3.900000486442,
    4.508330185058));
#2517 = CARTESIAN_POINT('',(2.042033478091,-3.89999991336,4.841665589011
    ));
#2518 = CARTESIAN_POINT('',(4.084647251203,-2.696653456695,
    5.008325595261));
#2519 = CARTESIAN_POINT('',(5.312953707898,-0.293932557996,
    5.175016294815));
#2520 = CARTESIAN_POINT('',(4.939800362148,2.68745208717,5.341631773645)
  );
#2521 = CARTESIAN_POINT('',(2.687081594281,4.93934692765,5.508361152315)
  );
#2522 = CARTESIAN_POINT('',(-0.293748611643,5.313327278781,
    5.674983588597));
#2523 = CARTESIAN_POINT('',(-2.696696143393,4.084445797927,5.84166882076
    ));
#2524 = CARTESIAN_POINT('',(-3.900001249444,2.042091080135,
    6.008328164601));
#2525 = CARTESIAN_POINT('',(-3.900000000002,-9.948195564077E-13,
    6.174999999991));
#2526 = CARTESIAN_POINT('',(-3.900001414582,-2.042092400437,
    6.341659410861));
#2527 = CARTESIAN_POINT('',(-2.696698557314,-4.084443417662,
    6.508338196468));
#2528 = CARTESIAN_POINT('',(-0.293733753724,-5.313329862621,
    6.674999095132));
#2529 = CARTESIAN_POINT('',(2.687057131781,-4.939349602401,
    6.841646107602));
#2530 = CARTESIAN_POINT('',(4.93982395981,-2.687443935647,7.008355558338
    ));
#2531 = CARTESIAN_POINT('',(5.312941464049,0.293927513248,7.17498371793)
  );
#2532 = CARTESIAN_POINT('',(4.084649896846,2.696655451277,7.341668446261
    ));
#2533 = CARTESIAN_POINT('',(2.042033036473,3.900000486442,7.508330185057
    ));
#2534 = CARTESIAN_POINT('',(-2.042033478091,3.89999991336,7.841665589013
    ));
#2535 = CARTESIAN_POINT('',(-4.084647251201,2.69665345669,8.00832559525)
  );
#2536 = CARTESIAN_POINT('',(-5.312953707905,0.293932558021,
    8.175016294845));
#2537 = CARTESIAN_POINT('',(-4.939800362136,-2.687452087228,
    8.341631773591));
#2538 = CARTESIAN_POINT('',(-2.687081594291,-4.939346927569,
    8.508361152387));
#2539 = CARTESIAN_POINT('',(0.293748611643,-5.313327278846,
    8.674983588521));
#2540 = CARTESIAN_POINT('',(2.696696143396,-4.084445797901,8.84166882082
    ));
#2541 = CARTESIAN_POINT('',(3.900001249441,-2.042091080129,
    9.008328164564));
#2542 = CARTESIAN_POINT('',(3.899999999998,-1.555525049411E-12,
    9.17500000001));
#2543 = CARTESIAN_POINT('',(3.900001412724,2.042092399421,9.341659401227
    ));
#2544 = CARTESIAN_POINT('',(2.696698564981,4.084443421856,9.508338236005
    ));
#2545 = CARTESIAN_POINT('',(0.293733734928,5.313329852347,9.674998998358
    ));
#2546 = CARTESIAN_POINT('',(-2.687057098417,4.939349620626,
    9.841646279268));
#2547 = CARTESIAN_POINT('',(-4.939824005632,2.68744391063,
    10.008355322637));
#2548 = CARTESIAN_POINT('',(-5.312941413988,-0.293927485925,
    10.17498397541));
#2549 = CARTESIAN_POINT('',(-4.084649940738,-2.696655475229,
    10.341668220521));
#2550 = CARTESIAN_POINT('',(-2.042033005753,-3.900000469679,
    10.508330343047));
#2551 = CARTESIAN_POINT('',(2.042033413779,-3.899999948454,
    10.841665258258));
#2552 = CARTESIAN_POINT('',(4.08464759837,-2.696653267247,
    11.008327380784));
#2553 = CARTESIAN_POINT('',(5.312952800127,-0.293933053379,
    11.175011625893));
#2554 = CARTESIAN_POINT('',(4.939802015745,2.687452989576,
    11.341640278671));
#2555 = CARTESIAN_POINT('',(2.687079294147,4.939345672423,
    11.508349322041));
#2556 = CARTESIAN_POINT('',(-0.293746081227,5.313328659638,
    11.674996602926));
#2557 = CARTESIAN_POINT('',(-2.69669837077,4.08444458248,11.841657365335
    ));
#2558 = CARTESIAN_POINT('',(-3.899999687012,2.042091932709,
    12.008336200043));
#2559 = CARTESIAN_POINT('',(-3.90000085529,-4.667124969742E-07,
    12.174995601311));
#2560 = CARTESIAN_POINT('',(-3.899999852158,-2.042091547855,
    12.341667446304));
#2561 = CARTESIAN_POINT('',(-2.696700784721,-4.084444633115,
    12.508326741031));
#2562 = CARTESIAN_POINT('',(-0.293731223207,-5.31332848176,
    12.675012109489));
#2563 = CARTESIAN_POINT('',(2.687054831495,-4.939350857633,
    12.841634277295));
#2564 = CARTESIAN_POINT('',(4.939825613534,-2.687443033234,
    13.008364063391));
#2565 = CARTESIAN_POINT('',(5.312940556218,0.293927017859,
    13.174979048994));
#2566 = CARTESIAN_POINT('',(4.084650244027,2.696655640727,
    13.341670231788));
#2567 = CARTESIAN_POINT('',(2.04203297216,3.900000451348,13.508329854304
    ));
#2568 = CARTESIAN_POINT('',(-2.04203344737,3.899999930123,
    13.841665746999));
#2569 = CARTESIAN_POINT('',(-4.084647295116,2.696653432751,
    14.008325369528));
#2570 = CARTESIAN_POINT('',(-5.312953657751,0.293932585284,
    14.175016552276));
#2571 = CARTESIAN_POINT('',(-4.939800408148,-2.687452112115,
    14.341631537979));
#2572 = CARTESIAN_POINT('',(-2.687081560686,-4.939346909516,
    14.508361323933));
#2573 = CARTESIAN_POINT('',(0.293748592654,-5.313327288978,
    14.674983491877));
#2574 = CARTESIAN_POINT('',(2.696696151162,-4.084445793775,
    14.841668860245));
#2575 = CARTESIAN_POINT('',(3.900001247558,-2.042091081133,
    15.008328155008));
#2576 = CARTESIAN_POINT('',(3.900000000002,1.318295680209E-12,
    15.174999999988));
#2577 = CARTESIAN_POINT('',(3.900001414581,2.042092400437,
    15.341659410868));
#2578 = CARTESIAN_POINT('',(2.696698557316,4.08444341766,15.508338196457
    ));
#2579 = CARTESIAN_POINT('',(0.293733753722,5.313329862625,
    15.674999095144));
#2580 = CARTESIAN_POINT('',(-2.68705713178,4.939349602397,
    15.841646107595));
#2581 = CARTESIAN_POINT('',(-4.939823959811,2.687443935649,
    16.008355558341));
#2582 = CARTESIAN_POINT('',(-5.312941464049,-0.293927513249,
    16.174983717931));
#2583 = CARTESIAN_POINT('',(-4.084649896846,-2.696655451277,
    16.34166844626));
#2584 = CARTESIAN_POINT('',(-2.042033036473,-3.900000486442,
    16.508330185058));
#2585 = CARTESIAN_POINT('',(2.042033478091,-3.89999991336,
    16.841665589011));
#2586 = CARTESIAN_POINT('',(4.084647251206,-2.696653456707,
    17.00832559526));
#2587 = CARTESIAN_POINT('',(5.312953707885,-0.293932557945,
    17.175016294819));
#2588 = CARTESIAN_POINT('',(4.939800362174,2.687452087066,17.34163177364
    ));
#2589 = CARTESIAN_POINT('',(2.687081594249,4.939346927777,
    17.508361152318));
#2590 = CARTESIAN_POINT('',(-0.293748611616,5.313327278683,17.6749835886
    ));
#2591 = CARTESIAN_POINT('',(-2.696696143409,4.084445797974,
    17.841668820749));
#2592 = CARTESIAN_POINT('',(-3.900001249435,2.04209108012,
    18.008328164612));
#2593 = CARTESIAN_POINT('',(-3.900000000002,-1.882938249764E-13,
    18.174999999988));
#2594 = CARTESIAN_POINT('',(-3.900001412716,-2.04209239942,
    18.341659401272));
#2595 = CARTESIAN_POINT('',(-2.696698564993,-4.084443421848,
    18.508338235955));
#2596 = CARTESIAN_POINT('',(-0.293733734916,-5.313329852364,
    18.674998998394));
#2597 = CARTESIAN_POINT('',(2.687057098409,-4.939349620605,
    18.841646279251));
#2598 = CARTESIAN_POINT('',(4.939824005635,-2.687443910645,
    19.008355322644));
#2599 = CARTESIAN_POINT('',(5.312941413987,0.293927485932,
    19.174983975408));
#2600 = CARTESIAN_POINT('',(4.084649940739,2.696655475228,
    19.341668220521));
#2601 = CARTESIAN_POINT('',(2.042033005753,3.900000469679,
    19.508330343047));
#2602 = CARTESIAN_POINT('',(-2.042033413779,3.899999948454,
    19.841665258258));
#2603 = CARTESIAN_POINT('',(-4.084647598394,2.696653267243,
    20.008327380784));
#2604 = CARTESIAN_POINT('',(-5.312952800017,0.293933053396,
    20.175011625892));
#2605 = CARTESIAN_POINT('',(-4.939802015983,-2.68745298961,
    20.341640278676));
#2606 = CARTESIAN_POINT('',(-2.687079293849,-4.939345672382,
    20.508349322027));
#2607 = CARTESIAN_POINT('',(0.293746081006,-5.313328659667,
    20.674996602951));
#2608 = CARTESIAN_POINT('',(2.696698370863,-4.084444582466,
    20.841657365307));
#2609 = CARTESIAN_POINT('',(3.899999687006,-2.042091932706,
    21.008336200064));
#2610 = CARTESIAN_POINT('',(3.900000855289,4.667169381909E-07,
    21.174995601306));
#2611 = CARTESIAN_POINT('',(3.899999852156,2.042091547847,
    21.341667446322));
#2612 = CARTESIAN_POINT('',(2.696700784726,4.084444633121,
    21.508326741022));
#2613 = CARTESIAN_POINT('',(0.293731223199,5.313328481763,
    21.675012109474));
#2614 = CARTESIAN_POINT('',(-2.687054831488,4.939350857625,
    21.841634277327));
#2615 = CARTESIAN_POINT('',(-4.939825613536,2.687443033241,
    22.008364063361));
#2616 = CARTESIAN_POINT('',(-5.312940556219,-0.293927017862,
    22.174979049011));
#2617 = CARTESIAN_POINT('',(-4.084650244025,-2.696655640727,
    22.341670231782));
#2618 = CARTESIAN_POINT('',(-2.042032972161,-3.900000451348,
    22.508329854306));
#2619 = CARTESIAN_POINT('',(2.042033447371,-3.899999930123,
    22.841665746999));
#2620 = CARTESIAN_POINT('',(4.084647295093,-2.696653432753,
    23.008325369528));
#2621 = CARTESIAN_POINT('',(5.31295365785,-0.293932585276,
    23.175016552276));
#2622 = CARTESIAN_POINT('',(4.939800407941,2.687452112098,23.34163153798
    ));
#2623 = CARTESIAN_POINT('',(2.687081560949,4.939346909539,
    23.508361323928));
#2624 = CARTESIAN_POINT('',(-0.293748592861,5.31332728896,
    23.674983491884));
#2625 = CARTESIAN_POINT('',(-2.696696151068,4.084445793785,
    23.841668860241));
#2626 = CARTESIAN_POINT('',(-3.900001247574,2.042091081126,
    24.008328155008));
#2627 = CARTESIAN_POINT('',(-3.900000000002,-5.417888360171E-13,
    24.174999999989));
#2628 = CARTESIAN_POINT('',(-3.900001412717,-2.04209239942,
    24.341659401263));
#2629 = CARTESIAN_POINT('',(-2.69669856499,-4.084443421849,
    24.50833823597));
#2630 = CARTESIAN_POINT('',(-0.29373373492,-5.313329852362,
    24.674998998379));
#2631 = CARTESIAN_POINT('',(2.687057098414,-4.939349620608,
    24.84164627926));
#2632 = CARTESIAN_POINT('',(4.939824005632,-2.687443910642,
    25.00835532264));
#2633 = CARTESIAN_POINT('',(5.312941413988,0.293927485931,
    25.174983975408));
#2634 = CARTESIAN_POINT('',(4.084649940738,2.696655475228,
    25.341668220522));
#2635 = CARTESIAN_POINT('',(2.042033005753,3.900000469679,
    25.508330343047));
#2636 = CARTESIAN_POINT('',(-2.042033413779,3.899999948454,
    25.841665258258));
#2637 = CARTESIAN_POINT('',(-4.084647598388,2.696653267246,
    26.008327380785));
#2638 = CARTESIAN_POINT('',(-5.312952800046,0.293933053384,
    26.175011625889));
#2639 = CARTESIAN_POINT('',(-4.939802015918,-2.687452989584,
    26.341640278679));
#2640 = CARTESIAN_POINT('',(-2.687079293933,-4.939345672417,
    26.50834932203));
#2641 = CARTESIAN_POINT('',(0.293746081073,-5.313328659637,
    26.67499660293));
#2642 = CARTESIAN_POINT('',(2.69669837083,-4.084444582481,
    26.841657365345));
#2643 = CARTESIAN_POINT('',(3.899999687015,-2.0420919327,27.008336200026
    ));
#2644 = CARTESIAN_POINT('',(3.900000855289,4.667187865238E-07,
    27.174995601326));
#2645 = CARTESIAN_POINT('',(2.65,4.440892098501E-16,3.75));
#2646 = CARTESIAN_POINT('',(2.650006062514,1.387515567227,3.916669488376
    ));
#2647 = CARTESIAN_POINT('',(1.832359355296,2.77557624008,4.083331442072)
  );
#2648 = CARTESIAN_POINT('',(0.199611699154,3.609831262416,4.250000351983
    ));
#2649 = CARTESIAN_POINT('',(-1.825840785058,3.356874734425,
    4.416674661718));
#2650 = CARTESIAN_POINT('',(-3.356533498526,1.825566418857,
    4.583324690397));
#2651 = CARTESIAN_POINT('',(-3.610087791921,-0.199478263265,
    4.750006331852));
#2652 = CARTESIAN_POINT('',(-2.775468246098,-1.832394433722,
    4.916665974615));
#2653 = CARTESIAN_POINT('',(-1.387535447173,-2.650002153439,
    5.083334557658));
#2654 = CARTESIAN_POINT('',(1.387535158116,-2.650001082106,
    5.416667085755));
#2655 = CARTESIAN_POINT('',(2.775455399002,-1.832387172883,
    5.583336342575));
#2656 = CARTESIAN_POINT('',(3.61014010143,-0.199505299372,5.749993663137
    ));
#2657 = CARTESIAN_POINT('',(3.356433868631,1.82560292604,5.916680236167)
  );
#2658 = CARTESIAN_POINT('',(1.825948387751,3.35685581535,6.083322514812)
  );
#2659 = CARTESIAN_POINT('',(-0.199672403461,3.609826855709,
    6.250006382261));
#2660 = CARTESIAN_POINT('',(-1.832346725377,2.775582248659,
    6.416665828923));
#2661 = CARTESIAN_POINT('',(-2.65000421224,1.387516080696,6.583335343402
    ));
#2662 = CARTESIAN_POINT('',(-2.650000000007,-8.235188152701E-13,
    6.750000000003));
#2663 = CARTESIAN_POINT('',(-2.6500060625,-1.387515567229,6.916669488368
    ));
#2664 = CARTESIAN_POINT('',(-1.832359355316,-2.775576240067,
    7.083331442086));
#2665 = CARTESIAN_POINT('',(-0.199611699133,-3.609831262443,
    7.250000351967));
#2666 = CARTESIAN_POINT('',(1.825840785042,-3.356874734394,
    7.416674661732));
#2667 = CARTESIAN_POINT('',(3.356533498535,-1.825566418879,
    7.583324690388));
#2668 = CARTESIAN_POINT('',(3.610087791919,0.199478263274,7.750006331856
    ));
#2669 = CARTESIAN_POINT('',(2.775468246098,1.83239443372,7.916665974614)
  );
#2670 = CARTESIAN_POINT('',(1.387535447174,2.650002153439,8.083334557659
    ));
#2671 = CARTESIAN_POINT('',(-1.387535158118,2.650001082107,
    8.416667085754));
#2672 = CARTESIAN_POINT('',(-2.775455398995,1.832387172874,
    8.583336342579));
#2673 = CARTESIAN_POINT('',(-3.610140101448,0.199505299412,
    8.749993663128));
#2674 = CARTESIAN_POINT('',(-3.356433868604,-1.825602926128,
    8.916680236182));
#2675 = CARTESIAN_POINT('',(-1.825948387783,-3.356855815233,
    9.083322514793));
#2676 = CARTESIAN_POINT('',(0.199672403489,-3.609826855806,9.25000638228
    ));
#2677 = CARTESIAN_POINT('',(1.832346725349,-2.775582248613,
    9.416665828907));
#2678 = CARTESIAN_POINT('',(2.650004212256,-1.3875160807,9.583335343413)
  );
#2679 = CARTESIAN_POINT('',(2.649999999992,-3.771209879589E-13,
    9.749999999997));
#2680 = CARTESIAN_POINT('',(2.650006054534,1.387515567622,9.916669492119
    ));
#2681 = CARTESIAN_POINT('',(1.832359388185,2.775576238461,
    10.083331426696));
#2682 = CARTESIAN_POINT('',(0.199611618559,3.609831266384,
    10.250000389625));
#2683 = CARTESIAN_POINT('',(-1.825840642035,3.356874727371,
    10.416674594949));
#2684 = CARTESIAN_POINT('',(-3.356533694929,1.825566428561,
    10.583324782065));
#2685 = CARTESIAN_POINT('',(-3.61008757736,-0.19947827388,10.75000623172
    ));
#2686 = CARTESIAN_POINT('',(-2.775468434213,-1.832394424409,
    10.916666062402));
#2687 = CARTESIAN_POINT('',(-1.387535315515,-2.650002159958,
    11.083334496218));
#2688 = CARTESIAN_POINT('',(1.387534882488,-2.650001068458,
    11.41666721438));
#2689 = CARTESIAN_POINT('',(2.775456886924,-1.832387246565,
    11.58333564821));
#2690 = CARTESIAN_POINT('',(3.61013621073,-0.199505106693,
    11.749995478816));
#2691 = CARTESIAN_POINT('',(3.356440956007,1.825602575046,
    11.916676928681));
#2692 = CARTESIAN_POINT('',(1.825938529369,3.356856303565,
    12.083327115442));
#2693 = CARTESIAN_POINT('',(-0.19966155831,3.609826318654,
    12.250001321166));
#2694 = CARTESIAN_POINT('',(-1.832356271525,2.775582721361,
    12.416670283785));
#2695 = CARTESIAN_POINT('',(-2.649997516026,1.387515749126,
    12.583332218524));
#2696 = CARTESIAN_POINT('',(-2.650003665577,1.815020992608E-07,
    12.750001710593));
#2697 = CARTESIAN_POINT('',(-2.649999366295,-1.387515898792,
    12.916666363495));
#2698 = CARTESIAN_POINT('',(-1.832368901506,-2.775575767405,
    13.083335896939));
#2699 = CARTESIAN_POINT('',(-0.199600853855,-3.609831799404,
    13.249995290879));
#2700 = CARTESIAN_POINT('',(1.825830926473,-3.356874246299,
    13.416679262357));
#2701 = CARTESIAN_POINT('',(3.356540586067,-1.82556676978,
    13.583321382902));
#2702 = CARTESIAN_POINT('',(3.61008390114,0.19947845591,13.750008147537)
  );
#2703 = CARTESIAN_POINT('',(2.77546973404,1.832394360048,13.916665280247
    ));
#2704 = CARTESIAN_POINT('',(1.387535171544,2.650002167087,
    14.083334686284));
#2705 = CARTESIAN_POINT('',(-1.387535026456,2.650001075587,
    14.416667024315));
#2706 = CARTESIAN_POINT('',(-2.775455587143,1.832387182199,
    14.583336430361));
#2707 = CARTESIAN_POINT('',(-3.610139886774,0.199505288745,
    14.749993563008));
#2708 = CARTESIAN_POINT('',(-3.35643406523,-1.825602916313,
    14.916680327827));
#2709 = CARTESIAN_POINT('',(-1.825948244476,-3.356855822435,
    15.083322448055));
#2710 = CARTESIAN_POINT('',(0.199672322653,-3.609826851712,
    15.250006419888));
#2711 = CARTESIAN_POINT('',(1.832346758383,-2.775582250295,
    15.416665813561));
#2712 = CARTESIAN_POINT('',(2.650004204219,-1.387516080289,
    15.583335347134));
#2713 = CARTESIAN_POINT('',(2.650000000011,1.334309578012E-12,
    15.750000000005));
#2714 = CARTESIAN_POINT('',(2.650006062493,1.387515567231,
    15.916669488364));
#2715 = CARTESIAN_POINT('',(1.832359355327,2.77557624006,16.083331442092
    ));
#2716 = CARTESIAN_POINT('',(0.19961169912,3.609831262456,16.250000351959
    ));
#2717 = CARTESIAN_POINT('',(-1.825840785029,3.356874734378,
    16.41667466174));
#2718 = CARTESIAN_POINT('',(-3.356533498544,1.825566418892,
    16.583324690383));
#2719 = CARTESIAN_POINT('',(-3.610087791915,-0.19947826328,
    16.750006331858));
#2720 = CARTESIAN_POINT('',(-2.775468246099,-1.832394433719,
    16.916665974613));
#2721 = CARTESIAN_POINT('',(-1.387535447173,-2.650002153439,
    17.083334557658));
#2722 = CARTESIAN_POINT('',(1.387535158117,-2.650001082106,
    17.416667085755));
#2723 = CARTESIAN_POINT('',(2.775455399006,-1.83238717289,
    17.583336342576));
#2724 = CARTESIAN_POINT('',(3.61014010141,-0.199505299343,
    17.749993663137));
#2725 = CARTESIAN_POINT('',(3.356433868677,1.825602925984,
    17.916680236161));
#2726 = CARTESIAN_POINT('',(1.825948387689,3.356855815417,
    18.083322514825));
#2727 = CARTESIAN_POINT('',(-0.199672403405,3.609826855658,
    18.250006382244));
#2728 = CARTESIAN_POINT('',(-1.832346725411,2.775582248685,
    18.416665828938));
#2729 = CARTESIAN_POINT('',(-2.650004212221,1.387516080685,
    18.583335343395));
#2730 = CARTESIAN_POINT('',(-2.650000000009,-6.350475700856E-14,
    18.750000000003));
#2731 = CARTESIAN_POINT('',(-2.650006054495,-1.387515567624,
    18.916669492096));
#2732 = CARTESIAN_POINT('',(-1.83235938824,-2.775576238435,
    19.083331426734));
#2733 = CARTESIAN_POINT('',(-0.199611618503,-3.609831266443,
    19.250000389579));
#2734 = CARTESIAN_POINT('',(1.825840641992,-3.3568747273,19.416674594989
    ));
#2735 = CARTESIAN_POINT('',(3.356533694952,-1.825566428613,
    19.58332478204));
#2736 = CARTESIAN_POINT('',(3.610087577353,0.199478273902,19.75000623173
    ));
#2737 = CARTESIAN_POINT('',(2.775468434214,1.832394424405,19.9166660624)
  );
#2738 = CARTESIAN_POINT('',(1.387535315515,2.650002159958,
    20.083334496218));
#2739 = CARTESIAN_POINT('',(-1.387534882488,2.650001068458,
    20.41666721438));
#2740 = CARTESIAN_POINT('',(-2.775456886951,1.83238724655,
    20.583335648208));
#2741 = CARTESIAN_POINT('',(-3.610136210604,0.199505106759,
    20.749995478823));
#2742 = CARTESIAN_POINT('',(-3.35644095628,-1.825602575187,
    20.916676928664));
#2743 = CARTESIAN_POINT('',(-1.825938529017,-3.356856303388,
    21.083327115467));
#2744 = CARTESIAN_POINT('',(0.199661558034,-3.609826318783,
    21.25000132114));
#2745 = CARTESIAN_POINT('',(1.832356271652,-2.775582721311,
    21.416670283804));
#2746 = CARTESIAN_POINT('',(2.649997516006,-1.387515749124,
    21.583332218515));
#2747 = CARTESIAN_POINT('',(2.650003665579,-1.814973811678E-07,
    21.750001710592));
#2748 = CARTESIAN_POINT('',(2.649999366281,1.387515898787,
    21.916666363483));
#2749 = CARTESIAN_POINT('',(1.832368901527,2.775575767387,
    22.083335896963));
#2750 = CARTESIAN_POINT('',(0.199600853837,3.609831799457,
    22.249995290851));
#2751 = CARTESIAN_POINT('',(-1.825830926467,3.356874246232,
    22.416679262381));
#2752 = CARTESIAN_POINT('',(-3.356540586062,1.825566769829,
    22.583321382889));
#2753 = CARTESIAN_POINT('',(-3.610083901149,-0.19947845593,
    22.750008147541));
#2754 = CARTESIAN_POINT('',(-2.775469734035,-1.832394360044,
    22.916665280247));
#2755 = CARTESIAN_POINT('',(-1.387535171545,-2.650002167087,
    23.083334686284));
#2756 = CARTESIAN_POINT('',(1.387535026458,-2.650001075587,
    23.416667024315));
#2757 = CARTESIAN_POINT('',(2.775455587117,-1.832387182212,
    23.583336430361));
#2758 = CARTESIAN_POINT('',(3.610139886879,-0.199505288692,
    23.749993563008));
#2759 = CARTESIAN_POINT('',(3.356434065011,1.825602916201,
    23.916680327826));
#2760 = CARTESIAN_POINT('',(1.825948244752,3.356855822579,
    24.083322448059));
#2761 = CARTESIAN_POINT('',(-0.199672322872,3.609826851598,
    24.250006419885));
#2762 = CARTESIAN_POINT('',(-1.832346758282,2.775582250348,
    24.416665813562));
#2763 = CARTESIAN_POINT('',(-2.650004204236,1.387516080276,
    24.583335347134));
#2764 = CARTESIAN_POINT('',(-2.650000000009,-1.042721464728E-12,
    24.750000000005));
#2765 = CARTESIAN_POINT('',(-2.650006054502,-1.387515567625,
    24.9166694921));
#2766 = CARTESIAN_POINT('',(-1.832359388225,-2.775576238437,
    25.083331426723));
#2767 = CARTESIAN_POINT('',(-0.199611618522,-3.609831266434,
    25.250000389596));
#2768 = CARTESIAN_POINT('',(1.82584064201,-3.356874727313,
    25.416674594971));
#2769 = CARTESIAN_POINT('',(3.35653369494,-1.825566428602,
    25.583324782053));
#2770 = CARTESIAN_POINT('',(3.610087577358,0.199478273897,
    25.750006231723));
#2771 = CARTESIAN_POINT('',(2.775468434213,1.832394424406,
    25.916666062402));
#2772 = CARTESIAN_POINT('',(1.387535315515,2.650002159958,
    26.083334496218));
#2773 = CARTESIAN_POINT('',(-1.387534882488,2.650001068458,
    26.41666721438));
#2774 = CARTESIAN_POINT('',(-2.775456886943,1.832387246558,
    26.58333564821));
#2775 = CARTESIAN_POINT('',(-3.610136210643,0.199505106723,
    26.749995478814));
#2776 = CARTESIAN_POINT('',(-3.356440956189,-1.825602575108,
    26.916676928686));
#2777 = CARTESIAN_POINT('',(-1.825938529146,-3.356856303492,
    27.083327115433));
#2778 = CARTESIAN_POINT('',(0.199661558154,-3.6098263187,27.250001321178
    ));
#2779 = CARTESIAN_POINT('',(1.832356271572,-2.775582721344,
    27.416670283771));
#2780 = CARTESIAN_POINT('',(2.649997516045,-1.387515749123,
    27.583332218536));
#2781 = CARTESIAN_POINT('',(2.650003665567,-1.814901603091E-07,
    27.750001710586));
#2782 = ADVANCED_FACE('',(#2783),#2823,.F.);
#2783 = FACE_BOUND('',#2784,.F.);
#2784 = EDGE_LOOP('',(#2785,#2786,#2787,#2788));
#2785 = ORIENTED_EDGE('',*,*,#1307,.F.);
#2786 = ORIENTED_EDGE('',*,*,#300,.F.);
#2787 = ORIENTED_EDGE('',*,*,#2367,.T.);
#2788 = ORIENTED_EDGE('',*,*,#2789,.T.);
#2789 = EDGE_CURVE('',#2331,#1308,#2790,.T.);
#2790 = B_SPLINE_CURVE_WITH_KNOTS('',6,(#2791,#2792,#2793,#2794,#2795,
    #2796,#2797,#2798,#2799,#2800,#2801,#2802,#2803,#2804,#2805,#2806,
    #2807,#2808,#2809,#2810,#2811,#2812,#2813,#2814,#2815,#2816,#2817,
    #2818,#2819,#2820,#2821,#2822),.UNSPECIFIED.,.F.,.F.,(7,5,5,5,5,5,7)
  ,(0.,0.334984156272,0.382990592371,0.41899756796,0.529014425655,
    0.765007843255,1.),.UNSPECIFIED.);
#2791 = CARTESIAN_POINT('',(-3.635729142881,1.411178764351,
    24.057148142274));
#2792 = CARTESIAN_POINT('',(-3.722357951781,1.187986426148,
    24.057149329728));
#2793 = CARTESIAN_POINT('',(-3.792548666091,0.958404270058,
    24.05715015123));
#2794 = CARTESIAN_POINT('',(-3.845705127829,0.723964214472,
    24.057149823432));
#2795 = CARTESIAN_POINT('',(-3.881437336847,0.486243352156,
    24.057147577173));
#2796 = CARTESIAN_POINT('',(-3.899536185089,0.246853228273,
    24.057142920739));
#2797 = CARTESIAN_POINT('',(-3.900058358311,-2.687176262663E-02,
    24.057142848146));
#2798 = CARTESIAN_POINT('',(-3.899761502771,-6.118288720027E-02,
    24.057142916752));
#2799 = CARTESIAN_POINT('',(-3.89910232872,-9.548993080909E-02,
    24.057143063774));
#2800 = CARTESIAN_POINT('',(-3.898080920337,-0.129788101692,
    24.057143281056));
#2801 = CARTESIAN_POINT('',(-3.896697456489,-0.164072619607,
    24.057143551574));
#2802 = CARTESIAN_POINT('',(-3.893643198318,-0.224039821578,
    24.057144072846));
#2803 = CARTESIAN_POINT('',(-3.892130655249,-0.24973056268,
    24.057144315028));
#2804 = CARTESIAN_POINT('',(-3.890414690442,-0.275408923618,
    24.057144570586));
#2805 = CARTESIAN_POINT('',(-3.888495438588,-0.301072890986,
    24.057144834797));
#2806 = CARTESIAN_POINT('',(-3.88637306016,-0.326720453497,
    24.057145103615));
#2807 = CARTESIAN_POINT('',(-3.876942888615,-0.430657716889,
    24.057146198803));
#2808 = CARTESIAN_POINT('',(-3.867943452263,-0.508793964413,
    24.057147031841));
#2809 = CARTESIAN_POINT('',(-3.857054745034,-0.58670095764,
    24.057147785848));
#2810 = CARTESIAN_POINT('',(-3.844284334989,-0.664321664257,
    24.057148406565));
#2811 = CARTESIAN_POINT('',(-3.829642045566,-0.741599406551,
    24.057148872405));
#2812 = CARTESIAN_POINT('',(-3.777741883931,-0.983387218792,
    24.057149885275));
#2813 = CARTESIAN_POINT('',(-3.733785852641,-1.146461060379,
    24.057149891516));
#2814 = CARTESIAN_POINT('',(-3.681391879365,-1.307140921969,
    24.057149271595));
#2815 = CARTESIAN_POINT('',(-3.620726352855,-1.464883742976,
    24.057148338859));
#2816 = CARTESIAN_POINT('',(-3.552001963115,-1.619162865788,
    24.057147427029));
#2817 = CARTESIAN_POINT('',(-3.399277973545,-1.919137493073,
    24.057145887522));
#2818 = CARTESIAN_POINT('',(-3.31534297696,-2.064869463172,24.0571452642
    ));
#2819 = CARTESIAN_POINT('',(-3.223928547025,-2.206162286308,
    24.057144946275));
#2820 = CARTESIAN_POINT('',(-3.125331178957,-2.3425398437,
    24.057144949244));
#2821 = CARTESIAN_POINT('',(-3.019887352024,-2.473553358063,
    24.057145194148));
#2822 = CARTESIAN_POINT('',(-2.907972923598,-2.598782194791,
    24.057145558205));
#2823 = B_SPLINE_SURFACE_WITH_KNOTS('',1,9,(
    (#2824,#2825,#2826,#2827,#2828,#2829,#2830,#2831,#2832,#2833,#2834
      ,#2835,#2836,#2837,#2838,#2839,#2840,#2841,#2842,#2843,#2844,#2845
      ,#2846,#2847,#2848,#2849,#2850,#2851,#2852,#2853,#2854,#2855,#2856
      ,#2857,#2858,#2859,#2860,#2861,#2862,#2863,#2864,#2865,#2866,#2867
      ,#2868,#2869,#2870,#2871,#2872,#2873,#2874,#2875,#2876,#2877,#2878
      ,#2879,#2880,#2881,#2882,#2883,#2884,#2885,#2886,#2887,#2888,#2889
      ,#2890,#2891,#2892,#2893,#2894,#2895,#2896,#2897,#2898,#2899,#2900
      ,#2901,#2902,#2903,#2904,#2905,#2906,#2907,#2908,#2909,#2910,#2911
      ,#2912,#2913,#2914,#2915,#2916,#2917,#2918,#2919,#2920,#2921,#2922
      ,#2923,#2924,#2925,#2926,#2927,#2928,#2929,#2930,#2931,#2932,#2933
      ,#2934,#2935,#2936,#2937,#2938,#2939,#2940,#2941,#2942,#2943,#2944
      ,#2945,#2946,#2947,#2948,#2949,#2950,#2951,#2952,#2953,#2954,#2955
      ,#2956,#2957,#2958,#2959,#2960)
    ,(#2961,#2962,#2963,#2964,#2965,#2966,#2967,#2968,#2969,#2970,#2971
      ,#2972,#2973,#2974,#2975,#2976,#2977,#2978,#2979,#2980,#2981,#2982
      ,#2983,#2984,#2985,#2986,#2987,#2988,#2989,#2990,#2991,#2992,#2993
      ,#2994,#2995,#2996,#2997,#2998,#2999,#3000,#3001,#3002,#3003,#3004
      ,#3005,#3006,#3007,#3008,#3009,#3010,#3011,#3012,#3013,#3014,#3015
      ,#3016,#3017,#3018,#3019,#3020,#3021,#3022,#3023,#3024,#3025,#3026
      ,#3027,#3028,#3029,#3030,#3031,#3032,#3033,#3034,#3035,#3036,#3037
      ,#3038,#3039,#3040,#3041,#3042,#3043,#3044,#3045,#3046,#3047,#3048
      ,#3049,#3050,#3051,#3052,#3053,#3054,#3055,#3056,#3057,#3058,#3059
      ,#3060,#3061,#3062,#3063,#3064,#3065,#3066,#3067,#3068,#3069,#3070
      ,#3071,#3072,#3073,#3074,#3075,#3076,#3077,#3078,#3079,#3080,#3081
      ,#3082,#3083,#3084,#3085,#3086,#3087,#3088,#3089,#3090,#3091,#3092
      ,#3093,#3094,#3095,#3096,#3097
    )),.UNSPECIFIED.,.F.,.F.,.F.,(2,2),(10,8,9,8,9,8,9,8,9,8,9,8,9,8,9,8
    ,10),(0.,0.35),(0.,4.945362464213,9.890724928427,14.83608739264,
    19.781449856854,24.726812321067,29.672174785281,34.617537249494,
    39.562899713707,44.508262177921,49.453624642134,54.398987106348,
    59.344349570561,64.289712034774,69.235074498988,74.180436963201,
    79.125799427415),.UNSPECIFIED.);
#2824 = CARTESIAN_POINT('',(3.9,8.881784197001E-16,2.825));
#2825 = CARTESIAN_POINT('',(3.899998585412,2.042091952548,2.991659410845
    ));
#2826 = CARTESIAN_POINT('',(2.696697298392,4.084444005479,3.158338196501
    ));
#2827 = CARTESIAN_POINT('',(0.293745361987,5.313327539346,3.324999095083
    ));
#2828 = CARTESIAN_POINT('',(-2.687079262462,4.939344249906,
    3.491646107668));
#2829 = CARTESIAN_POINT('',(-4.939801299873,2.687451833728,
    3.658355558284));
#2830 = CARTESIAN_POINT('',(-5.312951549723,-0.293933651916,
    3.824983717959));
#2831 = CARTESIAN_POINT('',(-4.084646423753,-2.696653140729,
    3.991668446255));
#2832 = CARTESIAN_POINT('',(-2.042032468508,-3.899999354283,
    4.15833018506));
#2833 = CARTESIAN_POINT('',(2.042032960319,-3.899999334916,
    4.491665589011));
#2834 = CARTESIAN_POINT('',(4.084649714852,-2.696654584512,
    4.658325595265));
#2835 = CARTESIAN_POINT('',(5.312939376098,-0.293926290091,
    4.825016294811));
#2836 = CARTESIAN_POINT('',(4.939824254503,2.687443009643,4.99163177365)
  );
#2837 = CARTESIAN_POINT('',(2.687053617667,4.939350114541,5.158361152325
    ));
#2838 = CARTESIAN_POINT('',(-0.29373177584,5.313327270844,5.324983588578
    ));
#2839 = CARTESIAN_POINT('',(-2.696700689735,4.08444341895,5.491668820776
    ));
#2840 = CARTESIAN_POINT('',(-3.899999239381,2.042090632247,
    5.658328164599));
#2841 = CARTESIAN_POINT('',(-3.899999999998,-6.41324546815E-13,
    5.824999999991));
#2842 = CARTESIAN_POINT('',(-3.899998585415,-2.042091952548,
    5.991659410861));
#2843 = CARTESIAN_POINT('',(-2.696697298386,-4.084444005479,
    6.158338196482));
#2844 = CARTESIAN_POINT('',(-0.293745361994,-5.313327539344,
    6.324999095099));
#2845 = CARTESIAN_POINT('',(2.687079262468,-4.939344249909,
    6.491646107658));
#2846 = CARTESIAN_POINT('',(4.939801299869,-2.687451833725,
    6.658355558289));
#2847 = CARTESIAN_POINT('',(5.312951549724,0.293933651915,6.824983717957
    ));
#2848 = CARTESIAN_POINT('',(4.084646423754,2.696653140729,6.991668446256
    ));
#2849 = CARTESIAN_POINT('',(2.042032468508,3.899999354283,7.158330185059
    ));
#2850 = CARTESIAN_POINT('',(-2.042032960318,3.899999334916,
    7.491665589013));
#2851 = CARTESIAN_POINT('',(-4.084649714855,2.696654584508,
    7.658325595254));
#2852 = CARTESIAN_POINT('',(-5.312939376094,0.293926290113,7.82501629484
    ));
#2853 = CARTESIAN_POINT('',(-4.93982425451,-2.687443009694,
    7.991631773596));
#2854 = CARTESIAN_POINT('',(-2.687053617653,-4.939350114472,
    8.158361152398));
#2855 = CARTESIAN_POINT('',(0.293731775815,-5.313327270899,
    8.324983588502));
#2856 = CARTESIAN_POINT('',(2.696700689758,-4.084443418928,
    8.491668820836));
#2857 = CARTESIAN_POINT('',(3.899999239364,-2.04209063224,8.658328164562
    ));
#2858 = CARTESIAN_POINT('',(3.900000000002,-1.301061929271E-12,
    8.82500000001));
#2859 = CARTESIAN_POINT('',(3.899998587275,2.042091951533,8.991659401227
    ));
#2860 = CARTESIAN_POINT('',(2.696697290715,4.084444009663,9.158338236019
    ));
#2861 = CARTESIAN_POINT('',(0.293745380797,5.313327529091,9.324998998324
    ));
#2862 = CARTESIAN_POINT('',(-2.687079295839,4.939344268109,
    9.491646279324));
#2863 = CARTESIAN_POINT('',(-4.939801254042,2.687451808726,
    9.658355322588));
#2864 = CARTESIAN_POINT('',(-5.312951599789,-0.2939336246,9.824983975436
    ));
#2865 = CARTESIAN_POINT('',(-4.084646379859,-2.69665316468,
    9.991668220516));
#2866 = CARTESIAN_POINT('',(-2.042032499228,-3.89999933752,
    10.158330343049));
#2867 = CARTESIAN_POINT('',(2.042033024633,-3.899999370009,
    10.491665258258));
#2868 = CARTESIAN_POINT('',(4.08464936765,-2.696654395064,
    10.658327380787));
#2869 = CARTESIAN_POINT('',(5.312940284017,-0.293926785476,
    10.825011625893));
#2870 = CARTESIAN_POINT('',(4.939822600596,2.687443912052,
    10.991640278667));
#2871 = CARTESIAN_POINT('',(2.687055918187,4.939348859311,
    11.158349322063));
#2872 = CARTESIAN_POINT('',(-0.293734306547,5.313328651702,
    11.324996602895));
#2873 = CARTESIAN_POINT('',(-2.696698462227,4.084442203503,
    11.491657365362));
#2874 = CARTESIAN_POINT('',(-3.900000801842,2.042091484819,
    11.658336200034));
#2875 = CARTESIAN_POINT('',(-3.899999144689,-4.66712092853E-07,
    11.824995601316));
#2876 = CARTESIAN_POINT('',(-3.900000147883,-2.042091099968,
    11.991667446296));
#2877 = CARTESIAN_POINT('',(-2.696695070909,-4.084445220923,
    12.158326741056));
#2878 = CARTESIAN_POINT('',(-0.293747892601,-5.313326158503,
    12.325012109443));
#2879 = CARTESIAN_POINT('',(2.687081562843,-4.939345505116,
    12.491634277362));
#2880 = CARTESIAN_POINT('',(4.939799646082,-2.687450931331,
    12.658364063334));
#2881 = CARTESIAN_POINT('',(5.312952457587,0.293933156535,
    12.824979049024));
#2882 = CARTESIAN_POINT('',(4.084646076562,2.696653330177,
    12.991670231781));
#2883 = CARTESIAN_POINT('',(2.042032532822,3.899999319189,
    13.158329854307));
#2884 = CARTESIAN_POINT('',(-2.042032991039,3.899999351679,
    13.491665746999));
#2885 = CARTESIAN_POINT('',(-4.084649670976,2.696654560567,
    13.658325369533));
#2886 = CARTESIAN_POINT('',(-5.312939426085,0.293926317384,
    13.825016552271));
#2887 = CARTESIAN_POINT('',(-4.93982420884,-2.687443034598,
    13.991631537983));
#2888 = CARTESIAN_POINT('',(-2.687053650829,-4.939350096395,
    14.158361323943));
#2889 = CARTESIAN_POINT('',(0.293731794476,-5.313327281052,
    14.324983491858));
#2890 = CARTESIAN_POINT('',(2.696700682142,-4.084443414793,
    14.49166886026));
#2891 = CARTESIAN_POINT('',(3.899999241229,-2.042090633245,
    14.658328155006));
#2892 = CARTESIAN_POINT('',(3.899999999997,7.036762195684E-13,
    14.824999999988));
#2893 = CARTESIAN_POINT('',(3.899998585417,2.042091952548,
    14.991659410868));
#2894 = CARTESIAN_POINT('',(2.696697298382,4.084444005478,
    15.158338196471));
#2895 = CARTESIAN_POINT('',(0.293745361999,5.313327539345,
    15.324999095109));
#2896 = CARTESIAN_POINT('',(-2.687079262474,4.939344249909,
    15.491646107652));
#2897 = CARTESIAN_POINT('',(-4.939801299865,2.687451833725,
    15.65835555829));
#2898 = CARTESIAN_POINT('',(-5.312951549726,-0.293933651915,
    15.824983717958));
#2899 = CARTESIAN_POINT('',(-4.084646423753,-2.696653140729,
    15.991668446255));
#2900 = CARTESIAN_POINT('',(-2.042032468508,-3.899999354283,
    16.15833018506));
#2901 = CARTESIAN_POINT('',(2.042032960319,-3.899999334915,
    16.491665589011));
#2902 = CARTESIAN_POINT('',(4.084649714856,-2.696654584526,
    16.658325595264));
#2903 = CARTESIAN_POINT('',(5.312939376085,-0.293926290034,
    16.825016294814));
#2904 = CARTESIAN_POINT('',(4.939824254526,2.687443009527,
    16.991631773645));
#2905 = CARTESIAN_POINT('',(2.687053617643,4.939350114685,
    17.158361152328));
#2906 = CARTESIAN_POINT('',(-0.293731775823,5.313327270732,
    17.324983588581));
#2907 = CARTESIAN_POINT('',(-2.696700689742,4.084443419002,
    17.491668820765));
#2908 = CARTESIAN_POINT('',(-3.899999239377,2.042090632232,
    17.65832816461));
#2909 = CARTESIAN_POINT('',(-3.899999999998,-2.975397705995E-14,
    17.824999999988));
#2910 = CARTESIAN_POINT('',(-3.899998587285,-2.042091951531,
    17.991659401272));
#2911 = CARTESIAN_POINT('',(-2.696697290699,-4.084444009667,
    18.158338235969));
#2912 = CARTESIAN_POINT('',(-0.293745380816,-5.313327529082,
    18.324998998359));
#2913 = CARTESIAN_POINT('',(2.687079295856,-4.939344268119,
    18.491646279308));
#2914 = CARTESIAN_POINT('',(4.939801254032,-2.687451808719,
    18.658355322593));
#2915 = CARTESIAN_POINT('',(5.312951599792,0.293933624597,
    18.824983975435));
#2916 = CARTESIAN_POINT('',(4.084646379859,2.69665316468,18.991668220516
    ));
#2917 = CARTESIAN_POINT('',(2.042032499228,3.89999933752,19.158330343049
    ));
#2918 = CARTESIAN_POINT('',(-2.042033024633,3.899999370009,
    19.491665258258));
#2919 = CARTESIAN_POINT('',(-4.084649367673,2.696654395062,
    19.658327380786));
#2920 = CARTESIAN_POINT('',(-5.312940283911,0.293926785487,
    19.825011625892));
#2921 = CARTESIAN_POINT('',(-4.939822600822,-2.687443912074,
    19.991640278672));
#2922 = CARTESIAN_POINT('',(-2.687055917907,-4.939348859287,
    20.158349322049));
#2923 = CARTESIAN_POINT('',(0.293734306345,-5.313328651719,
    20.324996602919));
#2924 = CARTESIAN_POINT('',(2.696698462304,-4.084442203494,
    20.491657365334));
#2925 = CARTESIAN_POINT('',(3.900000801844,-2.042091484817,
    20.658336200055));
#2926 = CARTESIAN_POINT('',(3.899999144686,4.667161139613E-07,
    20.82499560131));
#2927 = CARTESIAN_POINT('',(3.90000014789,2.042091099959,20.991667446314
    ));
#2928 = CARTESIAN_POINT('',(2.696695070901,4.08444522094,21.158326741046
    ));
#2929 = CARTESIAN_POINT('',(0.293747892606,5.313326158478,
    21.325012109428));
#2930 = CARTESIAN_POINT('',(-2.687081562844,4.939345505143,
    21.491634277394));
#2931 = CARTESIAN_POINT('',(-4.939799646083,2.687450931312,
    21.658364063304));
#2932 = CARTESIAN_POINT('',(-5.312952457586,-0.293933156526,
    21.824979049041));
#2933 = CARTESIAN_POINT('',(-4.084646076563,-2.696653330179,
    21.991670231775));
#2934 = CARTESIAN_POINT('',(-2.042032532822,-3.899999319189,
    22.158329854308));
#2935 = CARTESIAN_POINT('',(2.04203299104,-3.899999351678,
    22.491665746999));
#2936 = CARTESIAN_POINT('',(4.084649670953,-2.696654560569,
    22.658325369532));
#2937 = CARTESIAN_POINT('',(5.312939426184,-0.293926317375,
    22.825016552272));
#2938 = CARTESIAN_POINT('',(4.939824208631,2.687443034581,
    22.991631537984));
#2939 = CARTESIAN_POINT('',(2.687053651094,4.939350096418,
    23.158361323939));
#2940 = CARTESIAN_POINT('',(-0.293731794686,5.313327281033,
    23.324983491865));
#2941 = CARTESIAN_POINT('',(-2.696700682047,4.084443414803,
    23.491668860257));
#2942 = CARTESIAN_POINT('',(-3.899999241244,2.042090633238,
    23.658328155006));
#2943 = CARTESIAN_POINT('',(-3.899999999998,3.10862446895E-14,
    23.824999999989));
#2944 = CARTESIAN_POINT('',(-3.899998587283,-2.042091951531,
    23.991659401263));
#2945 = CARTESIAN_POINT('',(-2.696697290703,-4.084444009667,
    24.158338235983));
#2946 = CARTESIAN_POINT('',(-0.29374538081,-5.313327529084,
    24.324998998347));
#2947 = CARTESIAN_POINT('',(2.687079295851,-4.939344268117,
    24.491646279314));
#2948 = CARTESIAN_POINT('',(4.939801254035,-2.687451808721,
    24.658355322593));
#2949 = CARTESIAN_POINT('',(5.312951599792,0.293933624597,
    24.824983975433));
#2950 = CARTESIAN_POINT('',(4.084646379859,2.69665316468,24.991668220517
    ));
#2951 = CARTESIAN_POINT('',(2.042032499228,3.89999933752,25.158330343049
    ));
#2952 = CARTESIAN_POINT('',(-2.042033024633,3.899999370009,
    25.491665258258));
#2953 = CARTESIAN_POINT('',(-4.084649367667,2.696654395062,
    25.658327380787));
#2954 = CARTESIAN_POINT('',(-5.312940283937,0.293926785484,
    25.825011625889));
#2955 = CARTESIAN_POINT('',(-4.939822600767,-2.687443912068,
    25.991640278676));
#2956 = CARTESIAN_POINT('',(-2.687055917973,-4.939348859293,
    26.158349322053));
#2957 = CARTESIAN_POINT('',(0.293734306388,-5.313328651713,
    26.324996602898));
#2958 = CARTESIAN_POINT('',(2.696698462295,-4.084442203498,
    26.491657365372));
#2959 = CARTESIAN_POINT('',(3.900000801836,-2.042091484812,
    26.658336200017));
#2960 = CARTESIAN_POINT('',(3.899999144694,4.667173157003E-07,
    26.82499560133));
#2961 = CARTESIAN_POINT('',(3.9,8.881784197001E-16,3.175));
#2962 = CARTESIAN_POINT('',(3.900001414586,2.042092400436,3.341659410845
    ));
#2963 = CARTESIAN_POINT('',(2.69669855731,4.084443417666,3.508338196487)
  );
#2964 = CARTESIAN_POINT('',(0.293733753727,5.313329862614,3.674999095117
    ));
#2965 = CARTESIAN_POINT('',(-2.687057131783,4.939349602409,
    3.841646107611));
#2966 = CARTESIAN_POINT('',(-4.939823959809,2.687443935642,
    4.008355558334));
#2967 = CARTESIAN_POINT('',(-5.312941464049,-0.293927513246,
    4.174983717933));
#2968 = CARTESIAN_POINT('',(-4.084649896846,-2.696655451278,
    4.34166844626));
#2969 = CARTESIAN_POINT('',(-2.042033036473,-3.900000486442,
    4.508330185058));
#2970 = CARTESIAN_POINT('',(2.042033478091,-3.89999991336,4.841665589011
    ));
#2971 = CARTESIAN_POINT('',(4.084647251203,-2.696653456695,
    5.008325595261));
#2972 = CARTESIAN_POINT('',(5.312953707898,-0.293932557996,
    5.175016294815));
#2973 = CARTESIAN_POINT('',(4.939800362148,2.68745208717,5.341631773645)
  );
#2974 = CARTESIAN_POINT('',(2.687081594281,4.939346927649,5.508361152315
    ));
#2975 = CARTESIAN_POINT('',(-0.293748611643,5.313327278781,
    5.674983588597));
#2976 = CARTESIAN_POINT('',(-2.696696143393,4.084445797927,5.84166882076
    ));
#2977 = CARTESIAN_POINT('',(-3.900001249444,2.042091080135,
    6.008328164601));
#2978 = CARTESIAN_POINT('',(-3.900000000002,-9.948195564077E-13,
    6.174999999991));
#2979 = CARTESIAN_POINT('',(-3.900001414582,-2.042092400437,
    6.341659410861));
#2980 = CARTESIAN_POINT('',(-2.696698557314,-4.084443417662,
    6.508338196468));
#2981 = CARTESIAN_POINT('',(-0.293733753724,-5.313329862621,
    6.674999095132));
#2982 = CARTESIAN_POINT('',(2.687057131781,-4.939349602401,
    6.841646107602));
#2983 = CARTESIAN_POINT('',(4.93982395981,-2.687443935647,7.008355558338
    ));
#2984 = CARTESIAN_POINT('',(5.312941464049,0.293927513248,7.17498371793)
  );
#2985 = CARTESIAN_POINT('',(4.084649896846,2.696655451277,7.341668446261
    ));
#2986 = CARTESIAN_POINT('',(2.042033036473,3.900000486442,7.508330185057
    ));
#2987 = CARTESIAN_POINT('',(-2.042033478091,3.89999991336,7.841665589013
    ));
#2988 = CARTESIAN_POINT('',(-4.084647251201,2.69665345669,8.00832559525)
  );
#2989 = CARTESIAN_POINT('',(-5.312953707905,0.293932558021,
    8.175016294845));
#2990 = CARTESIAN_POINT('',(-4.939800362136,-2.687452087228,
    8.341631773591));
#2991 = CARTESIAN_POINT('',(-2.687081594291,-4.939346927569,
    8.508361152388));
#2992 = CARTESIAN_POINT('',(0.293748611643,-5.313327278846,
    8.674983588521));
#2993 = CARTESIAN_POINT('',(2.696696143396,-4.084445797901,8.84166882082
    ));
#2994 = CARTESIAN_POINT('',(3.900001249441,-2.042091080129,
    9.008328164564));
#2995 = CARTESIAN_POINT('',(3.899999999998,-1.55818958467E-12,
    9.17500000001));
#2996 = CARTESIAN_POINT('',(3.900001412724,2.042092399421,9.341659401227
    ));
#2997 = CARTESIAN_POINT('',(2.696698564981,4.084443421856,9.508338236005
    ));
#2998 = CARTESIAN_POINT('',(0.293733734928,5.313329852347,9.674998998358
    ));
#2999 = CARTESIAN_POINT('',(-2.687057098417,4.939349620626,
    9.841646279267));
#3000 = CARTESIAN_POINT('',(-4.939824005632,2.68744391063,
    10.008355322638));
#3001 = CARTESIAN_POINT('',(-5.312941413988,-0.293927485925,
    10.174983975409));
#3002 = CARTESIAN_POINT('',(-4.084649940738,-2.696655475229,
    10.341668220521));
#3003 = CARTESIAN_POINT('',(-2.042033005753,-3.900000469679,
    10.508330343047));
#3004 = CARTESIAN_POINT('',(2.042033413779,-3.899999948454,
    10.841665258258));
#3005 = CARTESIAN_POINT('',(4.08464759837,-2.696653267247,
    11.008327380784));
#3006 = CARTESIAN_POINT('',(5.312952800127,-0.293933053379,
    11.175011625893));
#3007 = CARTESIAN_POINT('',(4.939802015746,2.687452989576,11.34164027867
    ));
#3008 = CARTESIAN_POINT('',(2.687079294146,4.939345672423,
    11.508349322041));
#3009 = CARTESIAN_POINT('',(-0.293746081227,5.313328659638,
    11.674996602926));
#3010 = CARTESIAN_POINT('',(-2.69669837077,4.08444458248,11.841657365335
    ));
#3011 = CARTESIAN_POINT('',(-3.899999687012,2.042091932709,
    12.008336200043));
#3012 = CARTESIAN_POINT('',(-3.90000085529,-4.667124969742E-07,
    12.174995601311));
#3013 = CARTESIAN_POINT('',(-3.899999852158,-2.042091547855,
    12.341667446304));
#3014 = CARTESIAN_POINT('',(-2.696700784721,-4.084444633115,
    12.508326741032));
#3015 = CARTESIAN_POINT('',(-0.293731223207,-5.31332848176,
    12.675012109489));
#3016 = CARTESIAN_POINT('',(2.687054831495,-4.939350857633,
    12.841634277295));
#3017 = CARTESIAN_POINT('',(4.939825613534,-2.687443033234,
    13.00836406339));
#3018 = CARTESIAN_POINT('',(5.312940556218,0.29392701786,13.174979048994
    ));
#3019 = CARTESIAN_POINT('',(4.084650244027,2.696655640727,
    13.341670231788));
#3020 = CARTESIAN_POINT('',(2.04203297216,3.900000451348,13.508329854304
    ));
#3021 = CARTESIAN_POINT('',(-2.04203344737,3.899999930123,
    13.841665746999));
#3022 = CARTESIAN_POINT('',(-4.084647295116,2.696653432751,
    14.008325369529));
#3023 = CARTESIAN_POINT('',(-5.312953657751,0.293932585284,
    14.175016552275));
#3024 = CARTESIAN_POINT('',(-4.939800408148,-2.687452112115,
    14.341631537979));
#3025 = CARTESIAN_POINT('',(-2.687081560687,-4.939346909517,
    14.508361323932));
#3026 = CARTESIAN_POINT('',(0.293748592654,-5.313327288978,
    14.674983491878));
#3027 = CARTESIAN_POINT('',(2.696696151162,-4.084445793775,
    14.841668860244));
#3028 = CARTESIAN_POINT('',(3.900001247558,-2.042091081133,
    15.008328155008));
#3029 = CARTESIAN_POINT('',(3.900000000002,1.313854788111E-12,
    15.174999999988));
#3030 = CARTESIAN_POINT('',(3.900001414581,2.042092400437,
    15.341659410868));
#3031 = CARTESIAN_POINT('',(2.696698557316,4.08444341766,15.508338196457
    ));
#3032 = CARTESIAN_POINT('',(0.293733753722,5.313329862625,
    15.674999095144));
#3033 = CARTESIAN_POINT('',(-2.68705713178,4.939349602397,
    15.841646107595));
#3034 = CARTESIAN_POINT('',(-4.93982395981,2.687443935649,16.00835555834
    ));
#3035 = CARTESIAN_POINT('',(-5.312941464049,-0.293927513249,
    16.174983717931));
#3036 = CARTESIAN_POINT('',(-4.084649896846,-2.696655451277,
    16.34166844626));
#3037 = CARTESIAN_POINT('',(-2.042033036473,-3.900000486442,
    16.508330185058));
#3038 = CARTESIAN_POINT('',(2.042033478091,-3.89999991336,
    16.841665589011));
#3039 = CARTESIAN_POINT('',(4.084647251206,-2.696653456707,
    17.008325595259));
#3040 = CARTESIAN_POINT('',(5.312953707885,-0.293932557945,
    17.17501629482));
#3041 = CARTESIAN_POINT('',(4.939800362174,2.687452087066,
    17.341631773638));
#3042 = CARTESIAN_POINT('',(2.687081594249,4.939346927777,17.50836115232
    ));
#3043 = CARTESIAN_POINT('',(-0.293748611616,5.313327278683,
    17.674983588599));
#3044 = CARTESIAN_POINT('',(-2.696696143409,4.084445797974,
    17.84166882075));
#3045 = CARTESIAN_POINT('',(-3.900001249435,2.04209108012,
    18.008328164612));
#3046 = CARTESIAN_POINT('',(-3.900000000002,-1.86517468137E-13,
    18.174999999988));
#3047 = CARTESIAN_POINT('',(-3.900001412716,-2.04209239942,
    18.341659401272));
#3048 = CARTESIAN_POINT('',(-2.696698564993,-4.084443421849,
    18.508338235955));
#3049 = CARTESIAN_POINT('',(-0.293733734916,-5.313329852364,
    18.674998998393));
#3050 = CARTESIAN_POINT('',(2.687057098409,-4.939349620605,
    18.841646279251));
#3051 = CARTESIAN_POINT('',(4.939824005635,-2.687443910645,
    19.008355322643));
#3052 = CARTESIAN_POINT('',(5.312941413987,0.293927485932,
    19.174983975409));
#3053 = CARTESIAN_POINT('',(4.084649940739,2.696655475228,
    19.341668220521));
#3054 = CARTESIAN_POINT('',(2.042033005753,3.900000469679,
    19.508330343047));
#3055 = CARTESIAN_POINT('',(-2.042033413779,3.899999948454,
    19.841665258258));
#3056 = CARTESIAN_POINT('',(-4.084647598394,2.696653267243,
    20.008327380784));
#3057 = CARTESIAN_POINT('',(-5.312952800017,0.293933053396,
    20.175011625892));
#3058 = CARTESIAN_POINT('',(-4.939802015982,-2.68745298961,
    20.341640278676));
#3059 = CARTESIAN_POINT('',(-2.687079293849,-4.939345672382,
    20.508349322027));
#3060 = CARTESIAN_POINT('',(0.293746081006,-5.313328659667,
    20.674996602951));
#3061 = CARTESIAN_POINT('',(2.696698370863,-4.084444582466,
    20.841657365307));
#3062 = CARTESIAN_POINT('',(3.899999687006,-2.042091932706,
    21.008336200064));
#3063 = CARTESIAN_POINT('',(3.900000855289,4.667169395232E-07,
    21.174995601306));
#3064 = CARTESIAN_POINT('',(3.899999852156,2.042091547847,
    21.341667446322));
#3065 = CARTESIAN_POINT('',(2.696700784726,4.084444633121,
    21.508326741022));
#3066 = CARTESIAN_POINT('',(0.293731223199,5.313328481763,
    21.675012109474));
#3067 = CARTESIAN_POINT('',(-2.687054831488,4.939350857625,
    21.841634277327));
#3068 = CARTESIAN_POINT('',(-4.939825613536,2.687443033241,
    22.008364063361));
#3069 = CARTESIAN_POINT('',(-5.312940556219,-0.293927017862,
    22.174979049011));
#3070 = CARTESIAN_POINT('',(-4.084650244025,-2.696655640727,
    22.341670231782));
#3071 = CARTESIAN_POINT('',(-2.042032972161,-3.900000451348,
    22.508329854306));
#3072 = CARTESIAN_POINT('',(2.042033447371,-3.899999930123,
    22.841665746999));
#3073 = CARTESIAN_POINT('',(4.084647295093,-2.696653432753,
    23.008325369528));
#3074 = CARTESIAN_POINT('',(5.31295365785,-0.293932585276,
    23.175016552277));
#3075 = CARTESIAN_POINT('',(4.939800407941,2.687452112098,
    23.341631537979));
#3076 = CARTESIAN_POINT('',(2.687081560949,4.939346909539,
    23.508361323929));
#3077 = CARTESIAN_POINT('',(-0.293748592861,5.31332728896,
    23.674983491883));
#3078 = CARTESIAN_POINT('',(-2.696696151068,4.084445793785,
    23.841668860241));
#3079 = CARTESIAN_POINT('',(-3.900001247574,2.042091081125,
    24.008328155008));
#3080 = CARTESIAN_POINT('',(-3.900000000002,-5.417888360171E-13,
    24.174999999989));
#3081 = CARTESIAN_POINT('',(-3.900001412717,-2.04209239942,
    24.341659401263));
#3082 = CARTESIAN_POINT('',(-2.69669856499,-4.084443421849,
    24.50833823597));
#3083 = CARTESIAN_POINT('',(-0.29373373492,-5.313329852362,
    24.674998998379));
#3084 = CARTESIAN_POINT('',(2.687057098414,-4.939349620608,
    24.84164627926));
#3085 = CARTESIAN_POINT('',(4.939824005632,-2.687443910642,
    25.008355322641));
#3086 = CARTESIAN_POINT('',(5.312941413988,0.293927485931,
    25.174983975408));
#3087 = CARTESIAN_POINT('',(4.084649940738,2.696655475228,
    25.341668220522));
#3088 = CARTESIAN_POINT('',(2.042033005753,3.900000469679,
    25.508330343047));
#3089 = CARTESIAN_POINT('',(-2.042033413779,3.899999948454,
    25.841665258258));
#3090 = CARTESIAN_POINT('',(-4.084647598388,2.696653267246,
    26.008327380785));
#3091 = CARTESIAN_POINT('',(-5.312952800047,0.293933053384,
    26.175011625889));
#3092 = CARTESIAN_POINT('',(-4.939802015918,-2.687452989584,
    26.34164027868));
#3093 = CARTESIAN_POINT('',(-2.687079293933,-4.939345672417,
    26.508349322029));
#3094 = CARTESIAN_POINT('',(0.293746081073,-5.313328659637,
    26.674996602931));
#3095 = CARTESIAN_POINT('',(2.696698370829,-4.084444582481,
    26.841657365344));
#3096 = CARTESIAN_POINT('',(3.899999687015,-2.0420919327,27.008336200026
    ));
#3097 = CARTESIAN_POINT('',(3.900000855289,4.667187847474E-07,
    27.174995601326));
#3098 = ADVANCED_FACE('',(#3099),#3110,.F.);
#3099 = FACE_BOUND('',#3100,.F.);
#3100 = EDGE_LOOP('',(#3101,#3102,#3103,#3109));
#3101 = ORIENTED_EDGE('',*,*,#626,.F.);
#3102 = ORIENTED_EDGE('',*,*,#1147,.T.);
#3103 = ORIENTED_EDGE('',*,*,#3104,.T.);
#3104 = EDGE_CURVE('',#1139,#643,#3105,.T.);
#3105 = LINE('',#3106,#3107);
#3106 = CARTESIAN_POINT('',(-10.,0.8,2.));
#3107 = VECTOR('',#3108,1.);
#3108 = DIRECTION('',(1.,0.,-0.));
#3109 = ORIENTED_EDGE('',*,*,#642,.F.);
#3110 = PLANE('',#3111);
#3111 = AXIS2_PLACEMENT_3D('',#3112,#3113,#3114);
#3112 = CARTESIAN_POINT('',(-10.,0.8,0.));
#3113 = DIRECTION('',(-0.,1.,0.));
#3114 = DIRECTION('',(0.,0.,1.));
#3115 = ADVANCED_FACE('',(#3116),#3137,.F.);
#3116 = FACE_BOUND('',#3117,.F.);
#3117 = EDGE_LOOP('',(#3118,#3119,#3125,#3126,#3127,#3128,#3129,#3130,
    #3131,#3132,#3133,#3134,#3135,#3136));
#3118 = ORIENTED_EDGE('',*,*,#667,.F.);
#3119 = ORIENTED_EDGE('',*,*,#3120,.F.);
#3120 = EDGE_CURVE('',#1122,#660,#3121,.T.);
#3121 = LINE('',#3122,#3123);
#3122 = CARTESIAN_POINT('',(-10.,-0.8,0.));
#3123 = VECTOR('',#3124,1.);
#3124 = DIRECTION('',(1.,0.,-0.));
#3125 = ORIENTED_EDGE('',*,*,#1121,.F.);
#3126 = ORIENTED_EDGE('',*,*,#1103,.T.);
#3127 = ORIENTED_EDGE('',*,*,#1054,.F.);
#3128 = ORIENTED_EDGE('',*,*,#1019,.T.);
#3129 = ORIENTED_EDGE('',*,*,#970,.F.);
#3130 = ORIENTED_EDGE('',*,*,#935,.T.);
#3131 = ORIENTED_EDGE('',*,*,#886,.F.);
#3132 = ORIENTED_EDGE('',*,*,#851,.T.);
#3133 = ORIENTED_EDGE('',*,*,#802,.F.);
#3134 = ORIENTED_EDGE('',*,*,#767,.T.);
#3135 = ORIENTED_EDGE('',*,*,#718,.F.);
#3136 = ORIENTED_EDGE('',*,*,#700,.T.);
#3137 = PLANE('',#3138);
#3138 = AXIS2_PLACEMENT_3D('',#3139,#3140,#3141);
#3139 = CARTESIAN_POINT('',(0.,0.,0.));
#3140 = DIRECTION('',(0.,0.,1.));
#3141 = DIRECTION('',(1.,0.,-0.));
#3142 = ADVANCED_FACE('',(#3143),#3154,.T.);
#3143 = FACE_BOUND('',#3144,.T.);
#3144 = EDGE_LOOP('',(#3145,#3146,#3147,#3153));
#3145 = ORIENTED_EDGE('',*,*,#3120,.F.);
#3146 = ORIENTED_EDGE('',*,*,#1130,.T.);
#3147 = ORIENTED_EDGE('',*,*,#3148,.T.);
#3148 = EDGE_CURVE('',#1131,#651,#3149,.T.);
#3149 = LINE('',#3150,#3151);
#3150 = CARTESIAN_POINT('',(-10.,-0.8,2.));
#3151 = VECTOR('',#3152,1.);
#3152 = DIRECTION('',(1.,0.,-0.));
#3153 = ORIENTED_EDGE('',*,*,#659,.F.);
#3154 = PLANE('',#3155);
#3155 = AXIS2_PLACEMENT_3D('',#3156,#3157,#3158);
#3156 = CARTESIAN_POINT('',(-10.,-0.8,0.));
#3157 = DIRECTION('',(-0.,1.,0.));
#3158 = DIRECTION('',(0.,0.,1.));
#3159 = ADVANCED_FACE('',(#3160),#3166,.F.);
#3160 = FACE_BOUND('',#3161,.F.);
#3161 = EDGE_LOOP('',(#3162,#3163,#3164,#3165));
#3162 = ORIENTED_EDGE('',*,*,#3104,.F.);
#3163 = ORIENTED_EDGE('',*,*,#1138,.F.);
#3164 = ORIENTED_EDGE('',*,*,#3148,.T.);
#3165 = ORIENTED_EDGE('',*,*,#650,.F.);
#3166 = PLANE('',#3167);
#3167 = AXIS2_PLACEMENT_3D('',#3168,#3169,#3170);
#3168 = CARTESIAN_POINT('',(-10.,-0.8,2.));
#3169 = DIRECTION('',(0.,0.,1.));
#3170 = DIRECTION('',(1.,0.,-0.));
#3171 = ADVANCED_FACE('',(#3172),#3193,.T.);
#3172 = FACE_BOUND('',#3173,.T.);
#3173 = EDGE_LOOP('',(#3174,#3183,#3184,#3185,#3186));
#3174 = ORIENTED_EDGE('',*,*,#3175,.T.);
#3175 = EDGE_CURVE('',#3176,#1477,#3178,.T.);
#3176 = VERTEX_POINT('',#3177);
#3177 = CARTESIAN_POINT('',(2.8,-6.858022075225E-16,25.));
#3178 = CIRCLE('',#3179,2.8);
#3179 = AXIS2_PLACEMENT_3D('',#3180,#3181,#3182);
#3180 = CARTESIAN_POINT('',(0.,0.,25.));
#3181 = DIRECTION('',(0.,0.,1.));
#3182 = DIRECTION('',(1.,0.,-0.));
#3183 = ORIENTED_EDGE('',*,*,#1513,.T.);
#3184 = ORIENTED_EDGE('',*,*,#1945,.T.);
#3185 = ORIENTED_EDGE('',*,*,#2318,.T.);
#3186 = ORIENTED_EDGE('',*,*,#3187,.T.);
#3187 = EDGE_CURVE('',#2319,#3176,#3188,.T.);
#3188 = CIRCLE('',#3189,2.8);
#3189 = AXIS2_PLACEMENT_3D('',#3190,#3191,#3192);
#3190 = CARTESIAN_POINT('',(0.,0.,25.));
#3191 = DIRECTION('',(0.,0.,1.));
#3192 = DIRECTION('',(1.,0.,-0.));
#3193 = PLANE('',#3194);
#3194 = AXIS2_PLACEMENT_3D('',#3195,#3196,#3197);
#3195 = CARTESIAN_POINT('',(0.,0.,25.));
#3196 = DIRECTION('',(0.,0.,1.));
#3197 = DIRECTION('',(1.,0.,-0.));
#3198 = ADVANCED_FACE('',(#3199),#3209,.T.);
#3199 = FACE_BOUND('',#3200,.T.);
#3200 = EDGE_LOOP('',(#3201,#3202,#3208));
#3201 = ORIENTED_EDGE('',*,*,#3175,.F.);
#3202 = ORIENTED_EDGE('',*,*,#3203,.F.);
#3203 = EDGE_CURVE('',#1450,#3176,#3204,.T.);
#3204 = LINE('',#3205,#3206);
#3205 = CARTESIAN_POINT('',(4.2,-1.028703311284E-15,23.8));
#3206 = VECTOR('',#3207,1.);
#3207 = DIRECTION('',(-0.759256602365,1.859642335636E-16,0.650791373456)
  );
#3208 = ORIENTED_EDGE('',*,*,#1476,.T.);
#3209 = CONICAL_SURFACE('',#3210,4.2,0.862170054667);
#3210 = AXIS2_PLACEMENT_3D('',#3211,#3212,#3213);
#3211 = CARTESIAN_POINT('',(0.,0.,23.8));
#3212 = DIRECTION('',(-0.,-0.,-1.));
#3213 = DIRECTION('',(1.,0.,-0.));
#3214 = ADVANCED_FACE('',(#3215),#3222,.T.);
#3215 = FACE_BOUND('',#3216,.T.);
#3216 = EDGE_LOOP('',(#3217,#3218,#3219,#3220,#3221));
#3217 = ORIENTED_EDGE('',*,*,#3187,.F.);
#3218 = ORIENTED_EDGE('',*,*,#2330,.T.);
#3219 = ORIENTED_EDGE('',*,*,#2789,.T.);
#3220 = ORIENTED_EDGE('',*,*,#1449,.T.);
#3221 = ORIENTED_EDGE('',*,*,#3203,.T.);
#3222 = CONICAL_SURFACE('',#3223,4.2,0.862170054667);
#3223 = AXIS2_PLACEMENT_3D('',#3224,#3225,#3226);
#3224 = CARTESIAN_POINT('',(0.,0.,23.8));
#3225 = DIRECTION('',(-0.,-0.,-1.));
#3226 = DIRECTION('',(1.,0.,-0.));
#3227 = ( GEOMETRIC_REPRESENTATION_CONTEXT(3) 
GLOBAL_UNCERTAINTY_ASSIGNED_CONTEXT((#3231)) 
GLOBAL_UNIT_ASSIGNED_CONTEXT((#3228,#3229,#3230)) REPRESENTATION_CONTEXT
('Context #1','3D Context with UNIT and UNCERTAINTY') );
#3228 = ( LENGTH_UNIT() NAMED_UNIT(*) SI_UNIT(.MILLI.,.METRE.) );
#3229 = ( NAMED_UNIT(*) PLANE_ANGLE_UNIT() SI_UNIT($,.RADIAN.) );
#3230 = ( NAMED_UNIT(*) SI_UNIT($,.STERADIAN.) SOLID_ANGLE_UNIT() );
#3231 = UNCERTAINTY_MEASURE_WITH_UNIT(LENGTH_MEASURE(1.E-06),#3228,
  'distance_accuracy_value','confusion accuracy');
#3232 = PRODUCT_RELATED_PRODUCT_CATEGORY('part',$,(#7));
ENDSEC;
END-ISO-10303-21;
