ISO-10303-21;
HEADER;
FILE_DESCRIPTION(('FreeCAD Model'),'2;1');
FILE_NAME('Open CASCADE Shape Model','2026-09-30T16:33:03',('Author'),(
    ''),'Open CASCADE STEP processor 8.0','FreeCAD','Unknown');
FILE_SCHEMA(('AUTOMOTIVE_DESIGN { 1 0 10303 214 1 1 1 1 }'));
ENDSEC;
DATA;
#1 = APPLICATION_PROTOCOL_DEFINITION('international standard',
  'automotive_design',2000,#2);
#2 = APPLICATION_CONTEXT(
  'core data for automotive mechanical design processes');
#3 = SHAPE_DEFINITION_REPRESENTATION(#4,#10);
#4 = PRODUCT_DEFINITION_SHAPE('','',#5);
#5 = PRODUCT_DEFINITION('design','',#6,#9);
#6 = PRODUCT_DEFINITION_FORMATION('','',#7);
#7 = PRODUCT('09_ecrou_rosette_x2','09_ecrou_rosette_x2','',(#8));
#8 = PRODUCT_CONTEXT('',#2,'mechanical');
#9 = PRODUCT_DEFINITION_CONTEXT('part definition',#2,'design');
#10 = ADVANCED_BREP_SHAPE_REPRESENTATION('',(#11,#15),#4067);
#11 = AXIS2_PLACEMENT_3D('',#12,#13,#14);
#12 = CARTESIAN_POINT('',(0.,0.,0.));
#13 = DIRECTION('',(0.,0.,1.));
#14 = DIRECTION('',(1.,0.,-0.));
#15 = MANIFOLD_SOLID_BREP('',#16);
#16 = CLOSED_SHELL('',(#17,#61,#97,#642,#668,#1553,#1569,#1585,#1601,
    #1617,#1633,#1649,#1665,#1681,#1697,#1713,#1729,#1745,#1761,#1777,
    #1793,#1809,#1825,#1841,#1857,#1873,#1889,#1905,#1921,#1937,#1953,
    #1969,#1985,#2001,#2017,#2033,#2049,#2065,#2081,#2097,#2113,#2129,
    #2145,#2161,#2177,#2193,#2209,#2225,#2241,#2257,#2269,#2339,#2479,
    #2494,#2509,#2524,#2539,#2554,#2569,#3049,#3142,#3631,#3825,#3856,
    #3880,#3904,#3928,#3952,#3969,#3993,#4017,#4034,#4046));
#17 = ADVANCED_FACE('',(#18),#56,.T.);
#18 = FACE_BOUND('',#19,.T.);
#19 = EDGE_LOOP('',(#20,#29,#40,#47));
#20 = ORIENTED_EDGE('',*,*,#21,.F.);
#21 = EDGE_CURVE('',#22,#24,#26,.T.);
#22 = VERTEX_POINT('',#23);
#23 = CARTESIAN_POINT('',(6.44439159893,0.84842024943,4.));
#24 = VERTEX_POINT('',#25);
#25 = CARTESIAN_POINT('',(9.914448613738,1.305261922201,4.));
#26 = B_SPLINE_CURVE_WITH_KNOTS('',1,(#27,#28),.UNSPECIFIED.,.F.,.F.,(2,
    2),(0.,1.),.PIECEWISE_BEZIER_KNOTS.);
#27 = CARTESIAN_POINT('',(5.849524682105,0.770104534098,4.));
#28 = CARTESIAN_POINT('',(10.509315530562,1.383577637533,4.));
#29 = ORIENTED_EDGE('',*,*,#30,.F.);
#30 = EDGE_CURVE('',#31,#22,#33,.T.);
#31 = VERTEX_POINT('',#32);
#32 = CARTESIAN_POINT('',(6.5,-1.012224418578E-15,3.023542721798));
#33 = B_SPLINE_CURVE_WITH_KNOTS('',5,(#34,#35,#36,#37,#38,#39),
  .UNSPECIFIED.,.F.,.F.,(6,6),(0.,1.),.PIECEWISE_BEZIER_KNOTS.);
#34 = CARTESIAN_POINT('',(6.5,-1.65644326353E-15,3.023542721798));
#35 = CARTESIAN_POINT('',(6.499999999999,0.168481996067,3.219123943408)
  );
#36 = CARTESIAN_POINT('',(6.494541267452,0.338217295561,3.414491571848)
  );
#37 = CARTESIAN_POINT('',(6.483460421289,0.508572769627,3.60971035033));
#38 = CARTESIAN_POINT('',(6.466714142785,0.678863695133,3.804855280598)
  );
#39 = CARTESIAN_POINT('',(6.44439159893,0.84842024943,4.));
#40 = ORIENTED_EDGE('',*,*,#41,.T.);
#41 = EDGE_CURVE('',#31,#42,#44,.T.);
#42 = VERTEX_POINT('',#43);
#43 = CARTESIAN_POINT('',(10.,-1.49208134608E-15,3.023542721798));
#44 = B_SPLINE_CURVE_WITH_KNOTS('',1,(#45,#46),.UNSPECIFIED.,.F.,.F.,(2,
    2),(0.,1.),.PIECEWISE_BEZIER_KNOTS.);
#45 = CARTESIAN_POINT('',(5.950910867423,-4.163336342344E-16,
    3.023542721798));
#46 = CARTESIAN_POINT('',(10.69146698215,-5.551115123126E-16,
    3.023542721798));
#47 = ORIENTED_EDGE('',*,*,#48,.T.);
#48 = EDGE_CURVE('',#42,#24,#49,.T.);
#49 = B_SPLINE_CURVE_WITH_KNOTS('',5,(#50,#51,#52,#53,#54,#55),
  .UNSPECIFIED.,.F.,.F.,(6,6),(0.,1.),.PIECEWISE_BEZIER_KNOTS.);
#50 = CARTESIAN_POINT('',(10.,-2.390380975004E-15,3.023542721798));
#51 = CARTESIAN_POINT('',(9.999999999998,0.259581446945,3.219409446408)
  );
#52 = CARTESIAN_POINT('',(9.991577321412,0.520816416291,3.414850442097)
  );
#53 = CARTESIAN_POINT('',(9.974516473158,0.782805368751,3.609997638653)
  );
#54 = CARTESIAN_POINT('',(9.948765694745,1.044597813005,3.804999010343)
  );
#55 = CARTESIAN_POINT('',(9.914448613738,1.305261922201,4.));
#56 = B_SPLINE_SURFACE_WITH_KNOTS('',1,1,(
    (#57,#58)
    ,(#59,#60
    )),.UNSPECIFIED.,.F.,.F.,.F.,(2,2),(2,2),(0.,1.744278210227),(0.,1.)
  ,.PIECEWISE_BEZIER_KNOTS.);
#57 = CARTESIAN_POINT('',(5.849524682105,0.770104534098,4.));
#58 = CARTESIAN_POINT('',(10.509315530562,1.383577637533,4.));
#59 = CARTESIAN_POINT('',(5.953355323323,-1.856748595768E-02,3.));
#60 = CARTESIAN_POINT('',(10.695858716479,-3.335853409346E-02,3.));
#61 = ADVANCED_FACE('',(#62),#92,.T.);
#62 = FACE_BOUND('',#63,.T.);
#63 = EDGE_LOOP('',(#64,#75,#82,#91));
#64 = ORIENTED_EDGE('',*,*,#65,.T.);
#65 = EDGE_CURVE('',#24,#66,#68,.T.);
#66 = VERTEX_POINT('',#67);
#67 = CARTESIAN_POINT('',(9.659258262891,2.588190451025,3.023542721798)
  );
#68 = B_SPLINE_CURVE_WITH_KNOTS('',5,(#69,#70,#71,#72,#73,#74),
  .UNSPECIFIED.,.F.,.F.,(6,6),(0.,1.),.PIECEWISE_BEZIER_KNOTS.);
#69 = CARTESIAN_POINT('',(9.914448613738,1.305261922201,4.));
#70 = CARTESIAN_POINT('',(9.880131520676,1.565926122966,3.80499894184));
#71 = CARTESIAN_POINT('',(9.837247974102,1.825463088573,3.609997501712)
  );
#72 = CARTESIAN_POINT('',(9.785919733525,2.082940745622,3.414850236336)
  );
#73 = CARTESIAN_POINT('',(9.726442801554,2.337454384972,3.219409171826)
  );
#74 = CARTESIAN_POINT('',(9.659258144901,2.588190891369,3.023542377816)
  );
#75 = ORIENTED_EDGE('',*,*,#76,.T.);
#76 = EDGE_CURVE('',#66,#77,#79,.T.);
#77 = VERTEX_POINT('',#78);
#78 = CARTESIAN_POINT('',(6.278517870879,1.682323793166,3.023542721798)
  );
#79 = B_SPLINE_CURVE_WITH_KNOTS('',1,(#80,#81),.UNSPECIFIED.,.F.,.F.,(2,
    2),(0.,1.),.PIECEWISE_BEZIER_KNOTS.);
#80 = CARTESIAN_POINT('',(10.327164078975,2.767155275065,3.023542721798)
  );
#81 = CARTESIAN_POINT('',(5.748138496788,1.540209068197,3.023542721798)
  );
#82 = ORIENTED_EDGE('',*,*,#83,.F.);
#83 = EDGE_CURVE('',#22,#77,#84,.T.);
#84 = B_SPLINE_CURVE_WITH_KNOTS('',5,(#85,#86,#87,#88,#89,#90),
  .UNSPECIFIED.,.F.,.F.,(6,6),(0.,1.),.PIECEWISE_BEZIER_KNOTS.);
#85 = CARTESIAN_POINT('',(6.44439159893,0.84842024943,4.));
#86 = CARTESIAN_POINT('',(6.422069047246,1.01797686319,3.804855212161));
#87 = CARTESIAN_POINT('',(6.394170163631,1.186799581434,3.609710212836)
  );
#88 = CARTESIAN_POINT('',(6.360782182241,1.354218325559,3.414491365403)
  );
#89 = CARTESIAN_POINT('',(6.322124165921,1.519582914214,3.219123668951)
  );
#90 = CARTESIAN_POINT('',(6.278517794186,1.68232407939,3.023542377816));
#91 = ORIENTED_EDGE('',*,*,#21,.T.);
#92 = B_SPLINE_SURFACE_WITH_KNOTS('',1,1,(
    (#93,#94)
    ,(#95,#96
    )),.UNSPECIFIED.,.F.,.F.,.F.,(2,2),(2,2),(0.,1.744278210227),(0.,1.)
  ,.PIECEWISE_BEZIER_KNOTS.);
#93 = CARTESIAN_POINT('',(5.745694040888,1.558776554154,3.));
#94 = CARTESIAN_POINT('',(10.322772344646,2.800513809159,3.));
#95 = CARTESIAN_POINT('',(5.849524682105,0.770104534098,4.));
#96 = CARTESIAN_POINT('',(10.509315530562,1.383577637533,4.));
#97 = ADVANCED_FACE('',(#98),#637,.T.);
#98 = FACE_BOUND('',#99,.T.);
#99 = EDGE_LOOP('',(#100,#111,#122,#133,#144,#155,#168,#181,#192,#203,
    #214,#225,#236,#247,#258,#269,#280,#291,#304,#317,#328,#339,#350,
    #361,#372,#383,#394,#405,#416,#427,#440,#453,#464,#475,#486,#497,
    #508,#519,#530,#541,#552,#563,#576,#589,#600,#611,#620,#621,#622,
    #629,#636));
#100 = ORIENTED_EDGE('',*,*,#101,.F.);
#101 = EDGE_CURVE('',#102,#42,#104,.T.);
#102 = VERTEX_POINT('',#103);
#103 = CARTESIAN_POINT('',(9.914448613738,-1.305261922201,4.));
#104 = B_SPLINE_CURVE_WITH_KNOTS('',5,(#105,#106,#107,#108,#109,#110),
  .UNSPECIFIED.,.F.,.F.,(6,6),(0.,1.),.PIECEWISE_BEZIER_KNOTS.);
#105 = CARTESIAN_POINT('',(9.914448613738,-1.305261922201,4.));
#106 = CARTESIAN_POINT('',(9.948765694746,-1.044597812994,3.804999010336
    ));
#107 = CARTESIAN_POINT('',(9.974516473159,-0.782805368788,3.609997638681
    ));
#108 = CARTESIAN_POINT('',(9.991577321413,-0.520816416181,3.414850442014
    ));
#109 = CARTESIAN_POINT('',(9.999999999999,-0.259581446946,3.219409446409
    ));
#110 = CARTESIAN_POINT('',(10.,-2.6645352591E-15,3.023542721798));
#111 = ORIENTED_EDGE('',*,*,#112,.F.);
#112 = EDGE_CURVE('',#113,#102,#115,.T.);
#113 = VERTEX_POINT('',#114);
#114 = CARTESIAN_POINT('',(9.659258262891,-2.588190451025,3.023542721798
    ));
#115 = B_SPLINE_CURVE_WITH_KNOTS('',5,(#116,#117,#118,#119,#120,#121),
  .UNSPECIFIED.,.F.,.F.,(6,6),(0.,1.),.PIECEWISE_BEZIER_KNOTS.);
#116 = CARTESIAN_POINT('',(9.659258144901,-2.588190891369,3.023542377816
    ));
#117 = CARTESIAN_POINT('',(9.726442801556,-2.337454384966,3.21940917183)
  );
#118 = CARTESIAN_POINT('',(9.785919733525,-2.082940745621,3.414850236337
    ));
#119 = CARTESIAN_POINT('',(9.837247974103,-1.825463088573,3.609997501712
    ));
#120 = CARTESIAN_POINT('',(9.880131520676,-1.565926122963,3.804998941843
    ));
#121 = CARTESIAN_POINT('',(9.914448613738,-1.305261922201,4.));
#122 = ORIENTED_EDGE('',*,*,#123,.F.);
#123 = EDGE_CURVE('',#124,#113,#126,.T.);
#124 = VERTEX_POINT('',#125);
#125 = CARTESIAN_POINT('',(9.238795325113,-3.826834323651,4.));
#126 = B_SPLINE_CURVE_WITH_KNOTS('',5,(#127,#128,#129,#130,#131,#132),
  .UNSPECIFIED.,.F.,.F.,(6,6),(0.,1.),.PIECEWISE_BEZIER_KNOTS.);
#127 = CARTESIAN_POINT('',(9.238795325113,-3.826834323651,4.));
#128 = CARTESIAN_POINT('',(9.33940795112,-3.583933957399,3.80499894184)
  );
#129 = CARTESIAN_POINT('',(9.432038193186,-3.337726578676,3.609997501712
    ));
#130 = CARTESIAN_POINT('',(9.516325461439,-3.089080266476,3.414850236336
    ));
#131 = CARTESIAN_POINT('',(9.592073747088,-2.838926523204,3.219409171826
    ));
#132 = CARTESIAN_POINT('',(9.659258380881,-2.588190010681,3.023542377816
    ));
#133 = ORIENTED_EDGE('',*,*,#134,.F.);
#134 = EDGE_CURVE('',#135,#124,#137,.T.);
#135 = VERTEX_POINT('',#136);
#136 = CARTESIAN_POINT('',(8.660254037844,-5.,3.023542721798));
#137 = B_SPLINE_CURVE_WITH_KNOTS('',5,(#138,#139,#140,#141,#142,#143),
  .UNSPECIFIED.,.F.,.F.,(6,6),(0.,1.),.PIECEWISE_BEZIER_KNOTS.);
#138 = CARTESIAN_POINT('',(8.660253809905,-5.000000394802,3.023542377816
    ));
#139 = CARTESIAN_POINT('',(8.790044583498,-4.775196204254,3.219409164947
    ));
#140 = CARTESIAN_POINT('',(8.913367879878,-4.544748657522,3.414850243713
    ));
#141 = CARTESIAN_POINT('',(9.029587262112,-4.30932905478,3.609997509205)
  );
#142 = CARTESIAN_POINT('',(9.138182695912,-4.069734697613,3.80499893565)
  );
#143 = CARTESIAN_POINT('',(9.238795325113,-3.826834323651,4.));
#144 = ORIENTED_EDGE('',*,*,#145,.F.);
#145 = EDGE_CURVE('',#146,#135,#148,.T.);
#146 = VERTEX_POINT('',#147);
#147 = CARTESIAN_POINT('',(7.933533402912,-6.087614290087,4.));
#148 = B_SPLINE_CURVE_WITH_KNOTS('',5,(#149,#150,#151,#152,#153,#154),
  .UNSPECIFIED.,.F.,.F.,(6,6),(0.,1.),.PIECEWISE_BEZIER_KNOTS.);
#149 = CARTESIAN_POINT('',(7.933533402912,-6.087614290087,4.));
#150 = CARTESIAN_POINT('',(8.093584981226,-5.879031012265,3.804998937509
    ));
#151 = CARTESIAN_POINT('',(8.246782068319,-5.665187425279,3.60999750703)
  );
#152 = CARTESIAN_POINT('',(8.392551735962,-5.446828686745,3.414850241289
    ));
#153 = CARTESIAN_POINT('',(8.53046351247,-5.224803807956,3.219409165275)
  );
#154 = CARTESIAN_POINT('',(8.660254265783,-4.999999605198,3.023542377816
    ));
#155 = ORIENTED_EDGE('',*,*,#156,.F.);
#156 = EDGE_CURVE('',#157,#146,#159,.T.);
#157 = VERTEX_POINT('',#158);
#158 = CARTESIAN_POINT('',(7.071067811865,-7.071067811865,3.023542721798
    ));
#159 = B_SPLINE_CURVE_WITH_KNOTS('',4,(#160,#161,#162,#163,#164,#165,
    #166,#167),.UNSPECIFIED.,.F.,.F.,(5,3,5),(0.,0.535459501266,1.),
  .UNSPECIFIED.);
#160 = CARTESIAN_POINT('',(7.071067489511,-7.07106813422,3.023542377816)
  );
#161 = CARTESIAN_POINT('',(7.193923286963,-6.948212347969,3.154640856033
    ));
#162 = CARTESIAN_POINT('',(7.314491835418,-6.821951799508,3.285535654488
    ));
#163 = CARTESIAN_POINT('',(7.432469592623,-6.69247283056,3.416278153534)
  );
#164 = CARTESIAN_POINT('',(7.647466176865,-6.445109801617,3.66026596906)
  );
#165 = CARTESIAN_POINT('',(7.745191668294,-6.327961121179,3.773535206776
    ));
#166 = CARTESIAN_POINT('',(7.840595317494,-6.208733561107,3.886767593339
    ));
#167 = CARTESIAN_POINT('',(7.933533402912,-6.087614290087,4.));
#168 = ORIENTED_EDGE('',*,*,#169,.F.);
#169 = EDGE_CURVE('',#170,#157,#172,.T.);
#170 = VERTEX_POINT('',#171);
#171 = CARTESIAN_POINT('',(6.087614290087,-7.933533402912,4.));
#172 = B_SPLINE_CURVE_WITH_KNOTS('',4,(#173,#174,#175,#176,#177,#178,
    #179,#180),.UNSPECIFIED.,.F.,.F.,(5,3,5),(0.,0.465174816563,1.),
  .UNSPECIFIED.);
#173 = CARTESIAN_POINT('',(6.087614290087,-7.933533402912,4.));
#174 = CARTESIAN_POINT('',(6.208898946295,-7.840468412976,3.886612977458
    ));
#175 = CARTESIAN_POINT('',(6.328286722273,-7.744931120917,3.773225975161
    ));
#176 = CARTESIAN_POINT('',(6.445589679972,-7.64706583948,3.659801970201)
  );
#177 = CARTESIAN_POINT('',(6.692932968002,-7.43205030488,3.415813510821)
  );
#178 = CARTESIAN_POINT('',(6.822250937689,-7.314206174617,3.285225532291
    ));
#179 = CARTESIAN_POINT('',(6.948357885795,-7.193777749124,3.154485553722
    ));
#180 = CARTESIAN_POINT('',(7.07106813422,-7.071067489511,3.023542377816)
  );
#181 = ORIENTED_EDGE('',*,*,#182,.F.);
#182 = EDGE_CURVE('',#183,#170,#185,.T.);
#183 = VERTEX_POINT('',#184);
#184 = CARTESIAN_POINT('',(5.,-8.660254037844,3.023542721798));
#185 = B_SPLINE_CURVE_WITH_KNOTS('',5,(#186,#187,#188,#189,#190,#191),
  .UNSPECIFIED.,.F.,.F.,(6,6),(0.,1.),.PIECEWISE_BEZIER_KNOTS.);
#186 = CARTESIAN_POINT('',(4.999999605198,-8.660254265783,3.023542377816
    ));
#187 = CARTESIAN_POINT('',(5.224803807955,-8.530463512471,3.219409165275
    ));
#188 = CARTESIAN_POINT('',(5.446828686733,-8.392551735971,3.414850241279
    ));
#189 = CARTESIAN_POINT('',(5.665187425277,-8.246782068321,3.609997507028
    ));
#190 = CARTESIAN_POINT('',(5.879031012275,-8.093584981219,3.804998937518
    ));
#191 = CARTESIAN_POINT('',(6.087614290087,-7.933533402912,4.));
#192 = ORIENTED_EDGE('',*,*,#193,.F.);
#193 = EDGE_CURVE('',#194,#183,#196,.T.);
#194 = VERTEX_POINT('',#195);
#195 = CARTESIAN_POINT('',(3.826834323651,-9.238795325113,4.));
#196 = B_SPLINE_CURVE_WITH_KNOTS('',5,(#197,#198,#199,#200,#201,#202),
  .UNSPECIFIED.,.F.,.F.,(6,6),(0.,1.),.PIECEWISE_BEZIER_KNOTS.);
#197 = CARTESIAN_POINT('',(3.826834323651,-9.238795325113,4.));
#198 = CARTESIAN_POINT('',(4.069734697633,-9.138182695904,3.804998935634
    ));
#199 = CARTESIAN_POINT('',(4.309329054778,-9.029587262152,3.609997509227
    ));
#200 = CARTESIAN_POINT('',(4.544748657491,-8.913367879897,3.41485024374)
  );
#201 = CARTESIAN_POINT('',(4.775196204283,-8.790044583481,3.219409164922
    ));
#202 = CARTESIAN_POINT('',(5.000000394802,-8.660253809905,3.023542377816
    ));
#203 = ORIENTED_EDGE('',*,*,#204,.F.);
#204 = EDGE_CURVE('',#205,#194,#207,.T.);
#205 = VERTEX_POINT('',#206);
#206 = CARTESIAN_POINT('',(2.588190451025,-9.659258262891,3.023542721798
    ));
#207 = B_SPLINE_CURVE_WITH_KNOTS('',5,(#208,#209,#210,#211,#212,#213),
  .UNSPECIFIED.,.F.,.F.,(6,6),(0.,1.),.PIECEWISE_BEZIER_KNOTS.);
#208 = CARTESIAN_POINT('',(2.588190010681,-9.659258380881,3.023542377816
    ));
#209 = CARTESIAN_POINT('',(2.83892652321,-9.592073747087,3.21940917183)
  );
#210 = CARTESIAN_POINT('',(3.089080266477,-9.516325461439,3.414850236337
    ));
#211 = CARTESIAN_POINT('',(3.337726578676,-9.432038193187,3.609997501712
    ));
#212 = CARTESIAN_POINT('',(3.583933957402,-9.339407951118,3.804998941843
    ));
#213 = CARTESIAN_POINT('',(3.826834323651,-9.238795325113,4.));
#214 = ORIENTED_EDGE('',*,*,#215,.F.);
#215 = EDGE_CURVE('',#216,#205,#218,.T.);
#216 = VERTEX_POINT('',#217);
#217 = CARTESIAN_POINT('',(1.305261922201,-9.914448613738,4.));
#218 = B_SPLINE_CURVE_WITH_KNOTS('',5,(#219,#220,#221,#222,#223,#224),
  .UNSPECIFIED.,.F.,.F.,(6,6),(0.,1.),.PIECEWISE_BEZIER_KNOTS.);
#219 = CARTESIAN_POINT('',(1.305261922201,-9.914448613738,4.));
#220 = CARTESIAN_POINT('',(1.565926122966,-9.880131520676,3.80499894184)
  );
#221 = CARTESIAN_POINT('',(1.825463088573,-9.837247974102,3.609997501712
    ));
#222 = CARTESIAN_POINT('',(2.082940745622,-9.785919733525,3.414850236336
    ));
#223 = CARTESIAN_POINT('',(2.337454384972,-9.726442801554,3.219409171826
    ));
#224 = CARTESIAN_POINT('',(2.588190891369,-9.659258144901,3.023542377816
    ));
#225 = ORIENTED_EDGE('',*,*,#226,.F.);
#226 = EDGE_CURVE('',#227,#216,#229,.T.);
#227 = VERTEX_POINT('',#228);
#228 = CARTESIAN_POINT('',(-1.679193230857E-15,-10.,3.023542721798));
#229 = B_SPLINE_CURVE_WITH_KNOTS('',5,(#230,#231,#232,#233,#234,#235),
  .UNSPECIFIED.,.F.,.F.,(6,6),(0.,1.),.PIECEWISE_BEZIER_KNOTS.);
#230 = CARTESIAN_POINT('',(-4.558778401442E-07,-10.,3.023542377816));
#231 = CARTESIAN_POINT('',(0.259581079931,-10.00000001183,3.21940917183)
  );
#232 = CARTESIAN_POINT('',(0.520816140056,-9.99157733939,3.414850236337)
  );
#233 = CARTESIAN_POINT('',(0.782805184903,-9.97451649125,3.609997501712)
  );
#234 = CARTESIAN_POINT('',(1.044597721438,-9.9487657068,3.804998941843)
  );
#235 = CARTESIAN_POINT('',(1.305261922201,-9.914448613738,4.));
#236 = ORIENTED_EDGE('',*,*,#237,.F.);
#237 = EDGE_CURVE('',#238,#227,#240,.T.);
#238 = VERTEX_POINT('',#239);
#239 = CARTESIAN_POINT('',(-1.305261922201,-9.914448613738,4.));
#240 = B_SPLINE_CURVE_WITH_KNOTS('',5,(#241,#242,#243,#244,#245,#246),
  .UNSPECIFIED.,.F.,.F.,(6,6),(0.,1.),.PIECEWISE_BEZIER_KNOTS.);
#241 = CARTESIAN_POINT('',(-1.305261922201,-9.914448613738,4.));
#242 = CARTESIAN_POINT('',(-1.044597721435,-9.948765706801,3.80499894184
    ));
#243 = CARTESIAN_POINT('',(-0.782805184904,-9.97451649125,3.609997501712
    ));
#244 = CARTESIAN_POINT('',(-0.520816140055,-9.991577339391,
    3.414850236336));
#245 = CARTESIAN_POINT('',(-0.259581079925,-10.00000001183,
    3.219409171826));
#246 = CARTESIAN_POINT('',(4.558778368136E-07,-10.,3.023542377816));
#247 = ORIENTED_EDGE('',*,*,#248,.F.);
#248 = EDGE_CURVE('',#249,#238,#251,.T.);
#249 = VERTEX_POINT('',#250);
#250 = CARTESIAN_POINT('',(-2.588190451025,-9.659258262891,
    3.023542721798));
#251 = B_SPLINE_CURVE_WITH_KNOTS('',5,(#252,#253,#254,#255,#256,#257),
  .UNSPECIFIED.,.F.,.F.,(6,6),(0.,1.),.PIECEWISE_BEZIER_KNOTS.);
#252 = CARTESIAN_POINT('',(-2.588190891369,-9.659258144901,
    3.023542377816));
#253 = CARTESIAN_POINT('',(-2.337454384966,-9.726442801556,3.21940917183
    ));
#254 = CARTESIAN_POINT('',(-2.082940745621,-9.785919733525,
    3.414850236337));
#255 = CARTESIAN_POINT('',(-1.825463088573,-9.837247974103,
    3.609997501712));
#256 = CARTESIAN_POINT('',(-1.565926122963,-9.880131520676,
    3.804998941843));
#257 = CARTESIAN_POINT('',(-1.305261922201,-9.914448613738,4.));
#258 = ORIENTED_EDGE('',*,*,#259,.F.);
#259 = EDGE_CURVE('',#260,#249,#262,.T.);
#260 = VERTEX_POINT('',#261);
#261 = CARTESIAN_POINT('',(-3.826834323651,-9.238795325113,4.));
#262 = B_SPLINE_CURVE_WITH_KNOTS('',5,(#263,#264,#265,#266,#267,#268),
  .UNSPECIFIED.,.F.,.F.,(6,6),(0.,1.),.PIECEWISE_BEZIER_KNOTS.);
#263 = CARTESIAN_POINT('',(-3.826834323651,-9.238795325113,4.));
#264 = CARTESIAN_POINT('',(-3.583933957399,-9.33940795112,3.80499894184)
  );
#265 = CARTESIAN_POINT('',(-3.337726578676,-9.432038193186,
    3.609997501712));
#266 = CARTESIAN_POINT('',(-3.089080266476,-9.516325461439,
    3.414850236336));
#267 = CARTESIAN_POINT('',(-2.838926523204,-9.592073747088,
    3.219409171826));
#268 = CARTESIAN_POINT('',(-2.588190010681,-9.659258380881,
    3.023542377816));
#269 = ORIENTED_EDGE('',*,*,#270,.F.);
#270 = EDGE_CURVE('',#271,#260,#273,.T.);
#271 = VERTEX_POINT('',#272);
#272 = CARTESIAN_POINT('',(-5.,-8.660254037844,3.023542721798));
#273 = B_SPLINE_CURVE_WITH_KNOTS('',5,(#274,#275,#276,#277,#278,#279),
  .UNSPECIFIED.,.F.,.F.,(6,6),(0.,1.),.PIECEWISE_BEZIER_KNOTS.);
#274 = CARTESIAN_POINT('',(-5.000000394802,-8.660253809905,
    3.023542377816));
#275 = CARTESIAN_POINT('',(-4.775196204254,-8.790044583498,
    3.219409164947));
#276 = CARTESIAN_POINT('',(-4.544748657522,-8.913367879878,
    3.414850243713));
#277 = CARTESIAN_POINT('',(-4.30932905478,-9.029587262112,3.609997509205
    ));
#278 = CARTESIAN_POINT('',(-4.069734697613,-9.138182695912,3.80499893565
    ));
#279 = CARTESIAN_POINT('',(-3.826834323651,-9.238795325113,4.));
#280 = ORIENTED_EDGE('',*,*,#281,.F.);
#281 = EDGE_CURVE('',#282,#271,#284,.T.);
#282 = VERTEX_POINT('',#283);
#283 = CARTESIAN_POINT('',(-6.087614290087,-7.933533402912,4.));
#284 = B_SPLINE_CURVE_WITH_KNOTS('',5,(#285,#286,#287,#288,#289,#290),
  .UNSPECIFIED.,.F.,.F.,(6,6),(0.,1.),.PIECEWISE_BEZIER_KNOTS.);
#285 = CARTESIAN_POINT('',(-6.087614290087,-7.933533402912,4.));
#286 = CARTESIAN_POINT('',(-5.879031012265,-8.093584981226,
    3.804998937509));
#287 = CARTESIAN_POINT('',(-5.665187425279,-8.246782068319,3.60999750703
    ));
#288 = CARTESIAN_POINT('',(-5.446828686745,-8.392551735962,
    3.414850241289));
#289 = CARTESIAN_POINT('',(-5.224803807956,-8.53046351247,3.219409165275
    ));
#290 = CARTESIAN_POINT('',(-4.999999605198,-8.660254265783,
    3.023542377816));
#291 = ORIENTED_EDGE('',*,*,#292,.F.);
#292 = EDGE_CURVE('',#293,#282,#295,.T.);
#293 = VERTEX_POINT('',#294);
#294 = CARTESIAN_POINT('',(-7.071067811865,-7.071067811865,
    3.023542721798));
#295 = B_SPLINE_CURVE_WITH_KNOTS('',4,(#296,#297,#298,#299,#300,#301,
    #302,#303),.UNSPECIFIED.,.F.,.F.,(5,3,5),(0.,0.535459501266,1.),
  .UNSPECIFIED.);
#296 = CARTESIAN_POINT('',(-7.07106813422,-7.071067489511,3.023542377816
    ));
#297 = CARTESIAN_POINT('',(-6.948212347969,-7.193923286963,
    3.154640856033));
#298 = CARTESIAN_POINT('',(-6.821951799508,-7.314491835418,
    3.285535654488));
#299 = CARTESIAN_POINT('',(-6.692472830561,-7.432469592623,
    3.416278153534));
#300 = CARTESIAN_POINT('',(-6.445109801617,-7.647466176865,3.66026596906
    ));
#301 = CARTESIAN_POINT('',(-6.327961121179,-7.745191668294,
    3.773535206776));
#302 = CARTESIAN_POINT('',(-6.208733561108,-7.840595317494,
    3.886767593339));
#303 = CARTESIAN_POINT('',(-6.087614290087,-7.933533402912,4.));
#304 = ORIENTED_EDGE('',*,*,#305,.F.);
#305 = EDGE_CURVE('',#306,#293,#308,.T.);
#306 = VERTEX_POINT('',#307);
#307 = CARTESIAN_POINT('',(-7.933533402912,-6.087614290087,4.));
#308 = B_SPLINE_CURVE_WITH_KNOTS('',4,(#309,#310,#311,#312,#313,#314,
    #315,#316),.UNSPECIFIED.,.F.,.F.,(5,3,5),(0.,0.465174816543,1.),
  .UNSPECIFIED.);
#309 = CARTESIAN_POINT('',(-7.933533402912,-6.087614290087,4.));
#310 = CARTESIAN_POINT('',(-7.84046841298,-6.20889894629,3.886612977462)
  );
#311 = CARTESIAN_POINT('',(-7.744931120925,-6.328286722263,
    3.773225975171));
#312 = CARTESIAN_POINT('',(-7.647065839492,-6.445589679957,
    3.659801970216));
#313 = CARTESIAN_POINT('',(-7.432050304893,-6.692932967988,
    3.415813510835));
#314 = CARTESIAN_POINT('',(-7.314206174626,-6.82225093768,3.2852255323)
  );
#315 = CARTESIAN_POINT('',(-7.193777749128,-6.948357885791,
    3.154485553727));
#316 = CARTESIAN_POINT('',(-7.071067489511,-7.07106813422,3.023542377816
    ));
#317 = ORIENTED_EDGE('',*,*,#318,.F.);
#318 = EDGE_CURVE('',#319,#306,#321,.T.);
#319 = VERTEX_POINT('',#320);
#320 = CARTESIAN_POINT('',(-8.660254037844,-5.,3.023542721798));
#321 = B_SPLINE_CURVE_WITH_KNOTS('',5,(#322,#323,#324,#325,#326,#327),
  .UNSPECIFIED.,.F.,.F.,(6,6),(0.,1.),.PIECEWISE_BEZIER_KNOTS.);
#322 = CARTESIAN_POINT('',(-8.660254265783,-4.999999605198,
    3.023542377816));
#323 = CARTESIAN_POINT('',(-8.530463512471,-5.224803807955,
    3.219409165275));
#324 = CARTESIAN_POINT('',(-8.392551735971,-5.446828686733,
    3.414850241279));
#325 = CARTESIAN_POINT('',(-8.246782068321,-5.665187425277,
    3.609997507028));
#326 = CARTESIAN_POINT('',(-8.093584981219,-5.879031012275,
    3.804998937518));
#327 = CARTESIAN_POINT('',(-7.933533402912,-6.087614290087,4.));
#328 = ORIENTED_EDGE('',*,*,#329,.F.);
#329 = EDGE_CURVE('',#330,#319,#332,.T.);
#330 = VERTEX_POINT('',#331);
#331 = CARTESIAN_POINT('',(-9.238795325113,-3.826834323651,4.));
#332 = B_SPLINE_CURVE_WITH_KNOTS('',5,(#333,#334,#335,#336,#337,#338),
  .UNSPECIFIED.,.F.,.F.,(6,6),(0.,1.),.PIECEWISE_BEZIER_KNOTS.);
#333 = CARTESIAN_POINT('',(-9.238795325113,-3.826834323651,4.));
#334 = CARTESIAN_POINT('',(-9.138182695904,-4.069734697633,
    3.804998935634));
#335 = CARTESIAN_POINT('',(-9.029587262152,-4.309329054778,
    3.609997509227));
#336 = CARTESIAN_POINT('',(-8.913367879897,-4.544748657491,3.41485024374
    ));
#337 = CARTESIAN_POINT('',(-8.790044583481,-4.775196204283,
    3.219409164922));
#338 = CARTESIAN_POINT('',(-8.660253809905,-5.000000394802,
    3.023542377816));
#339 = ORIENTED_EDGE('',*,*,#340,.F.);
#340 = EDGE_CURVE('',#341,#330,#343,.T.);
#341 = VERTEX_POINT('',#342);
#342 = CARTESIAN_POINT('',(-9.659258262891,-2.588190451025,
    3.023542721798));
#343 = B_SPLINE_CURVE_WITH_KNOTS('',5,(#344,#345,#346,#347,#348,#349),
  .UNSPECIFIED.,.F.,.F.,(6,6),(0.,1.),.PIECEWISE_BEZIER_KNOTS.);
#344 = CARTESIAN_POINT('',(-9.659258380881,-2.588190010681,
    3.023542377816));
#345 = CARTESIAN_POINT('',(-9.592073747087,-2.83892652321,3.21940917183)
  );
#346 = CARTESIAN_POINT('',(-9.516325461439,-3.089080266477,
    3.414850236337));
#347 = CARTESIAN_POINT('',(-9.432038193187,-3.337726578676,
    3.609997501712));
#348 = CARTESIAN_POINT('',(-9.339407951118,-3.583933957402,
    3.804998941843));
#349 = CARTESIAN_POINT('',(-9.238795325113,-3.826834323651,4.));
#350 = ORIENTED_EDGE('',*,*,#351,.F.);
#351 = EDGE_CURVE('',#352,#341,#354,.T.);
#352 = VERTEX_POINT('',#353);
#353 = CARTESIAN_POINT('',(-9.914448613738,-1.305261922201,4.));
#354 = B_SPLINE_CURVE_WITH_KNOTS('',5,(#355,#356,#357,#358,#359,#360),
  .UNSPECIFIED.,.F.,.F.,(6,6),(0.,1.),.PIECEWISE_BEZIER_KNOTS.);
#355 = CARTESIAN_POINT('',(-9.914448613738,-1.305261922201,4.));
#356 = CARTESIAN_POINT('',(-9.880131520676,-1.565926122966,3.80499894184
    ));
#357 = CARTESIAN_POINT('',(-9.837247974102,-1.825463088573,
    3.609997501712));
#358 = CARTESIAN_POINT('',(-9.785919733525,-2.082940745622,
    3.414850236336));
#359 = CARTESIAN_POINT('',(-9.726442801554,-2.337454384972,
    3.219409171826));
#360 = CARTESIAN_POINT('',(-9.659258144901,-2.588190891369,
    3.023542377816));
#361 = ORIENTED_EDGE('',*,*,#362,.F.);
#362 = EDGE_CURVE('',#363,#352,#365,.T.);
#363 = VERTEX_POINT('',#364);
#364 = CARTESIAN_POINT('',(-10.,1.255346439453E-15,3.023542721798));
#365 = B_SPLINE_CURVE_WITH_KNOTS('',5,(#366,#367,#368,#369,#370,#371),
  .UNSPECIFIED.,.F.,.F.,(6,6),(0.,1.),.PIECEWISE_BEZIER_KNOTS.);
#366 = CARTESIAN_POINT('',(-10.,4.558778394781E-07,3.023542377816));
#367 = CARTESIAN_POINT('',(-10.00000001183,-0.259581079931,3.21940917183
    ));
#368 = CARTESIAN_POINT('',(-9.99157733939,-0.520816140056,3.414850236337
    ));
#369 = CARTESIAN_POINT('',(-9.97451649125,-0.782805184903,3.609997501712
    ));
#370 = CARTESIAN_POINT('',(-9.9487657068,-1.044597721438,3.804998941843)
  );
#371 = CARTESIAN_POINT('',(-9.914448613738,-1.305261922201,4.));
#372 = ORIENTED_EDGE('',*,*,#373,.F.);
#373 = EDGE_CURVE('',#374,#363,#376,.T.);
#374 = VERTEX_POINT('',#375);
#375 = CARTESIAN_POINT('',(-9.914448613738,1.305261922201,4.));
#376 = B_SPLINE_CURVE_WITH_KNOTS('',5,(#377,#378,#379,#380,#381,#382),
  .UNSPECIFIED.,.F.,.F.,(6,6),(0.,1.),.PIECEWISE_BEZIER_KNOTS.);
#377 = CARTESIAN_POINT('',(-9.914448613738,1.305261922201,4.));
#378 = CARTESIAN_POINT('',(-9.948765706801,1.044597721435,3.80499894184)
  );
#379 = CARTESIAN_POINT('',(-9.97451649125,0.782805184904,3.609997501712)
  );
#380 = CARTESIAN_POINT('',(-9.991577339391,0.520816140055,3.414850236336
    ));
#381 = CARTESIAN_POINT('',(-10.00000001183,0.259581079925,3.219409171826
    ));
#382 = CARTESIAN_POINT('',(-10.,-4.558778370356E-07,3.023542377816));
#383 = ORIENTED_EDGE('',*,*,#384,.F.);
#384 = EDGE_CURVE('',#385,#374,#387,.T.);
#385 = VERTEX_POINT('',#386);
#386 = CARTESIAN_POINT('',(-9.659258262891,2.588190451025,3.023542721798
    ));
#387 = B_SPLINE_CURVE_WITH_KNOTS('',5,(#388,#389,#390,#391,#392,#393),
  .UNSPECIFIED.,.F.,.F.,(6,6),(0.,1.),.PIECEWISE_BEZIER_KNOTS.);
#388 = CARTESIAN_POINT('',(-9.659258144901,2.588190891369,3.023542377816
    ));
#389 = CARTESIAN_POINT('',(-9.726442801556,2.337454384966,3.21940917183)
  );
#390 = CARTESIAN_POINT('',(-9.785919733525,2.082940745621,3.414850236337
    ));
#391 = CARTESIAN_POINT('',(-9.837247974103,1.825463088573,3.609997501712
    ));
#392 = CARTESIAN_POINT('',(-9.880131520676,1.565926122963,3.804998941843
    ));
#393 = CARTESIAN_POINT('',(-9.914448613738,1.305261922201,4.));
#394 = ORIENTED_EDGE('',*,*,#395,.F.);
#395 = EDGE_CURVE('',#396,#385,#398,.T.);
#396 = VERTEX_POINT('',#397);
#397 = CARTESIAN_POINT('',(-9.238795325113,3.826834323651,4.));
#398 = B_SPLINE_CURVE_WITH_KNOTS('',5,(#399,#400,#401,#402,#403,#404),
  .UNSPECIFIED.,.F.,.F.,(6,6),(0.,1.),.PIECEWISE_BEZIER_KNOTS.);
#399 = CARTESIAN_POINT('',(-9.238795325113,3.826834323651,4.));
#400 = CARTESIAN_POINT('',(-9.33940795112,3.583933957399,3.80499894184)
  );
#401 = CARTESIAN_POINT('',(-9.432038193186,3.337726578676,3.609997501712
    ));
#402 = CARTESIAN_POINT('',(-9.516325461439,3.089080266476,3.414850236336
    ));
#403 = CARTESIAN_POINT('',(-9.592073747088,2.838926523204,3.219409171826
    ));
#404 = CARTESIAN_POINT('',(-9.659258380881,2.588190010681,3.023542377816
    ));
#405 = ORIENTED_EDGE('',*,*,#406,.F.);
#406 = EDGE_CURVE('',#407,#396,#409,.T.);
#407 = VERTEX_POINT('',#408);
#408 = CARTESIAN_POINT('',(-8.660254037844,5.,3.023542721798));
#409 = B_SPLINE_CURVE_WITH_KNOTS('',5,(#410,#411,#412,#413,#414,#415),
  .UNSPECIFIED.,.F.,.F.,(6,6),(0.,1.),.PIECEWISE_BEZIER_KNOTS.);
#410 = CARTESIAN_POINT('',(-8.660253809905,5.000000394802,3.023542377816
    ));
#411 = CARTESIAN_POINT('',(-8.790044583498,4.775196204254,3.219409164947
    ));
#412 = CARTESIAN_POINT('',(-8.913367879878,4.544748657522,3.414850243713
    ));
#413 = CARTESIAN_POINT('',(-9.029587262112,4.30932905478,3.609997509205)
  );
#414 = CARTESIAN_POINT('',(-9.138182695912,4.069734697613,3.80499893565)
  );
#415 = CARTESIAN_POINT('',(-9.238795325113,3.826834323651,4.));
#416 = ORIENTED_EDGE('',*,*,#417,.F.);
#417 = EDGE_CURVE('',#418,#407,#420,.T.);
#418 = VERTEX_POINT('',#419);
#419 = CARTESIAN_POINT('',(-7.933533402912,6.087614290087,4.));
#420 = B_SPLINE_CURVE_WITH_KNOTS('',5,(#421,#422,#423,#424,#425,#426),
  .UNSPECIFIED.,.F.,.F.,(6,6),(0.,1.),.PIECEWISE_BEZIER_KNOTS.);
#421 = CARTESIAN_POINT('',(-7.933533402912,6.087614290087,4.));
#422 = CARTESIAN_POINT('',(-8.093584981226,5.879031012265,3.804998937509
    ));
#423 = CARTESIAN_POINT('',(-8.246782068319,5.665187425279,3.60999750703)
  );
#424 = CARTESIAN_POINT('',(-8.392551735962,5.446828686745,3.414850241289
    ));
#425 = CARTESIAN_POINT('',(-8.53046351247,5.224803807956,3.219409165276)
  );
#426 = CARTESIAN_POINT('',(-8.660254265783,4.999999605198,3.023542377816
    ));
#427 = ORIENTED_EDGE('',*,*,#428,.F.);
#428 = EDGE_CURVE('',#429,#418,#431,.T.);
#429 = VERTEX_POINT('',#430);
#430 = CARTESIAN_POINT('',(-7.071067811865,7.071067811865,3.023542721798
    ));
#431 = B_SPLINE_CURVE_WITH_KNOTS('',4,(#432,#433,#434,#435,#436,#437,
    #438,#439),.UNSPECIFIED.,.F.,.F.,(5,3,5),(0.,0.535459501266,1.),
  .UNSPECIFIED.);
#432 = CARTESIAN_POINT('',(-7.071067489511,7.07106813422,3.023542377816)
  );
#433 = CARTESIAN_POINT('',(-7.193923286963,6.948212347969,3.154640856033
    ));
#434 = CARTESIAN_POINT('',(-7.314491835418,6.821951799508,3.285535654488
    ));
#435 = CARTESIAN_POINT('',(-7.432469592623,6.692472830561,3.416278153534
    ));
#436 = CARTESIAN_POINT('',(-7.647466176865,6.445109801617,3.66026596906)
  );
#437 = CARTESIAN_POINT('',(-7.745191668294,6.327961121179,3.773535206776
    ));
#438 = CARTESIAN_POINT('',(-7.840595317494,6.208733561107,3.886767593339
    ));
#439 = CARTESIAN_POINT('',(-7.933533402912,6.087614290087,4.));
#440 = ORIENTED_EDGE('',*,*,#441,.F.);
#441 = EDGE_CURVE('',#442,#429,#444,.T.);
#442 = VERTEX_POINT('',#443);
#443 = CARTESIAN_POINT('',(-6.087614290087,7.933533402912,4.));
#444 = B_SPLINE_CURVE_WITH_KNOTS('',4,(#445,#446,#447,#448,#449,#450,
    #451,#452),.UNSPECIFIED.,.F.,.F.,(5,3,5),(0.,0.465174816543,1.),
  .UNSPECIFIED.);
#445 = CARTESIAN_POINT('',(-6.087614290087,7.933533402912,4.));
#446 = CARTESIAN_POINT('',(-6.20889894629,7.84046841298,3.886612977462)
  );
#447 = CARTESIAN_POINT('',(-6.328286722263,7.744931120925,3.773225975171
    ));
#448 = CARTESIAN_POINT('',(-6.445589679957,7.647065839492,3.659801970216
    ));
#449 = CARTESIAN_POINT('',(-6.692932967988,7.432050304893,3.415813510835
    ));
#450 = CARTESIAN_POINT('',(-6.82225093768,7.314206174626,3.2852255323));
#451 = CARTESIAN_POINT('',(-6.948357885791,7.193777749128,3.154485553727
    ));
#452 = CARTESIAN_POINT('',(-7.07106813422,7.071067489511,3.023542377816)
  );
#453 = ORIENTED_EDGE('',*,*,#454,.F.);
#454 = EDGE_CURVE('',#455,#442,#457,.T.);
#455 = VERTEX_POINT('',#456);
#456 = CARTESIAN_POINT('',(-5.,8.660254037844,3.023542721798));
#457 = B_SPLINE_CURVE_WITH_KNOTS('',5,(#458,#459,#460,#461,#462,#463),
  .UNSPECIFIED.,.F.,.F.,(6,6),(0.,1.),.PIECEWISE_BEZIER_KNOTS.);
#458 = CARTESIAN_POINT('',(-4.999999605198,8.660254265783,3.023542377816
    ));
#459 = CARTESIAN_POINT('',(-5.224803807955,8.530463512471,3.219409165275
    ));
#460 = CARTESIAN_POINT('',(-5.446828686733,8.392551735971,3.414850241279
    ));
#461 = CARTESIAN_POINT('',(-5.665187425277,8.246782068321,3.609997507028
    ));
#462 = CARTESIAN_POINT('',(-5.879031012275,8.093584981219,3.804998937518
    ));
#463 = CARTESIAN_POINT('',(-6.087614290087,7.933533402912,4.));
#464 = ORIENTED_EDGE('',*,*,#465,.F.);
#465 = EDGE_CURVE('',#466,#455,#468,.T.);
#466 = VERTEX_POINT('',#467);
#467 = CARTESIAN_POINT('',(-3.826834323651,9.238795325113,4.));
#468 = B_SPLINE_CURVE_WITH_KNOTS('',5,(#469,#470,#471,#472,#473,#474),
  .UNSPECIFIED.,.F.,.F.,(6,6),(0.,1.),.PIECEWISE_BEZIER_KNOTS.);
#469 = CARTESIAN_POINT('',(-3.826834323651,9.238795325113,4.));
#470 = CARTESIAN_POINT('',(-4.069734697633,9.138182695904,3.804998935634
    ));
#471 = CARTESIAN_POINT('',(-4.309329054778,9.029587262152,3.609997509227
    ));
#472 = CARTESIAN_POINT('',(-4.544748657491,8.913367879897,3.41485024374)
  );
#473 = CARTESIAN_POINT('',(-4.775196204283,8.790044583481,3.219409164922
    ));
#474 = CARTESIAN_POINT('',(-5.000000394802,8.660253809905,3.023542377816
    ));
#475 = ORIENTED_EDGE('',*,*,#476,.F.);
#476 = EDGE_CURVE('',#477,#466,#479,.T.);
#477 = VERTEX_POINT('',#478);
#478 = CARTESIAN_POINT('',(-2.588190451025,9.659258262891,3.023542721798
    ));
#479 = B_SPLINE_CURVE_WITH_KNOTS('',5,(#480,#481,#482,#483,#484,#485),
  .UNSPECIFIED.,.F.,.F.,(6,6),(0.,1.),.PIECEWISE_BEZIER_KNOTS.);
#480 = CARTESIAN_POINT('',(-2.588190010681,9.659258380881,3.023542377816
    ));
#481 = CARTESIAN_POINT('',(-2.83892652321,9.592073747087,3.21940917183)
  );
#482 = CARTESIAN_POINT('',(-3.089080266477,9.516325461439,3.414850236337
    ));
#483 = CARTESIAN_POINT('',(-3.337726578676,9.432038193187,3.609997501712
    ));
#484 = CARTESIAN_POINT('',(-3.583933957402,9.339407951118,3.804998941843
    ));
#485 = CARTESIAN_POINT('',(-3.826834323651,9.238795325113,4.));
#486 = ORIENTED_EDGE('',*,*,#487,.F.);
#487 = EDGE_CURVE('',#488,#477,#490,.T.);
#488 = VERTEX_POINT('',#489);
#489 = CARTESIAN_POINT('',(-1.305261922201,9.914448613738,4.));
#490 = B_SPLINE_CURVE_WITH_KNOTS('',5,(#491,#492,#493,#494,#495,#496),
  .UNSPECIFIED.,.F.,.F.,(6,6),(0.,1.),.PIECEWISE_BEZIER_KNOTS.);
#491 = CARTESIAN_POINT('',(-1.305261922201,9.914448613738,4.));
#492 = CARTESIAN_POINT('',(-1.565926122966,9.880131520676,3.80499894184)
  );
#493 = CARTESIAN_POINT('',(-1.825463088573,9.837247974102,3.609997501712
    ));
#494 = CARTESIAN_POINT('',(-2.082940745622,9.785919733525,3.414850236336
    ));
#495 = CARTESIAN_POINT('',(-2.337454384972,9.726442801554,3.219409171826
    ));
#496 = CARTESIAN_POINT('',(-2.588190891369,9.659258144901,3.023542377816
    ));
#497 = ORIENTED_EDGE('',*,*,#498,.F.);
#498 = EDGE_CURVE('',#499,#488,#501,.T.);
#499 = VERTEX_POINT('',#500);
#500 = CARTESIAN_POINT('',(5.308206101767E-16,10.,3.023542721798));
#501 = B_SPLINE_CURVE_WITH_KNOTS('',5,(#502,#503,#504,#505,#506,#507),
  .UNSPECIFIED.,.F.,.F.,(6,6),(0.,1.),.PIECEWISE_BEZIER_KNOTS.);
#502 = CARTESIAN_POINT('',(4.55877839034E-07,10.,3.023542377816));
#503 = CARTESIAN_POINT('',(-0.259581079931,10.000000011834,3.21940917183
    ));
#504 = CARTESIAN_POINT('',(-0.520816140056,9.99157733939,3.414850236337)
  );
#505 = CARTESIAN_POINT('',(-0.782805184903,9.97451649125,3.609997501712)
  );
#506 = CARTESIAN_POINT('',(-1.044597721438,9.9487657068,3.804998941843)
  );
#507 = CARTESIAN_POINT('',(-1.305261922201,9.914448613738,4.));
#508 = ORIENTED_EDGE('',*,*,#509,.F.);
#509 = EDGE_CURVE('',#510,#499,#512,.T.);
#510 = VERTEX_POINT('',#511);
#511 = CARTESIAN_POINT('',(1.305261922201,9.914448613738,4.));
#512 = B_SPLINE_CURVE_WITH_KNOTS('',5,(#513,#514,#515,#516,#517,#518),
  .UNSPECIFIED.,.F.,.F.,(6,6),(0.,1.),.PIECEWISE_BEZIER_KNOTS.);
#513 = CARTESIAN_POINT('',(1.305261922201,9.914448613738,4.));
#514 = CARTESIAN_POINT('',(1.044597721435,9.948765706801,3.80499894184)
  );
#515 = CARTESIAN_POINT('',(0.782805184904,9.97451649125,3.609997501712)
  );
#516 = CARTESIAN_POINT('',(0.520816140055,9.991577339391,3.414850236336)
  );
#517 = CARTESIAN_POINT('',(0.259581079925,10.000000011834,3.219409171826
    ));
#518 = CARTESIAN_POINT('',(-4.558778379238E-07,10.,3.023542377816));
#519 = ORIENTED_EDGE('',*,*,#520,.F.);
#520 = EDGE_CURVE('',#521,#510,#523,.T.);
#521 = VERTEX_POINT('',#522);
#522 = CARTESIAN_POINT('',(2.588190451025,9.659258262891,3.023542721798)
  );
#523 = B_SPLINE_CURVE_WITH_KNOTS('',5,(#524,#525,#526,#527,#528,#529),
  .UNSPECIFIED.,.F.,.F.,(6,6),(0.,1.),.PIECEWISE_BEZIER_KNOTS.);
#524 = CARTESIAN_POINT('',(2.588190891369,9.659258144901,3.023542377816)
  );
#525 = CARTESIAN_POINT('',(2.337454384966,9.726442801556,3.21940917183)
  );
#526 = CARTESIAN_POINT('',(2.082940745621,9.785919733525,3.414850236337)
  );
#527 = CARTESIAN_POINT('',(1.825463088573,9.837247974103,3.609997501712)
  );
#528 = CARTESIAN_POINT('',(1.565926122963,9.880131520676,3.804998941843)
  );
#529 = CARTESIAN_POINT('',(1.305261922201,9.914448613738,4.));
#530 = ORIENTED_EDGE('',*,*,#531,.F.);
#531 = EDGE_CURVE('',#532,#521,#534,.T.);
#532 = VERTEX_POINT('',#533);
#533 = CARTESIAN_POINT('',(3.826834323651,9.238795325113,4.));
#534 = B_SPLINE_CURVE_WITH_KNOTS('',5,(#535,#536,#537,#538,#539,#540),
  .UNSPECIFIED.,.F.,.F.,(6,6),(0.,1.),.PIECEWISE_BEZIER_KNOTS.);
#535 = CARTESIAN_POINT('',(3.826834323651,9.238795325113,4.));
#536 = CARTESIAN_POINT('',(3.583933957399,9.33940795112,3.80499894184));
#537 = CARTESIAN_POINT('',(3.337726578676,9.432038193186,3.609997501712)
  );
#538 = CARTESIAN_POINT('',(3.089080266476,9.516325461439,3.414850236336)
  );
#539 = CARTESIAN_POINT('',(2.838926523204,9.592073747088,3.219409171826)
  );
#540 = CARTESIAN_POINT('',(2.588190010681,9.659258380881,3.023542377816)
  );
#541 = ORIENTED_EDGE('',*,*,#542,.F.);
#542 = EDGE_CURVE('',#543,#532,#545,.T.);
#543 = VERTEX_POINT('',#544);
#544 = CARTESIAN_POINT('',(5.,8.660254037844,3.023542721798));
#545 = B_SPLINE_CURVE_WITH_KNOTS('',5,(#546,#547,#548,#549,#550,#551),
  .UNSPECIFIED.,.F.,.F.,(6,6),(0.,1.),.PIECEWISE_BEZIER_KNOTS.);
#546 = CARTESIAN_POINT('',(5.000000394802,8.660253809905,3.023542377816)
  );
#547 = CARTESIAN_POINT('',(4.775196204254,8.790044583498,3.219409164947)
  );
#548 = CARTESIAN_POINT('',(4.544748657522,8.913367879878,3.414850243713)
  );
#549 = CARTESIAN_POINT('',(4.30932905478,9.029587262112,3.609997509205)
  );
#550 = CARTESIAN_POINT('',(4.069734697613,9.138182695912,3.80499893565)
  );
#551 = CARTESIAN_POINT('',(3.826834323651,9.238795325113,4.));
#552 = ORIENTED_EDGE('',*,*,#553,.F.);
#553 = EDGE_CURVE('',#554,#543,#556,.T.);
#554 = VERTEX_POINT('',#555);
#555 = CARTESIAN_POINT('',(6.087614290087,7.933533402912,4.));
#556 = B_SPLINE_CURVE_WITH_KNOTS('',5,(#557,#558,#559,#560,#561,#562),
  .UNSPECIFIED.,.F.,.F.,(6,6),(0.,1.),.PIECEWISE_BEZIER_KNOTS.);
#557 = CARTESIAN_POINT('',(6.087614290087,7.933533402912,4.));
#558 = CARTESIAN_POINT('',(5.879031012265,8.093584981226,3.804998937509)
  );
#559 = CARTESIAN_POINT('',(5.665187425279,8.246782068319,3.60999750703)
  );
#560 = CARTESIAN_POINT('',(5.446828686745,8.392551735962,3.414850241289)
  );
#561 = CARTESIAN_POINT('',(5.224803807956,8.53046351247,3.219409165275)
  );
#562 = CARTESIAN_POINT('',(4.999999605198,8.660254265783,3.023542377816)
  );
#563 = ORIENTED_EDGE('',*,*,#564,.F.);
#564 = EDGE_CURVE('',#565,#554,#567,.T.);
#565 = VERTEX_POINT('',#566);
#566 = CARTESIAN_POINT('',(7.071067811865,7.071067811865,3.023542721798)
  );
#567 = B_SPLINE_CURVE_WITH_KNOTS('',4,(#568,#569,#570,#571,#572,#573,
    #574,#575),.UNSPECIFIED.,.F.,.F.,(5,3,5),(0.,0.535459501266,1.),
  .UNSPECIFIED.);
#568 = CARTESIAN_POINT('',(7.07106813422,7.071067489511,3.023542377816)
  );
#569 = CARTESIAN_POINT('',(6.948212347969,7.193923286963,3.154640856033)
  );
#570 = CARTESIAN_POINT('',(6.821951799508,7.314491835418,3.285535654488)
  );
#571 = CARTESIAN_POINT('',(6.69247283056,7.432469592623,3.416278153534)
  );
#572 = CARTESIAN_POINT('',(6.445109801617,7.647466176865,3.66026596906)
  );
#573 = CARTESIAN_POINT('',(6.327961121179,7.745191668294,3.773535206776)
  );
#574 = CARTESIAN_POINT('',(6.208733561107,7.840595317494,3.886767593339)
  );
#575 = CARTESIAN_POINT('',(6.087614290087,7.933533402912,4.));
#576 = ORIENTED_EDGE('',*,*,#577,.F.);
#577 = EDGE_CURVE('',#578,#565,#580,.T.);
#578 = VERTEX_POINT('',#579);
#579 = CARTESIAN_POINT('',(7.933533402912,6.087614290087,4.));
#580 = B_SPLINE_CURVE_WITH_KNOTS('',4,(#581,#582,#583,#584,#585,#586,
    #587,#588),.UNSPECIFIED.,.F.,.F.,(5,3,5),(0.,0.465174816543,1.),
  .UNSPECIFIED.);
#581 = CARTESIAN_POINT('',(7.933533402912,6.087614290087,4.));
#582 = CARTESIAN_POINT('',(7.84046841298,6.20889894629,3.886612977462));
#583 = CARTESIAN_POINT('',(7.744931120925,6.328286722263,3.773225975171)
  );
#584 = CARTESIAN_POINT('',(7.647065839492,6.445589679957,3.659801970216)
  );
#585 = CARTESIAN_POINT('',(7.432050304893,6.692932967988,3.415813510835)
  );
#586 = CARTESIAN_POINT('',(7.314206174626,6.82225093768,3.2852255323));
#587 = CARTESIAN_POINT('',(7.193777749128,6.948357885791,3.154485553727)
  );
#588 = CARTESIAN_POINT('',(7.071067489511,7.07106813422,3.023542377816)
  );
#589 = ORIENTED_EDGE('',*,*,#590,.F.);
#590 = EDGE_CURVE('',#591,#578,#593,.T.);
#591 = VERTEX_POINT('',#592);
#592 = CARTESIAN_POINT('',(8.660254037844,5.,3.023542721798));
#593 = B_SPLINE_CURVE_WITH_KNOTS('',5,(#594,#595,#596,#597,#598,#599),
  .UNSPECIFIED.,.F.,.F.,(6,6),(0.,1.),.PIECEWISE_BEZIER_KNOTS.);
#594 = CARTESIAN_POINT('',(8.660254265783,4.999999605198,3.023542377816)
  );
#595 = CARTESIAN_POINT('',(8.530463512471,5.224803807955,3.219409165275)
  );
#596 = CARTESIAN_POINT('',(8.392551735971,5.446828686733,3.414850241279)
  );
#597 = CARTESIAN_POINT('',(8.246782068321,5.665187425277,3.609997507028)
  );
#598 = CARTESIAN_POINT('',(8.093584981219,5.879031012275,3.804998937518)
  );
#599 = CARTESIAN_POINT('',(7.933533402912,6.087614290087,4.));
#600 = ORIENTED_EDGE('',*,*,#601,.F.);
#601 = EDGE_CURVE('',#602,#591,#604,.T.);
#602 = VERTEX_POINT('',#603);
#603 = CARTESIAN_POINT('',(9.238795325113,3.826834323651,4.));
#604 = B_SPLINE_CURVE_WITH_KNOTS('',5,(#605,#606,#607,#608,#609,#610),
  .UNSPECIFIED.,.F.,.F.,(6,6),(0.,1.),.PIECEWISE_BEZIER_KNOTS.);
#605 = CARTESIAN_POINT('',(9.238795325113,3.826834323651,4.));
#606 = CARTESIAN_POINT('',(9.138182695904,4.069734697633,3.804998935634)
  );
#607 = CARTESIAN_POINT('',(9.029587262152,4.309329054778,3.609997509227)
  );
#608 = CARTESIAN_POINT('',(8.913367879897,4.544748657491,3.41485024374)
  );
#609 = CARTESIAN_POINT('',(8.790044583481,4.775196204283,3.219409164922)
  );
#610 = CARTESIAN_POINT('',(8.660253809905,5.000000394802,3.023542377816)
  );
#611 = ORIENTED_EDGE('',*,*,#612,.F.);
#612 = EDGE_CURVE('',#66,#602,#613,.T.);
#613 = B_SPLINE_CURVE_WITH_KNOTS('',5,(#614,#615,#616,#617,#618,#619),
  .UNSPECIFIED.,.F.,.F.,(6,6),(0.,1.),.PIECEWISE_BEZIER_KNOTS.);
#614 = CARTESIAN_POINT('',(9.659258380881,2.588190010681,3.023542377816)
  );
#615 = CARTESIAN_POINT('',(9.592073747087,2.83892652321,3.21940917183));
#616 = CARTESIAN_POINT('',(9.516325461439,3.089080266477,3.414850236337)
  );
#617 = CARTESIAN_POINT('',(9.432038193187,3.337726578676,3.609997501712)
  );
#618 = CARTESIAN_POINT('',(9.339407951118,3.583933957402,3.804998941843)
  );
#619 = CARTESIAN_POINT('',(9.238795325113,3.826834323651,4.));
#620 = ORIENTED_EDGE('',*,*,#65,.F.);
#621 = ORIENTED_EDGE('',*,*,#48,.F.);
#622 = ORIENTED_EDGE('',*,*,#623,.F.);
#623 = EDGE_CURVE('',#624,#42,#626,.T.);
#624 = VERTEX_POINT('',#625);
#625 = CARTESIAN_POINT('',(10.,-2.449293598295E-15,2.494446500535));
#626 = B_SPLINE_CURVE_WITH_KNOTS('',1,(#627,#628),.UNSPECIFIED.,.F.,.F.,
  (2,2),(0.,0.529096221263),.PIECEWISE_BEZIER_KNOTS.);
#627 = CARTESIAN_POINT('',(10.,-2.449293598295E-15,2.494446500535));
#628 = CARTESIAN_POINT('',(10.,-2.449293598295E-15,3.023542721798));
#629 = ORIENTED_EDGE('',*,*,#630,.T.);
#630 = EDGE_CURVE('',#624,#624,#631,.T.);
#631 = CIRCLE('',#632,10.);
#632 = AXIS2_PLACEMENT_3D('',#633,#634,#635);
#633 = CARTESIAN_POINT('',(0.,0.,2.494446500535));
#634 = DIRECTION('',(0.,0.,1.));
#635 = DIRECTION('',(1.,0.,-0.));
#636 = ORIENTED_EDGE('',*,*,#623,.T.);
#637 = CYLINDRICAL_SURFACE('',#638,10.);
#638 = AXIS2_PLACEMENT_3D('',#639,#640,#641);
#639 = CARTESIAN_POINT('',(0.,0.,2.494446500535));
#640 = DIRECTION('',(0.,0.,1.));
#641 = DIRECTION('',(1.,0.,-0.));
#642 = ADVANCED_FACE('',(#643),#663,.T.);
#643 = FACE_BOUND('',#644,.T.);
#644 = EDGE_LOOP('',(#645,#646,#657,#662));
#645 = ORIENTED_EDGE('',*,*,#41,.F.);
#646 = ORIENTED_EDGE('',*,*,#647,.F.);
#647 = EDGE_CURVE('',#648,#31,#650,.T.);
#648 = VERTEX_POINT('',#649);
#649 = CARTESIAN_POINT('',(6.44439159893,-0.84842024943,4.));
#650 = B_SPLINE_CURVE_WITH_KNOTS('',5,(#651,#652,#653,#654,#655,#656),
  .UNSPECIFIED.,.F.,.F.,(6,6),(0.,1.),.PIECEWISE_BEZIER_KNOTS.);
#651 = CARTESIAN_POINT('',(6.44439159893,-0.84842024943,4.));
#652 = CARTESIAN_POINT('',(6.466714142785,-0.678863695136,3.804855280601
    ));
#653 = CARTESIAN_POINT('',(6.483460421295,-0.508572769637,3.609710350343
    ));
#654 = CARTESIAN_POINT('',(6.49454126745,-0.338217295463,3.414491571733)
  );
#655 = CARTESIAN_POINT('',(6.5,-0.168481996095,3.21912394344));
#656 = CARTESIAN_POINT('',(6.5,-1.665334536938E-15,3.023542721798));
#657 = ORIENTED_EDGE('',*,*,#658,.T.);
#658 = EDGE_CURVE('',#648,#102,#659,.T.);
#659 = B_SPLINE_CURVE_WITH_KNOTS('',1,(#660,#661),.UNSPECIFIED.,.F.,.F.,
  (2,2),(0.,1.),.PIECEWISE_BEZIER_KNOTS.);
#660 = CARTESIAN_POINT('',(5.849524682105,-0.770104534098,4.));
#661 = CARTESIAN_POINT('',(10.509315530562,-1.383577637533,4.));
#662 = ORIENTED_EDGE('',*,*,#101,.T.);
#663 = B_SPLINE_SURFACE_WITH_KNOTS('',1,1,(
    (#664,#665)
    ,(#666,#667
    )),.UNSPECIFIED.,.F.,.F.,.F.,(2,2),(2,2),(0.,1.744278210227),(0.,1.)
  ,.PIECEWISE_BEZIER_KNOTS.);
#664 = CARTESIAN_POINT('',(5.953355323323,1.856748595768E-02,3.));
#665 = CARTESIAN_POINT('',(10.695858716479,3.335853409346E-02,3.));
#666 = CARTESIAN_POINT('',(5.849524682105,-0.770104534098,4.));
#667 = CARTESIAN_POINT('',(10.509315530562,-1.383577637533,4.));
#668 = ADVANCED_FACE('',(#669),#1548,.F.);
#669 = FACE_BOUND('',#670,.F.);
#670 = EDGE_LOOP('',(#671,#679,#680,#691,#702,#713,#724,#735,#746,#757,
    #768,#779,#790,#801,#812,#823,#834,#845,#856,#867,#878,#889,#900,
    #911,#922,#933,#944,#955,#966,#977,#988,#999,#1010,#1021,#1032,#1043
    ,#1054,#1065,#1076,#1087,#1098,#1109,#1120,#1131,#1142,#1153,#1164,
    #1173,#1174,#1175,#1176,#1195,#1210,#1225,#1240,#1255,#1270,#1285,
    #1300,#1315,#1330,#1345,#1360,#1375,#1390,#1405,#1420,#1435,#1450,
    #1465,#1480,#1495,#1510,#1525,#1540));
#671 = ORIENTED_EDGE('',*,*,#672,.T.);
#672 = EDGE_CURVE('',#673,#31,#675,.T.);
#673 = VERTEX_POINT('',#674);
#674 = CARTESIAN_POINT('',(6.5,-1.592040838892E-15,3.));
#675 = LINE('',#676,#677);
#676 = CARTESIAN_POINT('',(6.5,-1.592040838892E-15,2.8));
#677 = VECTOR('',#678,1.);
#678 = DIRECTION('',(0.,0.,1.));
#679 = ORIENTED_EDGE('',*,*,#647,.F.);
#680 = ORIENTED_EDGE('',*,*,#681,.F.);
#681 = EDGE_CURVE('',#682,#648,#684,.T.);
#682 = VERTEX_POINT('',#683);
#683 = CARTESIAN_POINT('',(6.278517870879,-1.682323793166,3.023542721798
    ));
#684 = B_SPLINE_CURVE_WITH_KNOTS('',5,(#685,#686,#687,#688,#689,#690),
  .UNSPECIFIED.,.F.,.F.,(6,6),(0.,1.),.PIECEWISE_BEZIER_KNOTS.);
#685 = CARTESIAN_POINT('',(6.278517794186,-1.68232407939,3.023542377816)
  );
#686 = CARTESIAN_POINT('',(6.322124165921,-1.519582914214,3.219123668951
    ));
#687 = CARTESIAN_POINT('',(6.360782182241,-1.35421832556,3.414491365402)
  );
#688 = CARTESIAN_POINT('',(6.394170163631,-1.186799581433,3.609710212837
    ));
#689 = CARTESIAN_POINT('',(6.422069047246,-1.017976863187,3.804855212165
    ));
#690 = CARTESIAN_POINT('',(6.44439159893,-0.84842024943,4.));
#691 = ORIENTED_EDGE('',*,*,#692,.F.);
#692 = EDGE_CURVE('',#693,#682,#695,.T.);
#693 = VERTEX_POINT('',#694);
#694 = CARTESIAN_POINT('',(6.005216961323,-2.487442310373,4.));
#695 = B_SPLINE_CURVE_WITH_KNOTS('',5,(#696,#697,#698,#699,#700,#701),
  .UNSPECIFIED.,.F.,.F.,(6,6),(0.,1.),.PIECEWISE_BEZIER_KNOTS.);
#696 = CARTESIAN_POINT('',(6.005216961323,-2.487442310373,4.));
#697 = CARTESIAN_POINT('',(6.070663371368,-2.329440699635,3.804855212161
    ));
#698 = CARTESIAN_POINT('',(6.130913588542,-2.169286495093,3.609710212836
    ));
#699 = CARTESIAN_POINT('',(6.185708120539,-2.007603618916,3.414491365403
    ));
#700 = CARTESIAN_POINT('',(6.234911590675,-1.845064676094,3.219123668951
    ));
#701 = CARTESIAN_POINT('',(6.278517947572,-1.682323506943,3.023542377816
    ));
#702 = ORIENTED_EDGE('',*,*,#703,.F.);
#703 = EDGE_CURVE('',#704,#693,#706,.T.);
#704 = VERTEX_POINT('',#705);
#705 = CARTESIAN_POINT('',(5.629165124599,-3.25,3.023542721798));
#706 = B_SPLINE_CURVE_WITH_KNOTS('',5,(#707,#708,#709,#710,#711,#712),
  .UNSPECIFIED.,.F.,.F.,(6,6),(0.,1.),.PIECEWISE_BEZIER_KNOTS.);
#707 = CARTESIAN_POINT('',(5.629164976439,-3.250000256621,3.023542377816
    ));
#708 = CARTESIAN_POINT('',(5.713406010059,-3.104090521671,3.219123668951
    ));
#709 = CARTESIAN_POINT('',(5.793546291344,-2.954366025605,3.414491365402
    ));
#710 = CARTESIAN_POINT('',(5.869127764344,-2.801293382309,3.609710212837
    ));
#711 = CARTESIAN_POINT('',(5.93977055128,-2.645443921107,3.804855212165)
  );
#712 = CARTESIAN_POINT('',(6.005216961323,-2.487442310373,4.));
#713 = ORIENTED_EDGE('',*,*,#714,.F.);
#714 = EDGE_CURVE('',#715,#704,#717,.T.);
#715 = VERTEX_POINT('',#716);
#716 = CARTESIAN_POINT('',(5.156796711893,-3.956949288557,4.));
#717 = B_SPLINE_CURVE_WITH_KNOTS('',5,(#718,#719,#720,#721,#722,#723),
  .UNSPECIFIED.,.F.,.F.,(6,6),(0.,1.),.PIECEWISE_BEZIER_KNOTS.);
#718 = CARTESIAN_POINT('',(5.156796711893,-3.956949288557,4.));
#719 = CARTESIAN_POINT('',(5.260906915607,-3.821270229505,3.804855212164
    ));
#720 = CARTESIAN_POINT('',(5.360555114705,-3.682167050824,3.609710212838
    ));
#721 = CARTESIAN_POINT('',(5.455329175923,-3.540175253502,3.414491365402
    ));
#722 = CARTESIAN_POINT('',(5.544924252443,-3.395909486009,3.219123668949
    ));
#723 = CARTESIAN_POINT('',(5.629165272759,-3.249999743379,3.023542377816
    ));
#724 = ORIENTED_EDGE('',*,*,#725,.F.);
#725 = EDGE_CURVE('',#726,#715,#728,.T.);
#726 = VERTEX_POINT('',#727);
#727 = CARTESIAN_POINT('',(4.596194077713,-4.596194077713,3.023542721798
    ));
#728 = B_SPLINE_CURVE_WITH_KNOTS('',5,(#729,#730,#731,#732,#733,#734),
  .UNSPECIFIED.,.F.,.F.,(6,6),(0.,1.),.PIECEWISE_BEZIER_KNOTS.);
#729 = CARTESIAN_POINT('',(4.596193868182,-4.596194287243,3.023542377816
    ));
#730 = CARTESIAN_POINT('',(4.71532867646,-4.477059489827,3.219123668951)
  );
#731 = CARTESIAN_POINT('',(4.83148979498,-4.353178563325,3.414491365402)
  );
#732 = CARTESIAN_POINT('',(4.944114007109,-4.224883668537,3.609710212837
    ));
#733 = CARTESIAN_POINT('',(5.05268650818,-4.092628347608,3.804855212165)
  );
#734 = CARTESIAN_POINT('',(5.156796711893,-3.956949288557,4.));
#735 = ORIENTED_EDGE('',*,*,#736,.F.);
#736 = EDGE_CURVE('',#737,#726,#739,.T.);
#737 = VERTEX_POINT('',#738);
#738 = CARTESIAN_POINT('',(3.956949288557,-5.156796711893,4.));
#739 = B_SPLINE_CURVE_WITH_KNOTS('',5,(#740,#741,#742,#743,#744,#745),
  .UNSPECIFIED.,.F.,.F.,(6,6),(0.,1.),.PIECEWISE_BEZIER_KNOTS.);
#740 = CARTESIAN_POINT('',(3.956949288557,-5.156796711893,4.));
#741 = CARTESIAN_POINT('',(4.092628347608,-5.052686508179,3.804855212164
    ));
#742 = CARTESIAN_POINT('',(4.224883668537,-4.944114007109,3.609710212838
    ));
#743 = CARTESIAN_POINT('',(4.353178563326,-4.83148979498,3.414491365402)
  );
#744 = CARTESIAN_POINT('',(4.477059489828,-4.715328676459,3.219123668949
    ));
#745 = CARTESIAN_POINT('',(4.596194287243,-4.596193868182,3.023542377816
    ));
#746 = ORIENTED_EDGE('',*,*,#747,.F.);
#747 = EDGE_CURVE('',#748,#737,#750,.T.);
#748 = VERTEX_POINT('',#749);
#749 = CARTESIAN_POINT('',(3.25,-5.629165124599,3.023542721798));
#750 = B_SPLINE_CURVE_WITH_KNOTS('',5,(#751,#752,#753,#754,#755,#756),
  .UNSPECIFIED.,.F.,.F.,(6,6),(0.,1.),.PIECEWISE_BEZIER_KNOTS.);
#751 = CARTESIAN_POINT('',(3.249999743379,-5.629165272759,3.023542377816
    ));
#752 = CARTESIAN_POINT('',(3.39590948601,-5.544924252442,3.219123668951)
  );
#753 = CARTESIAN_POINT('',(3.540175253502,-5.455329175923,3.414491365402
    ));
#754 = CARTESIAN_POINT('',(3.682167050824,-5.360555114705,3.609710212837
    ));
#755 = CARTESIAN_POINT('',(3.821270229506,-5.260906915606,3.804855212165
    ));
#756 = CARTESIAN_POINT('',(3.956949288557,-5.156796711893,4.));
#757 = ORIENTED_EDGE('',*,*,#758,.F.);
#758 = EDGE_CURVE('',#759,#748,#761,.T.);
#759 = VERTEX_POINT('',#760);
#760 = CARTESIAN_POINT('',(2.487442310373,-6.005216961323,4.));
#761 = B_SPLINE_CURVE_WITH_KNOTS('',5,(#762,#763,#764,#765,#766,#767),
  .UNSPECIFIED.,.F.,.F.,(6,6),(0.,1.),.PIECEWISE_BEZIER_KNOTS.);
#762 = CARTESIAN_POINT('',(2.487442310373,-6.005216961323,4.));
#763 = CARTESIAN_POINT('',(2.645443921108,-5.93977055128,3.804855212164)
  );
#764 = CARTESIAN_POINT('',(2.801293382309,-5.869127764344,3.609710212838
    ));
#765 = CARTESIAN_POINT('',(2.954366025605,-5.793546291344,3.414491365402
    ));
#766 = CARTESIAN_POINT('',(3.104090521672,-5.713406010058,3.219123668949
    ));
#767 = CARTESIAN_POINT('',(3.250000256621,-5.629164976439,3.023542377816
    ));
#768 = ORIENTED_EDGE('',*,*,#769,.F.);
#769 = EDGE_CURVE('',#770,#759,#772,.T.);
#770 = VERTEX_POINT('',#771);
#771 = CARTESIAN_POINT('',(1.682323793166,-6.278517870879,3.023542721798
    ));
#772 = B_SPLINE_CURVE_WITH_KNOTS('',5,(#773,#774,#775,#776,#777,#778),
  .UNSPECIFIED.,.F.,.F.,(6,6),(0.,1.),.PIECEWISE_BEZIER_KNOTS.);
#773 = CARTESIAN_POINT('',(1.682323506943,-6.278517947572,3.023542377816
    ));
#774 = CARTESIAN_POINT('',(1.845064676094,-6.234911590675,3.219123668951
    ));
#775 = CARTESIAN_POINT('',(2.007603618915,-6.18570812054,3.414491365402)
  );
#776 = CARTESIAN_POINT('',(2.169286495094,-6.130913588542,3.609710212837
    ));
#777 = CARTESIAN_POINT('',(2.329440699639,-6.070663371366,3.804855212165
    ));
#778 = CARTESIAN_POINT('',(2.487442310373,-6.005216961323,4.));
#779 = ORIENTED_EDGE('',*,*,#780,.F.);
#780 = EDGE_CURVE('',#781,#770,#783,.T.);
#781 = VERTEX_POINT('',#782);
#782 = CARTESIAN_POINT('',(0.84842024943,-6.44439159893,4.));
#783 = B_SPLINE_CURVE_WITH_KNOTS('',5,(#784,#785,#786,#787,#788,#789),
  .UNSPECIFIED.,.F.,.F.,(6,6),(0.,1.),.PIECEWISE_BEZIER_KNOTS.);
#784 = CARTESIAN_POINT('',(0.84842024943,-6.44439159893,4.));
#785 = CARTESIAN_POINT('',(1.01797686319,-6.422069047246,3.804855212161)
  );
#786 = CARTESIAN_POINT('',(1.186799581434,-6.394170163631,3.609710212836
    ));
#787 = CARTESIAN_POINT('',(1.354218325559,-6.360782182241,3.414491365403
    ));
#788 = CARTESIAN_POINT('',(1.519582914214,-6.322124165921,3.219123668951
    ));
#789 = CARTESIAN_POINT('',(1.68232407939,-6.278517794186,3.023542377816)
  );
#790 = ORIENTED_EDGE('',*,*,#791,.F.);
#791 = EDGE_CURVE('',#792,#781,#794,.T.);
#792 = VERTEX_POINT('',#793);
#793 = CARTESIAN_POINT('',(-1.187379971971E-15,-6.5,3.023542721798));
#794 = B_SPLINE_CURVE_WITH_KNOTS('',5,(#795,#796,#797,#798,#799,#800),
  .UNSPECIFIED.,.F.,.F.,(6,6),(0.,1.),.PIECEWISE_BEZIER_KNOTS.);
#795 = CARTESIAN_POINT('',(-2.96320596116E-07,-6.5,3.023542377816));
#796 = CARTESIAN_POINT('',(0.168481757256,-6.500000007681,3.219123668533
    ));
#797 = CARTESIAN_POINT('',(0.338217115661,-6.494541279147,3.41449136569)
  );
#798 = CARTESIAN_POINT('',(0.508572649869,-6.483460433072,3.609710213094
    ));
#799 = CARTESIAN_POINT('',(0.678863635483,-6.466714150638,3.804855211945
    ));
#800 = CARTESIAN_POINT('',(0.84842024943,-6.44439159893,4.));
#801 = ORIENTED_EDGE('',*,*,#802,.F.);
#802 = EDGE_CURVE('',#803,#792,#805,.T.);
#803 = VERTEX_POINT('',#804);
#804 = CARTESIAN_POINT('',(-0.84842024943,-6.44439159893,4.));
#805 = B_SPLINE_CURVE_WITH_KNOTS('',5,(#806,#807,#808,#809,#810,#811),
  .UNSPECIFIED.,.F.,.F.,(6,6),(0.,1.),.PIECEWISE_BEZIER_KNOTS.);
#806 = CARTESIAN_POINT('',(-0.84842024943,-6.44439159893,4.));
#807 = CARTESIAN_POINT('',(-0.678863635491,-6.466714150637,
    3.804855211955));
#808 = CARTESIAN_POINT('',(-0.508572649852,-6.483460433077,
    3.609710213076));
#809 = CARTESIAN_POINT('',(-0.338217115646,-6.494541279143,
    3.414491365671));
#810 = CARTESIAN_POINT('',(-0.168481757278,-6.500000007681,
    3.219123668559));
#811 = CARTESIAN_POINT('',(2.96320593729E-07,-6.5,3.023542377816));
#812 = ORIENTED_EDGE('',*,*,#813,.F.);
#813 = EDGE_CURVE('',#814,#803,#816,.T.);
#814 = VERTEX_POINT('',#815);
#815 = CARTESIAN_POINT('',(-1.682323793166,-6.278517870879,
    3.023542721798));
#816 = B_SPLINE_CURVE_WITH_KNOTS('',5,(#817,#818,#819,#820,#821,#822),
  .UNSPECIFIED.,.F.,.F.,(6,6),(0.,1.),.PIECEWISE_BEZIER_KNOTS.);
#817 = CARTESIAN_POINT('',(-1.68232407939,-6.278517794186,3.023542377816
    ));
#818 = CARTESIAN_POINT('',(-1.519582914214,-6.322124165921,
    3.219123668951));
#819 = CARTESIAN_POINT('',(-1.35421832556,-6.360782182241,3.414491365402
    ));
#820 = CARTESIAN_POINT('',(-1.186799581433,-6.394170163631,
    3.609710212837));
#821 = CARTESIAN_POINT('',(-1.017976863187,-6.422069047246,
    3.804855212165));
#822 = CARTESIAN_POINT('',(-0.84842024943,-6.44439159893,4.));
#823 = ORIENTED_EDGE('',*,*,#824,.F.);
#824 = EDGE_CURVE('',#825,#814,#827,.T.);
#825 = VERTEX_POINT('',#826);
#826 = CARTESIAN_POINT('',(-2.487442310373,-6.005216961323,4.));
#827 = B_SPLINE_CURVE_WITH_KNOTS('',5,(#828,#829,#830,#831,#832,#833),
  .UNSPECIFIED.,.F.,.F.,(6,6),(0.,1.),.PIECEWISE_BEZIER_KNOTS.);
#828 = CARTESIAN_POINT('',(-2.487442310373,-6.005216961323,4.));
#829 = CARTESIAN_POINT('',(-2.329440699635,-6.070663371368,
    3.804855212161));
#830 = CARTESIAN_POINT('',(-2.169286495093,-6.130913588542,
    3.609710212836));
#831 = CARTESIAN_POINT('',(-2.007603618916,-6.185708120539,
    3.414491365403));
#832 = CARTESIAN_POINT('',(-1.845064676094,-6.234911590675,
    3.219123668951));
#833 = CARTESIAN_POINT('',(-1.682323506943,-6.278517947572,
    3.023542377816));
#834 = ORIENTED_EDGE('',*,*,#835,.F.);
#835 = EDGE_CURVE('',#836,#825,#838,.T.);
#836 = VERTEX_POINT('',#837);
#837 = CARTESIAN_POINT('',(-3.25,-5.629165124599,3.023542721798));
#838 = B_SPLINE_CURVE_WITH_KNOTS('',5,(#839,#840,#841,#842,#843,#844),
  .UNSPECIFIED.,.F.,.F.,(6,6),(0.,1.),.PIECEWISE_BEZIER_KNOTS.);
#839 = CARTESIAN_POINT('',(-3.250000256621,-5.629164976439,
    3.023542377816));
#840 = CARTESIAN_POINT('',(-3.104090521671,-5.713406010059,
    3.219123668951));
#841 = CARTESIAN_POINT('',(-2.954366025605,-5.793546291344,
    3.414491365402));
#842 = CARTESIAN_POINT('',(-2.801293382309,-5.869127764344,
    3.609710212837));
#843 = CARTESIAN_POINT('',(-2.645443921107,-5.93977055128,3.804855212165
    ));
#844 = CARTESIAN_POINT('',(-2.487442310373,-6.005216961323,4.));
#845 = ORIENTED_EDGE('',*,*,#846,.F.);
#846 = EDGE_CURVE('',#847,#836,#849,.T.);
#847 = VERTEX_POINT('',#848);
#848 = CARTESIAN_POINT('',(-3.956949288557,-5.156796711893,4.));
#849 = B_SPLINE_CURVE_WITH_KNOTS('',5,(#850,#851,#852,#853,#854,#855),
  .UNSPECIFIED.,.F.,.F.,(6,6),(0.,1.),.PIECEWISE_BEZIER_KNOTS.);
#850 = CARTESIAN_POINT('',(-3.956949288557,-5.156796711893,4.));
#851 = CARTESIAN_POINT('',(-3.821270229505,-5.260906915607,
    3.804855212164));
#852 = CARTESIAN_POINT('',(-3.682167050824,-5.360555114705,
    3.609710212838));
#853 = CARTESIAN_POINT('',(-3.540175253502,-5.455329175924,
    3.414491365402));
#854 = CARTESIAN_POINT('',(-3.395909486009,-5.544924252443,
    3.219123668949));
#855 = CARTESIAN_POINT('',(-3.249999743379,-5.629165272759,
    3.023542377816));
#856 = ORIENTED_EDGE('',*,*,#857,.F.);
#857 = EDGE_CURVE('',#858,#847,#860,.T.);
#858 = VERTEX_POINT('',#859);
#859 = CARTESIAN_POINT('',(-4.596194077713,-4.596194077713,
    3.023542721798));
#860 = B_SPLINE_CURVE_WITH_KNOTS('',5,(#861,#862,#863,#864,#865,#866),
  .UNSPECIFIED.,.F.,.F.,(6,6),(0.,1.),.PIECEWISE_BEZIER_KNOTS.);
#861 = CARTESIAN_POINT('',(-4.596194287243,-4.596193868182,
    3.023542377816));
#862 = CARTESIAN_POINT('',(-4.477059489827,-4.71532867646,3.219123668951
    ));
#863 = CARTESIAN_POINT('',(-4.353178563325,-4.83148979498,3.414491365402
    ));
#864 = CARTESIAN_POINT('',(-4.224883668537,-4.944114007109,
    3.609710212837));
#865 = CARTESIAN_POINT('',(-4.092628347608,-5.05268650818,3.804855212165
    ));
#866 = CARTESIAN_POINT('',(-3.956949288557,-5.156796711893,4.));
#867 = ORIENTED_EDGE('',*,*,#868,.F.);
#868 = EDGE_CURVE('',#869,#858,#871,.T.);
#869 = VERTEX_POINT('',#870);
#870 = CARTESIAN_POINT('',(-5.156796711893,-3.956949288557,4.));
#871 = B_SPLINE_CURVE_WITH_KNOTS('',5,(#872,#873,#874,#875,#876,#877),
  .UNSPECIFIED.,.F.,.F.,(6,6),(0.,1.),.PIECEWISE_BEZIER_KNOTS.);
#872 = CARTESIAN_POINT('',(-5.156796711893,-3.956949288557,4.));
#873 = CARTESIAN_POINT('',(-5.052686508179,-4.092628347608,
    3.804855212164));
#874 = CARTESIAN_POINT('',(-4.944114007109,-4.224883668537,
    3.609710212838));
#875 = CARTESIAN_POINT('',(-4.83148979498,-4.353178563326,3.414491365402
    ));
#876 = CARTESIAN_POINT('',(-4.715328676459,-4.477059489828,
    3.219123668949));
#877 = CARTESIAN_POINT('',(-4.596193868182,-4.596194287243,
    3.023542377816));
#878 = ORIENTED_EDGE('',*,*,#879,.F.);
#879 = EDGE_CURVE('',#880,#869,#882,.T.);
#880 = VERTEX_POINT('',#881);
#881 = CARTESIAN_POINT('',(-5.629165124599,-3.25,3.023542721798));
#882 = B_SPLINE_CURVE_WITH_KNOTS('',5,(#883,#884,#885,#886,#887,#888),
  .UNSPECIFIED.,.F.,.F.,(6,6),(0.,1.),.PIECEWISE_BEZIER_KNOTS.);
#883 = CARTESIAN_POINT('',(-5.629165272759,-3.249999743379,
    3.023542377816));
#884 = CARTESIAN_POINT('',(-5.544924252442,-3.39590948601,3.219123668951
    ));
#885 = CARTESIAN_POINT('',(-5.455329175923,-3.540175253503,
    3.414491365402));
#886 = CARTESIAN_POINT('',(-5.360555114705,-3.682167050824,
    3.609710212837));
#887 = CARTESIAN_POINT('',(-5.260906915606,-3.821270229506,
    3.804855212165));
#888 = CARTESIAN_POINT('',(-5.156796711893,-3.956949288557,4.));
#889 = ORIENTED_EDGE('',*,*,#890,.F.);
#890 = EDGE_CURVE('',#891,#880,#893,.T.);
#891 = VERTEX_POINT('',#892);
#892 = CARTESIAN_POINT('',(-6.005216961323,-2.487442310373,4.));
#893 = B_SPLINE_CURVE_WITH_KNOTS('',5,(#894,#895,#896,#897,#898,#899),
  .UNSPECIFIED.,.F.,.F.,(6,6),(0.,1.),.PIECEWISE_BEZIER_KNOTS.);
#894 = CARTESIAN_POINT('',(-6.005216961323,-2.487442310373,4.));
#895 = CARTESIAN_POINT('',(-5.93977055128,-2.645443921108,3.804855212164
    ));
#896 = CARTESIAN_POINT('',(-5.869127764344,-2.801293382309,
    3.609710212838));
#897 = CARTESIAN_POINT('',(-5.793546291344,-2.954366025605,
    3.414491365402));
#898 = CARTESIAN_POINT('',(-5.713406010058,-3.104090521672,
    3.219123668949));
#899 = CARTESIAN_POINT('',(-5.629164976439,-3.250000256621,
    3.023542377816));
#900 = ORIENTED_EDGE('',*,*,#901,.F.);
#901 = EDGE_CURVE('',#902,#891,#904,.T.);
#902 = VERTEX_POINT('',#903);
#903 = CARTESIAN_POINT('',(-6.278517870879,-1.682323793166,
    3.023542721798));
#904 = B_SPLINE_CURVE_WITH_KNOTS('',5,(#905,#906,#907,#908,#909,#910),
  .UNSPECIFIED.,.F.,.F.,(6,6),(0.,1.),.PIECEWISE_BEZIER_KNOTS.);
#905 = CARTESIAN_POINT('',(-6.278517947572,-1.682323506943,
    3.023542377816));
#906 = CARTESIAN_POINT('',(-6.234911590675,-1.845064676094,
    3.219123668951));
#907 = CARTESIAN_POINT('',(-6.18570812054,-2.007603618915,3.414491365402
    ));
#908 = CARTESIAN_POINT('',(-6.130913588542,-2.169286495094,
    3.609710212837));
#909 = CARTESIAN_POINT('',(-6.070663371366,-2.329440699639,
    3.804855212165));
#910 = CARTESIAN_POINT('',(-6.005216961323,-2.487442310373,4.));
#911 = ORIENTED_EDGE('',*,*,#912,.F.);
#912 = EDGE_CURVE('',#913,#902,#915,.T.);
#913 = VERTEX_POINT('',#914);
#914 = CARTESIAN_POINT('',(-6.44439159893,-0.84842024943,4.));
#915 = B_SPLINE_CURVE_WITH_KNOTS('',5,(#916,#917,#918,#919,#920,#921),
  .UNSPECIFIED.,.F.,.F.,(6,6),(0.,1.),.PIECEWISE_BEZIER_KNOTS.);
#916 = CARTESIAN_POINT('',(-6.44439159893,-0.84842024943,4.));
#917 = CARTESIAN_POINT('',(-6.422069047246,-1.01797686319,3.804855212161
    ));
#918 = CARTESIAN_POINT('',(-6.394170163631,-1.186799581434,
    3.609710212836));
#919 = CARTESIAN_POINT('',(-6.360782182241,-1.354218325559,
    3.414491365403));
#920 = CARTESIAN_POINT('',(-6.322124165921,-1.519582914214,
    3.219123668951));
#921 = CARTESIAN_POINT('',(-6.278517794186,-1.68232407939,3.023542377816
    ));
#922 = ORIENTED_EDGE('',*,*,#923,.F.);
#923 = EDGE_CURVE('',#924,#913,#926,.T.);
#924 = VERTEX_POINT('',#925);
#925 = CARTESIAN_POINT('',(-6.5,8.659942761689E-16,3.023542721798));
#926 = B_SPLINE_CURVE_WITH_KNOTS('',5,(#927,#928,#929,#930,#931,#932),
  .UNSPECIFIED.,.F.,.F.,(6,6),(0.,1.),.PIECEWISE_BEZIER_KNOTS.);
#927 = CARTESIAN_POINT('',(-6.5,2.963205958384E-07,3.023542377816));
#928 = CARTESIAN_POINT('',(-6.500000007681,-0.168481757256,
    3.219123668533));
#929 = CARTESIAN_POINT('',(-6.494541279147,-0.338217115661,3.41449136569
    ));
#930 = CARTESIAN_POINT('',(-6.483460433072,-0.508572649869,
    3.609710213094));
#931 = CARTESIAN_POINT('',(-6.466714150638,-0.678863635483,
    3.804855211945));
#932 = CARTESIAN_POINT('',(-6.44439159893,-0.84842024943,4.));
#933 = ORIENTED_EDGE('',*,*,#934,.F.);
#934 = EDGE_CURVE('',#935,#924,#937,.T.);
#935 = VERTEX_POINT('',#936);
#936 = CARTESIAN_POINT('',(-6.44439159893,0.84842024943,4.));
#937 = B_SPLINE_CURVE_WITH_KNOTS('',5,(#938,#939,#940,#941,#942,#943),
  .UNSPECIFIED.,.F.,.F.,(6,6),(0.,1.),.PIECEWISE_BEZIER_KNOTS.);
#938 = CARTESIAN_POINT('',(-6.44439159893,0.84842024943,4.));
#939 = CARTESIAN_POINT('',(-6.466714150637,0.678863635491,3.804855211955
    ));
#940 = CARTESIAN_POINT('',(-6.483460433077,0.508572649852,3.609710213076
    ));
#941 = CARTESIAN_POINT('',(-6.494541279143,0.338217115646,3.414491365671
    ));
#942 = CARTESIAN_POINT('',(-6.500000007681,0.168481757278,3.219123668559
    ));
#943 = CARTESIAN_POINT('',(-6.5,-2.96320594062E-07,3.023542377816));
#944 = ORIENTED_EDGE('',*,*,#945,.F.);
#945 = EDGE_CURVE('',#946,#935,#948,.T.);
#946 = VERTEX_POINT('',#947);
#947 = CARTESIAN_POINT('',(-6.278517870879,1.682323793166,3.023542721798
    ));
#948 = B_SPLINE_CURVE_WITH_KNOTS('',5,(#949,#950,#951,#952,#953,#954),
  .UNSPECIFIED.,.F.,.F.,(6,6),(0.,1.),.PIECEWISE_BEZIER_KNOTS.);
#949 = CARTESIAN_POINT('',(-6.278517794186,1.68232407939,3.023542377816)
  );
#950 = CARTESIAN_POINT('',(-6.322124165921,1.519582914214,3.219123668951
    ));
#951 = CARTESIAN_POINT('',(-6.360782182241,1.35421832556,3.414491365402)
  );
#952 = CARTESIAN_POINT('',(-6.394170163631,1.186799581433,3.609710212837
    ));
#953 = CARTESIAN_POINT('',(-6.422069047246,1.017976863187,3.804855212165
    ));
#954 = CARTESIAN_POINT('',(-6.44439159893,0.84842024943,4.));
#955 = ORIENTED_EDGE('',*,*,#956,.F.);
#956 = EDGE_CURVE('',#957,#946,#959,.T.);
#957 = VERTEX_POINT('',#958);
#958 = CARTESIAN_POINT('',(-6.005216961323,2.487442310373,4.));
#959 = B_SPLINE_CURVE_WITH_KNOTS('',5,(#960,#961,#962,#963,#964,#965),
  .UNSPECIFIED.,.F.,.F.,(6,6),(0.,1.),.PIECEWISE_BEZIER_KNOTS.);
#960 = CARTESIAN_POINT('',(-6.005216961323,2.487442310373,4.));
#961 = CARTESIAN_POINT('',(-6.070663371368,2.329440699635,3.804855212161
    ));
#962 = CARTESIAN_POINT('',(-6.130913588542,2.169286495093,3.609710212836
    ));
#963 = CARTESIAN_POINT('',(-6.185708120539,2.007603618916,3.414491365403
    ));
#964 = CARTESIAN_POINT('',(-6.234911590675,1.845064676094,3.219123668951
    ));
#965 = CARTESIAN_POINT('',(-6.278517947572,1.682323506943,3.023542377816
    ));
#966 = ORIENTED_EDGE('',*,*,#967,.F.);
#967 = EDGE_CURVE('',#968,#957,#970,.T.);
#968 = VERTEX_POINT('',#969);
#969 = CARTESIAN_POINT('',(-5.629165124599,3.25,3.023542721798));
#970 = B_SPLINE_CURVE_WITH_KNOTS('',5,(#971,#972,#973,#974,#975,#976),
  .UNSPECIFIED.,.F.,.F.,(6,6),(0.,1.),.PIECEWISE_BEZIER_KNOTS.);
#971 = CARTESIAN_POINT('',(-5.629164976439,3.250000256621,3.023542377816
    ));
#972 = CARTESIAN_POINT('',(-5.713406010059,3.104090521671,3.219123668951
    ));
#973 = CARTESIAN_POINT('',(-5.793546291344,2.954366025605,3.414491365402
    ));
#974 = CARTESIAN_POINT('',(-5.869127764344,2.801293382309,3.609710212837
    ));
#975 = CARTESIAN_POINT('',(-5.93977055128,2.645443921107,3.804855212165)
  );
#976 = CARTESIAN_POINT('',(-6.005216961323,2.487442310373,4.));
#977 = ORIENTED_EDGE('',*,*,#978,.F.);
#978 = EDGE_CURVE('',#979,#968,#981,.T.);
#979 = VERTEX_POINT('',#980);
#980 = CARTESIAN_POINT('',(-5.156796711893,3.956949288557,4.));
#981 = B_SPLINE_CURVE_WITH_KNOTS('',5,(#982,#983,#984,#985,#986,#987),
  .UNSPECIFIED.,.F.,.F.,(6,6),(0.,1.),.PIECEWISE_BEZIER_KNOTS.);
#982 = CARTESIAN_POINT('',(-5.156796711893,3.956949288557,4.));
#983 = CARTESIAN_POINT('',(-5.260906915607,3.821270229505,3.804855212164
    ));
#984 = CARTESIAN_POINT('',(-5.360555114705,3.682167050824,3.609710212838
    ));
#985 = CARTESIAN_POINT('',(-5.455329175923,3.540175253502,3.414491365402
    ));
#986 = CARTESIAN_POINT('',(-5.544924252443,3.395909486009,3.219123668949
    ));
#987 = CARTESIAN_POINT('',(-5.629165272759,3.249999743379,3.023542377816
    ));
#988 = ORIENTED_EDGE('',*,*,#989,.F.);
#989 = EDGE_CURVE('',#990,#979,#992,.T.);
#990 = VERTEX_POINT('',#991);
#991 = CARTESIAN_POINT('',(-4.596194077713,4.596194077713,3.023542721798
    ));
#992 = B_SPLINE_CURVE_WITH_KNOTS('',5,(#993,#994,#995,#996,#997,#998),
  .UNSPECIFIED.,.F.,.F.,(6,6),(0.,1.),.PIECEWISE_BEZIER_KNOTS.);
#993 = CARTESIAN_POINT('',(-4.596193868182,4.596194287243,3.023542377816
    ));
#994 = CARTESIAN_POINT('',(-4.71532867646,4.477059489827,3.219123668951)
  );
#995 = CARTESIAN_POINT('',(-4.83148979498,4.353178563325,3.414491365402)
  );
#996 = CARTESIAN_POINT('',(-4.944114007109,4.224883668537,3.609710212837
    ));
#997 = CARTESIAN_POINT('',(-5.05268650818,4.092628347608,3.804855212165)
  );
#998 = CARTESIAN_POINT('',(-5.156796711893,3.956949288557,4.));
#999 = ORIENTED_EDGE('',*,*,#1000,.F.);
#1000 = EDGE_CURVE('',#1001,#990,#1003,.T.);
#1001 = VERTEX_POINT('',#1002);
#1002 = CARTESIAN_POINT('',(-3.956949288557,5.156796711893,4.));
#1003 = B_SPLINE_CURVE_WITH_KNOTS('',5,(#1004,#1005,#1006,#1007,#1008,
    #1009),.UNSPECIFIED.,.F.,.F.,(6,6),(0.,1.),
  .PIECEWISE_BEZIER_KNOTS.);
#1004 = CARTESIAN_POINT('',(-3.956949288557,5.156796711893,4.));
#1005 = CARTESIAN_POINT('',(-4.092628347608,5.052686508179,
    3.804855212164));
#1006 = CARTESIAN_POINT('',(-4.224883668537,4.944114007109,
    3.609710212838));
#1007 = CARTESIAN_POINT('',(-4.353178563326,4.83148979498,3.414491365402
    ));
#1008 = CARTESIAN_POINT('',(-4.477059489828,4.715328676459,
    3.219123668949));
#1009 = CARTESIAN_POINT('',(-4.596194287243,4.596193868182,
    3.023542377816));
#1010 = ORIENTED_EDGE('',*,*,#1011,.F.);
#1011 = EDGE_CURVE('',#1012,#1001,#1014,.T.);
#1012 = VERTEX_POINT('',#1013);
#1013 = CARTESIAN_POINT('',(-3.25,5.629165124599,3.023542721798));
#1014 = B_SPLINE_CURVE_WITH_KNOTS('',5,(#1015,#1016,#1017,#1018,#1019,
    #1020),.UNSPECIFIED.,.F.,.F.,(6,6),(0.,1.),
  .PIECEWISE_BEZIER_KNOTS.);
#1015 = CARTESIAN_POINT('',(-3.249999743379,5.629165272759,
    3.023542377816));
#1016 = CARTESIAN_POINT('',(-3.39590948601,5.544924252442,3.219123668951
    ));
#1017 = CARTESIAN_POINT('',(-3.540175253502,5.455329175923,
    3.414491365402));
#1018 = CARTESIAN_POINT('',(-3.682167050824,5.360555114705,
    3.609710212838));
#1019 = CARTESIAN_POINT('',(-3.821270229506,5.260906915606,
    3.804855212165));
#1020 = CARTESIAN_POINT('',(-3.956949288557,5.156796711893,4.));
#1021 = ORIENTED_EDGE('',*,*,#1022,.F.);
#1022 = EDGE_CURVE('',#1023,#1012,#1025,.T.);
#1023 = VERTEX_POINT('',#1024);
#1024 = CARTESIAN_POINT('',(-2.487442310373,6.005216961323,4.));
#1025 = B_SPLINE_CURVE_WITH_KNOTS('',5,(#1026,#1027,#1028,#1029,#1030,
    #1031),.UNSPECIFIED.,.F.,.F.,(6,6),(0.,1.),
  .PIECEWISE_BEZIER_KNOTS.);
#1026 = CARTESIAN_POINT('',(-2.487442310373,6.005216961323,4.));
#1027 = CARTESIAN_POINT('',(-2.645443921108,5.93977055128,3.804855212164
    ));
#1028 = CARTESIAN_POINT('',(-2.801293382309,5.869127764344,
    3.609710212838));
#1029 = CARTESIAN_POINT('',(-2.954366025605,5.793546291344,
    3.414491365402));
#1030 = CARTESIAN_POINT('',(-3.104090521672,5.713406010058,
    3.219123668949));
#1031 = CARTESIAN_POINT('',(-3.250000256621,5.629164976439,
    3.023542377816));
#1032 = ORIENTED_EDGE('',*,*,#1033,.F.);
#1033 = EDGE_CURVE('',#1034,#1023,#1036,.T.);
#1034 = VERTEX_POINT('',#1035);
#1035 = CARTESIAN_POINT('',(-1.682323793166,6.278517870879,
    3.023542721798));
#1036 = B_SPLINE_CURVE_WITH_KNOTS('',5,(#1037,#1038,#1039,#1040,#1041,
    #1042),.UNSPECIFIED.,.F.,.F.,(6,6),(0.,1.),
  .PIECEWISE_BEZIER_KNOTS.);
#1037 = CARTESIAN_POINT('',(-1.682323506943,6.278517947572,
    3.023542377816));
#1038 = CARTESIAN_POINT('',(-1.845064676094,6.234911590675,
    3.219123668951));
#1039 = CARTESIAN_POINT('',(-2.007603618915,6.18570812054,3.414491365402
    ));
#1040 = CARTESIAN_POINT('',(-2.169286495094,6.130913588542,
    3.609710212837));
#1041 = CARTESIAN_POINT('',(-2.329440699639,6.070663371366,
    3.804855212165));
#1042 = CARTESIAN_POINT('',(-2.487442310373,6.005216961323,4.));
#1043 = ORIENTED_EDGE('',*,*,#1044,.F.);
#1044 = EDGE_CURVE('',#1045,#1034,#1047,.T.);
#1045 = VERTEX_POINT('',#1046);
#1046 = CARTESIAN_POINT('',(-0.84842024943,6.44439159893,4.));
#1047 = B_SPLINE_CURVE_WITH_KNOTS('',5,(#1048,#1049,#1050,#1051,#1052,
    #1053),.UNSPECIFIED.,.F.,.F.,(6,6),(0.,1.),
  .PIECEWISE_BEZIER_KNOTS.);
#1048 = CARTESIAN_POINT('',(-0.84842024943,6.44439159893,4.));
#1049 = CARTESIAN_POINT('',(-1.01797686319,6.422069047246,3.804855212161
    ));
#1050 = CARTESIAN_POINT('',(-1.186799581434,6.394170163631,
    3.609710212836));
#1051 = CARTESIAN_POINT('',(-1.354218325559,6.360782182241,
    3.414491365403));
#1052 = CARTESIAN_POINT('',(-1.519582914214,6.322124165921,
    3.219123668951));
#1053 = CARTESIAN_POINT('',(-1.68232407939,6.278517794186,3.023542377816
    ));
#1054 = ORIENTED_EDGE('',*,*,#1055,.F.);
#1055 = EDGE_CURVE('',#1056,#1045,#1058,.T.);
#1056 = VERTEX_POINT('',#1057);
#1057 = CARTESIAN_POINT('',(4.078672954553E-16,6.5,3.023542721798));
#1058 = B_SPLINE_CURVE_WITH_KNOTS('',5,(#1059,#1060,#1061,#1062,#1063,
    #1064),.UNSPECIFIED.,.F.,.F.,(6,6),(0.,1.),
  .PIECEWISE_BEZIER_KNOTS.);
#1059 = CARTESIAN_POINT('',(2.963205953943E-07,6.5,3.023542377816));
#1060 = CARTESIAN_POINT('',(-0.168481757256,6.500000007681,
    3.219123668533));
#1061 = CARTESIAN_POINT('',(-0.338217115661,6.494541279147,3.41449136569
    ));
#1062 = CARTESIAN_POINT('',(-0.508572649869,6.483460433072,
    3.609710213094));
#1063 = CARTESIAN_POINT('',(-0.678863635483,6.466714150638,
    3.804855211945));
#1064 = CARTESIAN_POINT('',(-0.84842024943,6.44439159893,4.));
#1065 = ORIENTED_EDGE('',*,*,#1066,.F.);
#1066 = EDGE_CURVE('',#1067,#1056,#1069,.T.);
#1067 = VERTEX_POINT('',#1068);
#1068 = CARTESIAN_POINT('',(0.84842024943,6.44439159893,4.));
#1069 = B_SPLINE_CURVE_WITH_KNOTS('',5,(#1070,#1071,#1072,#1073,#1074,
    #1075),.UNSPECIFIED.,.F.,.F.,(6,6),(0.,1.),
  .PIECEWISE_BEZIER_KNOTS.);
#1070 = CARTESIAN_POINT('',(0.84842024943,6.44439159893,4.));
#1071 = CARTESIAN_POINT('',(0.678863635491,6.466714150637,3.804855211955
    ));
#1072 = CARTESIAN_POINT('',(0.508572649852,6.483460433077,3.609710213076
    ));
#1073 = CARTESIAN_POINT('',(0.338217115646,6.494541279143,3.414491365671
    ));
#1074 = CARTESIAN_POINT('',(0.168481757278,6.500000007681,3.219123668559
    ));
#1075 = CARTESIAN_POINT('',(-2.963205945616E-07,6.5,3.023542377816));
#1076 = ORIENTED_EDGE('',*,*,#1077,.F.);
#1077 = EDGE_CURVE('',#1078,#1067,#1080,.T.);
#1078 = VERTEX_POINT('',#1079);
#1079 = CARTESIAN_POINT('',(1.682323793166,6.278517870879,3.023542721798
    ));
#1080 = B_SPLINE_CURVE_WITH_KNOTS('',5,(#1081,#1082,#1083,#1084,#1085,
    #1086),.UNSPECIFIED.,.F.,.F.,(6,6),(0.,1.),
  .PIECEWISE_BEZIER_KNOTS.);
#1081 = CARTESIAN_POINT('',(1.68232407939,6.278517794186,3.023542377816)
  );
#1082 = CARTESIAN_POINT('',(1.519582914214,6.322124165921,3.219123668951
    ));
#1083 = CARTESIAN_POINT('',(1.35421832556,6.360782182241,3.414491365402)
  );
#1084 = CARTESIAN_POINT('',(1.186799581433,6.394170163631,3.609710212837
    ));
#1085 = CARTESIAN_POINT('',(1.017976863187,6.422069047246,3.804855212165
    ));
#1086 = CARTESIAN_POINT('',(0.84842024943,6.44439159893,4.));
#1087 = ORIENTED_EDGE('',*,*,#1088,.F.);
#1088 = EDGE_CURVE('',#1089,#1078,#1091,.T.);
#1089 = VERTEX_POINT('',#1090);
#1090 = CARTESIAN_POINT('',(2.487442310373,6.005216961323,4.));
#1091 = B_SPLINE_CURVE_WITH_KNOTS('',5,(#1092,#1093,#1094,#1095,#1096,
    #1097),.UNSPECIFIED.,.F.,.F.,(6,6),(0.,1.),
  .PIECEWISE_BEZIER_KNOTS.);
#1092 = CARTESIAN_POINT('',(2.487442310373,6.005216961323,4.));
#1093 = CARTESIAN_POINT('',(2.329440699635,6.070663371368,3.804855212161
    ));
#1094 = CARTESIAN_POINT('',(2.169286495093,6.130913588542,3.609710212836
    ));
#1095 = CARTESIAN_POINT('',(2.007603618916,6.185708120539,3.414491365403
    ));
#1096 = CARTESIAN_POINT('',(1.845064676094,6.234911590675,3.219123668951
    ));
#1097 = CARTESIAN_POINT('',(1.682323506943,6.278517947572,3.023542377816
    ));
#1098 = ORIENTED_EDGE('',*,*,#1099,.F.);
#1099 = EDGE_CURVE('',#1100,#1089,#1102,.T.);
#1100 = VERTEX_POINT('',#1101);
#1101 = CARTESIAN_POINT('',(3.25,5.629165124599,3.023542721798));
#1102 = B_SPLINE_CURVE_WITH_KNOTS('',5,(#1103,#1104,#1105,#1106,#1107,
    #1108),.UNSPECIFIED.,.F.,.F.,(6,6),(0.,1.),
  .PIECEWISE_BEZIER_KNOTS.);
#1103 = CARTESIAN_POINT('',(3.250000256621,5.629164976439,3.023542377816
    ));
#1104 = CARTESIAN_POINT('',(3.104090521671,5.713406010059,3.219123668951
    ));
#1105 = CARTESIAN_POINT('',(2.954366025605,5.793546291344,3.414491365402
    ));
#1106 = CARTESIAN_POINT('',(2.801293382309,5.869127764344,3.609710212837
    ));
#1107 = CARTESIAN_POINT('',(2.645443921107,5.93977055128,3.804855212165)
  );
#1108 = CARTESIAN_POINT('',(2.487442310373,6.005216961323,4.));
#1109 = ORIENTED_EDGE('',*,*,#1110,.F.);
#1110 = EDGE_CURVE('',#1111,#1100,#1113,.T.);
#1111 = VERTEX_POINT('',#1112);
#1112 = CARTESIAN_POINT('',(3.956949288557,5.156796711893,4.));
#1113 = B_SPLINE_CURVE_WITH_KNOTS('',5,(#1114,#1115,#1116,#1117,#1118,
    #1119),.UNSPECIFIED.,.F.,.F.,(6,6),(0.,1.),
  .PIECEWISE_BEZIER_KNOTS.);
#1114 = CARTESIAN_POINT('',(3.956949288557,5.156796711893,4.));
#1115 = CARTESIAN_POINT('',(3.821270229505,5.260906915607,3.804855212164
    ));
#1116 = CARTESIAN_POINT('',(3.682167050824,5.360555114705,3.609710212838
    ));
#1117 = CARTESIAN_POINT('',(3.540175253502,5.455329175923,3.414491365402
    ));
#1118 = CARTESIAN_POINT('',(3.395909486009,5.544924252443,3.219123668949
    ));
#1119 = CARTESIAN_POINT('',(3.249999743379,5.629165272759,3.023542377816
    ));
#1120 = ORIENTED_EDGE('',*,*,#1121,.F.);
#1121 = EDGE_CURVE('',#1122,#1111,#1124,.T.);
#1122 = VERTEX_POINT('',#1123);
#1123 = CARTESIAN_POINT('',(4.596194077713,4.596194077713,3.023542721798
    ));
#1124 = B_SPLINE_CURVE_WITH_KNOTS('',5,(#1125,#1126,#1127,#1128,#1129,
    #1130),.UNSPECIFIED.,.F.,.F.,(6,6),(0.,1.),
  .PIECEWISE_BEZIER_KNOTS.);
#1125 = CARTESIAN_POINT('',(4.596194287243,4.596193868182,3.023542377816
    ));
#1126 = CARTESIAN_POINT('',(4.477059489827,4.71532867646,3.219123668951)
  );
#1127 = CARTESIAN_POINT('',(4.353178563325,4.83148979498,3.414491365402)
  );
#1128 = CARTESIAN_POINT('',(4.224883668537,4.944114007109,3.609710212837
    ));
#1129 = CARTESIAN_POINT('',(4.092628347608,5.05268650818,3.804855212165)
  );
#1130 = CARTESIAN_POINT('',(3.956949288557,5.156796711893,4.));
#1131 = ORIENTED_EDGE('',*,*,#1132,.F.);
#1132 = EDGE_CURVE('',#1133,#1122,#1135,.T.);
#1133 = VERTEX_POINT('',#1134);
#1134 = CARTESIAN_POINT('',(5.156796711893,3.956949288557,4.));
#1135 = B_SPLINE_CURVE_WITH_KNOTS('',5,(#1136,#1137,#1138,#1139,#1140,
    #1141),.UNSPECIFIED.,.F.,.F.,(6,6),(0.,1.),
  .PIECEWISE_BEZIER_KNOTS.);
#1136 = CARTESIAN_POINT('',(5.156796711893,3.956949288557,4.));
#1137 = CARTESIAN_POINT('',(5.052686508179,4.092628347608,3.804855212164
    ));
#1138 = CARTESIAN_POINT('',(4.944114007109,4.224883668537,3.609710212838
    ));
#1139 = CARTESIAN_POINT('',(4.83148979498,4.353178563326,3.414491365402)
  );
#1140 = CARTESIAN_POINT('',(4.715328676459,4.477059489828,3.219123668949
    ));
#1141 = CARTESIAN_POINT('',(4.596193868182,4.596194287243,3.023542377816
    ));
#1142 = ORIENTED_EDGE('',*,*,#1143,.F.);
#1143 = EDGE_CURVE('',#1144,#1133,#1146,.T.);
#1144 = VERTEX_POINT('',#1145);
#1145 = CARTESIAN_POINT('',(5.629165124599,3.25,3.023542721798));
#1146 = B_SPLINE_CURVE_WITH_KNOTS('',5,(#1147,#1148,#1149,#1150,#1151,
    #1152),.UNSPECIFIED.,.F.,.F.,(6,6),(0.,1.),
  .PIECEWISE_BEZIER_KNOTS.);
#1147 = CARTESIAN_POINT('',(5.629165272759,3.249999743379,3.023542377816
    ));
#1148 = CARTESIAN_POINT('',(5.544924252442,3.39590948601,3.219123668951)
  );
#1149 = CARTESIAN_POINT('',(5.455329175923,3.540175253503,3.414491365402
    ));
#1150 = CARTESIAN_POINT('',(5.360555114705,3.682167050824,3.609710212837
    ));
#1151 = CARTESIAN_POINT('',(5.260906915606,3.821270229506,3.804855212165
    ));
#1152 = CARTESIAN_POINT('',(5.156796711893,3.956949288557,4.));
#1153 = ORIENTED_EDGE('',*,*,#1154,.F.);
#1154 = EDGE_CURVE('',#1155,#1144,#1157,.T.);
#1155 = VERTEX_POINT('',#1156);
#1156 = CARTESIAN_POINT('',(6.005216961323,2.487442310373,4.));
#1157 = B_SPLINE_CURVE_WITH_KNOTS('',5,(#1158,#1159,#1160,#1161,#1162,
    #1163),.UNSPECIFIED.,.F.,.F.,(6,6),(0.,1.),
  .PIECEWISE_BEZIER_KNOTS.);
#1158 = CARTESIAN_POINT('',(6.005216961323,2.487442310373,4.));
#1159 = CARTESIAN_POINT('',(5.93977055128,2.645443921108,3.804855212164)
  );
#1160 = CARTESIAN_POINT('',(5.869127764344,2.801293382309,3.609710212838
    ));
#1161 = CARTESIAN_POINT('',(5.793546291344,2.954366025605,3.414491365402
    ));
#1162 = CARTESIAN_POINT('',(5.713406010058,3.104090521672,3.219123668949
    ));
#1163 = CARTESIAN_POINT('',(5.629164976439,3.250000256621,3.023542377816
    ));
#1164 = ORIENTED_EDGE('',*,*,#1165,.F.);
#1165 = EDGE_CURVE('',#77,#1155,#1166,.T.);
#1166 = B_SPLINE_CURVE_WITH_KNOTS('',5,(#1167,#1168,#1169,#1170,#1171,
    #1172),.UNSPECIFIED.,.F.,.F.,(6,6),(0.,1.),
  .PIECEWISE_BEZIER_KNOTS.);
#1167 = CARTESIAN_POINT('',(6.278517947572,1.682323506943,3.023542377816
    ));
#1168 = CARTESIAN_POINT('',(6.234911590675,1.845064676094,3.219123668951
    ));
#1169 = CARTESIAN_POINT('',(6.18570812054,2.007603618915,3.414491365402)
  );
#1170 = CARTESIAN_POINT('',(6.130913588542,2.169286495094,3.609710212837
    ));
#1171 = CARTESIAN_POINT('',(6.070663371366,2.329440699639,3.804855212165
    ));
#1172 = CARTESIAN_POINT('',(6.005216961323,2.487442310373,4.));
#1173 = ORIENTED_EDGE('',*,*,#83,.F.);
#1174 = ORIENTED_EDGE('',*,*,#30,.F.);
#1175 = ORIENTED_EDGE('',*,*,#672,.F.);
#1176 = ORIENTED_EDGE('',*,*,#1177,.F.);
#1177 = EDGE_CURVE('',#1178,#673,#1180,.T.);
#1178 = VERTEX_POINT('',#1179);
#1179 = CARTESIAN_POINT('',(6.273240483741,1.701897127665,3.));
#1180 = B_SPLINE_CURVE_WITH_KNOTS('',5,(#1181,#1182,#1183,#1184,#1185,
    #1186,#1187,#1188,#1189,#1190,#1191,#1192,#1193,#1194),
  .UNSPECIFIED.,.F.,.F.,(6,4,4,6),(0.,0.499856036971,0.940855766798,1.),
  .UNSPECIFIED.);
#1181 = CARTESIAN_POINT('',(6.273240483741,1.701897127665,3.));
#1182 = CARTESIAN_POINT('',(6.317914804076,1.537226331555,3.));
#1183 = CARTESIAN_POINT('',(6.357476616653,1.370018514273,3.));
#1184 = CARTESIAN_POINT('',(6.391627698374,1.200814338832,3.));
#1185 = CARTESIAN_POINT('',(6.420167002903,1.030216185584,3.));
#1186 = CARTESIAN_POINT('',(6.463164267633,0.707653134059,3.));
#1187 = CARTESIAN_POINT('',(6.478884620175,0.555858951195,3.));
#1188 = CARTESIAN_POINT('',(6.490113166829,0.403889432526,3.));
#1189 = CARTESIAN_POINT('',(6.496862481286,0.252179240629,3.));
#1190 = CARTESIAN_POINT('',(6.499528220344,8.089068432053E-02,3.));
#1191 = CARTESIAN_POINT('',(6.499764335541,6.064722579052E-02,3.));
#1192 = CARTESIAN_POINT('',(6.499921523872,4.041696455144E-02,3.));
#1193 = CARTESIAN_POINT('',(6.500000000023,2.020089927528E-02,3.));
#1194 = CARTESIAN_POINT('',(6.5,-1.517665385452E-15,3.));
#1195 = ORIENTED_EDGE('',*,*,#1196,.F.);
#1196 = EDGE_CURVE('',#1197,#1178,#1199,.T.);
#1197 = VERTEX_POINT('',#1198);
#1198 = CARTESIAN_POINT('',(5.619001608323,3.267540500999,3.));
#1199 = B_SPLINE_CURVE_WITH_KNOTS('',5,(#1200,#1201,#1202,#1203,#1204,
    #1205,#1206,#1207,#1208,#1209),.UNSPECIFIED.,.F.,.F.,(6,4,6),(0.,
    0.505981479588,1.),.UNSPECIFIED.);
#1200 = CARTESIAN_POINT('',(5.619001608323,3.267540500999,3.));
#1201 = CARTESIAN_POINT('',(5.705824720457,3.118235784937,3.));
#1202 = CARTESIAN_POINT('',(5.788260587399,2.965064211536,3.));
#1203 = CARTESIAN_POINT('',(5.865865250986,2.808487408847,3.));
#1204 = CARTESIAN_POINT('',(5.938276612445,2.649056017152,3.));
#1205 = CARTESIAN_POINT('',(6.070632789011,2.329509248857,3.));
#1206 = CARTESIAN_POINT('',(6.130832151827,2.169498472799,3.));
#1207 = CARTESIAN_POINT('',(6.1856122887,2.007898010329,3.));
#1208 = CARTESIAN_POINT('',(6.234846506001,1.845307582,3.));
#1209 = CARTESIAN_POINT('',(6.278517964482,1.682323443833,3.));
#1210 = ORIENTED_EDGE('',*,*,#1211,.F.);
#1211 = EDGE_CURVE('',#1212,#1197,#1214,.T.);
#1212 = VERTEX_POINT('',#1213);
#1213 = CARTESIAN_POINT('',(4.581837059136,4.610506389056,3.));
#1214 = B_SPLINE_CURVE_WITH_KNOTS('',5,(#1215,#1216,#1217,#1218,#1219,
    #1220,#1221,#1222,#1223,#1224),.UNSPECIFIED.,.F.,.F.,(6,4,6),(0.,
    0.505981479588,1.),.UNSPECIFIED.);
#1215 = CARTESIAN_POINT('',(4.581837059136,4.610506389056,3.));
#1216 = CARTESIAN_POINT('',(4.704344649506,4.4887605828,3.));
#1217 = CARTESIAN_POINT('',(4.823615302762,4.362144176563,3.));
#1218 = CARTESIAN_POINT('',(4.939100710119,4.230988163973,3.));
#1219 = CARTESIAN_POINT('',(5.050308594827,4.095730704642,3.));
#1220 = CARTESIAN_POINT('',(5.260859633476,3.82132852767,3.));
#1221 = CARTESIAN_POINT('',(5.360421589012,3.682350728191,3.));
#1222 = CARTESIAN_POINT('',(5.45516041537,3.540434810667,3.));
#1223 = CARTESIAN_POINT('',(5.544798516801,3.396127269945,3.));
#1224 = CARTESIAN_POINT('',(5.629165305427,3.249999686797,3.));
#1225 = ORIENTED_EDGE('',*,*,#1226,.F.);
#1226 = EDGE_CURVE('',#1227,#1212,#1229,.T.);
#1227 = VERTEX_POINT('',#1228);
#1228 = CARTESIAN_POINT('',(3.232427886214,5.639273885921,3.));
#1229 = B_SPLINE_CURVE_WITH_KNOTS('',5,(#1230,#1231,#1232,#1233,#1234,
    #1235,#1236,#1237,#1238,#1239),.UNSPECIFIED.,.F.,.F.,(6,4,6),(0.,
    0.505981479588,1.),.UNSPECIFIED.);
#1230 = CARTESIAN_POINT('',(3.232427886214,5.639273885921,3.));
#1231 = CARTESIAN_POINT('',(3.382271264989,5.553383764973,3.));
#1232 = CARTESIAN_POINT('',(3.530248606643,5.461951224742,3.));
#1233 = CARTESIAN_POINT('',(3.675744618107,5.365154067763,3.));
#1234 = CARTESIAN_POINT('',(3.8181703925,5.263288113125,3.));
#1235 = CARTESIAN_POINT('',(4.092567587902,5.052730582366,3.));
#1236 = CARTESIAN_POINT('',(4.224707153421,4.944256866829,3.));
#1237 = CARTESIAN_POINT('',(4.352948374811,4.831696829503,3.));
#1238 = CARTESIAN_POINT('',(4.476881671893,4.715506496809,3.));
#1239 = CARTESIAN_POINT('',(4.596194333442,4.596193821983,3.));
#1240 = ORIENTED_EDGE('',*,*,#1241,.F.);
#1241 = EDGE_CURVE('',#1242,#1227,#1244,.T.);
#1242 = VERTEX_POINT('',#1243);
#1243 = CARTESIAN_POINT('',(1.662734094685,6.283734186801,3.));
#1244 = B_SPLINE_CURVE_WITH_KNOTS('',5,(#1245,#1246,#1247,#1248,#1249,
    #1250,#1251,#1252,#1253,#1254),.UNSPECIFIED.,.F.,.F.,(6,4,6),(0.,
    0.505981479588,1.),.UNSPECIFIED.);
#1245 = CARTESIAN_POINT('',(1.662734094685,6.283734186801,3.));
#1246 = CARTESIAN_POINT('',(1.82970168323,6.239553020964,3.));
#1247 = CARTESIAN_POINT('',(1.996301301994,6.189535323255,3.));
#1248 = CARTESIAN_POINT('',(2.161892604826,6.133693588171,3.));
#1249 = CARTESIAN_POINT('',(2.32583018775,6.072161134693,3.));
#1250 = CARTESIAN_POINT('',(2.6453738245,5.939797397906,3.));
#1251 = CARTESIAN_POINT('',(2.801085906983,5.869220070764,3.));
#1252 = CARTESIAN_POINT('',(2.954090096096,5.793686694165,3.));
#1253 = CARTESIAN_POINT('',(3.103872739443,5.713531748658,3.));
#1254 = CARTESIAN_POINT('',(3.250000313203,5.629164943771,3.));
#1255 = ORIENTED_EDGE('',*,*,#1256,.F.);
#1256 = EDGE_CURVE('',#1257,#1242,#1259,.T.);
#1257 = VERTEX_POINT('',#1258);
#1258 = CARTESIAN_POINT('',(-2.027227759816E-02,6.499968387212,3.));
#1259 = B_SPLINE_CURVE_WITH_KNOTS('',5,(#1260,#1261,#1262,#1263,#1264,
    #1265,#1266,#1267,#1268,#1269),.UNSPECIFIED.,.F.,.F.,(6,4,6),(0.,
    0.505981479588,1.),.UNSPECIFIED.);
#1260 = CARTESIAN_POINT('',(-2.027227759816E-02,6.499968387212,3.));
#1261 = CARTESIAN_POINT('',(0.152440955484,6.500507049925,3.));
#1262 = CARTESIAN_POINT('',(0.326309362657,6.49531281818,3.));
#1263 = CARTESIAN_POINT('',(0.500711183223,6.484232026954,3.));
#1264 = CARTESIAN_POINT('',(0.674988499321,6.467226409653,3.));
#1265 = CARTESIAN_POINT('',(1.017902206645,6.422076836758,3.));
#1266 = CARTESIAN_POINT('',(1.186575284998,6.39420562622,3.));
#1267 = CARTESIAN_POINT('',(1.353915459197,6.36084638514,3.));
#1268 = CARTESIAN_POINT('',(1.519340009192,6.322189253894,3.));
#1269 = CARTESIAN_POINT('',(1.682324142499,6.278517777275,3.));
#1270 = ORIENTED_EDGE('',*,*,#1271,.F.);
#1271 = EDGE_CURVE('',#1272,#1257,#1274,.T.);
#1272 = VERTEX_POINT('',#1273);
#1273 = CARTESIAN_POINT('',(-1.701897127665,6.273240483741,3.));
#1274 = B_SPLINE_CURVE_WITH_KNOTS('',5,(#1275,#1276,#1277,#1278,#1279,
    #1280,#1281,#1282,#1283,#1284),.UNSPECIFIED.,.F.,.F.,(6,4,6),(0.,
    0.505981479588,1.),.UNSPECIFIED.);
#1275 = CARTESIAN_POINT('',(-1.701897127665,6.273240483741,3.));
#1276 = CARTESIAN_POINT('',(-1.535208371458,6.31846226603,3.));
#1277 = CARTESIAN_POINT('',(-1.365920020493,6.358445478557,3.));
#1278 = CARTESIAN_POINT('',(-1.194592878052,6.392880768799,3.));
#1279 = CARTESIAN_POINT('',(-1.021852539866,6.421560892392,3.));
#1280 = CARTESIAN_POINT('',(-0.67893776443,6.466702352169,3.));
#1281 = CARTESIAN_POINT('',(-0.508798481752,6.483436635175,3.));
#1282 = CARTESIAN_POINT('',(-0.338526278796,6.494524906763,3.));
#1283 = CARTESIAN_POINT('',(-0.168733231857,6.500000009388,3.));
#1284 = CARTESIAN_POINT('',(3.616561654596E-07,6.5,3.));
#1285 = ORIENTED_EDGE('',*,*,#1286,.F.);
#1286 = EDGE_CURVE('',#1287,#1272,#1289,.T.);
#1287 = VERTEX_POINT('',#1288);
#1288 = CARTESIAN_POINT('',(-3.267540500999,5.619001608323,3.));
#1289 = B_SPLINE_CURVE_WITH_KNOTS('',5,(#1290,#1291,#1292,#1293,#1294,
    #1295,#1296,#1297,#1298,#1299),.UNSPECIFIED.,.F.,.F.,(6,4,6),(0.,
    0.505981479588,1.),.UNSPECIFIED.);
#1290 = CARTESIAN_POINT('',(-3.267540500999,5.619001608323,3.));
#1291 = CARTESIAN_POINT('',(-3.118235784937,5.705824720457,3.));
#1292 = CARTESIAN_POINT('',(-2.965064211536,5.788260587399,3.));
#1293 = CARTESIAN_POINT('',(-2.808487408847,5.865865250986,3.));
#1294 = CARTESIAN_POINT('',(-2.649056017152,5.938276612445,3.));
#1295 = CARTESIAN_POINT('',(-2.329509248857,6.070632789011,3.));
#1296 = CARTESIAN_POINT('',(-2.169498472799,6.130832151827,3.));
#1297 = CARTESIAN_POINT('',(-2.007898010329,6.1856122887,3.));
#1298 = CARTESIAN_POINT('',(-1.845307582,6.234846506001,3.));
#1299 = CARTESIAN_POINT('',(-1.682323443833,6.278517964482,3.));
#1300 = ORIENTED_EDGE('',*,*,#1301,.F.);
#1301 = EDGE_CURVE('',#1302,#1287,#1304,.T.);
#1302 = VERTEX_POINT('',#1303);
#1303 = CARTESIAN_POINT('',(-4.610506389056,4.581837059136,3.));
#1304 = B_SPLINE_CURVE_WITH_KNOTS('',5,(#1305,#1306,#1307,#1308,#1309,
    #1310,#1311,#1312,#1313,#1314),.UNSPECIFIED.,.F.,.F.,(6,4,6),(0.,
    0.505981479588,1.),.UNSPECIFIED.);
#1305 = CARTESIAN_POINT('',(-4.610506389056,4.581837059136,3.));
#1306 = CARTESIAN_POINT('',(-4.4887605828,4.704344649506,3.));
#1307 = CARTESIAN_POINT('',(-4.362144176563,4.823615302762,3.));
#1308 = CARTESIAN_POINT('',(-4.230988163973,4.939100710119,3.));
#1309 = CARTESIAN_POINT('',(-4.095730704642,5.050308594827,3.));
#1310 = CARTESIAN_POINT('',(-3.82132852767,5.260859633476,3.));
#1311 = CARTESIAN_POINT('',(-3.682350728191,5.360421589012,3.));
#1312 = CARTESIAN_POINT('',(-3.540434810667,5.45516041537,3.));
#1313 = CARTESIAN_POINT('',(-3.396127269945,5.544798516801,3.));
#1314 = CARTESIAN_POINT('',(-3.249999686797,5.629165305427,3.));
#1315 = ORIENTED_EDGE('',*,*,#1316,.F.);
#1316 = EDGE_CURVE('',#1317,#1302,#1319,.T.);
#1317 = VERTEX_POINT('',#1318);
#1318 = CARTESIAN_POINT('',(-5.639273885921,3.232427886214,3.));
#1319 = B_SPLINE_CURVE_WITH_KNOTS('',5,(#1320,#1321,#1322,#1323,#1324,
    #1325,#1326,#1327,#1328,#1329),.UNSPECIFIED.,.F.,.F.,(6,4,6),(0.,
    0.505981479588,1.),.UNSPECIFIED.);
#1320 = CARTESIAN_POINT('',(-5.639273885921,3.232427886214,3.));
#1321 = CARTESIAN_POINT('',(-5.553383764973,3.382271264989,3.));
#1322 = CARTESIAN_POINT('',(-5.461951224742,3.530248606643,3.));
#1323 = CARTESIAN_POINT('',(-5.365154067763,3.675744618107,3.));
#1324 = CARTESIAN_POINT('',(-5.263288113125,3.8181703925,3.));
#1325 = CARTESIAN_POINT('',(-5.052730582366,4.092567587902,3.));
#1326 = CARTESIAN_POINT('',(-4.944256866829,4.224707153421,3.));
#1327 = CARTESIAN_POINT('',(-4.831696829503,4.352948374811,3.));
#1328 = CARTESIAN_POINT('',(-4.715506496809,4.476881671893,3.));
#1329 = CARTESIAN_POINT('',(-4.596193821983,4.596194333442,3.));
#1330 = ORIENTED_EDGE('',*,*,#1331,.F.);
#1331 = EDGE_CURVE('',#1332,#1317,#1334,.T.);
#1332 = VERTEX_POINT('',#1333);
#1333 = CARTESIAN_POINT('',(-6.283734186801,1.662734094685,3.));
#1334 = B_SPLINE_CURVE_WITH_KNOTS('',5,(#1335,#1336,#1337,#1338,#1339,
    #1340,#1341,#1342,#1343,#1344),.UNSPECIFIED.,.F.,.F.,(6,4,6),(0.,
    0.505981479588,1.),.UNSPECIFIED.);
#1335 = CARTESIAN_POINT('',(-6.283734186801,1.662734094685,3.));
#1336 = CARTESIAN_POINT('',(-6.239553020964,1.82970168323,3.));
#1337 = CARTESIAN_POINT('',(-6.189535323255,1.996301301994,3.));
#1338 = CARTESIAN_POINT('',(-6.133693588171,2.161892604826,3.));
#1339 = CARTESIAN_POINT('',(-6.072161134693,2.32583018775,3.));
#1340 = CARTESIAN_POINT('',(-5.939797397906,2.6453738245,3.));
#1341 = CARTESIAN_POINT('',(-5.869220070764,2.801085906983,3.));
#1342 = CARTESIAN_POINT('',(-5.793686694165,2.954090096096,3.));
#1343 = CARTESIAN_POINT('',(-5.713531748658,3.103872739443,3.));
#1344 = CARTESIAN_POINT('',(-5.629164943771,3.250000313203,3.));
#1345 = ORIENTED_EDGE('',*,*,#1346,.F.);
#1346 = EDGE_CURVE('',#1347,#1332,#1349,.T.);
#1347 = VERTEX_POINT('',#1348);
#1348 = CARTESIAN_POINT('',(-6.499968387212,-2.027227759817E-02,3.));
#1349 = B_SPLINE_CURVE_WITH_KNOTS('',5,(#1350,#1351,#1352,#1353,#1354,
    #1355,#1356,#1357,#1358,#1359),.UNSPECIFIED.,.F.,.F.,(6,4,6),(0.,
    0.505981479588,1.),.UNSPECIFIED.);
#1350 = CARTESIAN_POINT('',(-6.499968387212,-2.027227759817E-02,3.));
#1351 = CARTESIAN_POINT('',(-6.500507049925,0.152440955484,3.));
#1352 = CARTESIAN_POINT('',(-6.49531281818,0.326309362657,3.));
#1353 = CARTESIAN_POINT('',(-6.484232026954,0.500711183223,3.));
#1354 = CARTESIAN_POINT('',(-6.467226409653,0.674988499321,3.));
#1355 = CARTESIAN_POINT('',(-6.422076836758,1.017902206645,3.));
#1356 = CARTESIAN_POINT('',(-6.39420562622,1.186575284998,3.));
#1357 = CARTESIAN_POINT('',(-6.36084638514,1.353915459197,3.));
#1358 = CARTESIAN_POINT('',(-6.322189253894,1.519340009192,3.));
#1359 = CARTESIAN_POINT('',(-6.278517777275,1.682324142499,3.));
#1360 = ORIENTED_EDGE('',*,*,#1361,.F.);
#1361 = EDGE_CURVE('',#1362,#1347,#1364,.T.);
#1362 = VERTEX_POINT('',#1363);
#1363 = CARTESIAN_POINT('',(-6.273240483741,-1.701897127665,3.));
#1364 = B_SPLINE_CURVE_WITH_KNOTS('',5,(#1365,#1366,#1367,#1368,#1369,
    #1370,#1371,#1372,#1373,#1374),.UNSPECIFIED.,.F.,.F.,(6,4,6),(0.,
    0.505981479588,1.),.UNSPECIFIED.);
#1365 = CARTESIAN_POINT('',(-6.273240483741,-1.701897127665,3.));
#1366 = CARTESIAN_POINT('',(-6.31846226603,-1.535208371458,3.));
#1367 = CARTESIAN_POINT('',(-6.358445478557,-1.365920020493,3.));
#1368 = CARTESIAN_POINT('',(-6.392880768799,-1.194592878052,3.));
#1369 = CARTESIAN_POINT('',(-6.421560892392,-1.021852539866,3.));
#1370 = CARTESIAN_POINT('',(-6.466702352169,-0.67893776443,3.));
#1371 = CARTESIAN_POINT('',(-6.483436635175,-0.508798481752,3.));
#1372 = CARTESIAN_POINT('',(-6.494524906763,-0.338526278796,3.));
#1373 = CARTESIAN_POINT('',(-6.500000009388,-0.168733231857,3.));
#1374 = CARTESIAN_POINT('',(-6.5,3.61656162351E-07,3.));
#1375 = ORIENTED_EDGE('',*,*,#1376,.F.);
#1376 = EDGE_CURVE('',#1377,#1362,#1379,.T.);
#1377 = VERTEX_POINT('',#1378);
#1378 = CARTESIAN_POINT('',(-5.619001608323,-3.267540500999,3.));
#1379 = B_SPLINE_CURVE_WITH_KNOTS('',5,(#1380,#1381,#1382,#1383,#1384,
    #1385,#1386,#1387,#1388,#1389),.UNSPECIFIED.,.F.,.F.,(6,4,6),(0.,
    0.505981479588,1.),.UNSPECIFIED.);
#1380 = CARTESIAN_POINT('',(-5.619001608323,-3.267540500999,3.));
#1381 = CARTESIAN_POINT('',(-5.705824720457,-3.118235784937,3.));
#1382 = CARTESIAN_POINT('',(-5.788260587399,-2.965064211536,3.));
#1383 = CARTESIAN_POINT('',(-5.865865250986,-2.808487408847,3.));
#1384 = CARTESIAN_POINT('',(-5.938276612445,-2.649056017152,3.));
#1385 = CARTESIAN_POINT('',(-6.070632789011,-2.329509248857,3.));
#1386 = CARTESIAN_POINT('',(-6.130832151827,-2.169498472799,3.));
#1387 = CARTESIAN_POINT('',(-6.1856122887,-2.007898010329,3.));
#1388 = CARTESIAN_POINT('',(-6.234846506001,-1.845307582,3.));
#1389 = CARTESIAN_POINT('',(-6.278517964482,-1.682323443833,3.));
#1390 = ORIENTED_EDGE('',*,*,#1391,.F.);
#1391 = EDGE_CURVE('',#1392,#1377,#1394,.T.);
#1392 = VERTEX_POINT('',#1393);
#1393 = CARTESIAN_POINT('',(-4.581837059136,-4.610506389056,3.));
#1394 = B_SPLINE_CURVE_WITH_KNOTS('',5,(#1395,#1396,#1397,#1398,#1399,
    #1400,#1401,#1402,#1403,#1404),.UNSPECIFIED.,.F.,.F.,(6,4,6),(0.,
    0.505981479588,1.),.UNSPECIFIED.);
#1395 = CARTESIAN_POINT('',(-4.581837059136,-4.610506389056,3.));
#1396 = CARTESIAN_POINT('',(-4.704344649506,-4.4887605828,3.));
#1397 = CARTESIAN_POINT('',(-4.823615302762,-4.362144176563,3.));
#1398 = CARTESIAN_POINT('',(-4.939100710119,-4.230988163973,3.));
#1399 = CARTESIAN_POINT('',(-5.050308594827,-4.095730704642,3.));
#1400 = CARTESIAN_POINT('',(-5.260859633476,-3.82132852767,3.));
#1401 = CARTESIAN_POINT('',(-5.360421589012,-3.682350728191,3.));
#1402 = CARTESIAN_POINT('',(-5.45516041537,-3.540434810667,3.));
#1403 = CARTESIAN_POINT('',(-5.544798516801,-3.396127269945,3.));
#1404 = CARTESIAN_POINT('',(-5.629165305427,-3.249999686797,3.));
#1405 = ORIENTED_EDGE('',*,*,#1406,.F.);
#1406 = EDGE_CURVE('',#1407,#1392,#1409,.T.);
#1407 = VERTEX_POINT('',#1408);
#1408 = CARTESIAN_POINT('',(-3.232427886214,-5.639273885921,3.));
#1409 = B_SPLINE_CURVE_WITH_KNOTS('',5,(#1410,#1411,#1412,#1413,#1414,
    #1415,#1416,#1417,#1418,#1419),.UNSPECIFIED.,.F.,.F.,(6,4,6),(0.,
    0.505981479588,1.),.UNSPECIFIED.);
#1410 = CARTESIAN_POINT('',(-3.232427886214,-5.639273885921,3.));
#1411 = CARTESIAN_POINT('',(-3.382271264989,-5.553383764973,3.));
#1412 = CARTESIAN_POINT('',(-3.530248606643,-5.461951224742,3.));
#1413 = CARTESIAN_POINT('',(-3.675744618107,-5.365154067763,3.));
#1414 = CARTESIAN_POINT('',(-3.8181703925,-5.263288113125,3.));
#1415 = CARTESIAN_POINT('',(-4.092567587902,-5.052730582366,3.));
#1416 = CARTESIAN_POINT('',(-4.224707153421,-4.944256866829,3.));
#1417 = CARTESIAN_POINT('',(-4.352948374811,-4.831696829503,3.));
#1418 = CARTESIAN_POINT('',(-4.476881671893,-4.715506496809,3.));
#1419 = CARTESIAN_POINT('',(-4.596194333442,-4.596193821983,3.));
#1420 = ORIENTED_EDGE('',*,*,#1421,.F.);
#1421 = EDGE_CURVE('',#1422,#1407,#1424,.T.);
#1422 = VERTEX_POINT('',#1423);
#1423 = CARTESIAN_POINT('',(-1.662734094685,-6.283734186801,3.));
#1424 = B_SPLINE_CURVE_WITH_KNOTS('',5,(#1425,#1426,#1427,#1428,#1429,
    #1430,#1431,#1432,#1433,#1434),.UNSPECIFIED.,.F.,.F.,(6,4,6),(0.,
    0.505981479588,1.),.UNSPECIFIED.);
#1425 = CARTESIAN_POINT('',(-1.662734094685,-6.283734186801,3.));
#1426 = CARTESIAN_POINT('',(-1.82970168323,-6.239553020964,3.));
#1427 = CARTESIAN_POINT('',(-1.996301301994,-6.189535323255,3.));
#1428 = CARTESIAN_POINT('',(-2.161892604826,-6.133693588171,3.));
#1429 = CARTESIAN_POINT('',(-2.32583018775,-6.072161134693,3.));
#1430 = CARTESIAN_POINT('',(-2.6453738245,-5.939797397906,3.));
#1431 = CARTESIAN_POINT('',(-2.801085906983,-5.869220070764,3.));
#1432 = CARTESIAN_POINT('',(-2.954090096096,-5.793686694165,3.));
#1433 = CARTESIAN_POINT('',(-3.103872739443,-5.713531748658,3.));
#1434 = CARTESIAN_POINT('',(-3.250000313203,-5.629164943771,3.));
#1435 = ORIENTED_EDGE('',*,*,#1436,.F.);
#1436 = EDGE_CURVE('',#1437,#1422,#1439,.T.);
#1437 = VERTEX_POINT('',#1438);
#1438 = CARTESIAN_POINT('',(2.027227759817E-02,-6.499968387212,3.));
#1439 = B_SPLINE_CURVE_WITH_KNOTS('',5,(#1440,#1441,#1442,#1443,#1444,
    #1445,#1446,#1447,#1448,#1449),.UNSPECIFIED.,.F.,.F.,(6,4,6),(0.,
    0.505981479588,1.),.UNSPECIFIED.);
#1440 = CARTESIAN_POINT('',(2.027227759817E-02,-6.499968387212,3.));
#1441 = CARTESIAN_POINT('',(-0.152440955484,-6.500507049925,3.));
#1442 = CARTESIAN_POINT('',(-0.326309362657,-6.49531281818,3.));
#1443 = CARTESIAN_POINT('',(-0.500711183223,-6.484232026953,3.));
#1444 = CARTESIAN_POINT('',(-0.674988499321,-6.467226409653,3.));
#1445 = CARTESIAN_POINT('',(-1.017902206645,-6.422076836758,3.));
#1446 = CARTESIAN_POINT('',(-1.186575284998,-6.39420562622,3.));
#1447 = CARTESIAN_POINT('',(-1.353915459197,-6.36084638514,3.));
#1448 = CARTESIAN_POINT('',(-1.519340009192,-6.322189253894,3.));
#1449 = CARTESIAN_POINT('',(-1.682324142499,-6.278517777275,3.));
#1450 = ORIENTED_EDGE('',*,*,#1451,.F.);
#1451 = EDGE_CURVE('',#1452,#1437,#1454,.T.);
#1452 = VERTEX_POINT('',#1453);
#1453 = CARTESIAN_POINT('',(1.701897127665,-6.273240483741,3.));
#1454 = B_SPLINE_CURVE_WITH_KNOTS('',5,(#1455,#1456,#1457,#1458,#1459,
    #1460,#1461,#1462,#1463,#1464),.UNSPECIFIED.,.F.,.F.,(6,4,6),(0.,
    0.505981479588,1.),.UNSPECIFIED.);
#1455 = CARTESIAN_POINT('',(1.701897127665,-6.273240483741,3.));
#1456 = CARTESIAN_POINT('',(1.535208371458,-6.31846226603,3.));
#1457 = CARTESIAN_POINT('',(1.365920020493,-6.358445478557,3.));
#1458 = CARTESIAN_POINT('',(1.194592878052,-6.392880768799,3.));
#1459 = CARTESIAN_POINT('',(1.021852539866,-6.421560892392,3.));
#1460 = CARTESIAN_POINT('',(0.67893776443,-6.466702352169,3.));
#1461 = CARTESIAN_POINT('',(0.508798481752,-6.483436635175,3.));
#1462 = CARTESIAN_POINT('',(0.338526278796,-6.494524906763,3.));
#1463 = CARTESIAN_POINT('',(0.168733231857,-6.500000009388,3.));
#1464 = CARTESIAN_POINT('',(-3.616561661257E-07,-6.5,3.));
#1465 = ORIENTED_EDGE('',*,*,#1466,.F.);
#1466 = EDGE_CURVE('',#1467,#1452,#1469,.T.);
#1467 = VERTEX_POINT('',#1468);
#1468 = CARTESIAN_POINT('',(3.267540500999,-5.619001608323,3.));
#1469 = B_SPLINE_CURVE_WITH_KNOTS('',5,(#1470,#1471,#1472,#1473,#1474,
    #1475,#1476,#1477,#1478,#1479),.UNSPECIFIED.,.F.,.F.,(6,4,6),(0.,
    0.505981479588,1.),.UNSPECIFIED.);
#1470 = CARTESIAN_POINT('',(3.267540500999,-5.619001608323,3.));
#1471 = CARTESIAN_POINT('',(3.118235784937,-5.705824720457,3.));
#1472 = CARTESIAN_POINT('',(2.965064211536,-5.788260587399,3.));
#1473 = CARTESIAN_POINT('',(2.808487408847,-5.865865250986,3.));
#1474 = CARTESIAN_POINT('',(2.649056017152,-5.938276612445,3.));
#1475 = CARTESIAN_POINT('',(2.329509248857,-6.070632789011,3.));
#1476 = CARTESIAN_POINT('',(2.169498472799,-6.130832151827,3.));
#1477 = CARTESIAN_POINT('',(2.007898010329,-6.1856122887,3.));
#1478 = CARTESIAN_POINT('',(1.845307582,-6.234846506001,3.));
#1479 = CARTESIAN_POINT('',(1.682323443833,-6.278517964482,3.));
#1480 = ORIENTED_EDGE('',*,*,#1481,.F.);
#1481 = EDGE_CURVE('',#1482,#1467,#1484,.T.);
#1482 = VERTEX_POINT('',#1483);
#1483 = CARTESIAN_POINT('',(4.610506389056,-4.581837059136,3.));
#1484 = B_SPLINE_CURVE_WITH_KNOTS('',5,(#1485,#1486,#1487,#1488,#1489,
    #1490,#1491,#1492,#1493,#1494),.UNSPECIFIED.,.F.,.F.,(6,4,6),(0.,
    0.505981479588,1.),.UNSPECIFIED.);
#1485 = CARTESIAN_POINT('',(4.610506389056,-4.581837059136,3.));
#1486 = CARTESIAN_POINT('',(4.4887605828,-4.704344649506,3.));
#1487 = CARTESIAN_POINT('',(4.362144176563,-4.823615302762,3.));
#1488 = CARTESIAN_POINT('',(4.230988163973,-4.939100710119,3.));
#1489 = CARTESIAN_POINT('',(4.095730704642,-5.050308594827,3.));
#1490 = CARTESIAN_POINT('',(3.82132852767,-5.260859633476,3.));
#1491 = CARTESIAN_POINT('',(3.682350728191,-5.360421589012,3.));
#1492 = CARTESIAN_POINT('',(3.540434810667,-5.45516041537,3.));
#1493 = CARTESIAN_POINT('',(3.396127269945,-5.544798516801,3.));
#1494 = CARTESIAN_POINT('',(3.249999686797,-5.629165305427,3.));
#1495 = ORIENTED_EDGE('',*,*,#1496,.F.);
#1496 = EDGE_CURVE('',#1497,#1482,#1499,.T.);
#1497 = VERTEX_POINT('',#1498);
#1498 = CARTESIAN_POINT('',(5.639273885921,-3.232427886214,3.));
#1499 = B_SPLINE_CURVE_WITH_KNOTS('',5,(#1500,#1501,#1502,#1503,#1504,
    #1505,#1506,#1507,#1508,#1509),.UNSPECIFIED.,.F.,.F.,(6,4,6),(0.,
    0.505981479588,1.),.UNSPECIFIED.);
#1500 = CARTESIAN_POINT('',(5.639273885921,-3.232427886214,3.));
#1501 = CARTESIAN_POINT('',(5.553383764973,-3.382271264989,3.));
#1502 = CARTESIAN_POINT('',(5.461951224742,-3.530248606643,3.));
#1503 = CARTESIAN_POINT('',(5.365154067763,-3.675744618107,3.));
#1504 = CARTESIAN_POINT('',(5.263288113125,-3.8181703925,3.));
#1505 = CARTESIAN_POINT('',(5.052730582366,-4.092567587902,3.));
#1506 = CARTESIAN_POINT('',(4.944256866829,-4.224707153421,3.));
#1507 = CARTESIAN_POINT('',(4.831696829503,-4.352948374811,3.));
#1508 = CARTESIAN_POINT('',(4.715506496809,-4.476881671893,3.));
#1509 = CARTESIAN_POINT('',(4.596193821983,-4.596194333442,3.));
#1510 = ORIENTED_EDGE('',*,*,#1511,.F.);
#1511 = EDGE_CURVE('',#1512,#1497,#1514,.T.);
#1512 = VERTEX_POINT('',#1513);
#1513 = CARTESIAN_POINT('',(6.283734186801,-1.662734094685,3.));
#1514 = B_SPLINE_CURVE_WITH_KNOTS('',5,(#1515,#1516,#1517,#1518,#1519,
    #1520,#1521,#1522,#1523,#1524),.UNSPECIFIED.,.F.,.F.,(6,4,6),(0.,
    0.505981479588,1.),.UNSPECIFIED.);
#1515 = CARTESIAN_POINT('',(6.283734186801,-1.662734094685,3.));
#1516 = CARTESIAN_POINT('',(6.239553020964,-1.82970168323,3.));
#1517 = CARTESIAN_POINT('',(6.189535323255,-1.996301301994,3.));
#1518 = CARTESIAN_POINT('',(6.133693588171,-2.161892604826,3.));
#1519 = CARTESIAN_POINT('',(6.072161134693,-2.32583018775,3.));
#1520 = CARTESIAN_POINT('',(5.939797397906,-2.6453738245,3.));
#1521 = CARTESIAN_POINT('',(5.869220070764,-2.801085906983,3.));
#1522 = CARTESIAN_POINT('',(5.793686694165,-2.954090096096,3.));
#1523 = CARTESIAN_POINT('',(5.713531748658,-3.103872739443,3.));
#1524 = CARTESIAN_POINT('',(5.629164943771,-3.250000313203,3.));
#1525 = ORIENTED_EDGE('',*,*,#1526,.F.);
#1526 = EDGE_CURVE('',#1527,#1512,#1529,.T.);
#1527 = VERTEX_POINT('',#1528);
#1528 = CARTESIAN_POINT('',(6.499968387212,-2.027227759817E-02,3.));
#1529 = B_SPLINE_CURVE_WITH_KNOTS('',5,(#1530,#1531,#1532,#1533,#1534,
    #1535,#1536,#1537,#1538,#1539),.UNSPECIFIED.,.F.,.F.,(6,4,6),(0.,
    0.501752727381,1.),.UNSPECIFIED.);
#1530 = CARTESIAN_POINT('',(6.5,-1.7763568394E-15,3.));
#1531 = CARTESIAN_POINT('',(6.499999999998,-0.16934028655,3.));
#1532 = CARTESIAN_POINT('',(6.494485446118,-0.339747662411,3.));
#1533 = CARTESIAN_POINT('',(6.483316780432,-0.510635539754,3.));
#1534 = CARTESIAN_POINT('',(6.466461200723,-0.681385102403,3.));
#1535 = CARTESIAN_POINT('',(6.421695620939,-1.020206850906,3.));
#1536 = CARTESIAN_POINT('',(6.393863578564,-1.188290115143,3.));
#1537 = CARTESIAN_POINT('',(6.360582220538,-1.355045608074,3.));
#1538 = CARTESIAN_POINT('',(6.322040072969,-1.51989675986,3.));
#1539 = CARTESIAN_POINT('',(6.278517777275,-1.682324142499,3.));
#1540 = ORIENTED_EDGE('',*,*,#1541,.F.);
#1541 = EDGE_CURVE('',#673,#1527,#1542,.T.);
#1542 = B_SPLINE_CURVE_WITH_KNOTS('',4,(#1543,#1544,#1545,#1546,#1547),
  .UNSPECIFIED.,.F.,.F.,(5,5),(0.,1.),.PIECEWISE_BEZIER_KNOTS.);
#1543 = CARTESIAN_POINT('',(6.5,5.551115123126E-17,3.));
#1544 = CARTESIAN_POINT('',(6.5,-5.069619195458E-03,3.));
#1545 = CARTESIAN_POINT('',(6.499994727992,-1.013821859417E-02,3.));
#1546 = CARTESIAN_POINT('',(6.499984188748,-1.520577808088E-02,3.));
#1547 = CARTESIAN_POINT('',(6.499968387212,-2.027227759817E-02,3.));
#1548 = CYLINDRICAL_SURFACE('',#1549,6.5);
#1549 = AXIS2_PLACEMENT_3D('',#1550,#1551,#1552);
#1550 = CARTESIAN_POINT('',(0.,0.,2.8));
#1551 = DIRECTION('',(0.,0.,1.));
#1552 = DIRECTION('',(1.,0.,-0.));
#1553 = ADVANCED_FACE('',(#1554),#1564,.T.);
#1554 = FACE_BOUND('',#1555,.T.);
#1555 = EDGE_LOOP('',(#1556,#1561,#1562,#1563));
#1556 = ORIENTED_EDGE('',*,*,#1557,.F.);
#1557 = EDGE_CURVE('',#1155,#602,#1558,.T.);
#1558 = B_SPLINE_CURVE_WITH_KNOTS('',1,(#1559,#1560),.UNSPECIFIED.,.F.,
  .F.,(2,2),(0.,1.),.PIECEWISE_BEZIER_KNOTS.);
#1559 = CARTESIAN_POINT('',(5.450889241817,2.257832250954,4.));
#1560 = CARTESIAN_POINT('',(9.79312304462,4.05644438307,4.));
#1561 = ORIENTED_EDGE('',*,*,#1165,.F.);
#1562 = ORIENTED_EDGE('',*,*,#76,.F.);
#1563 = ORIENTED_EDGE('',*,*,#612,.T.);
#1564 = B_SPLINE_SURFACE_WITH_KNOTS('',1,1,(
    (#1565,#1566)
    ,(#1567,#1568
    )),.UNSPECIFIED.,.F.,.F.,.F.,(2,2),(2,2),(0.,1.744278210227),(0.,1.)
  ,.PIECEWISE_BEZIER_KNOTS.);
#1565 = CARTESIAN_POINT('',(5.450889241817,2.257832250954,4.));
#1566 = CARTESIAN_POINT('',(9.79312304462,4.05644438307,4.));
#1567 = CARTESIAN_POINT('',(5.755305278859,1.522906925723,3.));
#1568 = CARTESIAN_POINT('',(10.340039992526,2.736070069943,3.));
#1569 = ADVANCED_FACE('',(#1570),#1580,.T.);
#1570 = FACE_BOUND('',#1571,.T.);
#1571 = EDGE_LOOP('',(#1572,#1573,#1574,#1579));
#1572 = ORIENTED_EDGE('',*,*,#658,.F.);
#1573 = ORIENTED_EDGE('',*,*,#681,.F.);
#1574 = ORIENTED_EDGE('',*,*,#1575,.F.);
#1575 = EDGE_CURVE('',#113,#682,#1576,.T.);
#1576 = B_SPLINE_CURVE_WITH_KNOTS('',1,(#1577,#1578),.UNSPECIFIED.,.F.,
  .F.,(2,2),(0.,1.),.PIECEWISE_BEZIER_KNOTS.);
#1577 = CARTESIAN_POINT('',(10.327164078975,-2.767155275065,
    3.023542721798));
#1578 = CARTESIAN_POINT('',(5.748138496788,-1.540209068197,
    3.023542721798));
#1579 = ORIENTED_EDGE('',*,*,#112,.T.);
#1580 = B_SPLINE_SURFACE_WITH_KNOTS('',1,1,(
    (#1581,#1582)
    ,(#1583,#1584
    )),.UNSPECIFIED.,.F.,.F.,.F.,(2,2),(2,2),(0.,1.744278210227),(0.,1.)
  ,.PIECEWISE_BEZIER_KNOTS.);
#1581 = CARTESIAN_POINT('',(5.849524682105,-0.770104534098,4.));
#1582 = CARTESIAN_POINT('',(10.509315530562,-1.383577637533,4.));
#1583 = CARTESIAN_POINT('',(5.745694040888,-1.558776554154,3.));
#1584 = CARTESIAN_POINT('',(10.322772344646,-2.800513809159,3.));
#1585 = ADVANCED_FACE('',(#1586),#1596,.T.);
#1586 = FACE_BOUND('',#1587,.T.);
#1587 = EDGE_LOOP('',(#1588,#1589,#1590,#1591));
#1588 = ORIENTED_EDGE('',*,*,#123,.T.);
#1589 = ORIENTED_EDGE('',*,*,#1575,.T.);
#1590 = ORIENTED_EDGE('',*,*,#692,.F.);
#1591 = ORIENTED_EDGE('',*,*,#1592,.T.);
#1592 = EDGE_CURVE('',#693,#124,#1593,.T.);
#1593 = B_SPLINE_CURVE_WITH_KNOTS('',1,(#1594,#1595),.UNSPECIFIED.,.F.,
  .F.,(2,2),(0.,1.),.PIECEWISE_BEZIER_KNOTS.);
#1594 = CARTESIAN_POINT('',(5.450889241817,-2.257832250954,4.));
#1595 = CARTESIAN_POINT('',(9.79312304462,-4.05644438307,4.));
#1596 = B_SPLINE_SURFACE_WITH_KNOTS('',1,1,(
    (#1597,#1598)
    ,(#1599,#1600
    )),.UNSPECIFIED.,.F.,.F.,.F.,(2,2),(2,2),(0.,1.744278210227),(0.,1.)
  ,.PIECEWISE_BEZIER_KNOTS.);
#1597 = CARTESIAN_POINT('',(5.755305278859,-1.522906925723,3.));
#1598 = CARTESIAN_POINT('',(10.340039992526,-2.736070069943,3.));
#1599 = CARTESIAN_POINT('',(5.450889241817,-2.257832250954,4.));
#1600 = CARTESIAN_POINT('',(9.79312304462,-4.05644438307,4.));
#1601 = ADVANCED_FACE('',(#1602),#1612,.T.);
#1602 = FACE_BOUND('',#1603,.T.);
#1603 = EDGE_LOOP('',(#1604,#1605,#1606,#1611));
#1604 = ORIENTED_EDGE('',*,*,#1592,.F.);
#1605 = ORIENTED_EDGE('',*,*,#703,.F.);
#1606 = ORIENTED_EDGE('',*,*,#1607,.F.);
#1607 = EDGE_CURVE('',#135,#704,#1608,.T.);
#1608 = B_SPLINE_CURVE_WITH_KNOTS('',1,(#1609,#1610),.UNSPECIFIED.,.F.,
  .F.,(2,2),(0.,1.),.PIECEWISE_BEZIER_KNOTS.);
#1609 = CARTESIAN_POINT('',(9.259082010264,-5.345733491075,
    3.023542721798));
#1610 = CARTESIAN_POINT('',(5.153639986845,-2.975455433711,
    3.023542721798));
#1611 = ORIENTED_EDGE('',*,*,#134,.T.);
#1612 = B_SPLINE_SURFACE_WITH_KNOTS('',1,1,(
    (#1613,#1614)
    ,(#1615,#1616
    )),.UNSPECIFIED.,.F.,.F.,.F.,(2,2),(2,2),(0.,1.744278210227),(0.,1.)
  ,.PIECEWISE_BEZIER_KNOTS.);
#1613 = CARTESIAN_POINT('',(5.450889241817,-2.257832250954,4.));
#1614 = CARTESIAN_POINT('',(9.79312304462,-4.05644438307,4.));
#1615 = CARTESIAN_POINT('',(5.146473204774,-2.992757576185,3.));
#1616 = CARTESIAN_POINT('',(9.246206096713,-5.376818696197,3.));
#1617 = ADVANCED_FACE('',(#1618),#1628,.T.);
#1618 = FACE_BOUND('',#1619,.T.);
#1619 = EDGE_LOOP('',(#1620,#1621,#1622,#1623));
#1620 = ORIENTED_EDGE('',*,*,#145,.T.);
#1621 = ORIENTED_EDGE('',*,*,#1607,.T.);
#1622 = ORIENTED_EDGE('',*,*,#714,.F.);
#1623 = ORIENTED_EDGE('',*,*,#1624,.T.);
#1624 = EDGE_CURVE('',#715,#146,#1625,.T.);
#1625 = B_SPLINE_CURVE_WITH_KNOTS('',1,(#1626,#1627),.UNSPECIFIED.,.F.,
  .F.,(2,2),(0.,1.),.PIECEWISE_BEZIER_KNOTS.);
#1626 = CARTESIAN_POINT('',(4.680784707718,-3.591692431151,4.));
#1627 = CARTESIAN_POINT('',(8.409545407087,-6.452871147492,4.));
#1628 = B_SPLINE_SURFACE_WITH_KNOTS('',1,1,(
    (#1629,#1630)
    ,(#1631,#1632
    )),.UNSPECIFIED.,.F.,.F.,.F.,(2,2),(2,2),(0.,1.744278210227),(0.,1.)
  ,.PIECEWISE_BEZIER_KNOTS.);
#1629 = CARTESIAN_POINT('',(5.165040690732,-2.960597747138,3.));
#1630 = CARTESIAN_POINT('',(9.279564630807,-5.319040020281,3.));
#1631 = CARTESIAN_POINT('',(4.680784707718,-3.591692431151,4.));
#1632 = CARTESIAN_POINT('',(8.409545407087,-6.452871147492,4.));
#1633 = ADVANCED_FACE('',(#1634),#1644,.T.);
#1634 = FACE_BOUND('',#1635,.T.);
#1635 = EDGE_LOOP('',(#1636,#1637,#1638,#1643));
#1636 = ORIENTED_EDGE('',*,*,#1624,.F.);
#1637 = ORIENTED_EDGE('',*,*,#725,.F.);
#1638 = ORIENTED_EDGE('',*,*,#1639,.F.);
#1639 = EDGE_CURVE('',#157,#726,#1640,.T.);
#1640 = B_SPLINE_CURVE_WITH_KNOTS('',1,(#1641,#1642),.UNSPECIFIED.,.F.,
  .F.,(2,2),(0.,1.),.PIECEWISE_BEZIER_KNOTS.);
#1641 = CARTESIAN_POINT('',(7.56000880391,-7.56000880391,3.023542721798)
  );
#1642 = CARTESIAN_POINT('',(4.207929428591,-4.207929428591,
    3.023542721798));
#1643 = ORIENTED_EDGE('',*,*,#156,.T.);
#1644 = B_SPLINE_SURFACE_WITH_KNOTS('',1,1,(
    (#1645,#1646)
    ,(#1647,#1648
    )),.UNSPECIFIED.,.F.,.F.,.F.,(2,2),(2,2),(0.,1.744278210227),(0.,1.)
  ,.PIECEWISE_BEZIER_KNOTS.);
#1645 = CARTESIAN_POINT('',(4.680784707718,-3.591692431151,4.));
#1646 = CARTESIAN_POINT('',(8.409545407087,-6.452871147492,4.));
#1647 = CARTESIAN_POINT('',(4.196528724705,-4.222787115165,3.));
#1648 = CARTESIAN_POINT('',(7.539526183368,-7.586702274703,3.));
#1649 = ADVANCED_FACE('',(#1650),#1660,.T.);
#1650 = FACE_BOUND('',#1651,.T.);
#1651 = EDGE_LOOP('',(#1652,#1653,#1654,#1655));
#1652 = ORIENTED_EDGE('',*,*,#169,.T.);
#1653 = ORIENTED_EDGE('',*,*,#1639,.T.);
#1654 = ORIENTED_EDGE('',*,*,#736,.F.);
#1655 = ORIENTED_EDGE('',*,*,#1656,.T.);
#1656 = EDGE_CURVE('',#737,#170,#1657,.T.);
#1657 = B_SPLINE_CURVE_WITH_KNOTS('',1,(#1658,#1659),.UNSPECIFIED.,.F.,
  .F.,(2,2),(0.,1.),.PIECEWISE_BEZIER_KNOTS.);
#1658 = CARTESIAN_POINT('',(3.591692431151,-4.680784707718,4.));
#1659 = CARTESIAN_POINT('',(6.452871147492,-8.409545407087,4.));
#1660 = B_SPLINE_SURFACE_WITH_KNOTS('',1,1,(
    (#1661,#1662)
    ,(#1663,#1664
    )),.UNSPECIFIED.,.F.,.F.,.F.,(2,2),(2,2),(0.,1.744278210227),(0.,1.)
  ,.PIECEWISE_BEZIER_KNOTS.);
#1661 = CARTESIAN_POINT('',(4.222787115165,-4.196528724705,3.));
#1662 = CARTESIAN_POINT('',(7.586702274703,-7.539526183368,3.));
#1663 = CARTESIAN_POINT('',(3.591692431151,-4.680784707718,4.));
#1664 = CARTESIAN_POINT('',(6.452871147492,-8.409545407087,4.));
#1665 = ADVANCED_FACE('',(#1666),#1676,.T.);
#1666 = FACE_BOUND('',#1667,.T.);
#1667 = EDGE_LOOP('',(#1668,#1669,#1670,#1675));
#1668 = ORIENTED_EDGE('',*,*,#1656,.F.);
#1669 = ORIENTED_EDGE('',*,*,#747,.F.);
#1670 = ORIENTED_EDGE('',*,*,#1671,.F.);
#1671 = EDGE_CURVE('',#183,#748,#1672,.T.);
#1672 = B_SPLINE_CURVE_WITH_KNOTS('',1,(#1673,#1674),.UNSPECIFIED.,.F.,
  .F.,(2,2),(0.,1.),.PIECEWISE_BEZIER_KNOTS.);
#1673 = CARTESIAN_POINT('',(5.345733491075,-9.259082010264,
    3.023542721798));
#1674 = CARTESIAN_POINT('',(2.975455433711,-5.153639986845,
    3.023542721798));
#1675 = ORIENTED_EDGE('',*,*,#182,.T.);
#1676 = B_SPLINE_SURFACE_WITH_KNOTS('',1,1,(
    (#1677,#1678)
    ,(#1679,#1680
    )),.UNSPECIFIED.,.F.,.F.,.F.,(2,2),(2,2),(0.,1.744278210227),(0.,1.)
  ,.PIECEWISE_BEZIER_KNOTS.);
#1677 = CARTESIAN_POINT('',(3.591692431151,-4.680784707718,4.));
#1678 = CARTESIAN_POINT('',(6.452871147492,-8.409545407087,4.));
#1679 = CARTESIAN_POINT('',(2.960597747138,-5.165040690732,3.));
#1680 = CARTESIAN_POINT('',(5.319040020281,-9.279564630807,3.));
#1681 = ADVANCED_FACE('',(#1682),#1692,.T.);
#1682 = FACE_BOUND('',#1683,.T.);
#1683 = EDGE_LOOP('',(#1684,#1685,#1686,#1687));
#1684 = ORIENTED_EDGE('',*,*,#193,.T.);
#1685 = ORIENTED_EDGE('',*,*,#1671,.T.);
#1686 = ORIENTED_EDGE('',*,*,#758,.F.);
#1687 = ORIENTED_EDGE('',*,*,#1688,.T.);
#1688 = EDGE_CURVE('',#759,#194,#1689,.T.);
#1689 = B_SPLINE_CURVE_WITH_KNOTS('',1,(#1690,#1691),.UNSPECIFIED.,.F.,
  .F.,(2,2),(0.,1.),.PIECEWISE_BEZIER_KNOTS.);
#1690 = CARTESIAN_POINT('',(2.257832250954,-5.450889241817,4.));
#1691 = CARTESIAN_POINT('',(4.05644438307,-9.79312304462,4.));
#1692 = B_SPLINE_SURFACE_WITH_KNOTS('',1,1,(
    (#1693,#1694)
    ,(#1695,#1696
    )),.UNSPECIFIED.,.F.,.F.,.F.,(2,2),(2,2),(0.,1.744278210227),(0.,1.)
  ,.PIECEWISE_BEZIER_KNOTS.);
#1693 = CARTESIAN_POINT('',(2.992757576185,-5.146473204774,3.));
#1694 = CARTESIAN_POINT('',(5.376818696197,-9.246206096713,3.));
#1695 = CARTESIAN_POINT('',(2.257832250954,-5.450889241817,4.));
#1696 = CARTESIAN_POINT('',(4.05644438307,-9.79312304462,4.));
#1697 = ADVANCED_FACE('',(#1698),#1708,.T.);
#1698 = FACE_BOUND('',#1699,.T.);
#1699 = EDGE_LOOP('',(#1700,#1701,#1702,#1707));
#1700 = ORIENTED_EDGE('',*,*,#1688,.F.);
#1701 = ORIENTED_EDGE('',*,*,#769,.F.);
#1702 = ORIENTED_EDGE('',*,*,#1703,.F.);
#1703 = EDGE_CURVE('',#205,#770,#1704,.T.);
#1704 = B_SPLINE_CURVE_WITH_KNOTS('',1,(#1705,#1706),.UNSPECIFIED.,.F.,
  .F.,(2,2),(0.,1.),.PIECEWISE_BEZIER_KNOTS.);
#1705 = CARTESIAN_POINT('',(2.767155275065,-10.32716407897,
    3.023542721798));
#1706 = CARTESIAN_POINT('',(1.540209068197,-5.748138496788,
    3.023542721798));
#1707 = ORIENTED_EDGE('',*,*,#204,.T.);
#1708 = B_SPLINE_SURFACE_WITH_KNOTS('',1,1,(
    (#1709,#1710)
    ,(#1711,#1712
    )),.UNSPECIFIED.,.F.,.F.,.F.,(2,2),(2,2),(0.,1.744278210227),(0.,1.)
  ,.PIECEWISE_BEZIER_KNOTS.);
#1709 = CARTESIAN_POINT('',(2.257832250954,-5.450889241817,4.));
#1710 = CARTESIAN_POINT('',(4.05644438307,-9.79312304462,4.));
#1711 = CARTESIAN_POINT('',(1.522906925723,-5.755305278859,3.));
#1712 = CARTESIAN_POINT('',(2.736070069943,-10.34003999252,3.));
#1713 = ADVANCED_FACE('',(#1714),#1724,.T.);
#1714 = FACE_BOUND('',#1715,.T.);
#1715 = EDGE_LOOP('',(#1716,#1717,#1718,#1719));
#1716 = ORIENTED_EDGE('',*,*,#215,.T.);
#1717 = ORIENTED_EDGE('',*,*,#1703,.T.);
#1718 = ORIENTED_EDGE('',*,*,#780,.F.);
#1719 = ORIENTED_EDGE('',*,*,#1720,.T.);
#1720 = EDGE_CURVE('',#781,#216,#1721,.T.);
#1721 = B_SPLINE_CURVE_WITH_KNOTS('',1,(#1722,#1723),.UNSPECIFIED.,.F.,
  .F.,(2,2),(0.,1.),.PIECEWISE_BEZIER_KNOTS.);
#1722 = CARTESIAN_POINT('',(0.770104534098,-5.849524682105,4.));
#1723 = CARTESIAN_POINT('',(1.383577637533,-10.50931553056,4.));
#1724 = B_SPLINE_SURFACE_WITH_KNOTS('',1,1,(
    (#1725,#1726)
    ,(#1727,#1728
    )),.UNSPECIFIED.,.F.,.F.,.F.,(2,2),(2,2),(0.,1.744278210227),(0.,1.)
  ,.PIECEWISE_BEZIER_KNOTS.);
#1725 = CARTESIAN_POINT('',(1.558776554154,-5.745694040888,3.));
#1726 = CARTESIAN_POINT('',(2.800513809159,-10.32277234464,3.));
#1727 = CARTESIAN_POINT('',(0.770104534098,-5.849524682105,4.));
#1728 = CARTESIAN_POINT('',(1.383577637533,-10.50931553056,4.));
#1729 = ADVANCED_FACE('',(#1730),#1740,.T.);
#1730 = FACE_BOUND('',#1731,.T.);
#1731 = EDGE_LOOP('',(#1732,#1733,#1734,#1739));
#1732 = ORIENTED_EDGE('',*,*,#1720,.F.);
#1733 = ORIENTED_EDGE('',*,*,#791,.F.);
#1734 = ORIENTED_EDGE('',*,*,#1735,.F.);
#1735 = EDGE_CURVE('',#227,#792,#1736,.T.);
#1736 = B_SPLINE_CURVE_WITH_KNOTS('',1,(#1737,#1738),.UNSPECIFIED.,.F.,
  .F.,(2,2),(0.,1.),.PIECEWISE_BEZIER_KNOTS.);
#1737 = CARTESIAN_POINT('',(-1.7763568394E-15,-10.69146698215,
    3.023542721798));
#1738 = CARTESIAN_POINT('',(-1.110223024625E-15,-5.950910867423,
    3.023542721798));
#1739 = ORIENTED_EDGE('',*,*,#226,.T.);
#1740 = B_SPLINE_SURFACE_WITH_KNOTS('',1,1,(
    (#1741,#1742)
    ,(#1743,#1744
    )),.UNSPECIFIED.,.F.,.F.,.F.,(2,2),(2,2),(0.,1.744278210227),(0.,1.)
  ,.PIECEWISE_BEZIER_KNOTS.);
#1741 = CARTESIAN_POINT('',(0.770104534098,-5.849524682105,4.));
#1742 = CARTESIAN_POINT('',(1.383577637533,-10.50931553056,4.));
#1743 = CARTESIAN_POINT('',(-1.856748595768E-02,-5.953355323323,3.));
#1744 = CARTESIAN_POINT('',(-3.335853409346E-02,-10.69585871647,3.));
#1745 = ADVANCED_FACE('',(#1746),#1756,.T.);
#1746 = FACE_BOUND('',#1747,.T.);
#1747 = EDGE_LOOP('',(#1748,#1749,#1750,#1751));
#1748 = ORIENTED_EDGE('',*,*,#237,.T.);
#1749 = ORIENTED_EDGE('',*,*,#1735,.T.);
#1750 = ORIENTED_EDGE('',*,*,#802,.F.);
#1751 = ORIENTED_EDGE('',*,*,#1752,.T.);
#1752 = EDGE_CURVE('',#803,#238,#1753,.T.);
#1753 = B_SPLINE_CURVE_WITH_KNOTS('',1,(#1754,#1755),.UNSPECIFIED.,.F.,
  .F.,(2,2),(0.,1.),.PIECEWISE_BEZIER_KNOTS.);
#1754 = CARTESIAN_POINT('',(-0.770104534098,-5.849524682105,4.));
#1755 = CARTESIAN_POINT('',(-1.383577637533,-10.50931553056,4.));
#1756 = B_SPLINE_SURFACE_WITH_KNOTS('',1,1,(
    (#1757,#1758)
    ,(#1759,#1760
    )),.UNSPECIFIED.,.F.,.F.,.F.,(2,2),(2,2),(0.,1.744278210227),(0.,1.)
  ,.PIECEWISE_BEZIER_KNOTS.);
#1757 = CARTESIAN_POINT('',(1.856748595768E-02,-5.953355323323,3.));
#1758 = CARTESIAN_POINT('',(3.335853409346E-02,-10.69585871647,3.));
#1759 = CARTESIAN_POINT('',(-0.770104534098,-5.849524682105,4.));
#1760 = CARTESIAN_POINT('',(-1.383577637533,-10.50931553056,4.));
#1761 = ADVANCED_FACE('',(#1762),#1772,.T.);
#1762 = FACE_BOUND('',#1763,.T.);
#1763 = EDGE_LOOP('',(#1764,#1765,#1766,#1771));
#1764 = ORIENTED_EDGE('',*,*,#1752,.F.);
#1765 = ORIENTED_EDGE('',*,*,#813,.F.);
#1766 = ORIENTED_EDGE('',*,*,#1767,.F.);
#1767 = EDGE_CURVE('',#249,#814,#1768,.T.);
#1768 = B_SPLINE_CURVE_WITH_KNOTS('',1,(#1769,#1770),.UNSPECIFIED.,.F.,
  .F.,(2,2),(0.,1.),.PIECEWISE_BEZIER_KNOTS.);
#1769 = CARTESIAN_POINT('',(-2.767155275065,-10.32716407897,
    3.023542721798));
#1770 = CARTESIAN_POINT('',(-1.540209068197,-5.748138496788,
    3.023542721798));
#1771 = ORIENTED_EDGE('',*,*,#248,.T.);
#1772 = B_SPLINE_SURFACE_WITH_KNOTS('',1,1,(
    (#1773,#1774)
    ,(#1775,#1776
    )),.UNSPECIFIED.,.F.,.F.,.F.,(2,2),(2,2),(0.,1.744278210227),(0.,1.)
  ,.PIECEWISE_BEZIER_KNOTS.);
#1773 = CARTESIAN_POINT('',(-0.770104534098,-5.849524682105,4.));
#1774 = CARTESIAN_POINT('',(-1.383577637533,-10.50931553056,4.));
#1775 = CARTESIAN_POINT('',(-1.558776554154,-5.745694040888,3.));
#1776 = CARTESIAN_POINT('',(-2.800513809159,-10.32277234464,3.));
#1777 = ADVANCED_FACE('',(#1778),#1788,.T.);
#1778 = FACE_BOUND('',#1779,.T.);
#1779 = EDGE_LOOP('',(#1780,#1781,#1782,#1783));
#1780 = ORIENTED_EDGE('',*,*,#259,.T.);
#1781 = ORIENTED_EDGE('',*,*,#1767,.T.);
#1782 = ORIENTED_EDGE('',*,*,#824,.F.);
#1783 = ORIENTED_EDGE('',*,*,#1784,.T.);
#1784 = EDGE_CURVE('',#825,#260,#1785,.T.);
#1785 = B_SPLINE_CURVE_WITH_KNOTS('',1,(#1786,#1787),.UNSPECIFIED.,.F.,
  .F.,(2,2),(0.,1.),.PIECEWISE_BEZIER_KNOTS.);
#1786 = CARTESIAN_POINT('',(-2.257832250954,-5.450889241817,4.));
#1787 = CARTESIAN_POINT('',(-4.05644438307,-9.79312304462,4.));
#1788 = B_SPLINE_SURFACE_WITH_KNOTS('',1,1,(
    (#1789,#1790)
    ,(#1791,#1792
    )),.UNSPECIFIED.,.F.,.F.,.F.,(2,2),(2,2),(0.,1.744278210227),(0.,1.)
  ,.PIECEWISE_BEZIER_KNOTS.);
#1789 = CARTESIAN_POINT('',(-1.522906925723,-5.755305278859,3.));
#1790 = CARTESIAN_POINT('',(-2.736070069943,-10.34003999252,3.));
#1791 = CARTESIAN_POINT('',(-2.257832250954,-5.450889241817,4.));
#1792 = CARTESIAN_POINT('',(-4.05644438307,-9.79312304462,4.));
#1793 = ADVANCED_FACE('',(#1794),#1804,.T.);
#1794 = FACE_BOUND('',#1795,.T.);
#1795 = EDGE_LOOP('',(#1796,#1797,#1798,#1803));
#1796 = ORIENTED_EDGE('',*,*,#1784,.F.);
#1797 = ORIENTED_EDGE('',*,*,#835,.F.);
#1798 = ORIENTED_EDGE('',*,*,#1799,.F.);
#1799 = EDGE_CURVE('',#271,#836,#1800,.T.);
#1800 = B_SPLINE_CURVE_WITH_KNOTS('',1,(#1801,#1802),.UNSPECIFIED.,.F.,
  .F.,(2,2),(0.,1.),.PIECEWISE_BEZIER_KNOTS.);
#1801 = CARTESIAN_POINT('',(-5.345733491075,-9.259082010264,
    3.023542721798));
#1802 = CARTESIAN_POINT('',(-2.975455433711,-5.153639986845,
    3.023542721798));
#1803 = ORIENTED_EDGE('',*,*,#270,.T.);
#1804 = B_SPLINE_SURFACE_WITH_KNOTS('',1,1,(
    (#1805,#1806)
    ,(#1807,#1808
    )),.UNSPECIFIED.,.F.,.F.,.F.,(2,2),(2,2),(0.,1.744278210227),(0.,1.)
  ,.PIECEWISE_BEZIER_KNOTS.);
#1805 = CARTESIAN_POINT('',(-2.257832250954,-5.450889241817,4.));
#1806 = CARTESIAN_POINT('',(-4.05644438307,-9.79312304462,4.));
#1807 = CARTESIAN_POINT('',(-2.992757576185,-5.146473204774,3.));
#1808 = CARTESIAN_POINT('',(-5.376818696197,-9.246206096713,3.));
#1809 = ADVANCED_FACE('',(#1810),#1820,.T.);
#1810 = FACE_BOUND('',#1811,.T.);
#1811 = EDGE_LOOP('',(#1812,#1813,#1814,#1815));
#1812 = ORIENTED_EDGE('',*,*,#281,.T.);
#1813 = ORIENTED_EDGE('',*,*,#1799,.T.);
#1814 = ORIENTED_EDGE('',*,*,#846,.F.);
#1815 = ORIENTED_EDGE('',*,*,#1816,.T.);
#1816 = EDGE_CURVE('',#847,#282,#1817,.T.);
#1817 = B_SPLINE_CURVE_WITH_KNOTS('',1,(#1818,#1819),.UNSPECIFIED.,.F.,
  .F.,(2,2),(0.,1.),.PIECEWISE_BEZIER_KNOTS.);
#1818 = CARTESIAN_POINT('',(-3.591692431151,-4.680784707718,4.));
#1819 = CARTESIAN_POINT('',(-6.452871147492,-8.409545407087,4.));
#1820 = B_SPLINE_SURFACE_WITH_KNOTS('',1,1,(
    (#1821,#1822)
    ,(#1823,#1824
    )),.UNSPECIFIED.,.F.,.F.,.F.,(2,2),(2,2),(0.,1.744278210227),(0.,1.)
  ,.PIECEWISE_BEZIER_KNOTS.);
#1821 = CARTESIAN_POINT('',(-2.960597747138,-5.165040690732,3.));
#1822 = CARTESIAN_POINT('',(-5.319040020281,-9.279564630807,3.));
#1823 = CARTESIAN_POINT('',(-3.591692431151,-4.680784707718,4.));
#1824 = CARTESIAN_POINT('',(-6.452871147492,-8.409545407087,4.));
#1825 = ADVANCED_FACE('',(#1826),#1836,.T.);
#1826 = FACE_BOUND('',#1827,.T.);
#1827 = EDGE_LOOP('',(#1828,#1829,#1830,#1835));
#1828 = ORIENTED_EDGE('',*,*,#1816,.F.);
#1829 = ORIENTED_EDGE('',*,*,#857,.F.);
#1830 = ORIENTED_EDGE('',*,*,#1831,.F.);
#1831 = EDGE_CURVE('',#293,#858,#1832,.T.);
#1832 = B_SPLINE_CURVE_WITH_KNOTS('',1,(#1833,#1834),.UNSPECIFIED.,.F.,
  .F.,(2,2),(0.,1.),.PIECEWISE_BEZIER_KNOTS.);
#1833 = CARTESIAN_POINT('',(-7.56000880391,-7.56000880391,3.023542721798
    ));
#1834 = CARTESIAN_POINT('',(-4.207929428591,-4.207929428591,
    3.023542721798));
#1835 = ORIENTED_EDGE('',*,*,#292,.T.);
#1836 = B_SPLINE_SURFACE_WITH_KNOTS('',1,1,(
    (#1837,#1838)
    ,(#1839,#1840
    )),.UNSPECIFIED.,.F.,.F.,.F.,(2,2),(2,2),(0.,1.744278210227),(0.,1.)
  ,.PIECEWISE_BEZIER_KNOTS.);
#1837 = CARTESIAN_POINT('',(-3.591692431151,-4.680784707718,4.));
#1838 = CARTESIAN_POINT('',(-6.452871147492,-8.409545407087,4.));
#1839 = CARTESIAN_POINT('',(-4.222787115165,-4.196528724705,3.));
#1840 = CARTESIAN_POINT('',(-7.586702274703,-7.539526183368,3.));
#1841 = ADVANCED_FACE('',(#1842),#1852,.T.);
#1842 = FACE_BOUND('',#1843,.T.);
#1843 = EDGE_LOOP('',(#1844,#1845,#1846,#1847));
#1844 = ORIENTED_EDGE('',*,*,#305,.T.);
#1845 = ORIENTED_EDGE('',*,*,#1831,.T.);
#1846 = ORIENTED_EDGE('',*,*,#868,.F.);
#1847 = ORIENTED_EDGE('',*,*,#1848,.T.);
#1848 = EDGE_CURVE('',#869,#306,#1849,.T.);
#1849 = B_SPLINE_CURVE_WITH_KNOTS('',1,(#1850,#1851),.UNSPECIFIED.,.F.,
  .F.,(2,2),(0.,1.),.PIECEWISE_BEZIER_KNOTS.);
#1850 = CARTESIAN_POINT('',(-4.680784707718,-3.591692431151,4.));
#1851 = CARTESIAN_POINT('',(-8.409545407087,-6.452871147492,4.));
#1852 = B_SPLINE_SURFACE_WITH_KNOTS('',1,1,(
    (#1853,#1854)
    ,(#1855,#1856
    )),.UNSPECIFIED.,.F.,.F.,.F.,(2,2),(2,2),(0.,1.744278210227),(0.,1.)
  ,.PIECEWISE_BEZIER_KNOTS.);
#1853 = CARTESIAN_POINT('',(-4.196528724705,-4.222787115165,3.));
#1854 = CARTESIAN_POINT('',(-7.539526183368,-7.586702274703,3.));
#1855 = CARTESIAN_POINT('',(-4.680784707718,-3.591692431151,4.));
#1856 = CARTESIAN_POINT('',(-8.409545407087,-6.452871147492,4.));
#1857 = ADVANCED_FACE('',(#1858),#1868,.T.);
#1858 = FACE_BOUND('',#1859,.T.);
#1859 = EDGE_LOOP('',(#1860,#1861,#1862,#1867));
#1860 = ORIENTED_EDGE('',*,*,#1848,.F.);
#1861 = ORIENTED_EDGE('',*,*,#879,.F.);
#1862 = ORIENTED_EDGE('',*,*,#1863,.F.);
#1863 = EDGE_CURVE('',#319,#880,#1864,.T.);
#1864 = B_SPLINE_CURVE_WITH_KNOTS('',1,(#1865,#1866),.UNSPECIFIED.,.F.,
  .F.,(2,2),(0.,1.),.PIECEWISE_BEZIER_KNOTS.);
#1865 = CARTESIAN_POINT('',(-9.259082010264,-5.345733491075,
    3.023542721798));
#1866 = CARTESIAN_POINT('',(-5.153639986845,-2.975455433711,
    3.023542721798));
#1867 = ORIENTED_EDGE('',*,*,#318,.T.);
#1868 = B_SPLINE_SURFACE_WITH_KNOTS('',1,1,(
    (#1869,#1870)
    ,(#1871,#1872
    )),.UNSPECIFIED.,.F.,.F.,.F.,(2,2),(2,2),(0.,1.744278210227),(0.,1.)
  ,.PIECEWISE_BEZIER_KNOTS.);
#1869 = CARTESIAN_POINT('',(-4.680784707718,-3.591692431151,4.));
#1870 = CARTESIAN_POINT('',(-8.409545407087,-6.452871147492,4.));
#1871 = CARTESIAN_POINT('',(-5.165040690732,-2.960597747138,3.));
#1872 = CARTESIAN_POINT('',(-9.279564630807,-5.319040020281,3.));
#1873 = ADVANCED_FACE('',(#1874),#1884,.T.);
#1874 = FACE_BOUND('',#1875,.T.);
#1875 = EDGE_LOOP('',(#1876,#1877,#1878,#1879));
#1876 = ORIENTED_EDGE('',*,*,#329,.T.);
#1877 = ORIENTED_EDGE('',*,*,#1863,.T.);
#1878 = ORIENTED_EDGE('',*,*,#890,.F.);
#1879 = ORIENTED_EDGE('',*,*,#1880,.T.);
#1880 = EDGE_CURVE('',#891,#330,#1881,.T.);
#1881 = B_SPLINE_CURVE_WITH_KNOTS('',1,(#1882,#1883),.UNSPECIFIED.,.F.,
  .F.,(2,2),(0.,1.),.PIECEWISE_BEZIER_KNOTS.);
#1882 = CARTESIAN_POINT('',(-5.450889241817,-2.257832250954,4.));
#1883 = CARTESIAN_POINT('',(-9.79312304462,-4.05644438307,4.));
#1884 = B_SPLINE_SURFACE_WITH_KNOTS('',1,1,(
    (#1885,#1886)
    ,(#1887,#1888
    )),.UNSPECIFIED.,.F.,.F.,.F.,(2,2),(2,2),(0.,1.744278210227),(0.,1.)
  ,.PIECEWISE_BEZIER_KNOTS.);
#1885 = CARTESIAN_POINT('',(-5.146473204774,-2.992757576185,3.));
#1886 = CARTESIAN_POINT('',(-9.246206096713,-5.376818696197,3.));
#1887 = CARTESIAN_POINT('',(-5.450889241817,-2.257832250954,4.));
#1888 = CARTESIAN_POINT('',(-9.79312304462,-4.05644438307,4.));
#1889 = ADVANCED_FACE('',(#1890),#1900,.T.);
#1890 = FACE_BOUND('',#1891,.T.);
#1891 = EDGE_LOOP('',(#1892,#1893,#1894,#1899));
#1892 = ORIENTED_EDGE('',*,*,#1880,.F.);
#1893 = ORIENTED_EDGE('',*,*,#901,.F.);
#1894 = ORIENTED_EDGE('',*,*,#1895,.F.);
#1895 = EDGE_CURVE('',#341,#902,#1896,.T.);
#1896 = B_SPLINE_CURVE_WITH_KNOTS('',1,(#1897,#1898),.UNSPECIFIED.,.F.,
  .F.,(2,2),(0.,1.),.PIECEWISE_BEZIER_KNOTS.);
#1897 = CARTESIAN_POINT('',(-10.32716407897,-2.767155275065,
    3.023542721798));
#1898 = CARTESIAN_POINT('',(-5.748138496788,-1.540209068197,
    3.023542721798));
#1899 = ORIENTED_EDGE('',*,*,#340,.T.);
#1900 = B_SPLINE_SURFACE_WITH_KNOTS('',1,1,(
    (#1901,#1902)
    ,(#1903,#1904
    )),.UNSPECIFIED.,.F.,.F.,.F.,(2,2),(2,2),(0.,1.744278210227),(0.,1.)
  ,.PIECEWISE_BEZIER_KNOTS.);
#1901 = CARTESIAN_POINT('',(-5.450889241817,-2.257832250954,4.));
#1902 = CARTESIAN_POINT('',(-9.79312304462,-4.05644438307,4.));
#1903 = CARTESIAN_POINT('',(-5.755305278859,-1.522906925723,3.));
#1904 = CARTESIAN_POINT('',(-10.34003999252,-2.736070069943,3.));
#1905 = ADVANCED_FACE('',(#1906),#1916,.T.);
#1906 = FACE_BOUND('',#1907,.T.);
#1907 = EDGE_LOOP('',(#1908,#1909,#1910,#1911));
#1908 = ORIENTED_EDGE('',*,*,#351,.T.);
#1909 = ORIENTED_EDGE('',*,*,#1895,.T.);
#1910 = ORIENTED_EDGE('',*,*,#912,.F.);
#1911 = ORIENTED_EDGE('',*,*,#1912,.T.);
#1912 = EDGE_CURVE('',#913,#352,#1913,.T.);
#1913 = B_SPLINE_CURVE_WITH_KNOTS('',1,(#1914,#1915),.UNSPECIFIED.,.F.,
  .F.,(2,2),(0.,1.),.PIECEWISE_BEZIER_KNOTS.);
#1914 = CARTESIAN_POINT('',(-5.849524682105,-0.770104534098,4.));
#1915 = CARTESIAN_POINT('',(-10.50931553056,-1.383577637533,4.));
#1916 = B_SPLINE_SURFACE_WITH_KNOTS('',1,1,(
    (#1917,#1918)
    ,(#1919,#1920
    )),.UNSPECIFIED.,.F.,.F.,.F.,(2,2),(2,2),(0.,1.744278210227),(0.,1.)
  ,.PIECEWISE_BEZIER_KNOTS.);
#1917 = CARTESIAN_POINT('',(-5.745694040888,-1.558776554154,3.));
#1918 = CARTESIAN_POINT('',(-10.32277234464,-2.800513809159,3.));
#1919 = CARTESIAN_POINT('',(-5.849524682105,-0.770104534098,4.));
#1920 = CARTESIAN_POINT('',(-10.50931553056,-1.383577637533,4.));
#1921 = ADVANCED_FACE('',(#1922),#1932,.T.);
#1922 = FACE_BOUND('',#1923,.T.);
#1923 = EDGE_LOOP('',(#1924,#1925,#1926,#1931));
#1924 = ORIENTED_EDGE('',*,*,#1912,.F.);
#1925 = ORIENTED_EDGE('',*,*,#923,.F.);
#1926 = ORIENTED_EDGE('',*,*,#1927,.F.);
#1927 = EDGE_CURVE('',#363,#924,#1928,.T.);
#1928 = B_SPLINE_CURVE_WITH_KNOTS('',1,(#1929,#1930),.UNSPECIFIED.,.F.,
  .F.,(2,2),(0.,1.),.PIECEWISE_BEZIER_KNOTS.);
#1929 = CARTESIAN_POINT('',(-10.69146698215,1.33226762955E-15,
    3.023542721798));
#1930 = CARTESIAN_POINT('',(-5.950910867423,8.049116928532E-16,
    3.023542721798));
#1931 = ORIENTED_EDGE('',*,*,#362,.T.);
#1932 = B_SPLINE_SURFACE_WITH_KNOTS('',1,1,(
    (#1933,#1934)
    ,(#1935,#1936
    )),.UNSPECIFIED.,.F.,.F.,.F.,(2,2),(2,2),(0.,1.744278210227),(0.,1.)
  ,.PIECEWISE_BEZIER_KNOTS.);
#1933 = CARTESIAN_POINT('',(-5.849524682105,-0.770104534098,4.));
#1934 = CARTESIAN_POINT('',(-10.50931553056,-1.383577637533,4.));
#1935 = CARTESIAN_POINT('',(-5.953355323323,1.856748595768E-02,3.));
#1936 = CARTESIAN_POINT('',(-10.69585871647,3.335853409346E-02,3.));
#1937 = ADVANCED_FACE('',(#1938),#1948,.T.);
#1938 = FACE_BOUND('',#1939,.T.);
#1939 = EDGE_LOOP('',(#1940,#1941,#1942,#1943));
#1940 = ORIENTED_EDGE('',*,*,#373,.T.);
#1941 = ORIENTED_EDGE('',*,*,#1927,.T.);
#1942 = ORIENTED_EDGE('',*,*,#934,.F.);
#1943 = ORIENTED_EDGE('',*,*,#1944,.T.);
#1944 = EDGE_CURVE('',#935,#374,#1945,.T.);
#1945 = B_SPLINE_CURVE_WITH_KNOTS('',1,(#1946,#1947),.UNSPECIFIED.,.F.,
  .F.,(2,2),(0.,1.),.PIECEWISE_BEZIER_KNOTS.);
#1946 = CARTESIAN_POINT('',(-5.849524682105,0.770104534098,4.));
#1947 = CARTESIAN_POINT('',(-10.50931553056,1.383577637533,4.));
#1948 = B_SPLINE_SURFACE_WITH_KNOTS('',1,1,(
    (#1949,#1950)
    ,(#1951,#1952
    )),.UNSPECIFIED.,.F.,.F.,.F.,(2,2),(2,2),(0.,1.744278210227),(0.,1.)
  ,.PIECEWISE_BEZIER_KNOTS.);
#1949 = CARTESIAN_POINT('',(-5.953355323323,-1.856748595768E-02,3.));
#1950 = CARTESIAN_POINT('',(-10.69585871647,-3.335853409346E-02,3.));
#1951 = CARTESIAN_POINT('',(-5.849524682105,0.770104534098,4.));
#1952 = CARTESIAN_POINT('',(-10.50931553056,1.383577637533,4.));
#1953 = ADVANCED_FACE('',(#1954),#1964,.T.);
#1954 = FACE_BOUND('',#1955,.T.);
#1955 = EDGE_LOOP('',(#1956,#1957,#1958,#1963));
#1956 = ORIENTED_EDGE('',*,*,#1944,.F.);
#1957 = ORIENTED_EDGE('',*,*,#945,.F.);
#1958 = ORIENTED_EDGE('',*,*,#1959,.F.);
#1959 = EDGE_CURVE('',#385,#946,#1960,.T.);
#1960 = B_SPLINE_CURVE_WITH_KNOTS('',1,(#1961,#1962),.UNSPECIFIED.,.F.,
  .F.,(2,2),(0.,1.),.PIECEWISE_BEZIER_KNOTS.);
#1961 = CARTESIAN_POINT('',(-10.32716407897,2.767155275065,
    3.023542721798));
#1962 = CARTESIAN_POINT('',(-5.748138496788,1.540209068197,
    3.023542721798));
#1963 = ORIENTED_EDGE('',*,*,#384,.T.);
#1964 = B_SPLINE_SURFACE_WITH_KNOTS('',1,1,(
    (#1965,#1966)
    ,(#1967,#1968
    )),.UNSPECIFIED.,.F.,.F.,.F.,(2,2),(2,2),(0.,1.744278210227),(0.,1.)
  ,.PIECEWISE_BEZIER_KNOTS.);
#1965 = CARTESIAN_POINT('',(-5.849524682105,0.770104534098,4.));
#1966 = CARTESIAN_POINT('',(-10.50931553056,1.383577637533,4.));
#1967 = CARTESIAN_POINT('',(-5.745694040888,1.558776554154,3.));
#1968 = CARTESIAN_POINT('',(-10.32277234464,2.800513809159,3.));
#1969 = ADVANCED_FACE('',(#1970),#1980,.T.);
#1970 = FACE_BOUND('',#1971,.T.);
#1971 = EDGE_LOOP('',(#1972,#1973,#1974,#1975));
#1972 = ORIENTED_EDGE('',*,*,#395,.T.);
#1973 = ORIENTED_EDGE('',*,*,#1959,.T.);
#1974 = ORIENTED_EDGE('',*,*,#956,.F.);
#1975 = ORIENTED_EDGE('',*,*,#1976,.T.);
#1976 = EDGE_CURVE('',#957,#396,#1977,.T.);
#1977 = B_SPLINE_CURVE_WITH_KNOTS('',1,(#1978,#1979),.UNSPECIFIED.,.F.,
  .F.,(2,2),(0.,1.),.PIECEWISE_BEZIER_KNOTS.);
#1978 = CARTESIAN_POINT('',(-5.450889241817,2.257832250954,4.));
#1979 = CARTESIAN_POINT('',(-9.79312304462,4.05644438307,4.));
#1980 = B_SPLINE_SURFACE_WITH_KNOTS('',1,1,(
    (#1981,#1982)
    ,(#1983,#1984
    )),.UNSPECIFIED.,.F.,.F.,.F.,(2,2),(2,2),(0.,1.744278210227),(0.,1.)
  ,.PIECEWISE_BEZIER_KNOTS.);
#1981 = CARTESIAN_POINT('',(-5.755305278859,1.522906925723,3.));
#1982 = CARTESIAN_POINT('',(-10.34003999252,2.736070069943,3.));
#1983 = CARTESIAN_POINT('',(-5.450889241817,2.257832250954,4.));
#1984 = CARTESIAN_POINT('',(-9.79312304462,4.05644438307,4.));
#1985 = ADVANCED_FACE('',(#1986),#1996,.T.);
#1986 = FACE_BOUND('',#1987,.T.);
#1987 = EDGE_LOOP('',(#1988,#1989,#1990,#1995));
#1988 = ORIENTED_EDGE('',*,*,#1976,.F.);
#1989 = ORIENTED_EDGE('',*,*,#967,.F.);
#1990 = ORIENTED_EDGE('',*,*,#1991,.F.);
#1991 = EDGE_CURVE('',#407,#968,#1992,.T.);
#1992 = B_SPLINE_CURVE_WITH_KNOTS('',1,(#1993,#1994),.UNSPECIFIED.,.F.,
  .F.,(2,2),(0.,1.),.PIECEWISE_BEZIER_KNOTS.);
#1993 = CARTESIAN_POINT('',(-9.259082010264,5.345733491075,
    3.023542721798));
#1994 = CARTESIAN_POINT('',(-5.153639986845,2.975455433711,
    3.023542721798));
#1995 = ORIENTED_EDGE('',*,*,#406,.T.);
#1996 = B_SPLINE_SURFACE_WITH_KNOTS('',1,1,(
    (#1997,#1998)
    ,(#1999,#2000
    )),.UNSPECIFIED.,.F.,.F.,.F.,(2,2),(2,2),(0.,1.744278210227),(0.,1.)
  ,.PIECEWISE_BEZIER_KNOTS.);
#1997 = CARTESIAN_POINT('',(-5.450889241817,2.257832250954,4.));
#1998 = CARTESIAN_POINT('',(-9.79312304462,4.05644438307,4.));
#1999 = CARTESIAN_POINT('',(-5.146473204774,2.992757576185,3.));
#2000 = CARTESIAN_POINT('',(-9.246206096713,5.376818696197,3.));
#2001 = ADVANCED_FACE('',(#2002),#2012,.T.);
#2002 = FACE_BOUND('',#2003,.T.);
#2003 = EDGE_LOOP('',(#2004,#2005,#2006,#2007));
#2004 = ORIENTED_EDGE('',*,*,#417,.T.);
#2005 = ORIENTED_EDGE('',*,*,#1991,.T.);
#2006 = ORIENTED_EDGE('',*,*,#978,.F.);
#2007 = ORIENTED_EDGE('',*,*,#2008,.T.);
#2008 = EDGE_CURVE('',#979,#418,#2009,.T.);
#2009 = B_SPLINE_CURVE_WITH_KNOTS('',1,(#2010,#2011),.UNSPECIFIED.,.F.,
  .F.,(2,2),(0.,1.),.PIECEWISE_BEZIER_KNOTS.);
#2010 = CARTESIAN_POINT('',(-4.680784707718,3.591692431151,4.));
#2011 = CARTESIAN_POINT('',(-8.409545407087,6.452871147492,4.));
#2012 = B_SPLINE_SURFACE_WITH_KNOTS('',1,1,(
    (#2013,#2014)
    ,(#2015,#2016
    )),.UNSPECIFIED.,.F.,.F.,.F.,(2,2),(2,2),(0.,1.744278210227),(0.,1.)
  ,.PIECEWISE_BEZIER_KNOTS.);
#2013 = CARTESIAN_POINT('',(-5.165040690732,2.960597747138,3.));
#2014 = CARTESIAN_POINT('',(-9.279564630807,5.319040020281,3.));
#2015 = CARTESIAN_POINT('',(-4.680784707718,3.591692431151,4.));
#2016 = CARTESIAN_POINT('',(-8.409545407087,6.452871147492,4.));
#2017 = ADVANCED_FACE('',(#2018),#2028,.T.);
#2018 = FACE_BOUND('',#2019,.T.);
#2019 = EDGE_LOOP('',(#2020,#2021,#2022,#2027));
#2020 = ORIENTED_EDGE('',*,*,#2008,.F.);
#2021 = ORIENTED_EDGE('',*,*,#989,.F.);
#2022 = ORIENTED_EDGE('',*,*,#2023,.F.);
#2023 = EDGE_CURVE('',#429,#990,#2024,.T.);
#2024 = B_SPLINE_CURVE_WITH_KNOTS('',1,(#2025,#2026),.UNSPECIFIED.,.F.,
  .F.,(2,2),(0.,1.),.PIECEWISE_BEZIER_KNOTS.);
#2025 = CARTESIAN_POINT('',(-7.56000880391,7.56000880391,3.023542721798)
  );
#2026 = CARTESIAN_POINT('',(-4.207929428591,4.207929428591,
    3.023542721798));
#2027 = ORIENTED_EDGE('',*,*,#428,.T.);
#2028 = B_SPLINE_SURFACE_WITH_KNOTS('',1,1,(
    (#2029,#2030)
    ,(#2031,#2032
    )),.UNSPECIFIED.,.F.,.F.,.F.,(2,2),(2,2),(0.,1.744278210227),(0.,1.)
  ,.PIECEWISE_BEZIER_KNOTS.);
#2029 = CARTESIAN_POINT('',(-4.680784707718,3.591692431151,4.));
#2030 = CARTESIAN_POINT('',(-8.409545407087,6.452871147492,4.));
#2031 = CARTESIAN_POINT('',(-4.196528724705,4.222787115165,3.));
#2032 = CARTESIAN_POINT('',(-7.539526183368,7.586702274703,3.));
#2033 = ADVANCED_FACE('',(#2034),#2044,.T.);
#2034 = FACE_BOUND('',#2035,.T.);
#2035 = EDGE_LOOP('',(#2036,#2037,#2038,#2039));
#2036 = ORIENTED_EDGE('',*,*,#441,.T.);
#2037 = ORIENTED_EDGE('',*,*,#2023,.T.);
#2038 = ORIENTED_EDGE('',*,*,#1000,.F.);
#2039 = ORIENTED_EDGE('',*,*,#2040,.T.);
#2040 = EDGE_CURVE('',#1001,#442,#2041,.T.);
#2041 = B_SPLINE_CURVE_WITH_KNOTS('',1,(#2042,#2043),.UNSPECIFIED.,.F.,
  .F.,(2,2),(0.,1.),.PIECEWISE_BEZIER_KNOTS.);
#2042 = CARTESIAN_POINT('',(-3.591692431151,4.680784707718,4.));
#2043 = CARTESIAN_POINT('',(-6.452871147492,8.409545407087,4.));
#2044 = B_SPLINE_SURFACE_WITH_KNOTS('',1,1,(
    (#2045,#2046)
    ,(#2047,#2048
    )),.UNSPECIFIED.,.F.,.F.,.F.,(2,2),(2,2),(0.,1.744278210227),(0.,1.)
  ,.PIECEWISE_BEZIER_KNOTS.);
#2045 = CARTESIAN_POINT('',(-4.222787115165,4.196528724705,3.));
#2046 = CARTESIAN_POINT('',(-7.586702274703,7.539526183368,3.));
#2047 = CARTESIAN_POINT('',(-3.591692431151,4.680784707718,4.));
#2048 = CARTESIAN_POINT('',(-6.452871147492,8.409545407087,4.));
#2049 = ADVANCED_FACE('',(#2050),#2060,.T.);
#2050 = FACE_BOUND('',#2051,.T.);
#2051 = EDGE_LOOP('',(#2052,#2053,#2054,#2059));
#2052 = ORIENTED_EDGE('',*,*,#2040,.F.);
#2053 = ORIENTED_EDGE('',*,*,#1011,.F.);
#2054 = ORIENTED_EDGE('',*,*,#2055,.F.);
#2055 = EDGE_CURVE('',#455,#1012,#2056,.T.);
#2056 = B_SPLINE_CURVE_WITH_KNOTS('',1,(#2057,#2058),.UNSPECIFIED.,.F.,
  .F.,(2,2),(0.,1.),.PIECEWISE_BEZIER_KNOTS.);
#2057 = CARTESIAN_POINT('',(-5.345733491075,9.259082010264,
    3.023542721798));
#2058 = CARTESIAN_POINT('',(-2.975455433711,5.153639986845,
    3.023542721798));
#2059 = ORIENTED_EDGE('',*,*,#454,.T.);
#2060 = B_SPLINE_SURFACE_WITH_KNOTS('',1,1,(
    (#2061,#2062)
    ,(#2063,#2064
    )),.UNSPECIFIED.,.F.,.F.,.F.,(2,2),(2,2),(0.,1.744278210227),(0.,1.)
  ,.PIECEWISE_BEZIER_KNOTS.);
#2061 = CARTESIAN_POINT('',(-3.591692431151,4.680784707718,4.));
#2062 = CARTESIAN_POINT('',(-6.452871147492,8.409545407087,4.));
#2063 = CARTESIAN_POINT('',(-2.960597747138,5.165040690732,3.));
#2064 = CARTESIAN_POINT('',(-5.319040020281,9.279564630807,3.));
#2065 = ADVANCED_FACE('',(#2066),#2076,.T.);
#2066 = FACE_BOUND('',#2067,.T.);
#2067 = EDGE_LOOP('',(#2068,#2069,#2070,#2071));
#2068 = ORIENTED_EDGE('',*,*,#465,.T.);
#2069 = ORIENTED_EDGE('',*,*,#2055,.T.);
#2070 = ORIENTED_EDGE('',*,*,#1022,.F.);
#2071 = ORIENTED_EDGE('',*,*,#2072,.T.);
#2072 = EDGE_CURVE('',#1023,#466,#2073,.T.);
#2073 = B_SPLINE_CURVE_WITH_KNOTS('',1,(#2074,#2075),.UNSPECIFIED.,.F.,
  .F.,(2,2),(0.,1.),.PIECEWISE_BEZIER_KNOTS.);
#2074 = CARTESIAN_POINT('',(-2.257832250954,5.450889241817,4.));
#2075 = CARTESIAN_POINT('',(-4.05644438307,9.79312304462,4.));
#2076 = B_SPLINE_SURFACE_WITH_KNOTS('',1,1,(
    (#2077,#2078)
    ,(#2079,#2080
    )),.UNSPECIFIED.,.F.,.F.,.F.,(2,2),(2,2),(0.,1.744278210227),(0.,1.)
  ,.PIECEWISE_BEZIER_KNOTS.);
#2077 = CARTESIAN_POINT('',(-2.992757576185,5.146473204774,3.));
#2078 = CARTESIAN_POINT('',(-5.376818696197,9.246206096713,3.));
#2079 = CARTESIAN_POINT('',(-2.257832250954,5.450889241817,4.));
#2080 = CARTESIAN_POINT('',(-4.05644438307,9.79312304462,4.));
#2081 = ADVANCED_FACE('',(#2082),#2092,.T.);
#2082 = FACE_BOUND('',#2083,.T.);
#2083 = EDGE_LOOP('',(#2084,#2085,#2086,#2091));
#2084 = ORIENTED_EDGE('',*,*,#2072,.F.);
#2085 = ORIENTED_EDGE('',*,*,#1033,.F.);
#2086 = ORIENTED_EDGE('',*,*,#2087,.F.);
#2087 = EDGE_CURVE('',#477,#1034,#2088,.T.);
#2088 = B_SPLINE_CURVE_WITH_KNOTS('',1,(#2089,#2090),.UNSPECIFIED.,.F.,
  .F.,(2,2),(0.,1.),.PIECEWISE_BEZIER_KNOTS.);
#2089 = CARTESIAN_POINT('',(-2.767155275065,10.327164078975,
    3.023542721798));
#2090 = CARTESIAN_POINT('',(-1.540209068197,5.748138496788,
    3.023542721798));
#2091 = ORIENTED_EDGE('',*,*,#476,.T.);
#2092 = B_SPLINE_SURFACE_WITH_KNOTS('',1,1,(
    (#2093,#2094)
    ,(#2095,#2096
    )),.UNSPECIFIED.,.F.,.F.,.F.,(2,2),(2,2),(0.,1.744278210227),(0.,1.)
  ,.PIECEWISE_BEZIER_KNOTS.);
#2093 = CARTESIAN_POINT('',(-2.257832250954,5.450889241817,4.));
#2094 = CARTESIAN_POINT('',(-4.05644438307,9.79312304462,4.));
#2095 = CARTESIAN_POINT('',(-1.522906925723,5.755305278859,3.));
#2096 = CARTESIAN_POINT('',(-2.736070069943,10.340039992526,3.));
#2097 = ADVANCED_FACE('',(#2098),#2108,.T.);
#2098 = FACE_BOUND('',#2099,.T.);
#2099 = EDGE_LOOP('',(#2100,#2101,#2102,#2103));
#2100 = ORIENTED_EDGE('',*,*,#487,.T.);
#2101 = ORIENTED_EDGE('',*,*,#2087,.T.);
#2102 = ORIENTED_EDGE('',*,*,#1044,.F.);
#2103 = ORIENTED_EDGE('',*,*,#2104,.T.);
#2104 = EDGE_CURVE('',#1045,#488,#2105,.T.);
#2105 = B_SPLINE_CURVE_WITH_KNOTS('',1,(#2106,#2107),.UNSPECIFIED.,.F.,
  .F.,(2,2),(0.,1.),.PIECEWISE_BEZIER_KNOTS.);
#2106 = CARTESIAN_POINT('',(-0.770104534098,5.849524682105,4.));
#2107 = CARTESIAN_POINT('',(-1.383577637533,10.509315530562,4.));
#2108 = B_SPLINE_SURFACE_WITH_KNOTS('',1,1,(
    (#2109,#2110)
    ,(#2111,#2112
    )),.UNSPECIFIED.,.F.,.F.,.F.,(2,2),(2,2),(0.,1.744278210227),(0.,1.)
  ,.PIECEWISE_BEZIER_KNOTS.);
#2109 = CARTESIAN_POINT('',(-1.558776554154,5.745694040888,3.));
#2110 = CARTESIAN_POINT('',(-2.800513809159,10.322772344646,3.));
#2111 = CARTESIAN_POINT('',(-0.770104534098,5.849524682105,4.));
#2112 = CARTESIAN_POINT('',(-1.383577637533,10.509315530562,4.));
#2113 = ADVANCED_FACE('',(#2114),#2124,.T.);
#2114 = FACE_BOUND('',#2115,.T.);
#2115 = EDGE_LOOP('',(#2116,#2117,#2118,#2123));
#2116 = ORIENTED_EDGE('',*,*,#2104,.F.);
#2117 = ORIENTED_EDGE('',*,*,#1055,.F.);
#2118 = ORIENTED_EDGE('',*,*,#2119,.F.);
#2119 = EDGE_CURVE('',#499,#1056,#2120,.T.);
#2120 = B_SPLINE_CURVE_WITH_KNOTS('',1,(#2121,#2122),.UNSPECIFIED.,.F.,
  .F.,(2,2),(0.,1.),.PIECEWISE_BEZIER_KNOTS.);
#2121 = CARTESIAN_POINT('',(5.551115123126E-16,10.69146698215,
    3.023542721798));
#2122 = CARTESIAN_POINT('',(3.885780586188E-16,5.950910867423,
    3.023542721798));
#2123 = ORIENTED_EDGE('',*,*,#498,.T.);
#2124 = B_SPLINE_SURFACE_WITH_KNOTS('',1,1,(
    (#2125,#2126)
    ,(#2127,#2128
    )),.UNSPECIFIED.,.F.,.F.,.F.,(2,2),(2,2),(0.,1.744278210227),(0.,1.)
  ,.PIECEWISE_BEZIER_KNOTS.);
#2125 = CARTESIAN_POINT('',(-0.770104534098,5.849524682105,4.));
#2126 = CARTESIAN_POINT('',(-1.383577637533,10.509315530562,4.));
#2127 = CARTESIAN_POINT('',(1.856748595768E-02,5.953355323323,3.));
#2128 = CARTESIAN_POINT('',(3.335853409346E-02,10.695858716479,3.));
#2129 = ADVANCED_FACE('',(#2130),#2140,.T.);
#2130 = FACE_BOUND('',#2131,.T.);
#2131 = EDGE_LOOP('',(#2132,#2133,#2134,#2135));
#2132 = ORIENTED_EDGE('',*,*,#509,.T.);
#2133 = ORIENTED_EDGE('',*,*,#2119,.T.);
#2134 = ORIENTED_EDGE('',*,*,#1066,.F.);
#2135 = ORIENTED_EDGE('',*,*,#2136,.T.);
#2136 = EDGE_CURVE('',#1067,#510,#2137,.T.);
#2137 = B_SPLINE_CURVE_WITH_KNOTS('',1,(#2138,#2139),.UNSPECIFIED.,.F.,
  .F.,(2,2),(0.,1.),.PIECEWISE_BEZIER_KNOTS.);
#2138 = CARTESIAN_POINT('',(0.770104534098,5.849524682105,4.));
#2139 = CARTESIAN_POINT('',(1.383577637533,10.509315530562,4.));
#2140 = B_SPLINE_SURFACE_WITH_KNOTS('',1,1,(
    (#2141,#2142)
    ,(#2143,#2144
    )),.UNSPECIFIED.,.F.,.F.,.F.,(2,2),(2,2),(0.,1.744278210227),(0.,1.)
  ,.PIECEWISE_BEZIER_KNOTS.);
#2141 = CARTESIAN_POINT('',(-1.856748595768E-02,5.953355323323,3.));
#2142 = CARTESIAN_POINT('',(-3.335853409346E-02,10.695858716479,3.));
#2143 = CARTESIAN_POINT('',(0.770104534098,5.849524682105,4.));
#2144 = CARTESIAN_POINT('',(1.383577637533,10.509315530562,4.));
#2145 = ADVANCED_FACE('',(#2146),#2156,.T.);
#2146 = FACE_BOUND('',#2147,.T.);
#2147 = EDGE_LOOP('',(#2148,#2149,#2150,#2155));
#2148 = ORIENTED_EDGE('',*,*,#2136,.F.);
#2149 = ORIENTED_EDGE('',*,*,#1077,.F.);
#2150 = ORIENTED_EDGE('',*,*,#2151,.F.);
#2151 = EDGE_CURVE('',#521,#1078,#2152,.T.);
#2152 = B_SPLINE_CURVE_WITH_KNOTS('',1,(#2153,#2154),.UNSPECIFIED.,.F.,
  .F.,(2,2),(0.,1.),.PIECEWISE_BEZIER_KNOTS.);
#2153 = CARTESIAN_POINT('',(2.767155275065,10.327164078975,
    3.023542721798));
#2154 = CARTESIAN_POINT('',(1.540209068197,5.748138496788,3.023542721798
    ));
#2155 = ORIENTED_EDGE('',*,*,#520,.T.);
#2156 = B_SPLINE_SURFACE_WITH_KNOTS('',1,1,(
    (#2157,#2158)
    ,(#2159,#2160
    )),.UNSPECIFIED.,.F.,.F.,.F.,(2,2),(2,2),(0.,1.744278210227),(0.,1.)
  ,.PIECEWISE_BEZIER_KNOTS.);
#2157 = CARTESIAN_POINT('',(0.770104534098,5.849524682105,4.));
#2158 = CARTESIAN_POINT('',(1.383577637533,10.509315530562,4.));
#2159 = CARTESIAN_POINT('',(1.558776554154,5.745694040888,3.));
#2160 = CARTESIAN_POINT('',(2.800513809159,10.322772344646,3.));
#2161 = ADVANCED_FACE('',(#2162),#2172,.T.);
#2162 = FACE_BOUND('',#2163,.T.);
#2163 = EDGE_LOOP('',(#2164,#2165,#2166,#2167));
#2164 = ORIENTED_EDGE('',*,*,#531,.T.);
#2165 = ORIENTED_EDGE('',*,*,#2151,.T.);
#2166 = ORIENTED_EDGE('',*,*,#1088,.F.);
#2167 = ORIENTED_EDGE('',*,*,#2168,.T.);
#2168 = EDGE_CURVE('',#1089,#532,#2169,.T.);
#2169 = B_SPLINE_CURVE_WITH_KNOTS('',1,(#2170,#2171),.UNSPECIFIED.,.F.,
  .F.,(2,2),(0.,1.),.PIECEWISE_BEZIER_KNOTS.);
#2170 = CARTESIAN_POINT('',(2.257832250954,5.450889241817,4.));
#2171 = CARTESIAN_POINT('',(4.05644438307,9.79312304462,4.));
#2172 = B_SPLINE_SURFACE_WITH_KNOTS('',1,1,(
    (#2173,#2174)
    ,(#2175,#2176
    )),.UNSPECIFIED.,.F.,.F.,.F.,(2,2),(2,2),(0.,1.744278210227),(0.,1.)
  ,.PIECEWISE_BEZIER_KNOTS.);
#2173 = CARTESIAN_POINT('',(1.522906925723,5.755305278859,3.));
#2174 = CARTESIAN_POINT('',(2.736070069943,10.340039992526,3.));
#2175 = CARTESIAN_POINT('',(2.257832250954,5.450889241817,4.));
#2176 = CARTESIAN_POINT('',(4.05644438307,9.79312304462,4.));
#2177 = ADVANCED_FACE('',(#2178),#2188,.T.);
#2178 = FACE_BOUND('',#2179,.T.);
#2179 = EDGE_LOOP('',(#2180,#2181,#2182,#2187));
#2180 = ORIENTED_EDGE('',*,*,#2168,.F.);
#2181 = ORIENTED_EDGE('',*,*,#1099,.F.);
#2182 = ORIENTED_EDGE('',*,*,#2183,.F.);
#2183 = EDGE_CURVE('',#543,#1100,#2184,.T.);
#2184 = B_SPLINE_CURVE_WITH_KNOTS('',1,(#2185,#2186),.UNSPECIFIED.,.F.,
  .F.,(2,2),(0.,1.),.PIECEWISE_BEZIER_KNOTS.);
#2185 = CARTESIAN_POINT('',(5.345733491075,9.259082010264,3.023542721798
    ));
#2186 = CARTESIAN_POINT('',(2.975455433711,5.153639986845,3.023542721798
    ));
#2187 = ORIENTED_EDGE('',*,*,#542,.T.);
#2188 = B_SPLINE_SURFACE_WITH_KNOTS('',1,1,(
    (#2189,#2190)
    ,(#2191,#2192
    )),.UNSPECIFIED.,.F.,.F.,.F.,(2,2),(2,2),(0.,1.744278210227),(0.,1.)
  ,.PIECEWISE_BEZIER_KNOTS.);
#2189 = CARTESIAN_POINT('',(2.257832250954,5.450889241817,4.));
#2190 = CARTESIAN_POINT('',(4.05644438307,9.79312304462,4.));
#2191 = CARTESIAN_POINT('',(2.992757576185,5.146473204774,3.));
#2192 = CARTESIAN_POINT('',(5.376818696197,9.246206096713,3.));
#2193 = ADVANCED_FACE('',(#2194),#2204,.T.);
#2194 = FACE_BOUND('',#2195,.T.);
#2195 = EDGE_LOOP('',(#2196,#2197,#2198,#2199));
#2196 = ORIENTED_EDGE('',*,*,#553,.T.);
#2197 = ORIENTED_EDGE('',*,*,#2183,.T.);
#2198 = ORIENTED_EDGE('',*,*,#1110,.F.);
#2199 = ORIENTED_EDGE('',*,*,#2200,.T.);
#2200 = EDGE_CURVE('',#1111,#554,#2201,.T.);
#2201 = B_SPLINE_CURVE_WITH_KNOTS('',1,(#2202,#2203),.UNSPECIFIED.,.F.,
  .F.,(2,2),(0.,1.),.PIECEWISE_BEZIER_KNOTS.);
#2202 = CARTESIAN_POINT('',(3.591692431151,4.680784707718,4.));
#2203 = CARTESIAN_POINT('',(6.452871147492,8.409545407087,4.));
#2204 = B_SPLINE_SURFACE_WITH_KNOTS('',1,1,(
    (#2205,#2206)
    ,(#2207,#2208
    )),.UNSPECIFIED.,.F.,.F.,.F.,(2,2),(2,2),(0.,1.744278210227),(0.,1.)
  ,.PIECEWISE_BEZIER_KNOTS.);
#2205 = CARTESIAN_POINT('',(2.960597747138,5.165040690732,3.));
#2206 = CARTESIAN_POINT('',(5.319040020281,9.279564630807,3.));
#2207 = CARTESIAN_POINT('',(3.591692431151,4.680784707718,4.));
#2208 = CARTESIAN_POINT('',(6.452871147492,8.409545407087,4.));
#2209 = ADVANCED_FACE('',(#2210),#2220,.T.);
#2210 = FACE_BOUND('',#2211,.T.);
#2211 = EDGE_LOOP('',(#2212,#2213,#2214,#2219));
#2212 = ORIENTED_EDGE('',*,*,#2200,.F.);
#2213 = ORIENTED_EDGE('',*,*,#1121,.F.);
#2214 = ORIENTED_EDGE('',*,*,#2215,.F.);
#2215 = EDGE_CURVE('',#565,#1122,#2216,.T.);
#2216 = B_SPLINE_CURVE_WITH_KNOTS('',1,(#2217,#2218),.UNSPECIFIED.,.F.,
  .F.,(2,2),(0.,1.),.PIECEWISE_BEZIER_KNOTS.);
#2217 = CARTESIAN_POINT('',(7.56000880391,7.56000880391,3.023542721798)
  );
#2218 = CARTESIAN_POINT('',(4.207929428591,4.207929428591,3.023542721798
    ));
#2219 = ORIENTED_EDGE('',*,*,#564,.T.);
#2220 = B_SPLINE_SURFACE_WITH_KNOTS('',1,1,(
    (#2221,#2222)
    ,(#2223,#2224
    )),.UNSPECIFIED.,.F.,.F.,.F.,(2,2),(2,2),(0.,1.744278210227),(0.,1.)
  ,.PIECEWISE_BEZIER_KNOTS.);
#2221 = CARTESIAN_POINT('',(3.591692431151,4.680784707718,4.));
#2222 = CARTESIAN_POINT('',(6.452871147492,8.409545407087,4.));
#2223 = CARTESIAN_POINT('',(4.222787115165,4.196528724705,3.));
#2224 = CARTESIAN_POINT('',(7.586702274703,7.539526183368,3.));
#2225 = ADVANCED_FACE('',(#2226),#2236,.T.);
#2226 = FACE_BOUND('',#2227,.T.);
#2227 = EDGE_LOOP('',(#2228,#2229,#2230,#2231));
#2228 = ORIENTED_EDGE('',*,*,#577,.T.);
#2229 = ORIENTED_EDGE('',*,*,#2215,.T.);
#2230 = ORIENTED_EDGE('',*,*,#1132,.F.);
#2231 = ORIENTED_EDGE('',*,*,#2232,.T.);
#2232 = EDGE_CURVE('',#1133,#578,#2233,.T.);
#2233 = B_SPLINE_CURVE_WITH_KNOTS('',1,(#2234,#2235),.UNSPECIFIED.,.F.,
  .F.,(2,2),(0.,1.),.PIECEWISE_BEZIER_KNOTS.);
#2234 = CARTESIAN_POINT('',(4.680784707718,3.591692431151,4.));
#2235 = CARTESIAN_POINT('',(8.409545407087,6.452871147492,4.));
#2236 = B_SPLINE_SURFACE_WITH_KNOTS('',1,1,(
    (#2237,#2238)
    ,(#2239,#2240
    )),.UNSPECIFIED.,.F.,.F.,.F.,(2,2),(2,2),(0.,1.744278210227),(0.,1.)
  ,.PIECEWISE_BEZIER_KNOTS.);
#2237 = CARTESIAN_POINT('',(4.196528724705,4.222787115165,3.));
#2238 = CARTESIAN_POINT('',(7.539526183368,7.586702274703,3.));
#2239 = CARTESIAN_POINT('',(4.680784707718,3.591692431151,4.));
#2240 = CARTESIAN_POINT('',(8.409545407087,6.452871147492,4.));
#2241 = ADVANCED_FACE('',(#2242),#2252,.T.);
#2242 = FACE_BOUND('',#2243,.T.);
#2243 = EDGE_LOOP('',(#2244,#2245,#2246,#2251));
#2244 = ORIENTED_EDGE('',*,*,#2232,.F.);
#2245 = ORIENTED_EDGE('',*,*,#1143,.F.);
#2246 = ORIENTED_EDGE('',*,*,#2247,.F.);
#2247 = EDGE_CURVE('',#591,#1144,#2248,.T.);
#2248 = B_SPLINE_CURVE_WITH_KNOTS('',1,(#2249,#2250),.UNSPECIFIED.,.F.,
  .F.,(2,2),(0.,1.),.PIECEWISE_BEZIER_KNOTS.);
#2249 = CARTESIAN_POINT('',(9.259082010264,5.345733491075,3.023542721798
    ));
#2250 = CARTESIAN_POINT('',(5.153639986845,2.975455433711,3.023542721798
    ));
#2251 = ORIENTED_EDGE('',*,*,#590,.T.);
#2252 = B_SPLINE_SURFACE_WITH_KNOTS('',1,1,(
    (#2253,#2254)
    ,(#2255,#2256
    )),.UNSPECIFIED.,.F.,.F.,.F.,(2,2),(2,2),(0.,1.744278210227),(0.,1.)
  ,.PIECEWISE_BEZIER_KNOTS.);
#2253 = CARTESIAN_POINT('',(4.680784707718,3.591692431151,4.));
#2254 = CARTESIAN_POINT('',(8.409545407087,6.452871147492,4.));
#2255 = CARTESIAN_POINT('',(5.165040690732,2.960597747138,3.));
#2256 = CARTESIAN_POINT('',(9.279564630807,5.319040020281,3.));
#2257 = ADVANCED_FACE('',(#2258),#2264,.T.);
#2258 = FACE_BOUND('',#2259,.T.);
#2259 = EDGE_LOOP('',(#2260,#2261,#2262,#2263));
#2260 = ORIENTED_EDGE('',*,*,#601,.T.);
#2261 = ORIENTED_EDGE('',*,*,#2247,.T.);
#2262 = ORIENTED_EDGE('',*,*,#1154,.F.);
#2263 = ORIENTED_EDGE('',*,*,#1557,.T.);
#2264 = B_SPLINE_SURFACE_WITH_KNOTS('',1,1,(
    (#2265,#2266)
    ,(#2267,#2268
    )),.UNSPECIFIED.,.F.,.F.,.F.,(2,2),(2,2),(0.,1.744278210227),(0.,1.)
  ,.PIECEWISE_BEZIER_KNOTS.);
#2265 = CARTESIAN_POINT('',(5.146473204774,2.992757576185,3.));
#2266 = CARTESIAN_POINT('',(9.246206096713,5.376818696197,3.));
#2267 = CARTESIAN_POINT('',(5.450889241817,2.257832250954,4.));
#2268 = CARTESIAN_POINT('',(9.79312304462,4.05644438307,4.));
#2269 = ADVANCED_FACE('',(#2270),#2334,.T.);
#2270 = FACE_BOUND('',#2271,.T.);
#2271 = EDGE_LOOP('',(#2272,#2280,#2281,#2282,#2291,#2300,#2309,#2318,
    #2327));
#2272 = ORIENTED_EDGE('',*,*,#2273,.T.);
#2273 = EDGE_CURVE('',#2274,#624,#2276,.T.);
#2274 = VERTEX_POINT('',#2275);
#2275 = CARTESIAN_POINT('',(7.505553499465,-9.1916519366E-16,0.));
#2276 = LINE('',#2277,#2278);
#2277 = CARTESIAN_POINT('',(7.505553499465,-1.83833041379E-15,0.));
#2278 = VECTOR('',#2279,1.);
#2279 = DIRECTION('',(0.707106781187,-1.731912112471E-16,0.707106781187)
  );
#2280 = ORIENTED_EDGE('',*,*,#630,.F.);
#2281 = ORIENTED_EDGE('',*,*,#2273,.F.);
#2282 = ORIENTED_EDGE('',*,*,#2283,.T.);
#2283 = EDGE_CURVE('',#2274,#2284,#2286,.T.);
#2284 = VERTEX_POINT('',#2285);
#2285 = CARTESIAN_POINT('',(3.752776749733,6.5,0.));
#2286 = CIRCLE('',#2287,7.505553499465);
#2287 = AXIS2_PLACEMENT_3D('',#2288,#2289,#2290);
#2288 = CARTESIAN_POINT('',(0.,0.,0.));
#2289 = DIRECTION('',(0.,0.,1.));
#2290 = DIRECTION('',(1.,0.,-0.));
#2291 = ORIENTED_EDGE('',*,*,#2292,.T.);
#2292 = EDGE_CURVE('',#2284,#2293,#2295,.T.);
#2293 = VERTEX_POINT('',#2294);
#2294 = CARTESIAN_POINT('',(-3.752776749733,6.5,0.));
#2295 = CIRCLE('',#2296,7.505553499465);
#2296 = AXIS2_PLACEMENT_3D('',#2297,#2298,#2299);
#2297 = CARTESIAN_POINT('',(0.,0.,0.));
#2298 = DIRECTION('',(0.,0.,1.));
#2299 = DIRECTION('',(1.,0.,-0.));
#2300 = ORIENTED_EDGE('',*,*,#2301,.T.);
#2301 = EDGE_CURVE('',#2293,#2302,#2304,.T.);
#2302 = VERTEX_POINT('',#2303);
#2303 = CARTESIAN_POINT('',(-7.505553499465,9.191652068949E-16,0.));
#2304 = CIRCLE('',#2305,7.505553499465);
#2305 = AXIS2_PLACEMENT_3D('',#2306,#2307,#2308);
#2306 = CARTESIAN_POINT('',(0.,0.,0.));
#2307 = DIRECTION('',(0.,0.,1.));
#2308 = DIRECTION('',(1.,0.,-0.));
#2309 = ORIENTED_EDGE('',*,*,#2310,.T.);
#2310 = EDGE_CURVE('',#2302,#2311,#2313,.T.);
#2311 = VERTEX_POINT('',#2312);
#2312 = CARTESIAN_POINT('',(-3.752776749733,-6.5,0.));
#2313 = CIRCLE('',#2314,7.505553499465);
#2314 = AXIS2_PLACEMENT_3D('',#2315,#2316,#2317);
#2315 = CARTESIAN_POINT('',(0.,0.,0.));
#2316 = DIRECTION('',(0.,0.,1.));
#2317 = DIRECTION('',(1.,0.,-0.));
#2318 = ORIENTED_EDGE('',*,*,#2319,.T.);
#2319 = EDGE_CURVE('',#2311,#2320,#2322,.T.);
#2320 = VERTEX_POINT('',#2321);
#2321 = CARTESIAN_POINT('',(3.752776749733,-6.5,0.));
#2322 = CIRCLE('',#2323,7.505553499465);
#2323 = AXIS2_PLACEMENT_3D('',#2324,#2325,#2326);
#2324 = CARTESIAN_POINT('',(0.,0.,0.));
#2325 = DIRECTION('',(0.,0.,1.));
#2326 = DIRECTION('',(1.,0.,-0.));
#2327 = ORIENTED_EDGE('',*,*,#2328,.T.);
#2328 = EDGE_CURVE('',#2320,#2274,#2329,.T.);
#2329 = CIRCLE('',#2330,7.505553499465);
#2330 = AXIS2_PLACEMENT_3D('',#2331,#2332,#2333);
#2331 = CARTESIAN_POINT('',(0.,0.,0.));
#2332 = DIRECTION('',(0.,0.,1.));
#2333 = DIRECTION('',(1.,0.,-0.));
#2334 = CONICAL_SURFACE('',#2335,7.505553499465,0.785398163397);
#2335 = AXIS2_PLACEMENT_3D('',#2336,#2337,#2338);
#2336 = CARTESIAN_POINT('',(0.,0.,0.));
#2337 = DIRECTION('',(0.,0.,1.));
#2338 = DIRECTION('',(1.,0.,-0.));
#2339 = ADVANCED_FACE('',(#2340,#2367),#2474,.T.);
#2340 = FACE_BOUND('',#2341,.T.);
#2341 = EDGE_LOOP('',(#2342,#2343,#2344,#2345,#2346,#2347,#2348,#2349,
    #2350,#2351,#2352,#2353,#2354,#2355,#2356,#2357,#2358,#2359,#2360,
    #2361,#2362,#2363,#2364,#2365,#2366));
#2342 = ORIENTED_EDGE('',*,*,#1177,.F.);
#2343 = ORIENTED_EDGE('',*,*,#1196,.F.);
#2344 = ORIENTED_EDGE('',*,*,#1211,.F.);
#2345 = ORIENTED_EDGE('',*,*,#1226,.F.);
#2346 = ORIENTED_EDGE('',*,*,#1241,.F.);
#2347 = ORIENTED_EDGE('',*,*,#1256,.F.);
#2348 = ORIENTED_EDGE('',*,*,#1271,.F.);
#2349 = ORIENTED_EDGE('',*,*,#1286,.F.);
#2350 = ORIENTED_EDGE('',*,*,#1301,.F.);
#2351 = ORIENTED_EDGE('',*,*,#1316,.F.);
#2352 = ORIENTED_EDGE('',*,*,#1331,.F.);
#2353 = ORIENTED_EDGE('',*,*,#1346,.F.);
#2354 = ORIENTED_EDGE('',*,*,#1361,.F.);
#2355 = ORIENTED_EDGE('',*,*,#1376,.F.);
#2356 = ORIENTED_EDGE('',*,*,#1391,.F.);
#2357 = ORIENTED_EDGE('',*,*,#1406,.F.);
#2358 = ORIENTED_EDGE('',*,*,#1421,.F.);
#2359 = ORIENTED_EDGE('',*,*,#1436,.F.);
#2360 = ORIENTED_EDGE('',*,*,#1451,.F.);
#2361 = ORIENTED_EDGE('',*,*,#1466,.F.);
#2362 = ORIENTED_EDGE('',*,*,#1481,.F.);
#2363 = ORIENTED_EDGE('',*,*,#1496,.F.);
#2364 = ORIENTED_EDGE('',*,*,#1511,.F.);
#2365 = ORIENTED_EDGE('',*,*,#1526,.F.);
#2366 = ORIENTED_EDGE('',*,*,#1541,.F.);
#2367 = FACE_BOUND('',#2368,.T.);
#2368 = EDGE_LOOP('',(#2369,#2413,#2440,#2467));
#2369 = ORIENTED_EDGE('',*,*,#2370,.F.);
#2370 = EDGE_CURVE('',#2371,#2373,#2375,.T.);
#2371 = VERTEX_POINT('',#2372);
#2372 = CARTESIAN_POINT('',(-2.194451845716,3.581114899105,3.));
#2373 = VERTEX_POINT('',#2374);
#2374 = CARTESIAN_POINT('',(-3.17184570595,-0.91070211039,3.));
#2375 = B_SPLINE_CURVE_WITH_KNOTS('',8,(#2376,#2377,#2378,#2379,#2380,
    #2381,#2382,#2383,#2384,#2385,#2386,#2387,#2388,#2389,#2390,#2391,
    #2392,#2393,#2394,#2395,#2396,#2397,#2398,#2399,#2400,#2401,#2402,
    #2403,#2404,#2405,#2406,#2407,#2408,#2409,#2410,#2411,#2412),
  .UNSPECIFIED.,.F.,.F.,(9,7,7,7,7,9),(0.,0.261125220921,0.508973178461,
    0.57572196767,0.771338728744,1.),.UNSPECIFIED.);
#2376 = CARTESIAN_POINT('',(-2.194451845716,3.581114899105,3.));
#2377 = CARTESIAN_POINT('',(-2.31822491294,3.474072511876,3.));
#2378 = CARTESIAN_POINT('',(-2.437098610227,3.361510602933,3.));
#2379 = CARTESIAN_POINT('',(-2.550742951761,3.243650627215,3.));
#2380 = CARTESIAN_POINT('',(-2.658837386678,3.120736864891,3.));
#2381 = CARTESIAN_POINT('',(-2.761072298428,2.993037378402,3.));
#2382 = CARTESIAN_POINT('',(-2.857150504145,2.860844969497,3.));
#2383 = CARTESIAN_POINT('',(-2.946788754004,2.724478136276,3.));
#2384 = CARTESIAN_POINT('',(-3.108432995459,2.451214383911,3.));
#2385 = CARTESIAN_POINT('',(-3.181105642265,2.314693867442,3.));
#2386 = CARTESIAN_POINT('',(-3.247508056427,2.175016699069,3.));
#2387 = CARTESIAN_POINT('',(-3.307426289294,2.032496988043,3.));
#2388 = CARTESIAN_POINT('',(-3.360663161463,1.887467159231,3.));
#2389 = CARTESIAN_POINT('',(-3.407039866102,1.740278377729,3.));
#2390 = CARTESIAN_POINT('',(-3.446397572264,1.59130097348,3.));
#2391 = CARTESIAN_POINT('',(-3.487271313491,1.400426557136,3.));
#2392 = CARTESIAN_POINT('',(-3.495423418421,1.35982668611,3.));
#2393 = CARTESIAN_POINT('',(-3.503057218916,1.319132733702,3.));
#2394 = CARTESIAN_POINT('',(-3.510162198091,1.278352589825,3.));
#2395 = CARTESIAN_POINT('',(-3.5167450662,1.237493796255,3.));
#2396 = CARTESIAN_POINT('',(-3.522796345524,1.196564234547,3.));
#2397 = CARTESIAN_POINT('',(-3.528317537272,1.155571898359,3.));
#2398 = CARTESIAN_POINT('',(-3.547923209482,0.994230046943,3.));
#2399 = CARTESIAN_POINT('',(-3.557962190605,0.873463621758,3.));
#2400 = CARTESIAN_POINT('',(-3.563370511443,0.752428144155,3.));
#2401 = CARTESIAN_POINT('',(-3.564106240673,0.631331658858,3.));
#2402 = CARTESIAN_POINT('',(-3.560138097,0.510387440076,3.));
#2403 = CARTESIAN_POINT('',(-3.551446154628,0.3898139053,3.));
#2404 = CARTESIAN_POINT('',(-3.538022548728,0.269834529097,3.));
#2405 = CARTESIAN_POINT('',(-3.498655766954,1.13924581413E-02,3.));
#2406 = CARTESIAN_POINT('',(-3.47098020678,-0.126771964503,3.));
#2407 = CARTESIAN_POINT('',(-3.436853899752,-0.263449141361,3.));
#2408 = CARTESIAN_POINT('',(-3.396308615918,-0.398267443571,3.));
#2409 = CARTESIAN_POINT('',(-3.3494012398,-0.53085082265,3.));
#2410 = CARTESIAN_POINT('',(-3.296215514184,-0.660819650061,3.));
#2411 = CARTESIAN_POINT('',(-3.236863783909,-0.787791556779,3.));
#2412 = CARTESIAN_POINT('',(-3.171488739662,-0.91138227286,3.));
#2413 = ORIENTED_EDGE('',*,*,#2414,.F.);
#2414 = EDGE_CURVE('',#2415,#2371,#2417,.T.);
#2415 = VERTEX_POINT('',#2416);
#2416 = CARTESIAN_POINT('',(2.194526346971,3.581079865167,3.));
#2417 = B_SPLINE_CURVE_WITH_KNOTS('',6,(#2418,#2419,#2420,#2421,#2422,
    #2423,#2424,#2425,#2426,#2427,#2428,#2429,#2430,#2431,#2432,#2433,
    #2434,#2435,#2436,#2437,#2438,#2439),.UNSPECIFIED.,.F.,.F.,(7,5,5,5,
    7),(0.,0.389997694896,0.422998014337,0.710998682784,1.),
  .UNSPECIFIED.);
#2418 = CARTESIAN_POINT('',(2.194526346971,3.581079865167,3.));
#2419 = CARTESIAN_POINT('',(1.938588957112,3.737922783292,3.));
#2420 = CARTESIAN_POINT('',(1.669179729397,3.872827067929,3.));
#2421 = CARTESIAN_POINT('',(1.388692353853,3.984316885169,3.));
#2422 = CARTESIAN_POINT('',(1.099670668143,4.07132023195,3.));
#2423 = CARTESIAN_POINT('',(0.804773752768,4.133095954519,3.));
#2424 = CARTESIAN_POINT('',(0.481579928696,4.172377194002,3.));
#2425 = CARTESIAN_POINT('',(0.456343623802,4.175258750141,3.));
#2426 = CARTESIAN_POINT('',(0.431086739215,4.177957123135,3.));
#2427 = CARTESIAN_POINT('',(0.405810937181,4.18047213174,3.));
#2428 = CARTESIAN_POINT('',(0.380517882009,4.182803614843,3.));
#2429 = CARTESIAN_POINT('',(0.134335444924,4.203695874927,3.));
#2430 = CARTESIAN_POINT('',(-8.773041711084E-02,4.208451547648,3.));
#2431 = CARTESIAN_POINT('',(-0.309870238763,4.199124519157,3.));
#2432 = CARTESIAN_POINT('',(-0.530972403986,4.175738279422,3.));
#2433 = CARTESIAN_POINT('',(-0.749934010979,4.138433427333,3.));
#2434 = CARTESIAN_POINT('',(-1.182141722977,4.036324211125,3.));
#2435 = CARTESIAN_POINT('',(-1.395374954387,3.971422468,3.));
#2436 = CARTESIAN_POINT('',(-1.604259713291,3.893023551579,3.));
#2437 = CARTESIAN_POINT('',(-1.807736030446,3.801499675775,3.));
#2438 = CARTESIAN_POINT('',(-2.004789184954,3.697333019432,3.));
#2439 = CARTESIAN_POINT('',(-2.194451845716,3.581114899105,3.));
#2440 = ORIENTED_EDGE('',*,*,#2441,.F.);
#2441 = EDGE_CURVE('',#2442,#2415,#2444,.T.);
#2442 = VERTEX_POINT('',#2443);
#2443 = CARTESIAN_POINT('',(3.171852836371,-0.910686309995,3.));
#2444 = B_SPLINE_CURVE_WITH_KNOTS('',6,(#2445,#2446,#2447,#2448,#2449,
    #2450,#2451,#2452,#2453,#2454,#2455,#2456,#2457,#2458,#2459,#2460,
    #2461,#2462,#2463,#2464,#2465,#2466),.UNSPECIFIED.,.F.,.F.,(7,5,5,5,
    7),(0.,0.209755058018,0.429229274392,0.692720720202,1.),
  .UNSPECIFIED.);
#2445 = CARTESIAN_POINT('',(3.171813210518,-0.910761304203,3.));
#2446 = CARTESIAN_POINT('',(3.251725940608,-0.759603976991,3.));
#2447 = CARTESIAN_POINT('',(3.3221792543,-0.603139776538,3.));
#2448 = CARTESIAN_POINT('',(3.382865384088,-0.442198443745,3.));
#2449 = CARTESIAN_POINT('',(3.433577074857,-0.277604037418,3.));
#2450 = CARTESIAN_POINT('',(3.474196575643,-0.110169602532,3.));
#2451 = CARTESIAN_POINT('',(3.536585374109,0.236638805213,3.));
#2452 = CARTESIAN_POINT('',(3.557394844593,0.416211133833,3.));
#2453 = CARTESIAN_POINT('',(3.567069485801,0.597114472831,3.));
#2454 = CARTESIAN_POINT('',(3.565661527967,0.778473547873,3.));
#2455 = CARTESIAN_POINT('',(3.553307158925,0.959450213368,3.));
#2456 = CARTESIAN_POINT('',(3.502490859951,1.35509940184,3.));
#2457 = CARTESIAN_POINT('',(3.459288656433,1.569257526741,3.));
#2458 = CARTESIAN_POINT('',(3.4009705234,1.780338420036,3.));
#2459 = CARTESIAN_POINT('',(3.328041964869,1.987071890095,3.));
#2460 = CARTESIAN_POINT('',(3.241129112497,2.188294954393,3.));
#2461 = CARTESIAN_POINT('',(3.024136431239,2.609949325112,3.));
#2462 = CARTESIAN_POINT('',(2.889277218684,2.82802851614,3.));
#2463 = CARTESIAN_POINT('',(2.737525830084,3.03550746686,3.));
#2464 = CARTESIAN_POINT('',(2.570191346773,3.230955243327,3.));
#2465 = CARTESIAN_POINT('',(2.388687060716,3.413150332192,3.));
#2466 = CARTESIAN_POINT('',(2.194526346971,3.581079865167,3.));
#2467 = ORIENTED_EDGE('',*,*,#2468,.F.);
#2468 = EDGE_CURVE('',#2373,#2442,#2469,.T.);
#2469 = CIRCLE('',#2470,3.3);
#2470 = AXIS2_PLACEMENT_3D('',#2471,#2472,#2473);
#2471 = CARTESIAN_POINT('',(0.,0.,3.));
#2472 = DIRECTION('',(0.,0.,1.));
#2473 = DIRECTION('',(1.,0.,-0.));
#2474 = PLANE('',#2475);
#2475 = AXIS2_PLACEMENT_3D('',#2476,#2477,#2478);
#2476 = CARTESIAN_POINT('',(0.,0.,3.));
#2477 = DIRECTION('',(0.,0.,1.));
#2478 = DIRECTION('',(1.,0.,-0.));
#2479 = ADVANCED_FACE('',(#2480),#2489,.F.);
#2480 = FACE_BOUND('',#2481,.F.);
#2481 = EDGE_LOOP('',(#2482,#2483));
#2482 = ORIENTED_EDGE('',*,*,#2328,.T.);
#2483 = ORIENTED_EDGE('',*,*,#2484,.F.);
#2484 = EDGE_CURVE('',#2320,#2274,#2485,.T.);
#2485 = LINE('',#2486,#2487);
#2486 = CARTESIAN_POINT('',(3.752776749733,-6.5,0.));
#2487 = VECTOR('',#2488,1.);
#2488 = DIRECTION('',(0.5,0.866025403784,0.));
#2489 = PLANE('',#2490);
#2490 = AXIS2_PLACEMENT_3D('',#2491,#2492,#2493);
#2491 = CARTESIAN_POINT('',(0.,0.,0.));
#2492 = DIRECTION('',(0.,0.,1.));
#2493 = DIRECTION('',(1.,0.,-0.));
#2494 = ADVANCED_FACE('',(#2495),#2504,.F.);
#2495 = FACE_BOUND('',#2496,.F.);
#2496 = EDGE_LOOP('',(#2497,#2498));
#2497 = ORIENTED_EDGE('',*,*,#2319,.T.);
#2498 = ORIENTED_EDGE('',*,*,#2499,.F.);
#2499 = EDGE_CURVE('',#2311,#2320,#2500,.T.);
#2500 = LINE('',#2501,#2502);
#2501 = CARTESIAN_POINT('',(-3.752776749733,-6.5,0.));
#2502 = VECTOR('',#2503,1.);
#2503 = DIRECTION('',(1.,-2.366723306318E-16,0.));
#2504 = PLANE('',#2505);
#2505 = AXIS2_PLACEMENT_3D('',#2506,#2507,#2508);
#2506 = CARTESIAN_POINT('',(0.,0.,0.));
#2507 = DIRECTION('',(0.,0.,1.));
#2508 = DIRECTION('',(1.,0.,-0.));
#2509 = ADVANCED_FACE('',(#2510),#2519,.F.);
#2510 = FACE_BOUND('',#2511,.F.);
#2511 = EDGE_LOOP('',(#2512,#2513));
#2512 = ORIENTED_EDGE('',*,*,#2310,.T.);
#2513 = ORIENTED_EDGE('',*,*,#2514,.F.);
#2514 = EDGE_CURVE('',#2302,#2311,#2515,.T.);
#2515 = LINE('',#2516,#2517);
#2516 = CARTESIAN_POINT('',(-7.505553499465,9.191652068949E-16,0.));
#2517 = VECTOR('',#2518,1.);
#2518 = DIRECTION('',(0.5,-0.866025403784,0.));
#2519 = PLANE('',#2520);
#2520 = AXIS2_PLACEMENT_3D('',#2521,#2522,#2523);
#2521 = CARTESIAN_POINT('',(0.,0.,0.));
#2522 = DIRECTION('',(0.,0.,1.));
#2523 = DIRECTION('',(1.,0.,-0.));
#2524 = ADVANCED_FACE('',(#2525),#2534,.F.);
#2525 = FACE_BOUND('',#2526,.F.);
#2526 = EDGE_LOOP('',(#2527,#2533));
#2527 = ORIENTED_EDGE('',*,*,#2528,.F.);
#2528 = EDGE_CURVE('',#2293,#2302,#2529,.T.);
#2529 = LINE('',#2530,#2531);
#2530 = CARTESIAN_POINT('',(-3.752776749733,6.5,0.));
#2531 = VECTOR('',#2532,1.);
#2532 = DIRECTION('',(-0.5,-0.866025403784,0.));
#2533 = ORIENTED_EDGE('',*,*,#2301,.T.);
#2534 = PLANE('',#2535);
#2535 = AXIS2_PLACEMENT_3D('',#2536,#2537,#2538);
#2536 = CARTESIAN_POINT('',(0.,0.,0.));
#2537 = DIRECTION('',(0.,0.,1.));
#2538 = DIRECTION('',(1.,0.,-0.));
#2539 = ADVANCED_FACE('',(#2540),#2549,.F.);
#2540 = FACE_BOUND('',#2541,.F.);
#2541 = EDGE_LOOP('',(#2542,#2548));
#2542 = ORIENTED_EDGE('',*,*,#2543,.F.);
#2543 = EDGE_CURVE('',#2284,#2293,#2544,.T.);
#2544 = LINE('',#2545,#2546);
#2545 = CARTESIAN_POINT('',(3.752776749733,6.5,0.));
#2546 = VECTOR('',#2547,1.);
#2547 = DIRECTION('',(-1.,1.183361653159E-16,0.));
#2548 = ORIENTED_EDGE('',*,*,#2292,.T.);
#2549 = PLANE('',#2550);
#2550 = AXIS2_PLACEMENT_3D('',#2551,#2552,#2553);
#2551 = CARTESIAN_POINT('',(0.,0.,0.));
#2552 = DIRECTION('',(0.,0.,1.));
#2553 = DIRECTION('',(1.,0.,-0.));
#2554 = ADVANCED_FACE('',(#2555),#2564,.F.);
#2555 = FACE_BOUND('',#2556,.F.);
#2556 = EDGE_LOOP('',(#2557,#2563));
#2557 = ORIENTED_EDGE('',*,*,#2558,.F.);
#2558 = EDGE_CURVE('',#2274,#2284,#2559,.T.);
#2559 = LINE('',#2560,#2561);
#2560 = CARTESIAN_POINT('',(7.505553499465,0.,0.));
#2561 = VECTOR('',#2562,1.);
#2562 = DIRECTION('',(-0.5,0.866025403784,0.));
#2563 = ORIENTED_EDGE('',*,*,#2283,.T.);
#2564 = PLANE('',#2565);
#2565 = AXIS2_PLACEMENT_3D('',#2566,#2567,#2568);
#2566 = CARTESIAN_POINT('',(0.,0.,0.));
#2567 = DIRECTION('',(0.,0.,1.));
#2568 = DIRECTION('',(1.,0.,-0.));
#2569 = ADVANCED_FACE('',(#2570),#2886,.T.);
#2570 = FACE_BOUND('',#2571,.T.);
#2571 = EDGE_LOOP('',(#2572,#2617,#2644,#2728,#2729,#2771,#2814,#2851));
#2572 = ORIENTED_EDGE('',*,*,#2573,.F.);
#2573 = EDGE_CURVE('',#2574,#2576,#2578,.T.);
#2574 = VERTEX_POINT('',#2575);
#2575 = CARTESIAN_POINT('',(0.910731178309,-3.171842499285,-4.5));
#2576 = VERTEX_POINT('',#2577);
#2577 = CARTESIAN_POINT('',(3.3,-8.082668874373E-16,-4.088998812282));
#2578 = B_SPLINE_CURVE_WITH_KNOTS('',7,(#2579,#2580,#2581,#2582,#2583,
    #2584,#2585,#2586,#2587,#2588,#2589,#2590,#2591,#2592,#2593,#2594,
    #2595,#2596,#2597,#2598,#2599,#2600,#2601,#2602,#2603,#2604,#2605,
    #2606,#2607,#2608,#2609,#2610,#2611,#2612,#2613,#2614,#2615,#2616),
  .UNSPECIFIED.,.F.,.F.,(8,6,6,6,6,6,8),(0.,0.17931743919,0.381903942856
    ,0.489422501444,0.668276938402,0.764896892412,1.),.UNSPECIFIED.);
#2579 = CARTESIAN_POINT('',(3.3,0.,-6.089001788418));
#2580 = CARTESIAN_POINT('',(3.300009554374,0.530481206739,
    -6.037824882729));
#2581 = CARTESIAN_POINT('',(3.200463494903,1.062456127735,
    -5.986520470088));
#2582 = CARTESIAN_POINT('',(3.00066114702,1.570587806106,-5.935317678116
    ));
#2583 = CARTESIAN_POINT('',(2.708345933714,2.033609651052,
    -5.884177892636));
#2584 = CARTESIAN_POINT('',(2.335522041438,2.432511579199,
    -5.832976659919));
#2585 = CARTESIAN_POINT('',(1.898066072773,2.751148572527,
    -5.781678605422));
#2586 = CARTESIAN_POINT('',(0.878068338278,3.237028862079,
    -5.672688137764));
#2587 = CARTESIAN_POINT('',(0.279817192336,3.381172013208,
    -5.614640566261));
#2588 = CARTESIAN_POINT('',(-0.341960579496,3.394217738675,
    -5.556762420642));
#2589 = CARTESIAN_POINT('',(-0.954628919287,3.275098739489,
    -5.498993830278));
#2590 = CARTESIAN_POINT('',(-1.526219832505,3.030050929532,
    -5.441120995413));
#2591 = CARTESIAN_POINT('',(-2.026858182607,2.672306341798,
    -5.383080259302));
#2592 = CARTESIAN_POINT('',(-2.646988499206,1.996179016274,
    -5.294572909422));
#2593 = CARTESIAN_POINT('',(-2.835710650983,1.737439083517,
    -5.263883684946));
#2594 = CARTESIAN_POINT('',(-2.994744621994,1.458161356118,
    -5.233195185033));
#2595 = CARTESIAN_POINT('',(-3.121452954977,1.16244231445,
    -5.202508479609));
#2596 = CARTESIAN_POINT('',(-3.213948900101,0.854685561488,
    -5.171823394932));
#2597 = CARTESIAN_POINT('',(-3.271096414968,0.539601822804,
    -5.141138513585));
#2598 = CARTESIAN_POINT('',(-3.328151761069,-0.305765205122,
    -5.059407719173));
#2599 = CARTESIAN_POINT('',(-3.265053158243,-0.841861682625,
    -5.008241487063));
#2600 = CARTESIAN_POINT('',(-3.100838255737,-1.361071879697,
    -4.957166119702));
#2601 = CARTESIAN_POINT('',(-2.841735398244,-1.841811226607,
    -4.906143278675));
#2602 = CARTESIAN_POINT('',(-2.498323147688,-2.264442498628,
    -4.855058368472));
#2603 = CARTESIAN_POINT('',(-2.085202793931,-2.611897932458,
    -4.803885360143));
#2604 = CARTESIAN_POINT('',(-1.375776230032,-3.013135778203,
    -4.72526515188));
#2605 = CARTESIAN_POINT('',(-1.112644861205,-3.128750574284,
    -4.697689055018));
#2606 = CARTESIAN_POINT('',(-0.838386671924,-3.217469510209,
    -4.670112893164));
#2607 = CARTESIAN_POINT('',(-0.556297940621,-3.278038677779,
    -4.642536787519));
#2608 = CARTESIAN_POINT('',(-0.269788049792,-3.30972528919,
    -4.614960512493));
#2609 = CARTESIAN_POINT('',(1.762051400631E-02,-3.312317677036,
    -4.587383495698));
#2610 = CARTESIAN_POINT('',(0.994981769928,-3.222427801192,
    -4.492712271585));
#2611 = CARTESIAN_POINT('',(1.677317627616,-2.987708596462,
    -4.425044473118));
#2612 = CARTESIAN_POINT('',(2.288023311185,-2.583756634348,
    -4.358072419998));
#2613 = CARTESIAN_POINT('',(2.782451977326,-2.041648305747,
    -4.290773340921));
#2614 = CARTESIAN_POINT('',(3.128772087666,-1.396660375865,
    -4.22372035951));
#2615 = CARTESIAN_POINT('',(3.300026390746,-0.695637110394,
    -4.156091396562));
#2616 = CARTESIAN_POINT('',(3.3,-8.881784197001E-16,-4.088998812282));
#2617 = ORIENTED_EDGE('',*,*,#2618,.F.);
#2618 = EDGE_CURVE('',#2619,#2574,#2621,.T.);
#2619 = VERTEX_POINT('',#2620);
#2620 = CARTESIAN_POINT('',(-3.581112292024,-2.194469083219,-4.5));
#2621 = B_SPLINE_CURVE_WITH_KNOTS('',6,(#2622,#2623,#2624,#2625,#2626,
    #2627,#2628,#2629,#2630,#2631,#2632,#2633,#2634,#2635,#2636,#2637,
    #2638,#2639,#2640,#2641,#2642,#2643),.UNSPECIFIED.,.F.,.F.,(7,5,5,5,
    7),(0.,0.307279710976,0.570770491582,0.790244161031,1.),
  .UNSPECIFIED.);
#2622 = CARTESIAN_POINT('',(-3.581112292024,-2.194469083219,-4.5));
#2623 = CARTESIAN_POINT('',(-3.413159055337,-2.388661757998,-4.5));
#2624 = CARTESIAN_POINT('',(-3.23093560389,-2.570194124626,-4.5));
#2625 = CARTESIAN_POINT('',(-3.035455358167,-2.737552095161,-4.5));
#2626 = CARTESIAN_POINT('',(-2.827940534474,-2.889321897721,-4.5));
#2627 = CARTESIAN_POINT('',(-2.60982293322,-3.024194221474,-4.5));
#2628 = CARTESIAN_POINT('',(-2.188094929018,-3.241200694545,-4.5));
#2629 = CARTESIAN_POINT('',(-1.986837138436,-3.328115773661,-4.5));
#2630 = CARTESIAN_POINT('',(-1.78006825985,-3.401042582422,-4.5));
#2631 = CARTESIAN_POINT('',(-1.568951779612,-3.459354893873,-4.5));
#2632 = CARTESIAN_POINT('',(-1.354758404623,-3.502546990209,-4.5));
#2633 = CARTESIAN_POINT('',(-0.959046128591,-3.553336168791,-4.5));
#2634 = CARTESIAN_POINT('',(-0.778041382245,-3.565674955411,-4.5));
#2635 = CARTESIAN_POINT('',(-0.59665515074,-3.567063858391,-4.5));
#2636 = CARTESIAN_POINT('',(-0.415726001684,-3.55736635812,-4.5));
#2637 = CARTESIAN_POINT('',(-0.236129707745,-3.536529957678,-4.5));
#2638 = CARTESIAN_POINT('',(0.110721915714,-3.474080304172,-4.5));
#2639 = CARTESIAN_POINT('',(0.278175841199,-3.433427100757,-4.5));
#2640 = CARTESIAN_POINT('',(0.44278692649,-3.382677848782,-4.5));
#2641 = CARTESIAN_POINT('',(0.603741671266,-3.321950579977,-4.5));
#2642 = CARTESIAN_POINT('',(0.760215700892,-3.25145323328,-4.5));
#2643 = CARTESIAN_POINT('',(0.911379048037,-3.171494793913,-4.5));
#2644 = ORIENTED_EDGE('',*,*,#2645,.T.);
#2645 = EDGE_CURVE('',#2619,#2371,#2646,.T.);
#2646 = B_SPLINE_CURVE_WITH_KNOTS('',10,(#2647,#2648,#2649,#2650,#2651,
    #2652,#2653,#2654,#2655,#2656,#2657,#2658,#2659,#2660,#2661,#2662,
    #2663,#2664,#2665,#2666,#2667,#2668,#2669,#2670,#2671,#2672,#2673,
    #2674,#2675,#2676,#2677,#2678,#2679,#2680,#2681,#2682,#2683,#2684,
    #2685,#2686,#2687,#2688,#2689,#2690,#2691,#2692,#2693,#2694,#2695,
    #2696,#2697,#2698,#2699,#2700,#2701,#2702,#2703,#2704,#2705,#2706,
    #2707,#2708,#2709,#2710,#2711,#2712,#2713,#2714,#2715,#2716,#2717,
    #2718,#2719,#2720,#2721,#2722,#2723,#2724,#2725,#2726,#2727),
  .UNSPECIFIED.,.F.,.F.,(11,10,10,10,10,10,10,10,11),(0.,5.975646310925,
    11.951292621849,17.926938932774,23.902585243698,29.878231554623,
    35.853877865547,41.829524176472,47.805170487396),
  .PIECEWISE_BEZIER_KNOTS.);
#2647 = CARTESIAN_POINT('',(4.2,-2.22044604925E-15,-7.675));
#2648 = CARTESIAN_POINT('',(4.200004226816,2.391496411817,
    -7.493727983777));
#2649 = CARTESIAN_POINT('',(2.6872251006,4.783914498794,-7.312553659327)
  );
#2650 = CARTESIAN_POINT('',(-0.341404327307,6.093297484508,
    -7.13115061444));
#2651 = CARTESIAN_POINT('',(-3.994360863789,5.271072738569,
    -6.950085081621));
#2652 = CARTESIAN_POINT('',(-6.572628592109,1.993798274115,
    -6.768727359691));
#2653 = CARTESIAN_POINT('',(-6.249630282525,-2.163613844728,
    -6.587445196642));
#2654 = CARTESIAN_POINT('',(-3.669140804887,-4.876696871426,
    -6.406313194428));
#2655 = CARTESIAN_POINT('',(-0.423442118378,-5.470631099421,
    -6.224961259371));
#2656 = CARTESIAN_POINT('',(2.163526326902,-4.321852623983,
    -6.043753035974));
#2657 = CARTESIAN_POINT('',(3.492172371671,-2.333394978682,
    -5.862500000001));
#2658 = CARTESIAN_POINT('',(4.820820104919,-0.344940732619,
    -5.681227983775));
#2659 = CARTESIAN_POINT('',(4.892146505403,2.484737258284,
    -5.500053659332));
#2660 = CARTESIAN_POINT('',(3.101387379668,5.256065778765,
    -5.318650614433));
#2661 = CARTESIAN_POINT('',(-0.392738569191,6.601884802213,
    -5.137585081628));
#2662 = CARTESIAN_POINT('',(-4.357245975536,5.309339476464,
    -4.956227359687));
#2663 = CARTESIAN_POINT('',(-6.398417115933,1.673129387693,
    -4.774945196643));
#2664 = CARTESIAN_POINT('',(-5.760126699742,-2.016359845044,
    -4.593813194429));
#2665 = CARTESIAN_POINT('',(-3.391399048672,-4.313411682911,
    -4.41246125937));
#2666 = CARTESIAN_POINT('',(-0.602186273147,-4.795479951272,
    -4.231253035975));
#2667 = CARTESIAN_POINT('',(1.607270415933,-3.880294036547,
    -4.050000000001));
#2668 = CARTESIAN_POINT('',(3.816726620418,-2.965111886253,
    -3.868727983776));
#2669 = CARTESIAN_POINT('',(5.448117215755,-0.651947449154,
    -3.687553659328));
#2670 = CARTESIAN_POINT('',(5.498823051641,2.6472204661,-3.506150614441)
  );
#2671 = CARTESIAN_POINT('',(3.341260492083,5.707460455363,
    -3.325085081616));
#2672 = CARTESIAN_POINT('',(-0.673206651878,6.835310598028,
    -3.143727359703));
#2673 = CARTESIAN_POINT('',(-4.390548514933,4.945926331374,
    -2.962445196624));
#2674 = CARTESIAN_POINT('',(-5.909599822816,1.523612994176,
    -2.781313194446));
#2675 = CARTESIAN_POINT('',(-5.216248385945,-1.702310379958,
    -2.599961259357));
#2676 = CARTESIAN_POINT('',(-3.164925501036,-3.652739087795,
    -2.418753035982));
#2677 = CARTESIAN_POINT('',(-0.819379352468,-4.119298177694,
    -2.237499999997));
#2678 = CARTESIAN_POINT('',(1.52616430177,-4.585860128372,
    -2.056227983786));
#2679 = CARTESIAN_POINT('',(4.167741312917,-3.568886243869,
    -1.875053659311));
#2680 = CARTESIAN_POINT('',(6.042821162078,-0.853899029502,
    -1.69365061446));
#2681 = CARTESIAN_POINT('',(5.949051701087,2.889275061886,
    -1.512585081603));
#2682 = CARTESIAN_POINT('',(3.237744227871,6.057366629362,
    -1.331227359701));
#2683 = CARTESIAN_POINT('',(-0.902798227083,6.551645510755,
    -1.149945196639));
#2684 = CARTESIAN_POINT('',(-4.06717864734,4.550035656178,
    -0.968813194425));
#2685 = CARTESIAN_POINT('',(-5.282904997595,1.482572979627,
    -0.787461259375));
#2686 = CARTESIAN_POINT('',(-4.660892485481,-1.278803155071,
    -0.606253035972));
#2687 = CARTESIAN_POINT('',(-2.969848480983,-2.969848480984,-0.425));
#2688 = CARTESIAN_POINT('',(-1.278808008522,-4.660894835284,
    -0.243728610401));
#2689 = CARTESIAN_POINT('',(1.482582728709,-5.282893321701,
    -6.255097323946E-02));
#2690 = CARTESIAN_POINT('',(4.55002273953,-4.067203049248,0.118842448443
    ));
#2691 = CARTESIAN_POINT('',(6.551648178562,-0.90277087985,0.299928054425
    ));
#2692 = CARTESIAN_POINT('',(6.057382614911,3.237720862253,0.481253132803
    ));
#2693 = CARTESIAN_POINT('',(2.889245026487,5.949063300762,0.662578212365
    ));
#2694 = CARTESIAN_POINT('',(-0.853866266789,6.042818469091,
    0.843663817491));
#2695 = CARTESIAN_POINT('',(-3.568905430381,4.167740189465,
    1.025057239611));
#2696 = CARTESIAN_POINT('',(-4.585852902151,1.526166475679,
    1.206234876624));
#2697 = CARTESIAN_POINT('',(-4.119299490615,-0.819378997355,
    1.387506266252));
#2698 = CARTESIAN_POINT('',(-3.652741985627,-3.164925340927,
    1.568759928822));
#2699 = CARTESIAN_POINT('',(-1.702299279685,-5.216243484978,
    1.749964839654));
#2700 = CARTESIAN_POINT('',(1.5235925238,-5.909613104527,1.931326397477)
  );
#2701 = CARTESIAN_POINT('',(4.94594071305,-4.390528080145,2.112438327396
    ));
#2702 = CARTESIAN_POINT('',(6.835312211291,-0.673232876332,
    2.293753132783));
#2703 = CARTESIAN_POINT('',(5.707442515077,3.341283740125,2.475067939432
    ));
#2704 = CARTESIAN_POINT('',(2.647244383624,5.498805976492,2.656179868426
    ));
#2705 = CARTESIAN_POINT('',(-0.651961948808,5.448124068285,
    2.837541426739));
#2706 = CARTESIAN_POINT('',(-2.965106264016,3.816726354355,
    3.018746337388));
#2707 = CARTESIAN_POINT('',(-3.880294036548,1.607270415934,
    3.200000000005));
#2708 = CARTESIAN_POINT('',(-4.795483996977,-0.602182553489,
    3.381272016207));
#2709 = CARTESIAN_POINT('',(-4.313397090237,-3.39140416568,
    3.562446340702));
#2710 = CARTESIAN_POINT('',(-2.016387525483,-5.760122611243,
    3.74384938552));
#2711 = CARTESIAN_POINT('',(1.673156039681,-6.398411942997,3.92491491842
    ));
#2712 = CARTESIAN_POINT('',(5.309323464059,-4.357265486701,
    4.106272640275));
#2713 = CARTESIAN_POINT('',(6.601884676209,-0.392711420129,
    4.287554803383));
#2714 = CARTESIAN_POINT('',(5.256075188893,3.10136102873,4.468686805556)
  );
#2715 = CARTESIAN_POINT('',(2.484729392704,4.892159819405,4.650038740639
    ));
#2716 = CARTESIAN_POINT('',(-0.344936295152,4.820816862619,
    4.831246964019));
#2717 = CARTESIAN_POINT('',(-2.333394978683,3.492172371672,
    5.012500000004));
#2718 = CARTESIAN_POINT('',(-4.321853981774,2.163531545517,
    5.193771389586));
#2719 = CARTESIAN_POINT('',(-5.470621549823,-0.423453957986,
    5.374949026782));
#2720 = CARTESIAN_POINT('',(-4.876718284554,-3.669123375852,
    5.556342448415));
#2721 = CARTESIAN_POINT('',(-2.163587543416,-6.249638234259,
    5.737428054448));
#2722 = CARTESIAN_POINT('',(1.993772238824,-6.572639712082,
    5.918753132794));
#2723 = CARTESIAN_POINT('',(5.271089974982,-3.99433366851,6.100078212357
    ));
#2724 = CARTESIAN_POINT('',(6.093288451577,-0.341435935108,
    6.281163817511));
#2725 = CARTESIAN_POINT('',(4.78391714003,2.687244137618,6.46255723959)
  );
#2726 = CARTESIAN_POINT('',(2.391497134191,4.199996715337,6.643734876638
    ));
#2727 = CARTESIAN_POINT('',(6.044266167714E-07,4.200001218414,
    6.825006266246));
#2728 = ORIENTED_EDGE('',*,*,#2370,.T.);
#2729 = ORIENTED_EDGE('',*,*,#2730,.F.);
#2730 = EDGE_CURVE('',#2731,#2373,#2733,.T.);
#2731 = VERTEX_POINT('',#2732);
#2732 = CARTESIAN_POINT('',(3.3,-8.082668874373E-16,1.911000024896));
#2733 = B_SPLINE_CURVE_WITH_KNOTS('',6,(#2734,#2735,#2736,#2737,#2738,
    #2739,#2740,#2741,#2742,#2743,#2744,#2745,#2746,#2747,#2748,#2749,
    #2750,#2751,#2752,#2753,#2754,#2755,#2756,#2757,#2758,#2759,#2760,
    #2761,#2762,#2763,#2764,#2765,#2766,#2767,#2768,#2769,#2770),
  .UNSPECIFIED.,.F.,.F.,(7,5,5,5,5,5,5,7),(0.,0.11468992598,
    0.29613052888,0.458076879643,0.583246682547,0.719541623553,
    0.913466937753,1.),.UNSPECIFIED.);
#2734 = CARTESIAN_POINT('',(3.3,3.996802888651E-15,1.911000024896));
#2735 = CARTESIAN_POINT('',(3.3,0.396101597049,1.94920768912));
#2736 = CARTESIAN_POINT('',(3.242917424849,0.792413087951,1.98743621239)
  );
#2737 = CARTESIAN_POINT('',(3.128779018688,1.178228713334,2.02564287078)
  );
#2738 = CARTESIAN_POINT('',(2.960075101025,1.543473398065,2.06384629757)
  );
#2739 = CARTESIAN_POINT('',(2.741603737287,1.878969483452,2.102068363791
    ));
#2740 = CARTESIAN_POINT('',(2.06695338644,2.647721568887,2.200721012019)
  );
#2741 = CARTESIAN_POINT('',(1.544823304364,3.02610080499,2.261355464402)
  );
#2742 = CARTESIAN_POINT('',(0.943223606918,3.276352672466,2.321765260011
    ));
#2743 = CARTESIAN_POINT('',(0.300651666902,3.384286979662,2.382187909819
    ));
#2744 = CARTESIAN_POINT('',(-0.34275235833,3.341442109612,2.442830714808
    ));
#2745 = CARTESIAN_POINT('',(-1.479277113179,3.002432256672,
    2.557228205866));
#2746 = CARTESIAN_POINT('',(-1.98394837547,2.733153511472,2.611292924012
    ));
#2747 = CARTESIAN_POINT('',(-2.426461707912,2.362869771475,
    2.665205471085));
#2748 = CARTESIAN_POINT('',(-2.784843199619,1.910689563056,
    2.719164182727));
#2749 = CARTESIAN_POINT('',(-3.040630853008,1.39909033179,2.773223785383
    ));
#2750 = CARTESIAN_POINT('',(-3.298776923228,0.441573912938,
    2.868871213959));
#2751 = CARTESIAN_POINT('',(-3.345708599396,6.212986025636E-03,
    2.910593266958));
#2752 = CARTESIAN_POINT('',(-3.323491105082,-0.433641724437,
    2.952293524335));
#2753 = CARTESIAN_POINT('',(-3.232102791092,-0.864492225086,
    2.993998215839));
#2754 = CARTESIAN_POINT('',(-3.075009423409,-1.273270766942,
    3.035729665731));
#2755 = CARTESIAN_POINT('',(-2.624068446104,-2.055691219309,
    3.122837323574));
#2756 = CARTESIAN_POINT('',(-2.31892610596,-2.423752519982,
    3.168288787699));
#2757 = CARTESIAN_POINT('',(-1.952672488499,-2.735887233692,
    3.213682473492));
#2758 = CARTESIAN_POINT('',(-1.538444438436,-2.980802772102,
    3.259079835724));
#2759 = CARTESIAN_POINT('',(-1.091185927956,-3.149748380587,
    3.304535080269));
#2760 = CARTESIAN_POINT('',(2.843894977105E-02,-3.367167226046,
    3.414551935195));
#2761 = CARTESIAN_POINT('',(0.719991039966,-3.335192149009,
    3.479428275951));
#2762 = CARTESIAN_POINT('',(1.389736807616,-3.130677053933,
    3.543984344212));
#2763 = CARTESIAN_POINT('',(1.99066410142,-2.771125010658,3.6085370676)
  );
#2764 = CARTESIAN_POINT('',(2.478243479226,-2.279678559745,
    3.673409649711));
#2765 = CARTESIAN_POINT('',(2.979127307124,-1.450560806085,
    3.766846967825));
#2766 = CARTESIAN_POINT('',(3.105898062626,-1.177872580156,
    3.795679303549));
#2767 = CARTESIAN_POINT('',(3.202549284403,-0.892240632437,
    3.824512155765));
#2768 = CARTESIAN_POINT('',(3.267512983802,-0.597795208057,
    3.853343796763));
#2769 = CARTESIAN_POINT('',(3.3,-0.298869570179,3.882173295369));
#2770 = CARTESIAN_POINT('',(3.3,-1.33226762955E-15,3.911000516945));
#2771 = ORIENTED_EDGE('',*,*,#2772,.F.);
#2772 = EDGE_CURVE('',#2773,#2731,#2775,.T.);
#2773 = VERTEX_POINT('',#2774);
#2774 = CARTESIAN_POINT('',(3.3,-8.082668874373E-16,-8.899991189787E-02)
  );
#2775 = B_SPLINE_CURVE_WITH_KNOTS('',7,(#2776,#2777,#2778,#2779,#2780,
    #2781,#2782,#2783,#2784,#2785,#2786,#2787,#2788,#2789,#2790,#2791,
    #2792,#2793,#2794,#2795,#2796,#2797,#2798,#2799,#2800,#2801,#2802,
    #2803,#2804,#2805,#2806,#2807,#2808,#2809,#2810,#2811,#2812,#2813),
  .UNSPECIFIED.,.F.,.F.,(8,6,6,6,6,6,8),(0.,0.159024211104,
    0.300132683015,0.465506859271,0.613215483252,0.792868772079,1.),
  .UNSPECIFIED.);
#2776 = CARTESIAN_POINT('',(3.3,0.,-8.899991189787E-02));
#2777 = CARTESIAN_POINT('',(3.3,0.470703923245,-4.359712435366E-02));
#2778 = CARTESIAN_POINT('',(3.221658534289,0.942191370522,
    1.876582204424E-03));
#2779 = CARTESIAN_POINT('',(3.064588878006,1.397295636364,
    4.72974114985E-02));
#2780 = CARTESIAN_POINT('',(2.833447170345,1.820914529099,
    9.26858850057E-02));
#2781 = CARTESIAN_POINT('',(2.535740019445,2.199282878651,0.138109392989
    ));
#2782 = CARTESIAN_POINT('',(2.181640770926,2.520318778909,0.183585871749
    ));
#2783 = CARTESIAN_POINT('',(1.434582081745,3.001070941396,0.269276249825
    ));
#2784 = CARTESIAN_POINT('',(1.049603157366,3.175468368807,0.309603484337
    ));
#2785 = CARTESIAN_POINT('',(0.640650050228,3.291704373891,0.349900540849
    ));
#2786 = CARTESIAN_POINT('',(0.218216489704,3.346363086633,0.390178220284
    ));
#2787 = CARTESIAN_POINT('',(-0.206853315857,3.338037366338,
    0.430476008449));
#2788 = CARTESIAN_POINT('',(-0.623557751519,3.267358487665,
    0.470806578014));
#2789 = CARTESIAN_POINT('',(-1.48625204951,2.98674909027,0.558315261634)
  );
#2790 = CARTESIAN_POINT('',(-1.926447941424,2.754465544062,
    0.605621886234));
#2791 = CARTESIAN_POINT('',(-2.322693637911,2.446886050179,
    0.652866520385));
#2792 = CARTESIAN_POINT('',(-2.660592811466,2.07445178839,0.700064908418
    ));
#2793 = CARTESIAN_POINT('',(-2.928285902091,1.650259841963,
    0.747296131716));
#2794 = CARTESIAN_POINT('',(-3.116784074653,1.189659403432,0.79459046831
    ));
#2795 = CARTESIAN_POINT('',(-3.316641369688,0.284712147043,
    0.883980824275));
#2796 = CARTESIAN_POINT('',(-3.34503466523,-0.157278273673,
    0.926201019794));
#2797 = CARTESIAN_POINT('',(-3.304399169939,-0.60117874407,
    0.968391778776));
#2798 = CARTESIAN_POINT('',(-3.195401764583,-1.034370721708,
    1.010547066846));
#2799 = CARTESIAN_POINT('',(-3.021090996355,-1.444669216552,
    1.052719264429));
#2800 = CARTESIAN_POINT('',(-2.786853790824,-1.82059980345,1.09494680019
    ));
#2801 = CARTESIAN_POINT('',(-2.154978390518,-2.555155510061,
    1.188416860267));
#2802 = CARTESIAN_POINT('',(-1.731468036868,-2.89415307049,1.23984447462
    ));
#2803 = CARTESIAN_POINT('',(-1.247228884405,-3.149263174792,
    1.291167723261));
#2804 = CARTESIAN_POINT('',(-0.722165491276,-3.309369317906,
    1.342423257623));
#2805 = CARTESIAN_POINT('',(-0.177968200747,-3.367854341553,
    1.393740479726));
#2806 = CARTESIAN_POINT('',(0.362644901429,-3.322835903744,
    1.445160005661));
#2807 = CARTESIAN_POINT('',(1.466450190924,-3.019168960015,
    1.555586815454));
#2808 = CARTESIAN_POINT('',(2.025137324158,-2.727609957331,
    1.615009866648));
#2809 = CARTESIAN_POINT('',(2.51190570663,-2.315923611429,1.674149698983
    ));
#2810 = CARTESIAN_POINT('',(2.899259906483,-1.807616858642,
    1.733309606494));
#2811 = CARTESIAN_POINT('',(3.167073788372,-1.229083187087,
    1.792443096706));
#2812 = CARTESIAN_POINT('',(3.3,-0.613085185578,1.851862285775));
#2813 = CARTESIAN_POINT('',(3.3,3.996802888651E-15,1.911000024896));
#2814 = ORIENTED_EDGE('',*,*,#2815,.F.);
#2815 = EDGE_CURVE('',#2816,#2773,#2818,.T.);
#2816 = VERTEX_POINT('',#2817);
#2817 = CARTESIAN_POINT('',(3.3,-8.082668874373E-16,-2.089004227148));
#2818 = B_SPLINE_CURVE_WITH_KNOTS('',6,(#2819,#2820,#2821,#2822,#2823,
    #2824,#2825,#2826,#2827,#2828,#2829,#2830,#2831,#2832,#2833,#2834,
    #2835,#2836,#2837,#2838,#2839,#2840,#2841,#2842,#2843,#2844,#2845,
    #2846,#2847,#2848,#2849,#2850),.UNSPECIFIED.,.F.,.F.,(7,5,5,5,5,5,7)
  ,(0.,0.194205076385,0.302915401604,0.506418833001,0.688080022638,
    0.888877989734,1.),.UNSPECIFIED.);
#2819 = CARTESIAN_POINT('',(3.3,2.6645352591E-15,-2.089004227148));
#2820 = CARTESIAN_POINT('',(3.3,0.670464501829,-2.024331023833));
#2821 = CARTESIAN_POINT('',(3.136453615222,1.343917622414,
    -1.959389384949));
#2822 = CARTESIAN_POINT('',(2.807360579374,1.96291608775,-1.894768234132
    ));
#2823 = CARTESIAN_POINT('',(2.338940935334,2.484503675288,
    -1.830150664466));
#2824 = CARTESIAN_POINT('',(1.762583782379,2.869291498658,
    -1.765214383527));
#2825 = CARTESIAN_POINT('',(0.780350838786,3.228298537598,
    -1.664338509208));
#2826 = CARTESIAN_POINT('',(0.410113012625,3.309062840276,
    -1.628121099196));
#2827 = CARTESIAN_POINT('',(3.066219417522E-02,3.338660236246,
    -1.591920813408));
#2828 = CARTESIAN_POINT('',(-0.349250268776,3.316029284327,
    -1.55572332173));
#2829 = CARTESIAN_POINT('',(-0.72087628487,3.242099509259,
    -1.519511657123));
#2830 = CARTESIAN_POINT('',(-1.739935986184,2.890723207273,
    -1.415541532871));
#2831 = CARTESIAN_POINT('',(-2.349266008074,2.490610542494,
    -1.347432201326));
#2832 = CARTESIAN_POINT('',(-2.839189885575,1.938874813194,
    -1.279726464721));
#2833 = CARTESIAN_POINT('',(-3.174778668358,1.281744752152,
    -1.212003628166));
#2834 = CARTESIAN_POINT('',(-3.325710127554,0.568633480735,
    -1.143894899356));
#2835 = CARTESIAN_POINT('',(-3.271942238567,-0.760129084588,
    -1.015628606031));
#2836 = CARTESIAN_POINT('',(-3.103509439198,-1.383205342741,
    -0.954949256166));
#2837 = CARTESIAN_POINT('',(-2.792450760113,-1.956425448663,
    -0.894465224041));
#2838 = CARTESIAN_POINT('',(-2.359933810438,-2.444557698108,
    -0.833998009189));
#2839 = CARTESIAN_POINT('',(-1.831779153131,-2.815664269342,
    -0.773315414578));
#2840 = CARTESIAN_POINT('',(-0.609938092851,-3.316413870059,
    -0.645940361685));
#2841 = CARTESIAN_POINT('',(0.101135474562,-3.418840380882,
    -0.578741427139));
#2842 = CARTESIAN_POINT('',(0.823334483764,-3.334224378236,
    -0.51192852172));
#2843 = CARTESIAN_POINT('',(1.501900346191,-3.07294953656,
    -0.445133283013));
#2844 = CARTESIAN_POINT('',(2.08357460049,-2.65129056651,-0.377948580111
    ));
#2845 = CARTESIAN_POINT('',(2.775420841592,-1.825988045427,
    -0.274069556561));
#2846 = CARTESIAN_POINT('',(2.98096232457,-1.497443446148,
    -0.237044923152));
#2847 = CARTESIAN_POINT('',(3.139378607156,-1.141803928058,
    -0.200037426335));
#2848 = CARTESIAN_POINT('',(3.246447523706,-0.767491462464,
    -0.16303075987));
#2849 = CARTESIAN_POINT('',(3.3,-0.383670039244,-0.126007653747));
#2850 = CARTESIAN_POINT('',(3.3,0.,-8.899991189787E-02));
#2851 = ORIENTED_EDGE('',*,*,#2852,.F.);
#2852 = EDGE_CURVE('',#2576,#2816,#2853,.T.);
#2853 = B_SPLINE_CURVE_WITH_KNOTS('',6,(#2854,#2855,#2856,#2857,#2858,
    #2859,#2860,#2861,#2862,#2863,#2864,#2865,#2866,#2867,#2868,#2869,
    #2870,#2871,#2872,#2873,#2874,#2875,#2876,#2877,#2878,#2879,#2880,
    #2881,#2882,#2883,#2884,#2885),.UNSPECIFIED.,.F.,.F.,(7,5,5,5,5,5,7)
  ,(0.,0.193103568445,0.346562326613,0.504650610011,0.669673269406,
    0.809059666966,1.),.UNSPECIFIED.);
#2854 = CARTESIAN_POINT('',(3.3,-8.881784197001E-16,-4.088998812282));
#2855 = CARTESIAN_POINT('',(3.3,0.666838220199,-4.024681666473));
#2856 = CARTESIAN_POINT('',(3.138223183949,1.336586124783,
    -3.960106811945));
#2857 = CARTESIAN_POINT('',(2.812709690303,1.952815266494,
    -3.895830112011));
#2858 = CARTESIAN_POINT('',(2.349116652742,2.473172937781,
    -3.831551892565));
#2859 = CARTESIAN_POINT('',(1.778133098837,2.858830605559,
    -3.766969505178));
#2860 = CARTESIAN_POINT('',(0.656838043476,3.27710111905,-3.651532920393
    ));
#2861 = CARTESIAN_POINT('',(0.123760746795,3.36694663986,-3.600332838539
    ));
#2862 = CARTESIAN_POINT('',(-0.420946303108,3.351523812708,
    -3.549230529774));
#2863 = CARTESIAN_POINT('',(-0.952536277132,3.231768124211,
    -3.498126647234));
#2864 = CARTESIAN_POINT('',(-1.446849093755,3.012883489469,
    -3.446923534392));
#2865 = CARTESIAN_POINT('',(-2.330574777488,2.399262525653,
    -3.343148235103));
#2866 = CARTESIAN_POINT('',(-2.718055358636,1.998253846589,
    -3.290394081551));
#2867 = CARTESIAN_POINT('',(-3.020002991065,1.52386857049,
    -3.237755884292));
#2868 = CARTESIAN_POINT('',(-3.222198226102,0.999168984423,
    -3.18511802876));
#2869 = CARTESIAN_POINT('',(-3.31455199992,0.449199569677,
    -3.132355781124));
#2870 = CARTESIAN_POINT('',(-3.281925709294,-0.666121825897,
    -3.024721748053));
#2871 = CARTESIAN_POINT('',(-3.147160209332,-1.233592352559,
    -2.969630927233));
#2872 = CARTESIAN_POINT('',(-2.894471642743,-1.765112830605,
    -2.914680496894));
#2873 = CARTESIAN_POINT('',(-2.537628554137,-2.233121559479,
    -2.859746242205));
#2874 = CARTESIAN_POINT('',(-2.094821938535,-2.61275068139,
    -2.80466219504));
#2875 = CARTESIAN_POINT('',(-1.174746606935,-3.12116236264,
    -2.703263316423));
#2876 = CARTESIAN_POINT('',(-0.712186648418,-3.280500329703,
    -2.656770533169));
#2877 = CARTESIAN_POINT('',(-0.225517148444,-3.356513983725,
    -2.610355957889));
#2878 = CARTESIAN_POINT('',(0.266922298136,-3.346278581582,
    -2.563948482883));
#2879 = CARTESIAN_POINT('',(0.746616024649,-3.250271538667,
    -2.517460583039));
#2880 = CARTESIAN_POINT('',(1.809897521833,-2.837087074672,
    -2.407416466972));
#2881 = CARTESIAN_POINT('',(2.369825806598,-2.449798127743,
    -2.343555103904));
#2882 = CARTESIAN_POINT('',(2.823600168698,-1.932059376641,
    -2.280010145407));
#2883 = CARTESIAN_POINT('',(3.141819406778,-1.321553785367,
    -2.216460539049));
#2884 = CARTESIAN_POINT('',(3.3,-0.659397394152,-2.152609893996));
#2885 = CARTESIAN_POINT('',(3.3,2.6645352591E-15,-2.089004227148));
#2886 = B_SPLINE_SURFACE_WITH_KNOTS('',1,10,(
    (#2887,#2888,#2889,#2890,#2891,#2892,#2893,#2894,#2895,#2896,#2897
      ,#2898,#2899,#2900,#2901,#2902,#2903,#2904,#2905,#2906,#2907,#2908
      ,#2909,#2910,#2911,#2912,#2913,#2914,#2915,#2916,#2917,#2918,#2919
      ,#2920,#2921,#2922,#2923,#2924,#2925,#2926,#2927,#2928,#2929,#2930
      ,#2931,#2932,#2933,#2934,#2935,#2936,#2937,#2938,#2939,#2940,#2941
      ,#2942,#2943,#2944,#2945,#2946,#2947,#2948,#2949,#2950,#2951,#2952
      ,#2953,#2954,#2955,#2956,#2957,#2958,#2959,#2960,#2961,#2962,#2963
      ,#2964,#2965,#2966,#2967)
    ,(#2968,#2969,#2970,#2971,#2972,#2973,#2974,#2975,#2976,#2977,#2978
      ,#2979,#2980,#2981,#2982,#2983,#2984,#2985,#2986,#2987,#2988,#2989
      ,#2990,#2991,#2992,#2993,#2994,#2995,#2996,#2997,#2998,#2999,#3000
      ,#3001,#3002,#3003,#3004,#3005,#3006,#3007,#3008,#3009,#3010,#3011
      ,#3012,#3013,#3014,#3015,#3016,#3017,#3018,#3019,#3020,#3021,#3022
      ,#3023,#3024,#3025,#3026,#3027,#3028,#3029,#3030,#3031,#3032,#3033
      ,#3034,#3035,#3036,#3037,#3038,#3039,#3040,#3041,#3042,#3043,#3044
      ,#3045,#3046,#3047,#3048
    )),.UNSPECIFIED.,.F.,.F.,.F.,(2,2),(11,10,10,10,10,10,10,10,11),(0.,
    1.375908790582),(0.,5.975646310925,11.951292621849,17.926938932774,
    23.902585243698,29.878231554623,35.853877865547,41.829524176472,
    47.805170487396),.PIECEWISE_BEZIER_KNOTS.);
#2887 = CARTESIAN_POINT('',(2.95,-2.553512956638E-15,-8.25));
#2888 = CARTESIAN_POINT('',(2.950018271907,1.679787569796,
    -8.068758561863));
#2889 = CARTESIAN_POINT('',(1.887445045733,3.359957313384,
    -7.887479132386));
#2890 = CARTESIAN_POINT('',(-0.239849476021,4.280150919872,
    -7.706288650317));
#2891 = CARTESIAN_POINT('',(-2.805370821149,3.701958866729,
    -7.524966911821));
#2892 = CARTESIAN_POINT('',(-4.61683490048,1.400564459718,
    -7.343758805868));
#2893 = CARTESIAN_POINT('',(-4.389238121422,-1.519611979369,
    -7.162521311093));
#2894 = CARTESIAN_POINT('',(-2.577423433943,-3.425464013261,
    -6.981225425279));
#2895 = CARTESIAN_POINT('',(-0.297287040132,-3.8423589377,-6.80001506541
    ));
#2896 = CARTESIAN_POINT('',(1.519593624556,-3.035622828102,
    -6.618748819421));
#2897 = CARTESIAN_POINT('',(2.452835356292,-1.638932187408,-6.4375));
#2898 = CARTESIAN_POINT('',(3.386090520405,-0.242250019328,
    -6.256258561864));
#2899 = CARTESIAN_POINT('',(3.436045467947,1.745094120848,
    -6.074979132384));
#2900 = CARTESIAN_POINT('',(2.178496893078,3.692068655215,-5.89378865032
    ));
#2901 = CARTESIAN_POINT('',(-0.275882438808,4.636646824503,
    -5.712466911817));
#2902 = CARTESIAN_POINT('',(-3.060646001528,3.729502829789,
    -5.531258805869));
#2903 = CARTESIAN_POINT('',(-4.493769300593,1.175018862565,
    -5.350021311093));
#2904 = CARTESIAN_POINT('',(-4.046135103414,-1.416229497276,
    -5.168725425278));
#2905 = CARTESIAN_POINT('',(-2.381885390361,-3.029640866098,
    -4.987515065412));
#2906 = CARTESIAN_POINT('',(-0.423005760102,-3.368269120068,
    -4.80624881942));
#2907 = CARTESIAN_POINT('',(1.128916125477,-2.725444620908,-4.625));
#2908 = CARTESIAN_POINT('',(2.680844472535,-2.082634629097,
    -4.443758561863));
#2909 = CARTESIAN_POINT('',(3.826489740448,-0.457971849205,
    -4.262479132385));
#2910 = CARTESIAN_POINT('',(3.862557410193,1.859534866835,
    -4.081288650317));
#2911 = CARTESIAN_POINT('',(2.346595092279,4.008503008356,
    -3.899966911822));
#2912 = CARTESIAN_POINT('',(-0.472833388087,4.801372084239,
    -3.718758805863));
#2913 = CARTESIAN_POINT('',(-3.083627114868,3.473596935559,-3.5375213111
    ));
#2914 = CARTESIAN_POINT('',(-4.151053337566,1.070360431211,
    -3.356225425272));
#2915 = CARTESIAN_POINT('',(-3.663643604019,-1.19574969501,
    -3.175015065416));
#2916 = CARTESIAN_POINT('',(-2.223026495261,-2.565604010679,
    -2.993748819418));
#2917 = CARTESIAN_POINT('',(-0.575516449948,-2.893316577192,
    -2.812500000001));
#2918 = CARTESIAN_POINT('',(1.071990908042,-3.221044795909,
    -2.631258561859));
#2919 = CARTESIAN_POINT('',(2.927174413982,-2.506673472668,
    -2.449979132395));
#2920 = CARTESIAN_POINT('',(4.244701331647,-0.599775185624,
    -2.268788650304));
#2921 = CARTESIAN_POINT('',(4.178127461987,2.029250060044,
    -2.087466911831));
#2922 = CARTESIAN_POINT('',(2.274352813808,4.254887140991,
    -1.906258805864));
#2923 = CARTESIAN_POINT('',(-0.634115182796,4.601361732081,
    -1.72502131109));
#2924 = CARTESIAN_POINT('',(-2.856814315051,3.196173842767,
    -1.543725425285));
#2925 = CARTESIAN_POINT('',(-3.710531263731,1.04118179548,
    -1.362515065406));
#2926 = CARTESIAN_POINT('',(-3.273752196208,-0.898174424107,
    -1.181248819422));
#2927 = CARTESIAN_POINT('',(-2.0859650045,-2.0859650045,-1.));
#2928 = CARTESIAN_POINT('',(-0.898188235566,-3.273766981318,
    -0.818758318177));
#2929 = CARTESIAN_POINT('',(1.041221234096,-3.71047432726,
    -0.637480176967));
#2930 = CARTESIAN_POINT('',(3.19612854999,-2.856923165961,
    -0.456285952571));
#2931 = CARTESIAN_POINT('',(4.601366309472,-0.633986105839,
    -0.274972020242));
#2932 = CARTESIAN_POINT('',(4.254959693855,2.274250527923,
    -9.375121967522E-02));
#2933 = CARTESIAN_POINT('',(2.029113143131,4.178183308329,
    8.746958547587E-02));
#2934 = CARTESIAN_POINT('',(-0.599636623923,4.244687003653,
    0.268783514459));
#2935 = CARTESIAN_POINT('',(-2.506759362812,2.927168054574,
    0.449977740598));
#2936 = CARTESIAN_POINT('',(-3.221014652605,1.071996940117,
    0.631255881198));
#2937 = CARTESIAN_POINT('',(-2.893321652878,-0.575517699223,
    0.812497563144));
#2938 = CARTESIAN_POINT('',(-2.565614409256,-2.223028527468,
    0.993746138755));
#2939 = CARTESIAN_POINT('',(-1.19569814844,-3.663622625571,
    1.175013673624));
#2940 = CARTESIAN_POINT('',(1.07027547726,-4.151112125568,1.356220289421
    ));
#2941 = CARTESIAN_POINT('',(3.473663793469,-3.083530735228,
    1.537523984747));
#2942 = CARTESIAN_POINT('',(4.801376085059,-0.472949309788,1.71874878033
    ));
#2943 = CARTESIAN_POINT('',(4.008427911013,2.346708320928,1.899973580476
    ));
#2944 = CARTESIAN_POINT('',(1.85962970709,3.862476433476,2.081277272478)
  );
#2945 = CARTESIAN_POINT('',(-0.4580344652,3.826526377004,2.26248389));
#2946 = CARTESIAN_POINT('',(-2.082615186635,2.680836302034,
    2.443751424269));
#2947 = CARTESIAN_POINT('',(-2.725444620912,1.128916125478,
    2.624999999998));
#2948 = CARTESIAN_POINT('',(-3.368288374791,-0.422998236874,
    2.806241438144));
#2949 = CARTESIAN_POINT('',(-3.0295718438,-2.381901843428,2.9875208676)
  );
#2950 = CARTESIAN_POINT('',(-1.416350823254,-4.046130251701,
    3.168711349704));
#2951 = CARTESIAN_POINT('',(1.175146357156,-4.493732962009,3.35003308816
    ));
#2952 = CARTESIAN_POINT('',(3.729426454841,-3.060739064729,
    3.531241194142));
#2953 = CARTESIAN_POINT('',(4.636657591842,-0.275750304638,
    3.712478688906));
#2954 = CARTESIAN_POINT('',(3.692097083261,2.178378844828,3.893774574718
    ));
#2955 = CARTESIAN_POINT('',(1.74506451832,3.436109954195,4.074984934591)
  );
#2956 = CARTESIAN_POINT('',(-0.242238884236,3.386073103349,4.25625118058
    ));
#2957 = CARTESIAN_POINT('',(-1.63893218741,2.452835356295,4.437499999998
    ));
#2958 = CARTESIAN_POINT('',(-3.035634634633,1.519610055056,
    4.618741681829));
#2959 = CARTESIAN_POINT('',(-3.842310789346,-0.297336828686,
    4.800019823021));
#2960 = CARTESIAN_POINT('',(-3.425561936445,-2.577357775715,
    4.981214047444));
#2961 = CARTESIAN_POINT('',(-1.51948627559,-4.389267792503,
    5.162527979748));
#2962 = CARTESIAN_POINT('',(1.400449984853,-4.616886104291,5.34374878032
    ));
#2963 = CARTESIAN_POINT('',(3.702040351179,-2.805247430132,
    5.524969585493));
#2964 = CARTESIAN_POINT('',(4.280109835128,-0.239982580041,
    5.706283514438));
#2965 = CARTESIAN_POINT('',(3.359967832512,1.887530526173,5.887477740614
    ));
#2966 = CARTESIAN_POINT('',(1.679787605298,2.949987531004,6.06875588119)
  );
#2967 = CARTESIAN_POINT('',(-2.350533636005E-07,2.950005221877,
    6.249997563146));
#2968 = CARTESIAN_POINT('',(4.2,-2.22044604925E-15,-7.675));
#2969 = CARTESIAN_POINT('',(4.200004226816,2.391496411817,
    -7.493727983777));
#2970 = CARTESIAN_POINT('',(2.6872251006,4.783914498794,-7.312553659327)
  );
#2971 = CARTESIAN_POINT('',(-0.341404327307,6.093297484508,
    -7.13115061444));
#2972 = CARTESIAN_POINT('',(-3.994360863789,5.271072738569,
    -6.950085081621));
#2973 = CARTESIAN_POINT('',(-6.572628592109,1.993798274115,
    -6.768727359691));
#2974 = CARTESIAN_POINT('',(-6.249630282525,-2.163613844728,
    -6.587445196642));
#2975 = CARTESIAN_POINT('',(-3.669140804887,-4.876696871426,
    -6.406313194428));
#2976 = CARTESIAN_POINT('',(-0.423442118378,-5.470631099421,
    -6.224961259371));
#2977 = CARTESIAN_POINT('',(2.163526326902,-4.321852623983,
    -6.043753035974));
#2978 = CARTESIAN_POINT('',(3.492172371671,-2.333394978682,
    -5.862500000001));
#2979 = CARTESIAN_POINT('',(4.820820104919,-0.344940732619,
    -5.681227983775));
#2980 = CARTESIAN_POINT('',(4.892146505403,2.484737258284,
    -5.500053659332));
#2981 = CARTESIAN_POINT('',(3.101387379668,5.256065778765,
    -5.318650614433));
#2982 = CARTESIAN_POINT('',(-0.392738569191,6.601884802213,
    -5.137585081628));
#2983 = CARTESIAN_POINT('',(-4.357245975536,5.309339476464,
    -4.956227359687));
#2984 = CARTESIAN_POINT('',(-6.398417115933,1.673129387693,
    -4.774945196643));
#2985 = CARTESIAN_POINT('',(-5.760126699742,-2.016359845044,
    -4.593813194429));
#2986 = CARTESIAN_POINT('',(-3.391399048672,-4.313411682911,
    -4.41246125937));
#2987 = CARTESIAN_POINT('',(-0.602186273147,-4.795479951272,
    -4.231253035975));
#2988 = CARTESIAN_POINT('',(1.607270415933,-3.880294036547,
    -4.050000000001));
#2989 = CARTESIAN_POINT('',(3.816726620418,-2.965111886253,
    -3.868727983776));
#2990 = CARTESIAN_POINT('',(5.448117215755,-0.651947449154,
    -3.687553659328));
#2991 = CARTESIAN_POINT('',(5.498823051641,2.6472204661,-3.506150614441)
  );
#2992 = CARTESIAN_POINT('',(3.341260492083,5.707460455363,
    -3.325085081616));
#2993 = CARTESIAN_POINT('',(-0.673206651878,6.835310598028,
    -3.143727359703));
#2994 = CARTESIAN_POINT('',(-4.390548514933,4.945926331374,
    -2.962445196624));
#2995 = CARTESIAN_POINT('',(-5.909599822816,1.523612994176,
    -2.781313194446));
#2996 = CARTESIAN_POINT('',(-5.216248385945,-1.702310379958,
    -2.599961259357));
#2997 = CARTESIAN_POINT('',(-3.164925501036,-3.652739087795,
    -2.418753035982));
#2998 = CARTESIAN_POINT('',(-0.819379352468,-4.119298177694,
    -2.237499999997));
#2999 = CARTESIAN_POINT('',(1.52616430177,-4.585860128372,
    -2.056227983786));
#3000 = CARTESIAN_POINT('',(4.167741312917,-3.568886243869,
    -1.875053659311));
#3001 = CARTESIAN_POINT('',(6.042821162078,-0.853899029502,
    -1.69365061446));
#3002 = CARTESIAN_POINT('',(5.949051701087,2.889275061886,
    -1.512585081603));
#3003 = CARTESIAN_POINT('',(3.237744227871,6.057366629362,
    -1.331227359701));
#3004 = CARTESIAN_POINT('',(-0.902798227083,6.551645510755,
    -1.149945196639));
#3005 = CARTESIAN_POINT('',(-4.06717864734,4.550035656178,
    -0.968813194425));
#3006 = CARTESIAN_POINT('',(-5.282904997595,1.482572979627,
    -0.787461259375));
#3007 = CARTESIAN_POINT('',(-4.660892485481,-1.278803155071,
    -0.606253035972));
#3008 = CARTESIAN_POINT('',(-2.969848480983,-2.969848480984,-0.425));
#3009 = CARTESIAN_POINT('',(-1.278808008522,-4.660894835284,
    -0.243728610401));
#3010 = CARTESIAN_POINT('',(1.482582728709,-5.282893321701,
    -6.255097323946E-02));
#3011 = CARTESIAN_POINT('',(4.55002273953,-4.067203049248,0.118842448443
    ));
#3012 = CARTESIAN_POINT('',(6.551648178562,-0.90277087985,0.299928054425
    ));
#3013 = CARTESIAN_POINT('',(6.057382614911,3.237720862253,0.481253132803
    ));
#3014 = CARTESIAN_POINT('',(2.889245026487,5.949063300762,0.662578212365
    ));
#3015 = CARTESIAN_POINT('',(-0.853866266789,6.042818469091,
    0.843663817491));
#3016 = CARTESIAN_POINT('',(-3.568905430381,4.167740189465,
    1.025057239611));
#3017 = CARTESIAN_POINT('',(-4.585852902151,1.526166475679,
    1.206234876624));
#3018 = CARTESIAN_POINT('',(-4.119299490615,-0.819378997355,
    1.387506266252));
#3019 = CARTESIAN_POINT('',(-3.652741985627,-3.164925340927,
    1.568759928822));
#3020 = CARTESIAN_POINT('',(-1.702299279685,-5.216243484978,
    1.749964839654));
#3021 = CARTESIAN_POINT('',(1.5235925238,-5.909613104527,1.931326397477)
  );
#3022 = CARTESIAN_POINT('',(4.94594071305,-4.390528080145,2.112438327396
    ));
#3023 = CARTESIAN_POINT('',(6.835312211291,-0.673232876332,
    2.293753132783));
#3024 = CARTESIAN_POINT('',(5.707442515077,3.341283740125,2.475067939432
    ));
#3025 = CARTESIAN_POINT('',(2.647244383624,5.498805976492,2.656179868426
    ));
#3026 = CARTESIAN_POINT('',(-0.651961948808,5.448124068285,
    2.837541426739));
#3027 = CARTESIAN_POINT('',(-2.965106264016,3.816726354355,
    3.018746337388));
#3028 = CARTESIAN_POINT('',(-3.880294036548,1.607270415934,
    3.200000000005));
#3029 = CARTESIAN_POINT('',(-4.795483996977,-0.602182553489,
    3.381272016207));
#3030 = CARTESIAN_POINT('',(-4.313397090237,-3.39140416568,
    3.562446340702));
#3031 = CARTESIAN_POINT('',(-2.016387525483,-5.760122611243,
    3.74384938552));
#3032 = CARTESIAN_POINT('',(1.673156039681,-6.398411942997,3.92491491842
    ));
#3033 = CARTESIAN_POINT('',(5.309323464059,-4.357265486701,
    4.106272640275));
#3034 = CARTESIAN_POINT('',(6.601884676209,-0.392711420129,
    4.287554803383));
#3035 = CARTESIAN_POINT('',(5.256075188893,3.10136102873,4.468686805556)
  );
#3036 = CARTESIAN_POINT('',(2.484729392704,4.892159819405,4.650038740639
    ));
#3037 = CARTESIAN_POINT('',(-0.344936295152,4.820816862619,
    4.831246964019));
#3038 = CARTESIAN_POINT('',(-2.333394978683,3.492172371672,
    5.012500000004));
#3039 = CARTESIAN_POINT('',(-4.321853981774,2.163531545517,
    5.193771389586));
#3040 = CARTESIAN_POINT('',(-5.470621549823,-0.423453957986,
    5.374949026782));
#3041 = CARTESIAN_POINT('',(-4.876718284554,-3.669123375852,
    5.556342448415));
#3042 = CARTESIAN_POINT('',(-2.163587543416,-6.249638234259,
    5.737428054448));
#3043 = CARTESIAN_POINT('',(1.993772238824,-6.572639712082,
    5.918753132794));
#3044 = CARTESIAN_POINT('',(5.271089974982,-3.99433366851,6.100078212357
    ));
#3045 = CARTESIAN_POINT('',(6.093288451577,-0.341435935108,
    6.281163817511));
#3046 = CARTESIAN_POINT('',(4.78391714003,2.687244137618,6.46255723959)
  );
#3047 = CARTESIAN_POINT('',(2.391497134191,4.199996715337,6.643734876638
    ));
#3048 = CARTESIAN_POINT('',(6.044266167714E-07,4.200001218414,
    6.825006266246));
#3049 = ADVANCED_FACE('',(#3050),#3137,.F.);
#3050 = FACE_BOUND('',#3051,.F.);
#3051 = EDGE_LOOP('',(#3052,#3129,#3130,#3131));
#3052 = ORIENTED_EDGE('',*,*,#3053,.T.);
#3053 = EDGE_CURVE('',#3054,#2442,#3056,.T.);
#3054 = VERTEX_POINT('',#3055);
#3055 = CARTESIAN_POINT('',(3.3,-8.082668874373E-16,1.088996364635));
#3056 = B_SPLINE_CURVE_WITH_KNOTS('',8,(#3057,#3058,#3059,#3060,#3061,
    #3062,#3063,#3064,#3065,#3066,#3067,#3068,#3069,#3070,#3071,#3072,
    #3073,#3074,#3075,#3076,#3077,#3078,#3079,#3080,#3081,#3082,#3083,
    #3084,#3085,#3086,#3087,#3088,#3089,#3090,#3091,#3092,#3093,#3094,
    #3095,#3096,#3097,#3098,#3099,#3100,#3101,#3102,#3103,#3104,#3105,
    #3106,#3107,#3108,#3109,#3110,#3111,#3112,#3113,#3114,#3115,#3116,
    #3117,#3118,#3119,#3120,#3121,#3122,#3123,#3124,#3125,#3126,#3127,
    #3128),.UNSPECIFIED.,.F.,.F.,(9,7,7,7,7,7,7,7,7,7,9),(0.,
    0.1620197733,0.292209144975,0.391958699116,0.488492342737,
    0.538690422126,0.597339566215,0.69439385109,0.800760461347,
    0.900840182793,1.),.UNSPECIFIED.);
#3057 = CARTESIAN_POINT('',(3.3,-2.6645352591E-15,1.088996364635));
#3058 = CARTESIAN_POINT('',(3.3,0.419834851387,1.129492430803));
#3059 = CARTESIAN_POINT('',(3.238956766194,0.840296674037,1.170049719039
    ));
#3060 = CARTESIAN_POINT('',(3.116554872127,1.250013007956,1.210571013624
    ));
#3061 = CARTESIAN_POINT('',(2.935391703434,1.638710893024,1.251070880398
    ));
#3062 = CARTESIAN_POINT('',(2.699592811674,1.996912467587,1.29156992822)
  );
#3063 = CARTESIAN_POINT('',(2.415057903586,2.316135984087,1.332090431974
    ));
#3064 = CARTESIAN_POINT('',(2.089153552795,2.588761161906,1.372649198584
    ));
#3065 = CARTESIAN_POINT('',(1.444634188598,2.986106255111,1.445682781875
    ));
#3066 = CARTESIAN_POINT('',(1.136593033794,3.12971473786,1.478245132475)
  );
#3067 = CARTESIAN_POINT('',(0.812490878951,3.236812364684,1.510796930705
    ));
#3068 = CARTESIAN_POINT('',(0.477433453505,3.305439331256,1.54334015199)
  );
#3069 = CARTESIAN_POINT('',(0.136657950212,3.334425951514,1.575882993635
    ));
#3070 = CARTESIAN_POINT('',(-0.204485125018,3.323420099823,
    1.608433349603));
#3071 = CARTESIAN_POINT('',(-0.54056037813,3.272858637766,1.640994034347
    ));
#3072 = CARTESIAN_POINT('',(-1.115507950455,3.116480874995,
    1.698465272916));
#3073 = CARTESIAN_POINT('',(-1.358912163412,3.026299484238,
    1.723402081245));
#3074 = CARTESIAN_POINT('',(-1.593880068529,2.914415222611,
    1.748336086707));
#3075 = CARTESIAN_POINT('',(-1.818162960638,2.781776394454,
    1.773266738485));
#3076 = CARTESIAN_POINT('',(-2.029666053094,2.629586163263,
    1.798197374681));
#3077 = CARTESIAN_POINT('',(-2.22644776913,2.459280407766,1.82313149833)
  );
#3078 = CARTESIAN_POINT('',(-2.406738843618,2.272536425744,
    1.848068965712));
#3079 = CARTESIAN_POINT('',(-2.725992956698,1.876575974839,
    1.897131368094));
#3080 = CARTESIAN_POINT('',(-2.866166583712,1.668196858672,
    1.921266437689));
#3081 = CARTESIAN_POINT('',(-2.988068772836,1.44792955708,1.945400538596
    ));
#3082 = CARTESIAN_POINT('',(-3.090544457822,1.217658481587,
    1.969532851548));
#3083 = CARTESIAN_POINT('',(-3.172677882351,0.979372500837,
    1.993665216075));
#3084 = CARTESIAN_POINT('',(-3.23378194377,0.735150616321,2.017799181413
    ));
#3085 = CARTESIAN_POINT('',(-3.273415847822,0.487158848249,
    2.041933387386));
#3086 = CARTESIAN_POINT('',(-3.300799101316,0.107916551694,
    2.078607923083));
#3087 = CARTESIAN_POINT('',(-3.304322621009,-2.225072564539E-02,
    2.091154673314));
#3088 = CARTESIAN_POINT('',(-3.301978701321,-0.1525339556,2.103700520042
    ));
#3089 = CARTESIAN_POINT('',(-3.293764643991,-0.282623994238,
    2.116247315011));
#3090 = CARTESIAN_POINT('',(-3.279696924437,-0.412212898408,
    2.12879367594));
#3091 = CARTESIAN_POINT('',(-3.259811363073,-0.540993436498,
    2.141339204636));
#3092 = CARTESIAN_POINT('',(-3.234163763915,-0.668659269504,
    2.153887275408));
#3093 = CARTESIAN_POINT('',(-3.166221616425,-0.94241073616,
    2.181094438917));
#3094 = CARTESIAN_POINT('',(-3.121847053737,-1.087996488847,
    2.195755622004));
#3095 = CARTESIAN_POINT('',(-3.069824934519,-1.231180612074,
    2.21041729185));
#3096 = CARTESIAN_POINT('',(-3.01030947831,-1.371493329683,
    2.225078993061));
#3097 = CARTESIAN_POINT('',(-2.94348836022,-1.50847908018,2.239740572794
    ));
#3098 = CARTESIAN_POINT('',(-2.869581809108,-1.641696803893,
    2.254401963417));
#3099 = CARTESIAN_POINT('',(-2.788843201554,-1.770720934262,
    2.269062901573));
#3100 = CARTESIAN_POINT('',(-2.557124313423,-2.101040448658,2.3079818458
    ));
#3101 = CARTESIAN_POINT('',(-2.394720893531,-2.294403110787,
    2.332245539837));
#3102 = CARTESIAN_POINT('',(-2.215661788999,-2.47333436708,
    2.356506648973));
#3103 = CARTESIAN_POINT('',(-2.021464750283,-2.636175721167,
    2.380765098268));
#3104 = CARTESIAN_POINT('',(-1.813817336704,-2.781475330166,
    2.405024036722));
#3105 = CARTESIAN_POINT('',(-1.594559168034,-2.907981143706,
    2.429286370208));
#3106 = CARTESIAN_POINT('',(-1.365683472218,-3.014658744687,
    2.453551545273));
#3107 = CARTESIAN_POINT('',(-0.870357031388,-3.195067919753,
    2.504401460655));
#3108 = CARTESIAN_POINT('',(-0.602278000895,-3.264703424744,
    2.530998391083));
#3109 = CARTESIAN_POINT('',(-0.327978447018,-3.308574561598,
    2.557592545696));
#3110 = CARTESIAN_POINT('',(-5.035537628782E-02,-3.32607672713,
    2.584182652801));
#3111 = CARTESIAN_POINT('',(0.22767138653,-3.316987172326,2.61077237025)
  );
#3112 = CARTESIAN_POINT('',(0.503175448134,-3.281439195382,
    2.637365501297));
#3113 = CARTESIAN_POINT('',(0.773239767044,-3.219949915588,
    2.663961054488));
#3114 = CARTESIAN_POINT('',(1.28123480185,-3.052162939919,2.715563787932
    ));
#3115 = CARTESIAN_POINT('',(1.520250673052,-2.948685879608,
    2.740584772962));
#3116 = CARTESIAN_POINT('',(1.74960998429,-2.823847305623,2.765603034515
    ));
#3117 = CARTESIAN_POINT('',(1.967096316805,-2.678726206817,
    2.790618092617));
#3118 = CARTESIAN_POINT('',(2.170662888567,-2.514650966319,
    2.815633222487));
#3119 = CARTESIAN_POINT('',(2.35843063004,-2.333176926925,2.840651678374
    ));
#3120 = CARTESIAN_POINT('',(2.528708154166,-2.136094257948,
    2.865672974169));
#3121 = CARTESIAN_POINT('',(2.8299681464,-1.716774022786,2.915475525265)
  );
#3122 = CARTESIAN_POINT('',(2.96136138919,-1.494695311874,2.940267199135
    ));
#3123 = CARTESIAN_POINT('',(3.072767876101,-1.261215712,2.965056889578)
  );
#3124 = CARTESIAN_POINT('',(3.163059845942,-1.018447242063,
    2.989843997569));
#3125 = CARTESIAN_POINT('',(3.231380833988,-0.768602570803,
    3.014631269055));
#3126 = CARTESIAN_POINT('',(3.277133257229,-0.513979755408,
    3.039421338153));
#3127 = CARTESIAN_POINT('',(3.3,-0.256957366573,3.064213222415));
#3128 = CARTESIAN_POINT('',(3.3,1.7763568394E-15,3.088998770145));
#3129 = ORIENTED_EDGE('',*,*,#2468,.F.);
#3130 = ORIENTED_EDGE('',*,*,#2730,.F.);
#3131 = ORIENTED_EDGE('',*,*,#3132,.F.);
#3132 = EDGE_CURVE('',#3054,#2731,#3133,.T.);
#3133 = LINE('',#3134,#3135);
#3134 = CARTESIAN_POINT('',(3.3,-8.082668874373E-16,-5.5));
#3135 = VECTOR('',#3136,1.);
#3136 = DIRECTION('',(0.,0.,1.));
#3137 = CYLINDRICAL_SURFACE('',#3138,3.3);
#3138 = AXIS2_PLACEMENT_3D('',#3139,#3140,#3141);
#3139 = CARTESIAN_POINT('',(0.,0.,-5.5));
#3140 = DIRECTION('',(0.,0.,1.));
#3141 = DIRECTION('',(1.,0.,-0.));
#3142 = ADVANCED_FACE('',(#3143),#3468,.T.);
#3143 = FACE_BOUND('',#3144,.T.);
#3144 = EDGE_LOOP('',(#3145,#3231,#3258,#3321,#3391,#3466,#3467));
#3145 = ORIENTED_EDGE('',*,*,#3146,.F.);
#3146 = EDGE_CURVE('',#3147,#2415,#3149,.T.);
#3147 = VERTEX_POINT('',#3148);
#3148 = CARTESIAN_POINT('',(-3.581055230408,2.194540169044,-4.5));
#3149 = B_SPLINE_CURVE_WITH_KNOTS('',10,(#3150,#3151,#3152,#3153,#3154,
    #3155,#3156,#3157,#3158,#3159,#3160,#3161,#3162,#3163,#3164,#3165,
    #3166,#3167,#3168,#3169,#3170,#3171,#3172,#3173,#3174,#3175,#3176,
    #3177,#3178,#3179,#3180,#3181,#3182,#3183,#3184,#3185,#3186,#3187,
    #3188,#3189,#3190,#3191,#3192,#3193,#3194,#3195,#3196,#3197,#3198,
    #3199,#3200,#3201,#3202,#3203,#3204,#3205,#3206,#3207,#3208,#3209,
    #3210,#3211,#3212,#3213,#3214,#3215,#3216,#3217,#3218,#3219,#3220,
    #3221,#3222,#3223,#3224,#3225,#3226,#3227,#3228,#3229,#3230),
  .UNSPECIFIED.,.F.,.F.,(11,10,10,10,10,10,10,10,11),(0.,5.975646310925,
    11.951292621849,17.926938932774,23.902585243698,29.878231554623,
    35.853877865547,41.829524176472,47.805170487396),
  .PIECEWISE_BEZIER_KNOTS.);
#3150 = CARTESIAN_POINT('',(4.2,-8.881784197001E-16,-7.325));
#3151 = CARTESIAN_POINT('',(4.19999570602,2.391495853461,-7.143727983778
    ));
#3152 = CARTESIAN_POINT('',(2.687244625188,4.783915290621,
    -6.962553659369));
#3153 = CARTESIAN_POINT('',(-0.341436453306,6.093286926139,
    -6.781150614279));
#3154 = CARTESIAN_POINT('',(-3.994328922535,5.271088655277,
    -6.600085081999));
#3155 = CARTESIAN_POINT('',(-6.572641718295,1.993773148571,
    -6.418727359133));
#3156 = CARTESIAN_POINT('',(-6.249631693289,-2.163586666917,
    -6.237445197208));
#3157 = CARTESIAN_POINT('',(-3.669127961611,-4.876715702835,
    -6.056313194047));
#3158 = CARTESIAN_POINT('',(-0.423450640433,-5.470620416206,
    -5.874961259538));
#3159 = CARTESIAN_POINT('',(2.163527693997,-4.321852703094,
    -5.69375303594));
#3160 = CARTESIAN_POINT('',(3.492172371671,-2.333394978682,
    -5.512500000001));
#3161 = CARTESIAN_POINT('',(4.82081270993,-0.344936462974,
    -5.331227983775));
#3162 = CARTESIAN_POINT('',(4.892163179421,2.484727069383,
    -5.150053659374));
#3163 = CARTESIAN_POINT('',(3.101354801959,5.256074848054,
    -4.968650614272));
#3164 = CARTESIAN_POINT('',(-0.392703168158,6.601880290857,
    -4.787585082005));
#3165 = CARTESIAN_POINT('',(-4.357270848564,5.309325877859,
    -4.606227359129));
#3166 = CARTESIAN_POINT('',(-6.398403189758,1.673152768993,
    -4.424945197209));
#3167 = CARTESIAN_POINT('',(-5.760126483118,-2.016382638129,
    -4.243813194048));
#3168 = CARTESIAN_POINT('',(-3.391400199226,-4.313398065542,
    -4.062461259536));
#3169 = CARTESIAN_POINT('',(-0.6021851804,-4.795480776569,
    -3.881253035941));
#3170 = CARTESIAN_POINT('',(1.607270415933,-3.880294036547,
    -3.700000000001));
#3171 = CARTESIAN_POINT('',(3.816722843797,-2.965104227738,
    -3.518727983777));
#3172 = CARTESIAN_POINT('',(5.448125419044,-0.651965184503,
    -3.33755365937));
#3173 = CARTESIAN_POINT('',(5.498801002893,2.64724610614,-3.15615061428)
  );
#3174 = CARTESIAN_POINT('',(3.341287420591,5.707437036555,
    -2.975085081992));
#3175 = CARTESIAN_POINT('',(-0.673234888026,6.835313109908,
    -2.793727359146));
#3176 = CARTESIAN_POINT('',(-4.390523945786,4.945938035255,
    -2.612445197191));
#3177 = CARTESIAN_POINT('',(-5.90961230586,1.523593922062,
    -2.431313194065));
#3178 = CARTESIAN_POINT('',(-5.21624177719,-1.702298418311,
    -2.249961259523));
#3179 = CARTESIAN_POINT('',(-3.164925050962,-3.652740381104,
    -2.068753035949));
#3180 = CARTESIAN_POINT('',(-0.819379352468,-4.119298177693,
    -1.887499999997));
#3181 = CARTESIAN_POINT('',(1.526165416466,-4.585851662375,
    -1.706227983787));
#3182 = CARTESIAN_POINT('',(4.167738280475,-3.568905547768,
    -1.525053659352));
#3183 = CARTESIAN_POINT('',(6.042817074048,-0.853865460967,-1.3436506143
    ));
#3184 = CARTESIAN_POINT('',(5.949061080543,2.889240629183,-1.16258508198
    ));
#3185 = CARTESIAN_POINT('',(3.237722145887,6.057384405083,
    -0.981227359144));
#3186 = CARTESIAN_POINT('',(-0.902771296252,6.551641592278,
    -0.799945197206));
#3187 = CARTESIAN_POINT('',(-4.067199622509,4.550026733512,
    -0.618813194044));
#3188 = CARTESIAN_POINT('',(-5.282892857086,1.482579253739,
    -0.437461259541));
#3189 = CARTESIAN_POINT('',(-4.660892829779,-1.278804480464,
    -0.256253035939));
#3190 = CARTESIAN_POINT('',(-2.969848480984,-2.969848480984,
    -7.500000000025E-02));
#3191 = CARTESIAN_POINT('',(-1.278802617232,-4.660888462895,
    0.106271389599));
#3192 = CARTESIAN_POINT('',(1.482570507164,-5.282907483787,
    0.287449026715));
#3193 = CARTESIAN_POINT('',(4.550035344219,-4.067173393149,
    0.468842448612));
#3194 = CARTESIAN_POINT('',(6.551641857797,-0.902803723929,
    0.649928054031));
#3195 = CARTESIAN_POINT('',(6.057366689604,3.237746430308,0.831253133386
    ));
#3196 = CARTESIAN_POINT('',(2.889274170238,5.949046856711,1.012578211768
    ));
#3197 = CARTESIAN_POINT('',(-0.853897432201,6.042820959273,
    1.193663817903));
#3198 = CARTESIAN_POINT('',(-3.568884794392,4.167740064781,1.37505723942
    ));
#3199 = CARTESIAN_POINT('',(-4.585858535105,1.526164647886,
    1.556234876673));
#3200 = CARTESIAN_POINT('',(-4.119297100565,-0.819378521945,
    1.737506266244));
#3201 = CARTESIAN_POINT('',(-3.652738347817,-3.164924048025,
    1.918759928838));
#3202 = CARTESIAN_POINT('',(-1.702311218823,-5.216246667163,
    2.099964839588));
#3203 = CARTESIAN_POINT('',(1.523613204643,-5.909598225628,
    2.281326397668));
#3204 = CARTESIAN_POINT('',(4.945921419312,-4.390548146447,
    2.462438326988));
#3205 = CARTESIAN_POINT('',(6.835312743024,-0.673207152776,
    2.643753133366));
#3206 = CARTESIAN_POINT('',(5.707454211172,3.34125835636,2.825067938849)
  );
#3207 = CARTESIAN_POINT('',(2.647225467363,5.498821414158,3.006179868816
    ));
#3208 = CARTESIAN_POINT('',(-0.651950481785,5.448115456701,
    3.187541426569));
#3209 = CARTESIAN_POINT('',(-2.965107859286,3.816726117701,
    3.368746337422));
#3210 = CARTESIAN_POINT('',(-3.880294036546,1.607270415934,
    3.550000000005));
#3211 = CARTESIAN_POINT('',(-4.79547591112,-0.602185298399,
    3.731272016207));
#3212 = CARTESIAN_POINT('',(-4.313415431613,-3.391397425505,
    3.91244634066));
#3213 = CARTESIAN_POINT('',(-2.016353804428,-5.760125150652,
    4.093849385681));
#3214 = CARTESIAN_POINT('',(1.673120438756,-6.398414424755,
    4.274914918043));
#3215 = CARTESIAN_POINT('',(5.309345206204,-4.357247296874,
    4.456272640832));
#3216 = CARTESIAN_POINT('',(6.601875579081,-0.392737069046,
    4.637554802817));
#3217 = CARTESIAN_POINT('',(5.256070529726,3.101383341601,4.818686805937
    ));
#3218 = CARTESIAN_POINT('',(2.484733177766,4.892146688148,5.000038740472
    ));
#3219 = CARTESIAN_POINT('',(-0.34493752791,4.820817458875,5.181246964052
    ));
#3220 = CARTESIAN_POINT('',(-2.333394978681,3.49217237167,5.362500000004
    ));
#3221 = CARTESIAN_POINT('',(-4.32184878362,2.163525014632,5.543771389586
    ));
#3222 = CARTESIAN_POINT('',(-5.47063305548,-0.423439208398,
    5.724949026737));
#3223 = CARTESIAN_POINT('',(-4.87669165734,-3.66914152395,5.906342448586
    ));
#3224 = CARTESIAN_POINT('',(-2.163618523297,-6.249625627395,
    6.087428054053));
#3225 = CARTESIAN_POINT('',(1.993800422487,-6.572629080853,
    6.268753133378));
#3226 = CARTESIAN_POINT('',(5.271068161217,-3.994359044189,
    6.450078211759));
#3227 = CARTESIAN_POINT('',(6.093296973992,-0.341405854354,
    6.631163817923));
#3228 = CARTESIAN_POINT('',(4.783912991855,2.687223922479,6.812557239399
    ));
#3229 = CARTESIAN_POINT('',(2.391496440455,4.200002596635,6.993734876688
    ));
#3230 = CARTESIAN_POINT('',(6.044259990433E-07,4.199998781542,
    7.175006266238));
#3231 = ORIENTED_EDGE('',*,*,#3232,.F.);
#3232 = EDGE_CURVE('',#3233,#3147,#3235,.T.);
#3233 = VERTEX_POINT('',#3234);
#3234 = CARTESIAN_POINT('',(0.910727261514,3.171841096644,-4.5));
#3235 = B_SPLINE_CURVE_WITH_KNOTS('',6,(#3236,#3237,#3238,#3239,#3240,
    #3241,#3242,#3243,#3244,#3245,#3246,#3247,#3248,#3249,#3250,#3251,
    #3252,#3253,#3254,#3255,#3256,#3257),.UNSPECIFIED.,.F.,.F.,(7,5,5,5,
    7),(0.,0.209759188764,0.429236563583,0.692725922926,1.),
  .UNSPECIFIED.);
#3236 = CARTESIAN_POINT('',(0.910771506632,3.171817681631,-4.5));
#3237 = CARTESIAN_POINT('',(0.759610742442,3.251730127245,-4.5));
#3238 = CARTESIAN_POINT('',(0.603142925174,3.322182664191,-4.5));
#3239 = CARTESIAN_POINT('',(0.442197960144,3.382867712065,-4.5));
#3240 = CARTESIAN_POINT('',(0.27760002461,3.433578193538,-4.5));
#3241 = CARTESIAN_POINT('',(0.11016221971,3.474196488496,-4.5));
#3242 = CARTESIAN_POINT('',(-0.236651864107,3.536582752188,-4.5));
#3243 = CARTESIAN_POINT('',(-0.416226443835,3.557391013349,-4.5));
#3244 = CARTESIAN_POINT('',(-0.597131873241,3.567064674491,-4.5));
#3245 = CARTESIAN_POINT('',(-0.778492903145,3.565655915475,-4.5));
#3246 = CARTESIAN_POINT('',(-0.959471404495,3.553300811451,-4.5));
#3247 = CARTESIAN_POINT('',(-1.355119566799,3.502483379622,-4.5));
#3248 = CARTESIAN_POINT('',(-1.569274860732,3.459281442351,-4.5));
#3249 = CARTESIAN_POINT('',(-1.780352867545,3.400963937346,-4.5));
#3250 = CARTESIAN_POINT('',(-1.987083390716,3.328036134883,-4.5));
#3251 = CARTESIAN_POINT('',(-2.188303429173,3.241124023018,-4.5));
#3252 = CARTESIAN_POINT('',(-2.60994899875,3.024134027791,-4.5));
#3253 = CARTESIAN_POINT('',(-2.828022566908,2.889277076288,-4.5));
#3254 = CARTESIAN_POINT('',(-3.035495980172,2.73752827289,-4.5));
#3255 = CARTESIAN_POINT('',(-3.230938551679,2.570196859238,-4.5));
#3256 = CARTESIAN_POINT('',(-3.413129141457,2.388696337984,-4.5));
#3257 = CARTESIAN_POINT('',(-3.581055230408,2.194540169044,-4.5));
#3258 = ORIENTED_EDGE('',*,*,#3259,.T.);
#3259 = EDGE_CURVE('',#3233,#3260,#3262,.T.);
#3260 = VERTEX_POINT('',#3261);
#3261 = CARTESIAN_POINT('',(3.3,-8.082668874373E-16,-2.91100290986));
#3262 = B_SPLINE_CURVE_WITH_KNOTS('',8,(#3263,#3264,#3265,#3266,#3267,
    #3268,#3269,#3270,#3271,#3272,#3273,#3274,#3275,#3276,#3277,#3278,
    #3279,#3280,#3281,#3282,#3283,#3284,#3285,#3286,#3287,#3288,#3289,
    #3290,#3291,#3292,#3293,#3294,#3295,#3296,#3297,#3298,#3299,#3300,
    #3301,#3302,#3303,#3304,#3305,#3306,#3307,#3308,#3309,#3310,#3311,
    #3312,#3313,#3314,#3315,#3316,#3317,#3318,#3319,#3320),
  .UNSPECIFIED.,.F.,.F.,(9,7,7,7,7,7,7,7,9),(0.,0.173652936152,
    0.350734416444,0.446082479077,0.55401843635,0.725008498917,
    0.803040243505,0.879591917377,1.),.UNSPECIFIED.);
#3263 = CARTESIAN_POINT('',(3.3,0.,-4.911000330345));
#3264 = CARTESIAN_POINT('',(3.3,0.44987179669,-4.867609879251));
#3265 = CARTESIAN_POINT('',(3.229909219499,0.90065013368,-4.824132969418
    ));
#3266 = CARTESIAN_POINT('',(3.0892415289,1.338111542995,-4.780707618463)
  );
#3267 = CARTESIAN_POINT('',(2.88153298355,1.749667164837,-4.737304430003
    ));
#3268 = CARTESIAN_POINT('',(2.612177252824,2.123790664961,-4.69389988634
    ));
#3269 = CARTESIAN_POINT('',(2.288912681493,2.450381286265,
    -4.650469394157));
#3270 = CARTESIAN_POINT('',(1.921276624608,2.720492475031,
    -4.606987383537));
#3271 = CARTESIAN_POINT('',(1.115082263593,3.139593155182,
    -4.519345033334));
#3272 = CARTESIAN_POINT('',(0.673479875987,3.287014936801,
    -4.474994643267));
#3273 = CARTESIAN_POINT('',(0.210559187244,3.362715448344,
    -4.430706092304));
#3274 = CARTESIAN_POINT('',(-0.260036023349,3.363992040395,
    -4.386448525337));
#3275 = CARTESIAN_POINT('',(-0.724827591973,3.290400431957,
    -4.34218946382));
#3276 = CARTESIAN_POINT('',(-1.170574189551,3.144477070648,
    -4.29790033666));
#3277 = CARTESIAN_POINT('',(-1.584256594598,2.930971943892,
    -4.25354958213));
#3278 = CARTESIAN_POINT('',(-2.153018312249,2.513071865702,
    -4.18547040855));
#3279 = CARTESIAN_POINT('',(-2.339601105057,2.349756482388,
    -4.161639497262));
#3280 = CARTESIAN_POINT('',(-2.511946652734,2.170664820798,
    -4.137810677023));
#3281 = CARTESIAN_POINT('',(-2.66851571101,1.977261086675,
    -4.113984209804));
#3282 = CARTESIAN_POINT('',(-2.807960807671,1.77116512285,
    -4.090157570996));
#3283 = CARTESIAN_POINT('',(-2.929121493102,1.554137686229,
    -4.066328322411));
#3284 = CARTESIAN_POINT('',(-3.03104201639,1.32808199928,-4.042497046181
    ));
#3285 = CARTESIAN_POINT('',(-3.205802476551,0.831277690386,
    -3.991698020206));
#3286 = CARTESIAN_POINT('',(-3.273076983261,0.558425341512,
    -3.964717239631));
#3287 = CARTESIAN_POINT('',(-3.313750544177,0.279505722532,
    -3.937739582822));
#3288 = CARTESIAN_POINT('',(-3.327232037759,-2.445505446546E-03,
    -3.910766019378));
#3289 = CARTESIAN_POINT('',(-3.313335922333,-0.284376007051,
    -3.883792309009));
#3290 = CARTESIAN_POINT('',(-3.272252736073,-0.563234343415,
    -3.856814310265));
#3291 = CARTESIAN_POINT('',(-3.204577798556,-0.835987320008,
    -3.829833192469));
#3292 = CARTESIAN_POINT('',(-2.963784653822,-1.517306028242,
    -3.760131012004));
#3293 = CARTESIAN_POINT('',(-2.751813785906,-1.913120753446,
    -3.717322129603));
#3294 = CARTESIAN_POINT('',(-2.479575181712,-2.274175846833,
    -3.674564285515));
#3295 = CARTESIAN_POINT('',(-2.154192016356,-2.590219688493,
    -3.631834556359));
#3296 = CARTESIAN_POINT('',(-1.784137647129,-2.85254359842,
    -3.58910406121));
#3297 = CARTESIAN_POINT('',(-1.37951673924,-3.054415057561,
    -3.546341199004));
#3298 = CARTESIAN_POINT('',(-0.951693064037,-3.190691722725,
    -3.50352560633));
#3299 = CARTESIAN_POINT('',(-0.31443201831,-3.291200327684,
    -3.441290915846));
#3300 = CARTESIAN_POINT('',(-0.112521320338,-3.308717524934,
    -3.421787911706));
#3301 = CARTESIAN_POINT('',(9.04446176584E-02,-3.312068745669,
    -3.402286130224));
#3302 = CARTESIAN_POINT('',(0.29330391825,-3.301191020768,
    -3.382786231027));
#3303 = CARTESIAN_POINT('',(0.494902423962,-3.276133289633,
    -3.363287570517));
#3304 = CARTESIAN_POINT('',(0.694096210937,-3.237051411393,
    -3.343789073761));
#3305 = CARTESIAN_POINT('',(0.889754779892,-3.184211804806,
    -3.324290144824));
#3306 = CARTESIAN_POINT('',(1.268152075134,-3.053051433839,
    -3.285662925559));
#3307 = CARTESIAN_POINT('',(1.451087759775,-2.975225310626,
    -3.266532076257));
#3308 = CARTESIAN_POINT('',(1.62852387863,-2.884885960676,
    -3.247401806654));
#3309 = CARTESIAN_POINT('',(1.799464390364,-2.782494132229,
    -3.228270577266));
#3310 = CARTESIAN_POINT('',(1.96296745635,-2.668598719089,
    -3.209139129133));
#3311 = CARTESIAN_POINT('',(2.118144782868,-2.543833194924,
    -3.190008309298));
#3312 = CARTESIAN_POINT('',(2.264164253853,-2.40891879042,
    -3.170876909181));
#3313 = CARTESIAN_POINT('',(2.614329928113,-2.03778819351,
    -3.121660824758));
#3314 = CARTESIAN_POINT('',(2.80399204288,-1.787667065896,
    -3.091559972212));
#3315 = CARTESIAN_POINT('',(2.966139515631,-1.517525253608,
    -3.061467207205));
#3316 = CARTESIAN_POINT('',(3.098368949374,-1.23094737008,
    -3.031380264169));
#3317 = CARTESIAN_POINT('',(3.19885441681,-0.931763180905,
    -3.001292203501));
#3318 = CARTESIAN_POINT('',(3.266301215635,-0.624009784986,
    -2.971196841366));
#3319 = CARTESIAN_POINT('',(3.3,-0.311935322766,-2.941093355811));
#3320 = CARTESIAN_POINT('',(3.3,0.,-2.91100290986));
#3321 = ORIENTED_EDGE('',*,*,#3322,.T.);
#3322 = EDGE_CURVE('',#3260,#3323,#3325,.T.);
#3323 = VERTEX_POINT('',#3324);
#3324 = CARTESIAN_POINT('',(3.3,-8.082668874373E-16,-0.910996885688));
#3325 = B_SPLINE_CURVE_WITH_KNOTS('',8,(#3326,#3327,#3328,#3329,#3330,
    #3331,#3332,#3333,#3334,#3335,#3336,#3337,#3338,#3339,#3340,#3341,
    #3342,#3343,#3344,#3345,#3346,#3347,#3348,#3349,#3350,#3351,#3352,
    #3353,#3354,#3355,#3356,#3357,#3358,#3359,#3360,#3361,#3362,#3363,
    #3364,#3365,#3366,#3367,#3368,#3369,#3370,#3371,#3372,#3373,#3374,
    #3375,#3376,#3377,#3378,#3379,#3380,#3381,#3382,#3383,#3384,#3385,
    #3386,#3387,#3388,#3389,#3390),.UNSPECIFIED.,.F.,.F.,(9,7,7,7,7,7,7,
    7,7,9),(0.,9.959699274231E-02,0.197427116723,0.371591371146,
    0.53519594677,0.633204604868,0.681759366132,0.73957413438,
    0.87489502379,1.),.UNSPECIFIED.);
#3326 = CARTESIAN_POINT('',(3.3,0.,-2.91100290986));
#3327 = CARTESIAN_POINT('',(3.3,0.258053282616,-2.886110126689));
#3328 = CARTESIAN_POINT('',(3.276937782324,0.516166693378,
    -2.861211403695));
#3329 = CARTESIAN_POINT('',(3.230795899255,0.771847068801,
    -2.836315058958));
#3330 = CARTESIAN_POINT('',(3.161897105903,1.02268791277,-2.811422192152
    ));
#3331 = CARTESIAN_POINT('',(3.070848562487,1.266363575768,
    -2.786530102208));
#3332 = CARTESIAN_POINT('',(2.958520569191,1.500634380087,
    -2.761635807356));
#3333 = CARTESIAN_POINT('',(2.826059833612,1.723362691049,
    -2.736739667552));
#3334 = CARTESIAN_POINT('',(2.526495649715,2.13800633505,-2.687400114062
    ));
#3335 = CARTESIAN_POINT('',(2.359987530417,2.330482558861,
    -2.662946692137));
#3336 = CARTESIAN_POINT('',(2.176781054746,2.508050484686,
    -2.638495586618));
#3337 = CARTESIAN_POINT('',(1.978453138591,2.669038510381,
    -2.614047001099));
#3338 = CARTESIAN_POINT('',(1.766752963221,2.811988549838,
    -2.589597997149));
#3339 = CARTESIAN_POINT('',(1.543584618901,2.935649497252,
    -2.565145841716));
#3340 = CARTESIAN_POINT('',(1.311008900793,3.03899715845,-2.540691304456
    ));
#3341 = CARTESIAN_POINT('',(0.644453522176,3.267767664133,
    -2.472715317708));
#3342 = CARTESIAN_POINT('',(0.193870074541,3.34785531752,-2.429098426809
    ));
#3343 = CARTESIAN_POINT('',(-0.267052838904,3.356403360661,
    -2.385535557341));
#3344 = CARTESIAN_POINT('',(-0.725125165665,3.292680722533,
    -2.342002436674));
#3345 = CARTESIAN_POINT('',(-1.167584034965,3.158081810065,
    -2.298471005128));
#3346 = CARTESIAN_POINT('',(-1.582264275205,2.956712225258,
    -2.254911994654));
#3347 = CARTESIAN_POINT('',(-1.957521568167,2.694763127307,
    -2.211296823158));
#3348 = CARTESIAN_POINT('',(-2.589372739994,2.089220645757,
    -2.126879074227));
#3349 = CARTESIAN_POINT('',(-2.852866006506,1.750501669662,
    -2.085921901349));
#3350 = CARTESIAN_POINT('',(-3.065052486437,1.374266297771,
    -2.045003781286));
#3351 = CARTESIAN_POINT('',(-3.220190016274,0.969799256163,
    -2.004108366937));
#3352 = CARTESIAN_POINT('',(-3.314210769477,0.54693305565,
    -1.963215427183));
#3353 = CARTESIAN_POINT('',(-3.34508165821,0.116113693177,
    -1.922303361612));
#3354 = CARTESIAN_POINT('',(-3.312478044746,-0.311758095631,
    -1.881353456753));
#3355 = CARTESIAN_POINT('',(-3.163490127319,-0.973047111008,
    -1.815972652865));
#3356 = CARTESIAN_POINT('',(-3.08587518037,-1.215926568643,
    -1.791473999137));
#3357 = CARTESIAN_POINT('',(-2.98696799086,-1.451630655031,
    -1.76697713103));
#3358 = CARTESIAN_POINT('',(-2.867566959835,-1.677990558901,
    -1.742482079615));
#3359 = CARTESIAN_POINT('',(-2.728714252762,-1.892967940916,
    -1.717985841718));
#3360 = CARTESIAN_POINT('',(-2.571676434582,-2.094655777339,
    -1.693485824962));
#3361 = CARTESIAN_POINT('',(-2.397953295937,-2.281295644702,
    -1.668983097407));
#3362 = CARTESIAN_POINT('',(-2.115860946339,-2.535539479771,
    -1.632348985251));
#3363 = CARTESIAN_POINT('',(-2.018735857556,-2.615696833426,
    -1.620212550369));
#3364 = CARTESIAN_POINT('',(-1.918148370598,-2.691595332002,
    -1.608076235027));
#3365 = CARTESIAN_POINT('',(-1.814316901046,-2.76306093835,
    -1.595940136375));
#3366 = CARTESIAN_POINT('',(-1.707469513693,-2.829933752602,
    -1.583804350829));
#3367 = CARTESIAN_POINT('',(-1.59784392254,-2.892068012164,
    -1.571668974076));
#3368 = CARTESIAN_POINT('',(-1.485687490802,-2.949332091721,
    -1.559534101072));
#3369 = CARTESIAN_POINT('',(-1.235003673383,-3.063854687501,
    -1.532951391312));
#3370 = CARTESIAN_POINT('',(-1.095516745251,-3.119033713015,
    -1.518503431793));
#3371 = CARTESIAN_POINT('',(-0.953230456136,-3.166947881721,
    -1.504055462236));
#3372 = CARTESIAN_POINT('',(-0.808587252167,-3.207432692448,
    -1.48960715772));
#3373 = CARTESIAN_POINT('',(-0.66203801598,-3.240356840914,
    -1.475158353647));
#3374 = CARTESIAN_POINT('',(-0.51404206671,-3.265622219724,
    -1.460709045743));
#3375 = CARTESIAN_POINT('',(-0.365067159997,-3.28316391837,
    -1.446259390058));
#3376 = CARTESIAN_POINT('',(0.134277027735,-3.315855987931,
    -1.397988854625));
#3377 = CARTESIAN_POINT('',(0.487181710153,-3.296295836806,
    -1.364142153822));
#3378 = CARTESIAN_POINT('',(0.836709422379,-3.233740964611,
    -1.330311356642));
#3379 = CARTESIAN_POINT('',(1.176780425641,-3.128982942226,
    -1.296494505273));
#3380 = CARTESIAN_POINT('',(1.501605404472,-2.983680969456,
    -1.262677747527));
#3381 = CARTESIAN_POINT('',(1.805734294671,-2.800399993325,
    -1.228849597341));
#3382 = CARTESIAN_POINT('',(2.084067389281,-2.58255502629,
    -1.195005938099));
#3383 = CARTESIAN_POINT('',(2.561459267829,-2.105705064942,
    -1.129920079815));
#3384 = CARTESIAN_POINT('',(2.765205809921,-1.850758960995,
    -1.098634872503));
#3385 = CARTESIAN_POINT('',(2.93975339278,-1.573452829237,
    -1.067357527332));
#3386 = CARTESIAN_POINT('',(3.082315835338,-1.277752033105,
    -1.036087558737));
#3387 = CARTESIAN_POINT('',(3.190773277579,-0.967915857771,
    -1.004818637039));
#3388 = CARTESIAN_POINT('',(3.26361320375,-0.648454126,-0.973543862757)
  );
#3389 = CARTESIAN_POINT('',(3.3,-0.324137367282,-0.942261395654));
#3390 = CARTESIAN_POINT('',(3.3,1.7763568394E-15,-0.910996885688));
#3391 = ORIENTED_EDGE('',*,*,#3392,.T.);
#3392 = EDGE_CURVE('',#3323,#3054,#3393,.T.);
#3393 = B_SPLINE_CURVE_WITH_KNOTS('',8,(#3394,#3395,#3396,#3397,#3398,
    #3399,#3400,#3401,#3402,#3403,#3404,#3405,#3406,#3407,#3408,#3409,
    #3410,#3411,#3412,#3413,#3414,#3415,#3416,#3417,#3418,#3419,#3420,
    #3421,#3422,#3423,#3424,#3425,#3426,#3427,#3428,#3429,#3430,#3431,
    #3432,#3433,#3434,#3435,#3436,#3437,#3438,#3439,#3440,#3441,#3442,
    #3443,#3444,#3445,#3446,#3447,#3448,#3449,#3450,#3451,#3452,#3453,
    #3454,#3455,#3456,#3457,#3458,#3459,#3460,#3461,#3462,#3463,#3464,
    #3465),.UNSPECIFIED.,.F.,.F.,(9,7,7,7,7,7,7,7,7,7,9),(0.,
    0.18097395545,0.274149396719,0.38164864567,0.482967100806,
    0.570727827983,0.627188966606,0.689499132297,0.785611454064,
    0.887775331202,1.),.UNSPECIFIED.);
#3394 = CARTESIAN_POINT('',(3.3,1.7763568394E-15,-0.910996885688));
#3395 = CARTESIAN_POINT('',(3.3,0.468927560875,-0.865766708978));
#3396 = CARTESIAN_POINT('',(3.223845130833,0.938990963625,
    -0.820428748904));
#3397 = CARTESIAN_POINT('',(3.07090311952,1.393883166117,-0.775159657568
    ));
#3398 = CARTESIAN_POINT('',(2.845449169156,1.81940269525,-0.729920959851
    ));
#3399 = CARTESIAN_POINT('',(2.553805034866,2.202595331406,
    -0.684680448153));
#3400 = CARTESIAN_POINT('',(2.205077755574,2.532282109153,
    -0.639407748563));
#3401 = CARTESIAN_POINT('',(1.810386427174,2.798643049745,
    -0.594069196991));
#3402 = CARTESIAN_POINT('',(1.16558053857,3.096726139111,-0.525548039157
    ));
#3403 = CARTESIAN_POINT('',(0.937913273535,3.17973281341,-0.502255097513
    ));
#3404 = CARTESIAN_POINT('',(0.703572618817,3.243569079282,-0.47896373006
    ));
#3405 = CARTESIAN_POINT('',(0.464453528188,3.287629235831,
    -0.455674650375));
#3406 = CARTESIAN_POINT('',(0.222489079745,3.311532620497,
    -0.432385770263));
#3407 = CARTESIAN_POINT('',(-2.035941586088E-02,3.315111422577,
    -0.409094844167));
#3408 = CARTESIAN_POINT('',(-0.262108395276,3.298422843396,
    -0.385802114846));
#3409 = CARTESIAN_POINT('',(-0.776086695771,3.219516140769,
    -0.335643577269));
#3410 = CARTESIAN_POINT('',(-1.047422785759,3.150672328905,
    -0.308766160856));
#3411 = CARTESIAN_POINT('',(-1.311644111229,3.055707321063,
    -0.281891905353));
#3412 = CARTESIAN_POINT('',(-1.565829704774,2.935517052946,
    -0.255021745339));
#3413 = CARTESIAN_POINT('',(-1.807230603441,2.791357488582,
    -0.228151577538));
#3414 = CARTESIAN_POINT('',(-2.033271614659,2.624811962321,
    -0.201277422317));
#3415 = CARTESIAN_POINT('',(-2.241580145338,2.437808616714,
    -0.174400524834));
#3416 = CARTESIAN_POINT('',(-2.60766820494,2.03936090687,-0.122209081035
    ));
#3417 = CARTESIAN_POINT('',(-2.767758817917,1.82983731741,
    -9.688042322565E-02));
#3418 = CARTESIAN_POINT('',(-2.908523161795,1.606039027786,
    -7.155493564915E-02));
#3419 = CARTESIAN_POINT('',(-3.028502799653,1.370065377387,
    -4.623311954184E-02));
#3420 = CARTESIAN_POINT('',(-3.126521880621,1.124157055894,
    -2.091134696323E-02));
#3421 = CARTESIAN_POINT('',(-3.201673919879,0.870676511633,
    4.41414614128E-03));
#3422 = CARTESIAN_POINT('',(-3.253345106972,0.612104897483,
    2.974315663787E-02));
#3423 = CARTESIAN_POINT('',(-3.305465909445,0.124938010854,
    7.700274462209E-02));
#3424 = CARTESIAN_POINT('',(-3.311853900271,-0.103126051077,
    9.894288005266E-02));
#3425 = CARTESIAN_POINT('',(-3.300246612546,-0.33144976546,
    0.120882962704));
#3426 = CARTESIAN_POINT('',(-3.270658978282,-0.558371042051,
    0.142822188777));
#3427 = CARTESIAN_POINT('',(-3.223284350576,-0.782254309302,
    0.164761578394));
#3428 = CARTESIAN_POINT('',(-3.158483767266,-1.001494649398,
    0.186702074119));
#3429 = CARTESIAN_POINT('',(-3.076792491525,-1.214524325407,
    0.208642854526));
#3430 = CARTESIAN_POINT('',(-2.915992586236,-1.551900409637,
    0.244693105799));
#3431 = CARTESIAN_POINT('',(-2.846351363753,-1.680783742149,
    0.258805178265));
#3432 = CARTESIAN_POINT('',(-2.770208218065,-1.80607985632,
    0.272916912198));
#3433 = CARTESIAN_POINT('',(-2.687777484473,-1.927411108199,
    0.287028191215));
#3434 = CARTESIAN_POINT('',(-2.599299815944,-2.044413615285,
    0.301139382644));
#3435 = CARTESIAN_POINT('',(-2.505042721226,-2.156738060107,
    0.31525147126));
#3436 = CARTESIAN_POINT('',(-2.405301602588,-2.264051733736,
    0.329364894697));
#3437 = CARTESIAN_POINT('',(-2.184633956251,-2.478597450924,
    0.35905120212));
#3438 = CARTESIAN_POINT('',(-2.062574589477,-2.584677687427,
    0.374625754831));
#3439 = CARTESIAN_POINT('',(-1.934645667261,-2.683872504737,
    0.390200592531));
#3440 = CARTESIAN_POINT('',(-1.80129887239,-2.775807618907,
    0.405775723394));
#3441 = CARTESIAN_POINT('',(-1.663013738229,-2.860143374411,
    0.421351216983));
#3442 = CARTESIAN_POINT('',(-1.520297315484,-2.936575685525,
    0.436926969796));
#3443 = CARTESIAN_POINT('',(-1.373684863577,-3.004839030706,
    0.452502329262));
#3444 = CARTESIAN_POINT('',(-0.992456699316,-3.157063718406,
    0.492097032487));
#3445 = CARTESIAN_POINT('',(-0.753157054993,-3.229487665035,
    0.516122690882));
#3446 = CARTESIAN_POINT('',(-0.50791398168,-3.281140028082,
    0.540145855898));
#3447 = CARTESIAN_POINT('',(-0.25884058171,-3.311476795281,
    0.564166463787));
#3448 = CARTESIAN_POINT('',(-8.078808867364E-03,-3.320209408392,
    0.588187527855));
#3449 = CARTESIAN_POINT('',(0.24221099854,-3.307290430121,0.612211817945
    ));
#3450 = CARTESIAN_POINT('',(0.489858148665,-3.272928723432,
    0.636238774084));
#3451 = CARTESIAN_POINT('',(0.990805567756,-3.15885803016,0.685797095962
    ));
#3452 = CARTESIAN_POINT('',(1.243599261492,-3.076402815393,
    0.711339468717));
#3453 = CARTESIAN_POINT('',(1.488436685784,-2.970847820874,
    0.736879769192));
#3454 = CARTESIAN_POINT('',(1.722865775156,-2.843118946228,
    0.762416836371));
#3455 = CARTESIAN_POINT('',(1.9445923851,-2.694427854254,0.787953577373)
  );
#3456 = CARTESIAN_POINT('',(2.151480501942,-2.526247285552,
    0.813493065823));
#3457 = CARTESIAN_POINT('',(2.341574262716,-2.340322502336,
    0.839034512838));
#3458 = CARTESIAN_POINT('',(2.701604761512,-1.917261899682,
    0.892618278898));
#3459 = CARTESIAN_POINT('',(2.86783822768,-1.676738951961,0.920677638317
    ));
#3460 = CARTESIAN_POINT('',(3.009479439784,-1.419867947336,
    0.948731816618));
#3461 = CARTESIAN_POINT('',(3.124696695881,-1.149619393874,
    0.976781440153));
#3462 = CARTESIAN_POINT('',(3.212100530777,-0.869138210823,
    1.004831221228));
#3463 = CARTESIAN_POINT('',(3.270711984708,-0.581718608212,
    1.032885878506));
#3464 = CARTESIAN_POINT('',(3.3,-0.290806007883,1.060946050806));
#3465 = CARTESIAN_POINT('',(3.3,-2.6645352591E-15,1.088996364635));
#3466 = ORIENTED_EDGE('',*,*,#3053,.T.);
#3467 = ORIENTED_EDGE('',*,*,#2441,.T.);
#3468 = B_SPLINE_SURFACE_WITH_KNOTS('',1,10,(
    (#3469,#3470,#3471,#3472,#3473,#3474,#3475,#3476,#3477,#3478,#3479
      ,#3480,#3481,#3482,#3483,#3484,#3485,#3486,#3487,#3488,#3489,#3490
      ,#3491,#3492,#3493,#3494,#3495,#3496,#3497,#3498,#3499,#3500,#3501
      ,#3502,#3503,#3504,#3505,#3506,#3507,#3508,#3509,#3510,#3511,#3512
      ,#3513,#3514,#3515,#3516,#3517,#3518,#3519,#3520,#3521,#3522,#3523
      ,#3524,#3525,#3526,#3527,#3528,#3529,#3530,#3531,#3532,#3533,#3534
      ,#3535,#3536,#3537,#3538,#3539,#3540,#3541,#3542,#3543,#3544,#3545
      ,#3546,#3547,#3548,#3549)
    ,(#3550,#3551,#3552,#3553,#3554,#3555,#3556,#3557,#3558,#3559,#3560
      ,#3561,#3562,#3563,#3564,#3565,#3566,#3567,#3568,#3569,#3570,#3571
      ,#3572,#3573,#3574,#3575,#3576,#3577,#3578,#3579,#3580,#3581,#3582
      ,#3583,#3584,#3585,#3586,#3587,#3588,#3589,#3590,#3591,#3592,#3593
      ,#3594,#3595,#3596,#3597,#3598,#3599,#3600,#3601,#3602,#3603,#3604
      ,#3605,#3606,#3607,#3608,#3609,#3610,#3611,#3612,#3613,#3614,#3615
      ,#3616,#3617,#3618,#3619,#3620,#3621,#3622,#3623,#3624,#3625,#3626
      ,#3627,#3628,#3629,#3630
    )),.UNSPECIFIED.,.F.,.F.,.F.,(2,2),(11,10,10,10,10,10,10,10,11),(0.,
    1.375908790582),(0.,5.975646310925,11.951292621849,17.926938932774,
    23.902585243698,29.878231554623,35.853877865547,41.829524176472,
    47.805170487396),.PIECEWISE_BEZIER_KNOTS.);
#3469 = CARTESIAN_POINT('',(4.2,-6.661338147751E-16,-7.325));
#3470 = CARTESIAN_POINT('',(4.19999570602,2.391495853461,-7.143727983778
    ));
#3471 = CARTESIAN_POINT('',(2.687244625188,4.78391529062,-6.962553659369
    ));
#3472 = CARTESIAN_POINT('',(-0.341436453306,6.093286926139,
    -6.781150614279));
#3473 = CARTESIAN_POINT('',(-3.994328922535,5.271088655276,
    -6.600085081998));
#3474 = CARTESIAN_POINT('',(-6.572641718295,1.993773148571,
    -6.418727359133));
#3475 = CARTESIAN_POINT('',(-6.249631693289,-2.163586666918,
    -6.237445197208));
#3476 = CARTESIAN_POINT('',(-3.669127961611,-4.876715702835,
    -6.056313194047));
#3477 = CARTESIAN_POINT('',(-0.423450640433,-5.470620416206,
    -5.874961259538));
#3478 = CARTESIAN_POINT('',(2.163527693997,-4.321852703094,
    -5.69375303594));
#3479 = CARTESIAN_POINT('',(3.492172371671,-2.333394978682,
    -5.512500000001));
#3480 = CARTESIAN_POINT('',(4.82081270993,-0.344936462974,
    -5.331227983775));
#3481 = CARTESIAN_POINT('',(4.892163179421,2.484727069383,
    -5.150053659374));
#3482 = CARTESIAN_POINT('',(3.101354801959,5.256074848054,
    -4.968650614273));
#3483 = CARTESIAN_POINT('',(-0.392703168159,6.601880290858,
    -4.787585082005));
#3484 = CARTESIAN_POINT('',(-4.357270848564,5.309325877859,
    -4.606227359129));
#3485 = CARTESIAN_POINT('',(-6.398403189759,1.673152768993,
    -4.424945197209));
#3486 = CARTESIAN_POINT('',(-5.760126483117,-2.016382638129,
    -4.243813194048));
#3487 = CARTESIAN_POINT('',(-3.391400199226,-4.313398065542,
    -4.062461259536));
#3488 = CARTESIAN_POINT('',(-0.6021851804,-4.795480776569,
    -3.881253035941));
#3489 = CARTESIAN_POINT('',(1.607270415933,-3.880294036547,
    -3.700000000001));
#3490 = CARTESIAN_POINT('',(3.816722843797,-2.965104227738,
    -3.518727983777));
#3491 = CARTESIAN_POINT('',(5.448125419044,-0.651965184503,
    -3.33755365937));
#3492 = CARTESIAN_POINT('',(5.498801002893,2.64724610614,-3.15615061428)
  );
#3493 = CARTESIAN_POINT('',(3.341287420592,5.707437036555,
    -2.975085081992));
#3494 = CARTESIAN_POINT('',(-0.673234888028,6.835313109908,
    -2.793727359146));
#3495 = CARTESIAN_POINT('',(-4.390523945785,4.945938035255,
    -2.612445197191));
#3496 = CARTESIAN_POINT('',(-5.909612305861,1.523593922062,
    -2.431313194065));
#3497 = CARTESIAN_POINT('',(-5.216241777189,-1.702298418311,
    -2.249961259523));
#3498 = CARTESIAN_POINT('',(-3.164925050962,-3.652740381104,
    -2.068753035949));
#3499 = CARTESIAN_POINT('',(-0.819379352468,-4.119298177693,
    -1.887499999997));
#3500 = CARTESIAN_POINT('',(1.526165416466,-4.585851662375,
    -1.706227983787));
#3501 = CARTESIAN_POINT('',(4.167738280475,-3.568905547768,
    -1.525053659352));
#3502 = CARTESIAN_POINT('',(6.042817074047,-0.853865460967,-1.3436506143
    ));
#3503 = CARTESIAN_POINT('',(5.949061080543,2.889240629182,-1.16258508198
    ));
#3504 = CARTESIAN_POINT('',(3.237722145886,6.057384405083,
    -0.981227359144));
#3505 = CARTESIAN_POINT('',(-0.902771296252,6.551641592278,
    -0.799945197206));
#3506 = CARTESIAN_POINT('',(-4.06719962251,4.550026733512,
    -0.618813194044));
#3507 = CARTESIAN_POINT('',(-5.282892857086,1.482579253739,
    -0.437461259541));
#3508 = CARTESIAN_POINT('',(-4.660892829779,-1.278804480464,
    -0.256253035939));
#3509 = CARTESIAN_POINT('',(-2.969848480984,-2.969848480984,
    -7.500000000025E-02));
#3510 = CARTESIAN_POINT('',(-1.278802617232,-4.660888462895,
    0.106271389599));
#3511 = CARTESIAN_POINT('',(1.482570507164,-5.282907483787,
    0.287449026715));
#3512 = CARTESIAN_POINT('',(4.550035344219,-4.067173393148,
    0.468842448612));
#3513 = CARTESIAN_POINT('',(6.551641857797,-0.902803723931,
    0.649928054031));
#3514 = CARTESIAN_POINT('',(6.057366689604,3.23774643031,0.831253133386)
  );
#3515 = CARTESIAN_POINT('',(2.889274170238,5.949046856709,1.012578211768
    ));
#3516 = CARTESIAN_POINT('',(-0.853897432201,6.042820959274,
    1.193663817903));
#3517 = CARTESIAN_POINT('',(-3.568884794392,4.16774006478,1.37505723942)
  );
#3518 = CARTESIAN_POINT('',(-4.585858535105,1.526164647886,
    1.556234876673));
#3519 = CARTESIAN_POINT('',(-4.119297100565,-0.819378521945,
    1.737506266244));
#3520 = CARTESIAN_POINT('',(-3.652738347817,-3.164924048025,
    1.918759928838));
#3521 = CARTESIAN_POINT('',(-1.702311218823,-5.216246667163,
    2.099964839588));
#3522 = CARTESIAN_POINT('',(1.523613204644,-5.909598225628,
    2.281326397668));
#3523 = CARTESIAN_POINT('',(4.945921419311,-4.390548146447,
    2.462438326988));
#3524 = CARTESIAN_POINT('',(6.835312743026,-0.673207152776,
    2.643753133366));
#3525 = CARTESIAN_POINT('',(5.707454211171,3.34125835636,2.825067938849)
  );
#3526 = CARTESIAN_POINT('',(2.647225467364,5.498821414158,3.006179868816
    ));
#3527 = CARTESIAN_POINT('',(-0.651950481785,5.448115456701,
    3.187541426569));
#3528 = CARTESIAN_POINT('',(-2.965107859286,3.816726117701,
    3.368746337422));
#3529 = CARTESIAN_POINT('',(-3.880294036546,1.607270415934,
    3.550000000005));
#3530 = CARTESIAN_POINT('',(-4.79547591112,-0.602185298399,
    3.731272016207));
#3531 = CARTESIAN_POINT('',(-4.313415431613,-3.391397425505,
    3.91244634066));
#3532 = CARTESIAN_POINT('',(-2.016353804428,-5.760125150652,
    4.093849385681));
#3533 = CARTESIAN_POINT('',(1.673120438756,-6.398414424755,
    4.274914918043));
#3534 = CARTESIAN_POINT('',(5.309345206204,-4.357247296874,
    4.456272640832));
#3535 = CARTESIAN_POINT('',(6.601875579081,-0.392737069046,
    4.637554802817));
#3536 = CARTESIAN_POINT('',(5.256070529726,3.101383341601,4.818686805937
    ));
#3537 = CARTESIAN_POINT('',(2.484733177766,4.892146688148,5.000038740472
    ));
#3538 = CARTESIAN_POINT('',(-0.34493752791,4.820817458875,5.181246964052
    ));
#3539 = CARTESIAN_POINT('',(-2.333394978681,3.49217237167,5.362500000004
    ));
#3540 = CARTESIAN_POINT('',(-4.32184878362,2.163525014632,5.543771389586
    ));
#3541 = CARTESIAN_POINT('',(-5.47063305548,-0.423439208398,
    5.724949026737));
#3542 = CARTESIAN_POINT('',(-4.87669165734,-3.66914152395,5.906342448586
    ));
#3543 = CARTESIAN_POINT('',(-2.163618523296,-6.249625627395,
    6.087428054053));
#3544 = CARTESIAN_POINT('',(1.993800422486,-6.572629080853,
    6.268753133378));
#3545 = CARTESIAN_POINT('',(5.271068161218,-3.994359044189,
    6.450078211759));
#3546 = CARTESIAN_POINT('',(6.093296973991,-0.341405854354,
    6.631163817923));
#3547 = CARTESIAN_POINT('',(4.783912991856,2.687223922479,6.812557239399
    ));
#3548 = CARTESIAN_POINT('',(2.391496440455,4.200002596635,6.993734876688
    ));
#3549 = CARTESIAN_POINT('',(6.04426002596E-07,4.199998781542,
    7.175006266238));
#3550 = CARTESIAN_POINT('',(2.95,7.771561172376E-16,-6.75));
#3551 = CARTESIAN_POINT('',(2.949981754212,1.679785176841,
    -6.568758561866));
#3552 = CARTESIAN_POINT('',(1.887528722537,3.359960706928,
    -6.387479132565));
#3553 = CARTESIAN_POINT('',(-0.239987158874,4.280105669721,
    -6.206288649627));
#3554 = CARTESIAN_POINT('',(-2.805233930058,3.70202708119,
    -6.024966913437));
#3555 = CARTESIAN_POINT('',(-4.616891155562,1.400456778816,
    -5.843758803479));
#3556 = CARTESIAN_POINT('',(-4.389244167551,-1.519495503038,
    -5.662521313521));
#3557 = CARTESIAN_POINT('',(-2.577368391332,-3.425544719296,
    -5.481225423646));
#3558 = CARTESIAN_POINT('',(-0.297323563224,-3.842313152493,
    -5.300015066125));
#3559 = CARTESIAN_POINT('',(1.519599483535,-3.035623167151,
    -5.118748819279));
#3560 = CARTESIAN_POINT('',(2.452835356293,-1.638932187408,-4.9375));
#3561 = CARTESIAN_POINT('',(3.386058827593,-0.24223172085,
    -4.756258561867));
#3562 = CARTESIAN_POINT('',(3.436116928025,1.745050454129,
    -4.574979132562));
#3563 = CARTESIAN_POINT('',(2.178357274325,3.692107523597,-4.39378864963
    ));
#3564 = CARTESIAN_POINT('',(-0.275730720099,4.636627490123,
    -4.212466913434));
#3565 = CARTESIAN_POINT('',(-3.060752600219,3.729444550054,
    -4.03125880348));
#3566 = CARTESIAN_POINT('',(-4.49370961699,1.175119068138,
    -3.850021313522));
#3567 = CARTESIAN_POINT('',(-4.046134175021,-1.416327181929,
    -3.668725423645));
#3568 = CARTESIAN_POINT('',(-2.381890321307,-3.029582505945,
    -3.487515066126));
#3569 = CARTESIAN_POINT('',(-0.423001076904,-3.368272657053,
    -3.306248819279));
#3570 = CARTESIAN_POINT('',(1.128916125477,-2.725444620909,-3.125));
#3571 = CARTESIAN_POINT('',(2.680828287015,-2.082601806888,
    -2.943758561867));
#3572 = CARTESIAN_POINT('',(3.826524897402,-0.45804785784,
    -2.762479132564));
#3573 = CARTESIAN_POINT('',(3.862462915557,1.859644752721,
    -2.581288649628));
#3574 = CARTESIAN_POINT('',(2.346710500175,4.008402642032,
    -2.399966913439));
#3575 = CARTESIAN_POINT('',(-0.472954400156,4.801382849439,
    -2.218758803474));
#3576 = CARTESIAN_POINT('',(-3.083521818521,3.473647095046,
    -2.037521313528));
#3577 = CARTESIAN_POINT('',(-4.15110683633,1.070278693577,
    -1.856225423639));
#3578 = CARTESIAN_POINT('',(-3.663615280781,-1.19569843081,
    -1.675015066131));
#3579 = CARTESIAN_POINT('',(-2.223024566371,-2.565609553432,
    -1.493748819276));
#3580 = CARTESIAN_POINT('',(-0.575516449947,-2.893316577187,
    -1.312500000001));
#3581 = CARTESIAN_POINT('',(1.071995685313,-3.221008513065,
    -1.131258561862));
#3582 = CARTESIAN_POINT('',(2.927161417801,-2.506756203664,
    -0.949979132573));
#3583 = CARTESIAN_POINT('',(4.24468381152,-0.599631320475,
    -0.768788649616));
#3584 = CARTESIAN_POINT('',(4.178167659655,2.029102491316,
    -0.587466913446));
#3585 = CARTESIAN_POINT('',(2.274258176732,4.254963322652,
    -0.406258803477));
#3586 = CARTESIAN_POINT('',(-0.63399976495,4.601344938611,
    -0.225021313517));
#3587 = CARTESIAN_POINT('',(-2.856904208633,3.196135602772,
    -4.372542365318E-02));
#3588 = CARTESIAN_POINT('',(-3.710479232974,1.04120868453,0.137484933879
    ));
#3589 = CARTESIAN_POINT('',(-3.27375367177,-0.89818010436,0.31875118072)
  );
#3590 = CARTESIAN_POINT('',(-2.085965004501,-2.0859650045,0.5));
#3591 = CARTESIAN_POINT('',(-0.898165130037,-3.27373967108,
    0.681241681823));
#3592 = CARTESIAN_POINT('',(1.041168856048,-3.710535021914,
    0.862519822838));
#3593 = CARTESIAN_POINT('',(3.196182570086,-2.856796068394,1.04371404816
    ));
#3594 = CARTESIAN_POINT('',(4.601339220477,-0.634126866183,
    1.225027978064));
#3595 = CARTESIAN_POINT('',(4.254891442542,2.274360105306,1.406248782828
    ));
#3596 = CARTESIAN_POINT('',(2.029238044918,4.178112833819,1.587469582911
    ));
#3597 = CARTESIAN_POINT('',(-0.599770189974,4.244697675865,
    1.768783516226));
#3598 = CARTESIAN_POINT('',(-2.506670922857,2.92716752021,1.949977739776
    ));
#3599 = CARTESIAN_POINT('',(-3.221038793838,1.071989106721,2.13125588141
    ));
#3600 = CARTESIAN_POINT('',(-2.893311409804,-0.575515661752,
    2.312497563108));
#3601 = CARTESIAN_POINT('',(-2.565598818643,-2.223022986459,
    2.493746138821));
#3602 = CARTESIAN_POINT('',(-1.195749316175,-3.663636263505,
    2.675013673339));
#3603 = CARTESIAN_POINT('',(1.070364109446,-4.151048358861,
    2.856220290242));
#3604 = CARTESIAN_POINT('',(3.473581106018,-3.083616733663,
    3.037523982997));
#3605 = CARTESIAN_POINT('',(4.801378363918,-0.472839065977,3.21874878283
    ));
#3606 = CARTESIAN_POINT('',(4.008478037131,2.346599533366,3.399973577973
    ));
#3607 = CARTESIAN_POINT('',(1.859548637403,3.862542594902,3.581277274149
    ));
#3608 = CARTESIAN_POINT('',(-0.457985320816,3.826489470215,3.76248388927
    ));
#3609 = CARTESIAN_POINT('',(-2.082622023506,2.6808352878,3.943751424415)
  );
#3610 = CARTESIAN_POINT('',(-2.725444620905,1.128916125476,
    4.124999999998));
#3611 = CARTESIAN_POINT('',(-3.368253721119,-0.423010000777,
    4.30624143814));
#3612 = CARTESIAN_POINT('',(-3.029650449698,-2.381872956964,
    4.487520867421));
#3613 = CARTESIAN_POINT('',(-1.416206304446,-4.046141134883,
    4.668711350393));
#3614 = CARTESIAN_POINT('',(1.174993781759,-4.493743598109,
    4.850033086545));
#3615 = CARTESIAN_POINT('',(3.729519635465,-3.060661108328,5.03124119653
    ));
#3616 = CARTESIAN_POINT('',(4.636618604148,-0.275860228564,
    5.212478686479));
#3617 = CARTESIAN_POINT('',(3.692077115403,2.178474471414,5.39377457635)
  );
#3618 = CARTESIAN_POINT('',(1.745080740012,3.436053677383,5.574984933876
    ));
#3619 = CARTESIAN_POINT('',(-0.242244167483,3.386075658732,
    5.756251180722));
#3620 = CARTESIAN_POINT('',(-1.638932187406,2.45283535629,5.937499999998
    ));
#3621 = CARTESIAN_POINT('',(-3.03561235683,1.519582065549,6.118741681828
    ));
#3622 = CARTESIAN_POINT('',(-3.842360099307,-0.297273616169,
    6.300019822827));
#3623 = CARTESIAN_POINT('',(-3.425447819813,-2.577435553276,
    6.481214048172));
#3624 = CARTESIAN_POINT('',(-1.519619046507,-4.389213763088,
    6.662527978059));
#3625 = CARTESIAN_POINT('',(1.400570771982,-4.616840541878,
    6.843748782819));
#3626 = CARTESIAN_POINT('',(3.701946863613,-2.805356183043,
    7.024969582932));
#3627 = CARTESIAN_POINT('',(4.280146359765,-0.239853662521,
    7.206283516203));
#3628 = CARTESIAN_POINT('',(3.359950054621,1.887443889863,7.387477739792
    ));
#3629 = CARTESIAN_POINT('',(1.679784632141,2.950012736563,7.568755881402
    ));
#3630 = CARTESIAN_POINT('',(-2.350559912764E-07,2.94999477814,
    7.74999756311));
#3631 = ADVANCED_FACE('',(#3632),#3662,.T.);
#3632 = FACE_BOUND('',#3633,.T.);
#3633 = EDGE_LOOP('',(#3634,#3635,#3660,#3661));
#3634 = ORIENTED_EDGE('',*,*,#2645,.F.);
#3635 = ORIENTED_EDGE('',*,*,#3636,.F.);
#3636 = EDGE_CURVE('',#3147,#2619,#3637,.T.);
#3637 = B_SPLINE_CURVE_WITH_KNOTS('',6,(#3638,#3639,#3640,#3641,#3642,
    #3643,#3644,#3645,#3646,#3647,#3648,#3649,#3650,#3651,#3652,#3653,
    #3654,#3655,#3656,#3657,#3658,#3659),.UNSPECIFIED.,.F.,.F.,(7,5,5,5,
    7),(0.,0.269001174557,0.536004790272,0.59400583842,1.),
  .UNSPECIFIED.);
#3638 = CARTESIAN_POINT('',(-3.581055230408,2.194540169044,-4.5));
#3639 = CARTESIAN_POINT('',(-3.689238524601,2.018005660021,-4.5));
#3640 = CARTESIAN_POINT('',(-3.78698044137,1.835068349988,-4.5));
#3641 = CARTESIAN_POINT('',(-3.873804246505,1.646507202868,-4.5));
#3642 = CARTESIAN_POINT('',(-3.949314909836,1.453137532044,-4.5));
#3643 = CARTESIAN_POINT('',(-4.013199667273,1.25580960475,-4.5));
#3644 = CARTESIAN_POINT('',(-4.116871140159,0.856493043377,-4.5));
#3645 = CARTESIAN_POINT('',(-4.156835007598,0.654543277308,-4.5));
#3646 = CARTESIAN_POINT('',(-4.184896203444,0.450422343652,-4.5));
#3647 = CARTESIAN_POINT('',(-4.200916814039,0.24500537471,-4.5));
#3648 = CARTESIAN_POINT('',(-4.20484517121,3.917680880311E-02,-4.5));
#3649 = CARTESIAN_POINT('',(-4.194950140771,-0.210778640647,-4.5));
#3650 = CARTESIAN_POINT('',(-4.19261528013,-0.255363718047,-4.5));
#3651 = CARTESIAN_POINT('',(-4.189711805692,-0.299917197145,-4.5));
#3652 = CARTESIAN_POINT('',(-4.186240267885,-0.344430015977,-4.5));
#3653 = CARTESIAN_POINT('',(-4.182201409649,-0.388893126273,-4.5));
#3654 = CARTESIAN_POINT('',(-4.145360510061,-0.744117976864,-4.5));
#3655 = CARTESIAN_POINT('',(-4.085370788835,-1.052088799049,-4.5));
#3656 = CARTESIAN_POINT('',(-3.997945116395,-1.354048531187,-4.5));
#3657 = CARTESIAN_POINT('',(-3.883887343024,-1.646988335391,-4.5));
#3658 = CARTESIAN_POINT('',(-3.744386909894,-1.928029925936,-4.5));
#3659 = CARTESIAN_POINT('',(-3.581112292024,-2.194469083219,-4.5));
#3660 = ORIENTED_EDGE('',*,*,#3146,.T.);
#3661 = ORIENTED_EDGE('',*,*,#2414,.T.);
#3662 = B_SPLINE_SURFACE_WITH_KNOTS('',1,10,(
    (#3663,#3664,#3665,#3666,#3667,#3668,#3669,#3670,#3671,#3672,#3673
      ,#3674,#3675,#3676,#3677,#3678,#3679,#3680,#3681,#3682,#3683,#3684
      ,#3685,#3686,#3687,#3688,#3689,#3690,#3691,#3692,#3693,#3694,#3695
      ,#3696,#3697,#3698,#3699,#3700,#3701,#3702,#3703,#3704,#3705,#3706
      ,#3707,#3708,#3709,#3710,#3711,#3712,#3713,#3714,#3715,#3716,#3717
      ,#3718,#3719,#3720,#3721,#3722,#3723,#3724,#3725,#3726,#3727,#3728
      ,#3729,#3730,#3731,#3732,#3733,#3734,#3735,#3736,#3737,#3738,#3739
      ,#3740,#3741,#3742,#3743)
    ,(#3744,#3745,#3746,#3747,#3748,#3749,#3750,#3751,#3752,#3753,#3754
      ,#3755,#3756,#3757,#3758,#3759,#3760,#3761,#3762,#3763,#3764,#3765
      ,#3766,#3767,#3768,#3769,#3770,#3771,#3772,#3773,#3774,#3775,#3776
      ,#3777,#3778,#3779,#3780,#3781,#3782,#3783,#3784,#3785,#3786,#3787
      ,#3788,#3789,#3790,#3791,#3792,#3793,#3794,#3795,#3796,#3797,#3798
      ,#3799,#3800,#3801,#3802,#3803,#3804,#3805,#3806,#3807,#3808,#3809
      ,#3810,#3811,#3812,#3813,#3814,#3815,#3816,#3817,#3818,#3819,#3820
      ,#3821,#3822,#3823,#3824
    )),.UNSPECIFIED.,.F.,.F.,.F.,(2,2),(11,10,10,10,10,10,10,10,11),(0.,
    0.35),(0.,5.975646310925,11.951292621849,17.926938932774,
    23.902585243698,29.878231554623,35.853877865547,41.829524176472,
    47.805170487396),.PIECEWISE_BEZIER_KNOTS.);
#3663 = CARTESIAN_POINT('',(4.2,0.,-7.675));
#3664 = CARTESIAN_POINT('',(4.200004226816,2.391496411817,
    -7.493727983777));
#3665 = CARTESIAN_POINT('',(2.6872251006,4.783914498794,-7.312553659327)
  );
#3666 = CARTESIAN_POINT('',(-0.341404327306,6.093297484508,
    -7.13115061444));
#3667 = CARTESIAN_POINT('',(-3.994360863791,5.271072738569,
    -6.950085081621));
#3668 = CARTESIAN_POINT('',(-6.572628592108,1.993798274114,
    -6.768727359691));
#3669 = CARTESIAN_POINT('',(-6.249630282526,-2.163613844728,
    -6.587445196641));
#3670 = CARTESIAN_POINT('',(-3.669140804886,-4.876696871427,
    -6.406313194428));
#3671 = CARTESIAN_POINT('',(-0.423442118379,-5.470631099421,
    -6.224961259371));
#3672 = CARTESIAN_POINT('',(2.163526326902,-4.321852623983,
    -6.043753035974));
#3673 = CARTESIAN_POINT('',(3.492172371671,-2.333394978682,
    -5.862500000001));
#3674 = CARTESIAN_POINT('',(4.820820104919,-0.344940732619,
    -5.681227983775));
#3675 = CARTESIAN_POINT('',(4.892146505403,2.484737258284,
    -5.500053659332));
#3676 = CARTESIAN_POINT('',(3.101387379668,5.256065778765,
    -5.318650614433));
#3677 = CARTESIAN_POINT('',(-0.39273856919,6.601884802213,
    -5.137585081628));
#3678 = CARTESIAN_POINT('',(-4.357245975537,5.309339476464,
    -4.956227359687));
#3679 = CARTESIAN_POINT('',(-6.398417115932,1.673129387693,
    -4.774945196643));
#3680 = CARTESIAN_POINT('',(-5.760126699743,-2.016359845044,
    -4.593813194429));
#3681 = CARTESIAN_POINT('',(-3.391399048672,-4.313411682911,
    -4.41246125937));
#3682 = CARTESIAN_POINT('',(-0.602186273147,-4.795479951272,
    -4.231253035975));
#3683 = CARTESIAN_POINT('',(1.607270415933,-3.880294036547,
    -4.050000000001));
#3684 = CARTESIAN_POINT('',(3.816726620418,-2.965111886253,
    -3.868727983776));
#3685 = CARTESIAN_POINT('',(5.448117215755,-0.651947449154,
    -3.687553659328));
#3686 = CARTESIAN_POINT('',(5.498823051641,2.6472204661,-3.506150614441)
  );
#3687 = CARTESIAN_POINT('',(3.341260492082,5.707460455363,
    -3.325085081616));
#3688 = CARTESIAN_POINT('',(-0.673206651878,6.835310598028,
    -3.143727359703));
#3689 = CARTESIAN_POINT('',(-4.390548514933,4.945926331375,
    -2.962445196624));
#3690 = CARTESIAN_POINT('',(-5.909599822816,1.523612994176,
    -2.781313194446));
#3691 = CARTESIAN_POINT('',(-5.216248385945,-1.702310379958,
    -2.599961259357));
#3692 = CARTESIAN_POINT('',(-3.164925501036,-3.652739087795,
    -2.418753035982));
#3693 = CARTESIAN_POINT('',(-0.819379352468,-4.119298177694,
    -2.237499999997));
#3694 = CARTESIAN_POINT('',(1.52616430177,-4.585860128372,
    -2.056227983787));
#3695 = CARTESIAN_POINT('',(4.167741312917,-3.568886243869,
    -1.875053659311));
#3696 = CARTESIAN_POINT('',(6.042821162078,-0.853899029502,
    -1.69365061446));
#3697 = CARTESIAN_POINT('',(5.949051701087,2.889275061886,
    -1.512585081603));
#3698 = CARTESIAN_POINT('',(3.237744227871,6.057366629362,
    -1.331227359702));
#3699 = CARTESIAN_POINT('',(-0.902798227083,6.551645510755,
    -1.149945196639));
#3700 = CARTESIAN_POINT('',(-4.06717864734,4.550035656177,
    -0.968813194426));
#3701 = CARTESIAN_POINT('',(-5.282904997595,1.482572979627,
    -0.787461259375));
#3702 = CARTESIAN_POINT('',(-4.660892485481,-1.278803155071,
    -0.606253035972));
#3703 = CARTESIAN_POINT('',(-2.969848480983,-2.969848480984,-0.425));
#3704 = CARTESIAN_POINT('',(-1.278808008522,-4.660894835284,
    -0.243728610401));
#3705 = CARTESIAN_POINT('',(1.482582728708,-5.282893321701,
    -6.255097323949E-02));
#3706 = CARTESIAN_POINT('',(4.55002273953,-4.067203049248,0.118842448443
    ));
#3707 = CARTESIAN_POINT('',(6.551648178562,-0.90277087985,0.299928054425
    ));
#3708 = CARTESIAN_POINT('',(6.057382614911,3.237720862253,0.481253132804
    ));
#3709 = CARTESIAN_POINT('',(2.889245026487,5.949063300763,0.662578212365
    ));
#3710 = CARTESIAN_POINT('',(-0.853866266789,6.042818469091,
    0.843663817491));
#3711 = CARTESIAN_POINT('',(-3.568905430381,4.167740189465,
    1.025057239611));
#3712 = CARTESIAN_POINT('',(-4.585852902151,1.526166475679,
    1.206234876624));
#3713 = CARTESIAN_POINT('',(-4.119299490615,-0.819378997355,
    1.387506266252));
#3714 = CARTESIAN_POINT('',(-3.652741985627,-3.164925340927,
    1.568759928822));
#3715 = CARTESIAN_POINT('',(-1.702299279684,-5.216243484979,
    1.749964839654));
#3716 = CARTESIAN_POINT('',(1.523592523799,-5.909613104526,
    1.931326397476));
#3717 = CARTESIAN_POINT('',(4.945940713051,-4.390528080145,
    2.112438327397));
#3718 = CARTESIAN_POINT('',(6.83531221129,-0.673232876332,2.293753132781
    ));
#3719 = CARTESIAN_POINT('',(5.707442515078,3.341283740124,2.475067939434
    ));
#3720 = CARTESIAN_POINT('',(2.647244383623,5.498805976492,2.656179868425
    ));
#3721 = CARTESIAN_POINT('',(-0.651961948808,5.448124068285,2.83754142674
    ));
#3722 = CARTESIAN_POINT('',(-2.965106264016,3.816726354355,
    3.018746337388));
#3723 = CARTESIAN_POINT('',(-3.880294036548,1.607270415934,
    3.200000000005));
#3724 = CARTESIAN_POINT('',(-4.795483996977,-0.602182553488,
    3.381272016207));
#3725 = CARTESIAN_POINT('',(-4.313397090237,-3.39140416568,
    3.562446340702));
#3726 = CARTESIAN_POINT('',(-2.016387525482,-5.760122611242,
    3.743849385521));
#3727 = CARTESIAN_POINT('',(1.673156039681,-6.398411942998,3.92491491842
    ));
#3728 = CARTESIAN_POINT('',(5.309323464059,-4.3572654867,4.106272640275)
  );
#3729 = CARTESIAN_POINT('',(6.601884676209,-0.39271142013,4.287554803382
    ));
#3730 = CARTESIAN_POINT('',(5.256075188893,3.101361028731,4.468686805557
    ));
#3731 = CARTESIAN_POINT('',(2.484729392704,4.892159819405,4.650038740639
    ));
#3732 = CARTESIAN_POINT('',(-0.344936295152,4.820816862619,
    4.831246964019));
#3733 = CARTESIAN_POINT('',(-2.333394978683,3.492172371672,
    5.012500000004));
#3734 = CARTESIAN_POINT('',(-4.321853981774,2.163531545517,
    5.193771389586));
#3735 = CARTESIAN_POINT('',(-5.470621549823,-0.423453957986,
    5.374949026782));
#3736 = CARTESIAN_POINT('',(-4.876718284554,-3.669123375852,
    5.556342448416));
#3737 = CARTESIAN_POINT('',(-2.163587543416,-6.249638234259,
    5.737428054447));
#3738 = CARTESIAN_POINT('',(1.993772238823,-6.572639712082,
    5.918753132796));
#3739 = CARTESIAN_POINT('',(5.271089974983,-3.994333668511,
    6.100078212355));
#3740 = CARTESIAN_POINT('',(6.093288451576,-0.341435935108,
    6.281163817512));
#3741 = CARTESIAN_POINT('',(4.78391714003,2.687244137618,6.46255723959)
  );
#3742 = CARTESIAN_POINT('',(2.391497134191,4.199996715338,6.643734876638
    ));
#3743 = CARTESIAN_POINT('',(6.044266129967E-07,4.200001218414,
    6.825006266246));
#3744 = CARTESIAN_POINT('',(4.2,-8.881784197001E-16,-7.325));
#3745 = CARTESIAN_POINT('',(4.19999570602,2.391495853461,-7.143727983778
    ));
#3746 = CARTESIAN_POINT('',(2.687244625188,4.783915290621,
    -6.962553659369));
#3747 = CARTESIAN_POINT('',(-0.341436453306,6.093286926139,
    -6.781150614279));
#3748 = CARTESIAN_POINT('',(-3.994328922535,5.271088655277,
    -6.600085081999));
#3749 = CARTESIAN_POINT('',(-6.572641718295,1.993773148571,
    -6.418727359133));
#3750 = CARTESIAN_POINT('',(-6.249631693289,-2.163586666917,
    -6.237445197208));
#3751 = CARTESIAN_POINT('',(-3.669127961611,-4.876715702835,
    -6.056313194047));
#3752 = CARTESIAN_POINT('',(-0.423450640433,-5.470620416206,
    -5.874961259538));
#3753 = CARTESIAN_POINT('',(2.163527693997,-4.321852703094,
    -5.69375303594));
#3754 = CARTESIAN_POINT('',(3.492172371671,-2.333394978682,
    -5.512500000001));
#3755 = CARTESIAN_POINT('',(4.82081270993,-0.344936462974,
    -5.331227983775));
#3756 = CARTESIAN_POINT('',(4.892163179421,2.484727069383,
    -5.150053659374));
#3757 = CARTESIAN_POINT('',(3.101354801959,5.256074848054,
    -4.968650614272));
#3758 = CARTESIAN_POINT('',(-0.392703168158,6.601880290857,
    -4.787585082005));
#3759 = CARTESIAN_POINT('',(-4.357270848564,5.309325877859,
    -4.606227359129));
#3760 = CARTESIAN_POINT('',(-6.398403189758,1.673152768993,
    -4.424945197209));
#3761 = CARTESIAN_POINT('',(-5.760126483118,-2.016382638129,
    -4.243813194048));
#3762 = CARTESIAN_POINT('',(-3.391400199226,-4.313398065542,
    -4.062461259536));
#3763 = CARTESIAN_POINT('',(-0.6021851804,-4.795480776569,
    -3.881253035941));
#3764 = CARTESIAN_POINT('',(1.607270415933,-3.880294036547,
    -3.700000000001));
#3765 = CARTESIAN_POINT('',(3.816722843797,-2.965104227738,
    -3.518727983777));
#3766 = CARTESIAN_POINT('',(5.448125419044,-0.651965184503,
    -3.33755365937));
#3767 = CARTESIAN_POINT('',(5.498801002893,2.64724610614,-3.15615061428)
  );
#3768 = CARTESIAN_POINT('',(3.341287420591,5.707437036555,
    -2.975085081992));
#3769 = CARTESIAN_POINT('',(-0.673234888026,6.835313109908,
    -2.793727359146));
#3770 = CARTESIAN_POINT('',(-4.390523945786,4.945938035255,
    -2.612445197191));
#3771 = CARTESIAN_POINT('',(-5.90961230586,1.523593922062,
    -2.431313194065));
#3772 = CARTESIAN_POINT('',(-5.21624177719,-1.702298418311,
    -2.249961259523));
#3773 = CARTESIAN_POINT('',(-3.164925050962,-3.652740381104,
    -2.068753035949));
#3774 = CARTESIAN_POINT('',(-0.819379352468,-4.119298177693,
    -1.887499999997));
#3775 = CARTESIAN_POINT('',(1.526165416466,-4.585851662375,
    -1.706227983787));
#3776 = CARTESIAN_POINT('',(4.167738280475,-3.568905547768,
    -1.525053659352));
#3777 = CARTESIAN_POINT('',(6.042817074048,-0.853865460967,-1.3436506143
    ));
#3778 = CARTESIAN_POINT('',(5.949061080543,2.889240629183,-1.16258508198
    ));
#3779 = CARTESIAN_POINT('',(3.237722145887,6.057384405083,
    -0.981227359144));
#3780 = CARTESIAN_POINT('',(-0.902771296252,6.551641592278,
    -0.799945197206));
#3781 = CARTESIAN_POINT('',(-4.067199622509,4.550026733512,
    -0.618813194044));
#3782 = CARTESIAN_POINT('',(-5.282892857086,1.482579253739,
    -0.437461259541));
#3783 = CARTESIAN_POINT('',(-4.660892829779,-1.278804480464,
    -0.256253035939));
#3784 = CARTESIAN_POINT('',(-2.969848480984,-2.969848480984,
    -7.500000000025E-02));
#3785 = CARTESIAN_POINT('',(-1.278802617232,-4.660888462895,
    0.106271389599));
#3786 = CARTESIAN_POINT('',(1.482570507164,-5.282907483787,
    0.287449026715));
#3787 = CARTESIAN_POINT('',(4.550035344219,-4.067173393149,
    0.468842448612));
#3788 = CARTESIAN_POINT('',(6.551641857797,-0.902803723929,
    0.649928054031));
#3789 = CARTESIAN_POINT('',(6.057366689604,3.237746430308,0.831253133386
    ));
#3790 = CARTESIAN_POINT('',(2.889274170238,5.949046856711,1.012578211768
    ));
#3791 = CARTESIAN_POINT('',(-0.853897432201,6.042820959273,
    1.193663817903));
#3792 = CARTESIAN_POINT('',(-3.568884794392,4.167740064781,1.37505723942
    ));
#3793 = CARTESIAN_POINT('',(-4.585858535105,1.526164647886,
    1.556234876673));
#3794 = CARTESIAN_POINT('',(-4.119297100565,-0.819378521945,
    1.737506266244));
#3795 = CARTESIAN_POINT('',(-3.652738347817,-3.164924048025,
    1.918759928838));
#3796 = CARTESIAN_POINT('',(-1.702311218823,-5.216246667163,
    2.099964839588));
#3797 = CARTESIAN_POINT('',(1.523613204643,-5.909598225628,
    2.281326397668));
#3798 = CARTESIAN_POINT('',(4.945921419312,-4.390548146447,
    2.462438326988));
#3799 = CARTESIAN_POINT('',(6.835312743024,-0.673207152776,
    2.643753133366));
#3800 = CARTESIAN_POINT('',(5.707454211172,3.34125835636,2.825067938849)
  );
#3801 = CARTESIAN_POINT('',(2.647225467363,5.498821414158,3.006179868816
    ));
#3802 = CARTESIAN_POINT('',(-0.651950481785,5.448115456701,
    3.187541426569));
#3803 = CARTESIAN_POINT('',(-2.965107859286,3.816726117701,
    3.368746337422));
#3804 = CARTESIAN_POINT('',(-3.880294036546,1.607270415934,
    3.550000000005));
#3805 = CARTESIAN_POINT('',(-4.79547591112,-0.602185298399,
    3.731272016207));
#3806 = CARTESIAN_POINT('',(-4.313415431613,-3.391397425505,
    3.91244634066));
#3807 = CARTESIAN_POINT('',(-2.016353804428,-5.760125150652,
    4.093849385681));
#3808 = CARTESIAN_POINT('',(1.673120438756,-6.398414424755,
    4.274914918043));
#3809 = CARTESIAN_POINT('',(5.309345206204,-4.357247296874,
    4.456272640832));
#3810 = CARTESIAN_POINT('',(6.601875579081,-0.392737069046,
    4.637554802817));
#3811 = CARTESIAN_POINT('',(5.256070529726,3.101383341601,4.818686805937
    ));
#3812 = CARTESIAN_POINT('',(2.484733177766,4.892146688148,5.000038740472
    ));
#3813 = CARTESIAN_POINT('',(-0.34493752791,4.820817458875,5.181246964052
    ));
#3814 = CARTESIAN_POINT('',(-2.333394978681,3.49217237167,5.362500000004
    ));
#3815 = CARTESIAN_POINT('',(-4.32184878362,2.163525014632,5.543771389586
    ));
#3816 = CARTESIAN_POINT('',(-5.47063305548,-0.423439208398,
    5.724949026737));
#3817 = CARTESIAN_POINT('',(-4.87669165734,-3.66914152395,5.906342448586
    ));
#3818 = CARTESIAN_POINT('',(-2.163618523297,-6.249625627395,
    6.087428054053));
#3819 = CARTESIAN_POINT('',(1.993800422487,-6.572629080853,
    6.268753133378));
#3820 = CARTESIAN_POINT('',(5.271068161217,-3.994359044189,
    6.450078211759));
#3821 = CARTESIAN_POINT('',(6.093296973992,-0.341405854354,
    6.631163817923));
#3822 = CARTESIAN_POINT('',(4.783912991855,2.687223922479,6.812557239399
    ));
#3823 = CARTESIAN_POINT('',(2.391496440455,4.200002596635,6.993734876688
    ));
#3824 = CARTESIAN_POINT('',(6.044259990433E-07,4.199998781542,
    7.175006266238));
#3825 = ADVANCED_FACE('',(#3826),#3851,.F.);
#3826 = FACE_BOUND('',#3827,.F.);
#3827 = EDGE_LOOP('',(#3828,#3836,#3837,#3845));
#3828 = ORIENTED_EDGE('',*,*,#3829,.T.);
#3829 = EDGE_CURVE('',#3830,#2320,#3832,.T.);
#3830 = VERTEX_POINT('',#3831);
#3831 = CARTESIAN_POINT('',(3.752776749733,-6.5,-4.5));
#3832 = LINE('',#3833,#3834);
#3833 = CARTESIAN_POINT('',(3.752776749733,-6.5,-4.5));
#3834 = VECTOR('',#3835,1.);
#3835 = DIRECTION('',(0.,0.,1.));
#3836 = ORIENTED_EDGE('',*,*,#2484,.T.);
#3837 = ORIENTED_EDGE('',*,*,#3838,.F.);
#3838 = EDGE_CURVE('',#3839,#2274,#3841,.T.);
#3839 = VERTEX_POINT('',#3840);
#3840 = CARTESIAN_POINT('',(7.505553499465,0.,-4.5));
#3841 = LINE('',#3842,#3843);
#3842 = CARTESIAN_POINT('',(7.505553499465,0.,-4.5));
#3843 = VECTOR('',#3844,1.);
#3844 = DIRECTION('',(0.,0.,1.));
#3845 = ORIENTED_EDGE('',*,*,#3846,.F.);
#3846 = EDGE_CURVE('',#3830,#3839,#3847,.T.);
#3847 = LINE('',#3848,#3849);
#3848 = CARTESIAN_POINT('',(3.752776749733,-6.5,-4.5));
#3849 = VECTOR('',#3850,1.);
#3850 = DIRECTION('',(0.5,0.866025403784,0.));
#3851 = PLANE('',#3852);
#3852 = AXIS2_PLACEMENT_3D('',#3853,#3854,#3855);
#3853 = CARTESIAN_POINT('',(3.752776749733,-6.5,-4.5));
#3854 = DIRECTION('',(-0.866025403784,0.5,0.));
#3855 = DIRECTION('',(0.5,0.866025403784,0.));
#3856 = ADVANCED_FACE('',(#3857),#3875,.F.);
#3857 = FACE_BOUND('',#3858,.F.);
#3858 = EDGE_LOOP('',(#3859,#3867,#3868,#3869));
#3859 = ORIENTED_EDGE('',*,*,#3860,.T.);
#3860 = EDGE_CURVE('',#3861,#2311,#3863,.T.);
#3861 = VERTEX_POINT('',#3862);
#3862 = CARTESIAN_POINT('',(-3.752776749733,-6.5,-4.5));
#3863 = LINE('',#3864,#3865);
#3864 = CARTESIAN_POINT('',(-3.752776749733,-6.5,-4.5));
#3865 = VECTOR('',#3866,1.);
#3866 = DIRECTION('',(0.,0.,1.));
#3867 = ORIENTED_EDGE('',*,*,#2499,.T.);
#3868 = ORIENTED_EDGE('',*,*,#3829,.F.);
#3869 = ORIENTED_EDGE('',*,*,#3870,.F.);
#3870 = EDGE_CURVE('',#3861,#3830,#3871,.T.);
#3871 = LINE('',#3872,#3873);
#3872 = CARTESIAN_POINT('',(-3.752776749733,-6.5,-4.5));
#3873 = VECTOR('',#3874,1.);
#3874 = DIRECTION('',(1.,-2.366723306318E-16,0.));
#3875 = PLANE('',#3876);
#3876 = AXIS2_PLACEMENT_3D('',#3877,#3878,#3879);
#3877 = CARTESIAN_POINT('',(-3.752776749733,-6.5,-4.5));
#3878 = DIRECTION('',(2.366723306318E-16,1.,-0.));
#3879 = DIRECTION('',(1.,-2.366723306318E-16,0.));
#3880 = ADVANCED_FACE('',(#3881),#3899,.F.);
#3881 = FACE_BOUND('',#3882,.F.);
#3882 = EDGE_LOOP('',(#3883,#3891,#3892,#3893));
#3883 = ORIENTED_EDGE('',*,*,#3884,.T.);
#3884 = EDGE_CURVE('',#3885,#2302,#3887,.T.);
#3885 = VERTEX_POINT('',#3886);
#3886 = CARTESIAN_POINT('',(-7.505553499465,9.191652068949E-16,-4.5));
#3887 = LINE('',#3888,#3889);
#3888 = CARTESIAN_POINT('',(-7.505553499465,9.191652068949E-16,-4.5));
#3889 = VECTOR('',#3890,1.);
#3890 = DIRECTION('',(0.,0.,1.));
#3891 = ORIENTED_EDGE('',*,*,#2514,.T.);
#3892 = ORIENTED_EDGE('',*,*,#3860,.F.);
#3893 = ORIENTED_EDGE('',*,*,#3894,.F.);
#3894 = EDGE_CURVE('',#3885,#3861,#3895,.T.);
#3895 = LINE('',#3896,#3897);
#3896 = CARTESIAN_POINT('',(-7.505553499465,9.191652068949E-16,-4.5));
#3897 = VECTOR('',#3898,1.);
#3898 = DIRECTION('',(0.5,-0.866025403784,0.));
#3899 = PLANE('',#3900);
#3900 = AXIS2_PLACEMENT_3D('',#3901,#3902,#3903);
#3901 = CARTESIAN_POINT('',(-7.505553499465,9.191652068949E-16,-4.5));
#3902 = DIRECTION('',(0.866025403784,0.5,-0.));
#3903 = DIRECTION('',(0.5,-0.866025403784,0.));
#3904 = ADVANCED_FACE('',(#3905),#3923,.F.);
#3905 = FACE_BOUND('',#3906,.F.);
#3906 = EDGE_LOOP('',(#3907,#3915,#3916,#3917));
#3907 = ORIENTED_EDGE('',*,*,#3908,.T.);
#3908 = EDGE_CURVE('',#3909,#2293,#3911,.T.);
#3909 = VERTEX_POINT('',#3910);
#3910 = CARTESIAN_POINT('',(-3.752776749733,6.5,-4.5));
#3911 = LINE('',#3912,#3913);
#3912 = CARTESIAN_POINT('',(-3.752776749733,6.5,-4.5));
#3913 = VECTOR('',#3914,1.);
#3914 = DIRECTION('',(0.,0.,1.));
#3915 = ORIENTED_EDGE('',*,*,#2528,.T.);
#3916 = ORIENTED_EDGE('',*,*,#3884,.F.);
#3917 = ORIENTED_EDGE('',*,*,#3918,.F.);
#3918 = EDGE_CURVE('',#3909,#3885,#3919,.T.);
#3919 = LINE('',#3920,#3921);
#3920 = CARTESIAN_POINT('',(-3.752776749733,6.5,-4.5));
#3921 = VECTOR('',#3922,1.);
#3922 = DIRECTION('',(-0.5,-0.866025403784,0.));
#3923 = PLANE('',#3924);
#3924 = AXIS2_PLACEMENT_3D('',#3925,#3926,#3927);
#3925 = CARTESIAN_POINT('',(-3.752776749733,6.5,-4.5));
#3926 = DIRECTION('',(0.866025403784,-0.5,0.));
#3927 = DIRECTION('',(-0.5,-0.866025403784,0.));
#3928 = ADVANCED_FACE('',(#3929),#3947,.F.);
#3929 = FACE_BOUND('',#3930,.F.);
#3930 = EDGE_LOOP('',(#3931,#3939,#3940,#3941));
#3931 = ORIENTED_EDGE('',*,*,#3932,.T.);
#3932 = EDGE_CURVE('',#3933,#2284,#3935,.T.);
#3933 = VERTEX_POINT('',#3934);
#3934 = CARTESIAN_POINT('',(3.752776749733,6.5,-4.5));
#3935 = LINE('',#3936,#3937);
#3936 = CARTESIAN_POINT('',(3.752776749733,6.5,-4.5));
#3937 = VECTOR('',#3938,1.);
#3938 = DIRECTION('',(0.,0.,1.));
#3939 = ORIENTED_EDGE('',*,*,#2543,.T.);
#3940 = ORIENTED_EDGE('',*,*,#3908,.F.);
#3941 = ORIENTED_EDGE('',*,*,#3942,.F.);
#3942 = EDGE_CURVE('',#3933,#3909,#3943,.T.);
#3943 = LINE('',#3944,#3945);
#3944 = CARTESIAN_POINT('',(3.752776749733,6.5,-4.5));
#3945 = VECTOR('',#3946,1.);
#3946 = DIRECTION('',(-1.,1.183361653159E-16,0.));
#3947 = PLANE('',#3948);
#3948 = AXIS2_PLACEMENT_3D('',#3949,#3950,#3951);
#3949 = CARTESIAN_POINT('',(3.752776749733,6.5,-4.5));
#3950 = DIRECTION('',(-1.183361653159E-16,-1.,0.));
#3951 = DIRECTION('',(-1.,1.183361653159E-16,0.));
#3952 = ADVANCED_FACE('',(#3953),#3964,.F.);
#3953 = FACE_BOUND('',#3954,.F.);
#3954 = EDGE_LOOP('',(#3955,#3956,#3957,#3958));
#3955 = ORIENTED_EDGE('',*,*,#3838,.T.);
#3956 = ORIENTED_EDGE('',*,*,#2558,.T.);
#3957 = ORIENTED_EDGE('',*,*,#3932,.F.);
#3958 = ORIENTED_EDGE('',*,*,#3959,.F.);
#3959 = EDGE_CURVE('',#3839,#3933,#3960,.T.);
#3960 = LINE('',#3961,#3962);
#3961 = CARTESIAN_POINT('',(7.505553499465,0.,-4.5));
#3962 = VECTOR('',#3963,1.);
#3963 = DIRECTION('',(-0.5,0.866025403784,0.));
#3964 = PLANE('',#3965);
#3965 = AXIS2_PLACEMENT_3D('',#3966,#3967,#3968);
#3966 = CARTESIAN_POINT('',(7.505553499465,0.,-4.5));
#3967 = DIRECTION('',(-0.866025403784,-0.5,0.));
#3968 = DIRECTION('',(-0.5,0.866025403784,0.));
#3969 = ADVANCED_FACE('',(#3970),#3988,.F.);
#3970 = FACE_BOUND('',#3971,.F.);
#3971 = EDGE_LOOP('',(#3972,#3981,#3987));
#3972 = ORIENTED_EDGE('',*,*,#3973,.T.);
#3973 = EDGE_CURVE('',#2574,#3974,#3976,.T.);
#3974 = VERTEX_POINT('',#3975);
#3975 = CARTESIAN_POINT('',(3.3,-8.082668874373E-16,-4.5));
#3976 = CIRCLE('',#3977,3.3);
#3977 = AXIS2_PLACEMENT_3D('',#3978,#3979,#3980);
#3978 = CARTESIAN_POINT('',(0.,0.,-4.5));
#3979 = DIRECTION('',(0.,0.,1.));
#3980 = DIRECTION('',(1.,0.,-0.));
#3981 = ORIENTED_EDGE('',*,*,#3982,.T.);
#3982 = EDGE_CURVE('',#3974,#2576,#3983,.T.);
#3983 = LINE('',#3984,#3985);
#3984 = CARTESIAN_POINT('',(3.3,-8.082668874373E-16,-5.5));
#3985 = VECTOR('',#3986,1.);
#3986 = DIRECTION('',(0.,0.,1.));
#3987 = ORIENTED_EDGE('',*,*,#2573,.F.);
#3988 = CYLINDRICAL_SURFACE('',#3989,3.3);
#3989 = AXIS2_PLACEMENT_3D('',#3990,#3991,#3992);
#3990 = CARTESIAN_POINT('',(0.,0.,-5.5));
#3991 = DIRECTION('',(0.,0.,1.));
#3992 = DIRECTION('',(1.,0.,-0.));
#3993 = ADVANCED_FACE('',(#3994),#4012,.F.);
#3994 = FACE_BOUND('',#3995,.F.);
#3995 = EDGE_LOOP('',(#3996,#3997,#4003,#4004,#4005));
#3996 = ORIENTED_EDGE('',*,*,#3259,.T.);
#3997 = ORIENTED_EDGE('',*,*,#3998,.T.);
#3998 = EDGE_CURVE('',#3260,#2816,#3999,.T.);
#3999 = LINE('',#4000,#4001);
#4000 = CARTESIAN_POINT('',(3.3,-8.082668874373E-16,-5.5));
#4001 = VECTOR('',#4002,1.);
#4002 = DIRECTION('',(0.,0.,1.));
#4003 = ORIENTED_EDGE('',*,*,#2852,.F.);
#4004 = ORIENTED_EDGE('',*,*,#3982,.F.);
#4005 = ORIENTED_EDGE('',*,*,#4006,.T.);
#4006 = EDGE_CURVE('',#3974,#3233,#4007,.T.);
#4007 = CIRCLE('',#4008,3.3);
#4008 = AXIS2_PLACEMENT_3D('',#4009,#4010,#4011);
#4009 = CARTESIAN_POINT('',(0.,0.,-4.5));
#4010 = DIRECTION('',(0.,0.,1.));
#4011 = DIRECTION('',(1.,0.,-0.));
#4012 = CYLINDRICAL_SURFACE('',#4013,3.3);
#4013 = AXIS2_PLACEMENT_3D('',#4014,#4015,#4016);
#4014 = CARTESIAN_POINT('',(0.,0.,-5.5));
#4015 = DIRECTION('',(0.,0.,1.));
#4016 = DIRECTION('',(1.,0.,-0.));
#4017 = ADVANCED_FACE('',(#4018),#4029,.F.);
#4018 = FACE_BOUND('',#4019,.F.);
#4019 = EDGE_LOOP('',(#4020,#4026,#4027,#4028));
#4020 = ORIENTED_EDGE('',*,*,#4021,.T.);
#4021 = EDGE_CURVE('',#3323,#2773,#4022,.T.);
#4022 = LINE('',#4023,#4024);
#4023 = CARTESIAN_POINT('',(3.3,-8.082668874373E-16,-5.5));
#4024 = VECTOR('',#4025,1.);
#4025 = DIRECTION('',(0.,0.,1.));
#4026 = ORIENTED_EDGE('',*,*,#2815,.F.);
#4027 = ORIENTED_EDGE('',*,*,#3998,.F.);
#4028 = ORIENTED_EDGE('',*,*,#3322,.T.);
#4029 = CYLINDRICAL_SURFACE('',#4030,3.3);
#4030 = AXIS2_PLACEMENT_3D('',#4031,#4032,#4033);
#4031 = CARTESIAN_POINT('',(0.,0.,-5.5));
#4032 = DIRECTION('',(0.,0.,1.));
#4033 = DIRECTION('',(1.,0.,-0.));
#4034 = ADVANCED_FACE('',(#4035),#4041,.F.);
#4035 = FACE_BOUND('',#4036,.F.);
#4036 = EDGE_LOOP('',(#4037,#4038,#4039,#4040));
#4037 = ORIENTED_EDGE('',*,*,#3132,.T.);
#4038 = ORIENTED_EDGE('',*,*,#2772,.F.);
#4039 = ORIENTED_EDGE('',*,*,#4021,.F.);
#4040 = ORIENTED_EDGE('',*,*,#3392,.T.);
#4041 = CYLINDRICAL_SURFACE('',#4042,3.3);
#4042 = AXIS2_PLACEMENT_3D('',#4043,#4044,#4045);
#4043 = CARTESIAN_POINT('',(0.,0.,-5.5));
#4044 = DIRECTION('',(0.,0.,1.));
#4045 = DIRECTION('',(1.,0.,-0.));
#4046 = ADVANCED_FACE('',(#4047,#4055),#4062,.F.);
#4047 = FACE_BOUND('',#4048,.F.);
#4048 = EDGE_LOOP('',(#4049,#4050,#4051,#4052,#4053,#4054));
#4049 = ORIENTED_EDGE('',*,*,#3959,.T.);
#4050 = ORIENTED_EDGE('',*,*,#3942,.T.);
#4051 = ORIENTED_EDGE('',*,*,#3918,.T.);
#4052 = ORIENTED_EDGE('',*,*,#3894,.T.);
#4053 = ORIENTED_EDGE('',*,*,#3870,.T.);
#4054 = ORIENTED_EDGE('',*,*,#3846,.T.);
#4055 = FACE_BOUND('',#4056,.F.);
#4056 = EDGE_LOOP('',(#4057,#4058,#4059,#4060,#4061));
#4057 = ORIENTED_EDGE('',*,*,#3973,.F.);
#4058 = ORIENTED_EDGE('',*,*,#2618,.F.);
#4059 = ORIENTED_EDGE('',*,*,#3636,.F.);
#4060 = ORIENTED_EDGE('',*,*,#3232,.F.);
#4061 = ORIENTED_EDGE('',*,*,#4006,.F.);
#4062 = PLANE('',#4063);
#4063 = AXIS2_PLACEMENT_3D('',#4064,#4065,#4066);
#4064 = CARTESIAN_POINT('',(-7.889077687727E-17,7.889077687727E-17,-4.5)
  );
#4065 = DIRECTION('',(0.,0.,1.));
#4066 = DIRECTION('',(1.,0.,-0.));
#4067 = ( GEOMETRIC_REPRESENTATION_CONTEXT(3) 
GLOBAL_UNCERTAINTY_ASSIGNED_CONTEXT((#4071)) 
GLOBAL_UNIT_ASSIGNED_CONTEXT((#4068,#4069,#4070)) REPRESENTATION_CONTEXT
('Context #1','3D Context with UNIT and UNCERTAINTY') );
#4068 = ( LENGTH_UNIT() NAMED_UNIT(*) SI_UNIT(.MILLI.,.METRE.) );
#4069 = ( NAMED_UNIT(*) PLANE_ANGLE_UNIT() SI_UNIT($,.RADIAN.) );
#4070 = ( NAMED_UNIT(*) SI_UNIT($,.STERADIAN.) SOLID_ANGLE_UNIT() );
#4071 = UNCERTAINTY_MEASURE_WITH_UNIT(LENGTH_MEASURE(5.E-06),#4068,
  'distance_accuracy_value','confusion accuracy');
#4072 = PRODUCT_RELATED_PRODUCT_CATEGORY('part',$,(#7));
ENDSEC;
END-ISO-10303-21;
