ISO-10303-21;
HEADER;
FILE_DESCRIPTION(('FreeCAD Model'),'2;1');
FILE_NAME('Open CASCADE Shape Model','2026-10-01T13:58:36',('Author'),(
    ''),'Open CASCADE STEP processor 8.0','FreeCAD','Unknown');
FILE_SCHEMA(('AUTOMOTIVE_DESIGN { 1 0 10303 214 1 1 1 1 }'));
ENDSEC;
DATA;
#1 = APPLICATION_PROTOCOL_DEFINITION('international standard',
  'automotive_design',2000,#2);
#2 = APPLICATION_CONTEXT(
  'core data for automotive mechanical design processes');
#3 = SHAPE_DEFINITION_REPRESENTATION(#4,#10);
#4 = PRODUCT_DEFINITION_SHAPE('','',#5);
#5 = PRODUCT_DEFINITION('design','',#6,#9);
#6 = PRODUCT_DEFINITION_FORMATION('','',#7);
#7 = PRODUCT('10_ecrou_hex','10_ecrou_hex','',(#8));
#8 = PRODUCT_CONTEXT('',#2,'mechanical');
#9 = PRODUCT_DEFINITION_CONTEXT('part definition',#2,'design');
#10 = ADVANCED_BREP_SHAPE_REPRESENTATION('',(#11,#15),#8155);
#11 = AXIS2_PLACEMENT_3D('',#12,#13,#14);
#12 = CARTESIAN_POINT('',(0.,0.,0.));
#13 = DIRECTION('',(0.,0.,1.));
#14 = DIRECTION('',(1.,0.,-0.));
#15 = MANIFOLD_SOLID_BREP('',#16);
#16 = CLOSED_SHELL('',(#17,#57,#88,#119,#634,#1149,#1166,#1183,#1195,
    #1387,#1532,#1677,#1822,#1967,#2112,#2257,#2402,#2547,#2692,#2837,
    #2982,#3127,#3272,#3417,#3562,#3707,#3852,#3997,#4142,#4287,#4432,
    #4577,#4722,#4867,#5012,#5157,#5302,#5447,#5592,#5737,#5882,#6027,
    #6172,#6317,#6462,#6607,#6752,#6897,#7042,#7187,#7332,#7477,#7622,
    #7767,#7912,#8057));
#17 = ADVANCED_FACE('',(#18),#52,.F.);
#18 = FACE_BOUND('',#19,.F.);
#19 = EDGE_LOOP('',(#20,#30,#38,#46));
#20 = ORIENTED_EDGE('',*,*,#21,.T.);
#21 = EDGE_CURVE('',#22,#24,#26,.T.);
#22 = VERTEX_POINT('',#23);
#23 = CARTESIAN_POINT('',(7.505553499465,0.,0.));
#24 = VERTEX_POINT('',#25);
#25 = CARTESIAN_POINT('',(7.505553499465,0.,5.));
#26 = LINE('',#27,#28);
#27 = CARTESIAN_POINT('',(7.505553499465,0.,0.));
#28 = VECTOR('',#29,1.);
#29 = DIRECTION('',(0.,0.,1.));
#30 = ORIENTED_EDGE('',*,*,#31,.T.);
#31 = EDGE_CURVE('',#24,#32,#34,.T.);
#32 = VERTEX_POINT('',#33);
#33 = CARTESIAN_POINT('',(3.752776749733,6.5,5.));
#34 = LINE('',#35,#36);
#35 = CARTESIAN_POINT('',(7.505553499465,0.,5.));
#36 = VECTOR('',#37,1.);
#37 = DIRECTION('',(-0.5,0.866025403784,0.));
#38 = ORIENTED_EDGE('',*,*,#39,.F.);
#39 = EDGE_CURVE('',#40,#32,#42,.T.);
#40 = VERTEX_POINT('',#41);
#41 = CARTESIAN_POINT('',(3.752776749733,6.5,0.));
#42 = LINE('',#43,#44);
#43 = CARTESIAN_POINT('',(3.752776749733,6.5,0.));
#44 = VECTOR('',#45,1.);
#45 = DIRECTION('',(0.,0.,1.));
#46 = ORIENTED_EDGE('',*,*,#47,.F.);
#47 = EDGE_CURVE('',#22,#40,#48,.T.);
#48 = LINE('',#49,#50);
#49 = CARTESIAN_POINT('',(7.505553499465,0.,0.));
#50 = VECTOR('',#51,1.);
#51 = DIRECTION('',(-0.5,0.866025403784,0.));
#52 = PLANE('',#53);
#53 = AXIS2_PLACEMENT_3D('',#54,#55,#56);
#54 = CARTESIAN_POINT('',(7.505553499465,0.,0.));
#55 = DIRECTION('',(-0.866025403784,-0.5,0.));
#56 = DIRECTION('',(-0.5,0.866025403784,0.));
#57 = ADVANCED_FACE('',(#58),#83,.F.);
#58 = FACE_BOUND('',#59,.F.);
#59 = EDGE_LOOP('',(#60,#70,#76,#77));
#60 = ORIENTED_EDGE('',*,*,#61,.T.);
#61 = EDGE_CURVE('',#62,#64,#66,.T.);
#62 = VERTEX_POINT('',#63);
#63 = CARTESIAN_POINT('',(3.752776749733,-6.5,0.));
#64 = VERTEX_POINT('',#65);
#65 = CARTESIAN_POINT('',(3.752776749733,-6.5,5.));
#66 = LINE('',#67,#68);
#67 = CARTESIAN_POINT('',(3.752776749733,-6.5,0.));
#68 = VECTOR('',#69,1.);
#69 = DIRECTION('',(0.,0.,1.));
#70 = ORIENTED_EDGE('',*,*,#71,.T.);
#71 = EDGE_CURVE('',#64,#24,#72,.T.);
#72 = LINE('',#73,#74);
#73 = CARTESIAN_POINT('',(3.752776749733,-6.5,5.));
#74 = VECTOR('',#75,1.);
#75 = DIRECTION('',(0.5,0.866025403784,0.));
#76 = ORIENTED_EDGE('',*,*,#21,.F.);
#77 = ORIENTED_EDGE('',*,*,#78,.F.);
#78 = EDGE_CURVE('',#62,#22,#79,.T.);
#79 = LINE('',#80,#81);
#80 = CARTESIAN_POINT('',(3.752776749733,-6.5,0.));
#81 = VECTOR('',#82,1.);
#82 = DIRECTION('',(0.5,0.866025403784,0.));
#83 = PLANE('',#84);
#84 = AXIS2_PLACEMENT_3D('',#85,#86,#87);
#85 = CARTESIAN_POINT('',(3.752776749733,-6.5,0.));
#86 = DIRECTION('',(-0.866025403784,0.5,0.));
#87 = DIRECTION('',(0.5,0.866025403784,0.));
#88 = ADVANCED_FACE('',(#89),#114,.F.);
#89 = FACE_BOUND('',#90,.F.);
#90 = EDGE_LOOP('',(#91,#92,#100,#108));
#91 = ORIENTED_EDGE('',*,*,#39,.T.);
#92 = ORIENTED_EDGE('',*,*,#93,.T.);
#93 = EDGE_CURVE('',#32,#94,#96,.T.);
#94 = VERTEX_POINT('',#95);
#95 = CARTESIAN_POINT('',(-3.752776749733,6.5,5.));
#96 = LINE('',#97,#98);
#97 = CARTESIAN_POINT('',(3.752776749733,6.5,5.));
#98 = VECTOR('',#99,1.);
#99 = DIRECTION('',(-1.,1.183361653159E-16,0.));
#100 = ORIENTED_EDGE('',*,*,#101,.F.);
#101 = EDGE_CURVE('',#102,#94,#104,.T.);
#102 = VERTEX_POINT('',#103);
#103 = CARTESIAN_POINT('',(-3.752776749733,6.5,0.));
#104 = LINE('',#105,#106);
#105 = CARTESIAN_POINT('',(-3.752776749733,6.5,0.));
#106 = VECTOR('',#107,1.);
#107 = DIRECTION('',(0.,0.,1.));
#108 = ORIENTED_EDGE('',*,*,#109,.F.);
#109 = EDGE_CURVE('',#40,#102,#110,.T.);
#110 = LINE('',#111,#112);
#111 = CARTESIAN_POINT('',(3.752776749733,6.5,0.));
#112 = VECTOR('',#113,1.);
#113 = DIRECTION('',(-1.,1.183361653159E-16,0.));
#114 = PLANE('',#115);
#115 = AXIS2_PLACEMENT_3D('',#116,#117,#118);
#116 = CARTESIAN_POINT('',(3.752776749733,6.5,0.));
#117 = DIRECTION('',(-1.183361653159E-16,-1.,0.));
#118 = DIRECTION('',(-1.,1.183361653159E-16,0.));
#119 = ADVANCED_FACE('',(#120,#147),#629,.F.);
#120 = FACE_BOUND('',#121,.F.);
#121 = EDGE_LOOP('',(#122,#123,#124,#132,#140,#146));
#122 = ORIENTED_EDGE('',*,*,#47,.T.);
#123 = ORIENTED_EDGE('',*,*,#109,.T.);
#124 = ORIENTED_EDGE('',*,*,#125,.T.);
#125 = EDGE_CURVE('',#102,#126,#128,.T.);
#126 = VERTEX_POINT('',#127);
#127 = CARTESIAN_POINT('',(-7.505553499465,9.191652068949E-16,0.));
#128 = LINE('',#129,#130);
#129 = CARTESIAN_POINT('',(-3.752776749733,6.5,0.));
#130 = VECTOR('',#131,1.);
#131 = DIRECTION('',(-0.5,-0.866025403784,0.));
#132 = ORIENTED_EDGE('',*,*,#133,.T.);
#133 = EDGE_CURVE('',#126,#134,#136,.T.);
#134 = VERTEX_POINT('',#135);
#135 = CARTESIAN_POINT('',(-3.752776749733,-6.5,0.));
#136 = LINE('',#137,#138);
#137 = CARTESIAN_POINT('',(-7.505553499465,9.191652068949E-16,0.));
#138 = VECTOR('',#139,1.);
#139 = DIRECTION('',(0.5,-0.866025403784,0.));
#140 = ORIENTED_EDGE('',*,*,#141,.T.);
#141 = EDGE_CURVE('',#134,#62,#142,.T.);
#142 = LINE('',#143,#144);
#143 = CARTESIAN_POINT('',(-3.752776749733,-6.5,0.));
#144 = VECTOR('',#145,1.);
#145 = DIRECTION('',(1.,-2.366723306318E-16,0.));
#146 = ORIENTED_EDGE('',*,*,#78,.T.);
#147 = FACE_BOUND('',#148,.F.);
#148 = EDGE_LOOP('',(#149,#161,#171,#181,#191,#201,#211,#221,#231,#241,
    #251,#261,#271,#281,#291,#301,#311,#321,#331,#341,#351,#361,#371,
    #381,#391,#401,#411,#421,#431,#441,#451,#461,#471,#481,#491,#501,
    #511,#521,#531,#541,#551,#561,#571,#581,#591,#601,#611,#621));
#149 = ORIENTED_EDGE('',*,*,#150,.T.);
#150 = EDGE_CURVE('',#151,#153,#155,.T.);
#151 = VERTEX_POINT('',#152);
#152 = CARTESIAN_POINT('',(4.153481053043,1.112921893941,0.));
#153 = VERTEX_POINT('',#154);
#154 = CARTESIAN_POINT('',(4.263212903907,0.561262626546,0.));
#155 = B_SPLINE_CURVE_WITH_KNOTS('',4,(#156,#157,#158,#159,#160),
  .UNSPECIFIED.,.F.,.F.,(5,5),(0.,1.),.PIECEWISE_BEZIER_KNOTS.);
#156 = CARTESIAN_POINT('',(4.153481053043,1.112921893941,0.));
#157 = CARTESIAN_POINT('',(4.180914015759,0.975007077092,0.));
#158 = CARTESIAN_POINT('',(4.208346978475,0.837092260244,0.));
#159 = CARTESIAN_POINT('',(4.235779941191,0.699177443395,0.));
#160 = CARTESIAN_POINT('',(4.263212903907,0.561262626546,0.));
#161 = ORIENTED_EDGE('',*,*,#162,.T.);
#162 = EDGE_CURVE('',#153,#163,#165,.T.);
#163 = VERTEX_POINT('',#164);
#164 = CARTESIAN_POINT('',(4.3,0.,0.));
#165 = B_SPLINE_CURVE_WITH_KNOTS('',4,(#166,#167,#168,#169,#170),
  .UNSPECIFIED.,.F.,.F.,(5,5),(0.,1.),.PIECEWISE_BEZIER_KNOTS.);
#166 = CARTESIAN_POINT('',(4.263212903907,0.561262626546,0.));
#167 = CARTESIAN_POINT('',(4.272409677931,0.42094696991,0.));
#168 = CARTESIAN_POINT('',(4.281606451954,0.280631313273,0.));
#169 = CARTESIAN_POINT('',(4.290803225977,0.140315656637,0.));
#170 = CARTESIAN_POINT('',(4.3,0.,0.));
#171 = ORIENTED_EDGE('',*,*,#172,.T.);
#172 = EDGE_CURVE('',#163,#173,#175,.T.);
#173 = VERTEX_POINT('',#174);
#174 = CARTESIAN_POINT('',(4.263212903907,-0.561262626546,0.));
#175 = B_SPLINE_CURVE_WITH_KNOTS('',4,(#176,#177,#178,#179,#180),
  .UNSPECIFIED.,.F.,.F.,(5,5),(0.,1.),.PIECEWISE_BEZIER_KNOTS.);
#176 = CARTESIAN_POINT('',(4.3,-3.213152558524E-17,0.));
#177 = CARTESIAN_POINT('',(4.290803225977,-0.140315656637,0.));
#178 = CARTESIAN_POINT('',(4.281606451954,-0.280631313273,0.));
#179 = CARTESIAN_POINT('',(4.272409677931,-0.42094696991,0.));
#180 = CARTESIAN_POINT('',(4.263212903907,-0.561262626546,0.));
#181 = ORIENTED_EDGE('',*,*,#182,.T.);
#182 = EDGE_CURVE('',#173,#183,#185,.T.);
#183 = VERTEX_POINT('',#184);
#184 = CARTESIAN_POINT('',(4.153481053043,-1.112921893941,0.));
#185 = B_SPLINE_CURVE_WITH_KNOTS('',4,(#186,#187,#188,#189,#190),
  .UNSPECIFIED.,.F.,.F.,(5,5),(0.,1.),.PIECEWISE_BEZIER_KNOTS.);
#186 = CARTESIAN_POINT('',(4.263212903907,-0.561262626546,0.));
#187 = CARTESIAN_POINT('',(4.235779941191,-0.699177443395,0.));
#188 = CARTESIAN_POINT('',(4.208346978475,-0.837092260244,0.));
#189 = CARTESIAN_POINT('',(4.180914015759,-0.975007077092,0.));
#190 = CARTESIAN_POINT('',(4.153481053043,-1.112921893941,0.));
#191 = ORIENTED_EDGE('',*,*,#192,.T.);
#192 = EDGE_CURVE('',#183,#193,#195,.T.);
#193 = VERTEX_POINT('',#194);
#194 = CARTESIAN_POINT('',(3.972681989799,-1.64553875917,0.));
#195 = B_SPLINE_CURVE_WITH_KNOTS('',4,(#196,#197,#198,#199,#200),
  .UNSPECIFIED.,.F.,.F.,(5,5),(0.,1.),.PIECEWISE_BEZIER_KNOTS.);
#196 = CARTESIAN_POINT('',(4.153481053043,-1.112921893941,0.));
#197 = CARTESIAN_POINT('',(4.108281287232,-1.246076110248,0.));
#198 = CARTESIAN_POINT('',(4.063081521421,-1.379230326555,0.));
#199 = CARTESIAN_POINT('',(4.01788175561,-1.512384542863,0.));
#200 = CARTESIAN_POINT('',(3.972681989799,-1.64553875917,0.));
#201 = ORIENTED_EDGE('',*,*,#202,.T.);
#202 = EDGE_CURVE('',#193,#203,#205,.T.);
#203 = VERTEX_POINT('',#204);
#204 = CARTESIAN_POINT('',(3.723909236273,-2.15,0.));
#205 = B_SPLINE_CURVE_WITH_KNOTS('',4,(#206,#207,#208,#209,#210),
  .UNSPECIFIED.,.F.,.F.,(5,5),(0.,1.),.PIECEWISE_BEZIER_KNOTS.);
#206 = CARTESIAN_POINT('',(3.972681989799,-1.64553875917,0.));
#207 = CARTESIAN_POINT('',(3.910488801417,-1.771654069377,0.));
#208 = CARTESIAN_POINT('',(3.848295613036,-1.897769379585,0.));
#209 = CARTESIAN_POINT('',(3.786102424654,-2.023884689792,0.));
#210 = CARTESIAN_POINT('',(3.723909236273,-2.15,0.));
#211 = ORIENTED_EDGE('',*,*,#212,.T.);
#212 = EDGE_CURVE('',#203,#213,#215,.T.);
#213 = VERTEX_POINT('',#214);
#214 = CARTESIAN_POINT('',(3.370027015063,-2.585912678876,0.));
#215 = B_SPLINE_CURVE_WITH_KNOTS('',4,(#216,#217,#218,#219,#220),
  .UNSPECIFIED.,.F.,.F.,(5,5),(0.,1.),.PIECEWISE_BEZIER_KNOTS.);
#216 = CARTESIAN_POINT('',(3.723909236273,-2.15,0.));
#217 = CARTESIAN_POINT('',(3.635438680971,-2.258978169719,0.));
#218 = CARTESIAN_POINT('',(3.546968125668,-2.367956339438,0.));
#219 = CARTESIAN_POINT('',(3.458497570366,-2.476934509157,0.));
#220 = CARTESIAN_POINT('',(3.370027015063,-2.585912678876,0.));
#221 = ORIENTED_EDGE('',*,*,#222,.T.);
#222 = EDGE_CURVE('',#213,#223,#225,.T.);
#223 = VERTEX_POINT('',#224);
#224 = CARTESIAN_POINT('',(2.957550971745,-2.957550971745,0.));
#225 = B_SPLINE_CURVE_WITH_KNOTS('',4,(#226,#227,#228,#229,#230),
  .UNSPECIFIED.,.F.,.F.,(5,5),(0.,1.),.PIECEWISE_BEZIER_KNOTS.);
#226 = CARTESIAN_POINT('',(3.370027015063,-2.585912678876,0.));
#227 = CARTESIAN_POINT('',(3.266908004234,-2.678822252093,0.));
#228 = CARTESIAN_POINT('',(3.163788993404,-2.771731825311,0.));
#229 = CARTESIAN_POINT('',(3.060669982575,-2.864641398528,0.));
#230 = CARTESIAN_POINT('',(2.957550971745,-2.957550971745,0.));
#231 = ORIENTED_EDGE('',*,*,#232,.T.);
#232 = EDGE_CURVE('',#223,#233,#235,.T.);
#233 = VERTEX_POINT('',#234);
#234 = CARTESIAN_POINT('',(2.506509014223,-3.26654614459,0.));
#235 = B_SPLINE_CURVE_WITH_KNOTS('',4,(#236,#237,#238,#239,#240),
  .UNSPECIFIED.,.F.,.F.,(5,5),(0.,1.),.PIECEWISE_BEZIER_KNOTS.);
#236 = CARTESIAN_POINT('',(2.957550971745,-2.957550971745,0.));
#237 = CARTESIAN_POINT('',(2.844790482365,-3.034799764957,0.));
#238 = CARTESIAN_POINT('',(2.732029992984,-3.112048558168,0.));
#239 = CARTESIAN_POINT('',(2.619269503604,-3.189297351379,0.));
#240 = CARTESIAN_POINT('',(2.506509014223,-3.26654614459,0.));
#241 = ORIENTED_EDGE('',*,*,#242,.T.);
#242 = EDGE_CURVE('',#233,#243,#245,.T.);
#243 = VERTEX_POINT('',#244);
#244 = CARTESIAN_POINT('',(2.026086956522,-3.509285549248,0.));
#245 = B_SPLINE_CURVE_WITH_KNOTS('',4,(#246,#247,#248,#249,#250),
  .UNSPECIFIED.,.F.,.F.,(5,5),(0.,1.),.PIECEWISE_BEZIER_KNOTS.);
#246 = CARTESIAN_POINT('',(2.506509014223,-3.26654614459,0.));
#247 = CARTESIAN_POINT('',(2.386403499798,-3.327230995755,0.));
#248 = CARTESIAN_POINT('',(2.266297985372,-3.387915846919,0.));
#249 = CARTESIAN_POINT('',(2.146192470947,-3.448600698084,0.));
#250 = CARTESIAN_POINT('',(2.026086956522,-3.509285549248,0.));
#251 = ORIENTED_EDGE('',*,*,#252,.T.);
#252 = EDGE_CURVE('',#243,#253,#255,.T.);
#253 = VERTEX_POINT('',#254);
#254 = CARTESIAN_POINT('',(1.52574220643,-3.683467527447,0.));
#255 = B_SPLINE_CURVE_WITH_KNOTS('',4,(#256,#257,#258,#259,#260),
  .UNSPECIFIED.,.F.,.F.,(5,5),(0.,1.),.PIECEWISE_BEZIER_KNOTS.);
#256 = CARTESIAN_POINT('',(2.026086956522,-3.509285549248,0.));
#257 = CARTESIAN_POINT('',(1.901000768999,-3.552831043798,0.));
#258 = CARTESIAN_POINT('',(1.775914581476,-3.596376538348,0.));
#259 = CARTESIAN_POINT('',(1.650828393953,-3.639922032897,0.));
#260 = CARTESIAN_POINT('',(1.52574220643,-3.683467527447,0.));
#261 = ORIENTED_EDGE('',*,*,#262,.T.);
#262 = EDGE_CURVE('',#253,#263,#265,.T.);
#263 = VERTEX_POINT('',#264);
#264 = CARTESIAN_POINT('',(1.01502077688,-3.788109110055,0.));
#265 = B_SPLINE_CURVE_WITH_KNOTS('',4,(#266,#267,#268,#269,#270),
  .UNSPECIFIED.,.F.,.F.,(5,5),(0.,1.),.PIECEWISE_BEZIER_KNOTS.);
#266 = CARTESIAN_POINT('',(1.52574220643,-3.683467527447,0.));
#267 = CARTESIAN_POINT('',(1.398061849042,-3.709627923099,0.));
#268 = CARTESIAN_POINT('',(1.270381491655,-3.735788318751,0.));
#269 = CARTESIAN_POINT('',(1.142701134268,-3.761948714403,0.));
#270 = CARTESIAN_POINT('',(1.01502077688,-3.788109110055,0.));
#271 = ORIENTED_EDGE('',*,*,#272,.T.);
#272 = EDGE_CURVE('',#263,#273,#275,.T.);
#273 = VERTEX_POINT('',#274);
#274 = CARTESIAN_POINT('',(0.503377097823,-3.823528661037,0.));
#275 = B_SPLINE_CURVE_WITH_KNOTS('',4,(#276,#277,#278,#279,#280),
  .UNSPECIFIED.,.F.,.F.,(5,5),(0.,1.),.PIECEWISE_BEZIER_KNOTS.);
#276 = CARTESIAN_POINT('',(1.01502077688,-3.788109110055,0.));
#277 = CARTESIAN_POINT('',(0.887109857116,-3.796963997801,0.));
#278 = CARTESIAN_POINT('',(0.759198937351,-3.805818885546,0.));
#279 = CARTESIAN_POINT('',(0.631288017587,-3.814673773292,0.));
#280 = CARTESIAN_POINT('',(0.503377097823,-3.823528661037,0.));
#281 = ORIENTED_EDGE('',*,*,#282,.T.);
#282 = EDGE_CURVE('',#273,#283,#285,.T.);
#283 = VERTEX_POINT('',#284);
#284 = CARTESIAN_POINT('',(-6.964513101238E-16,-3.791304347826,0.));
#285 = B_SPLINE_CURVE_WITH_KNOTS('',4,(#286,#287,#288,#289,#290),
  .UNSPECIFIED.,.F.,.F.,(5,5),(0.,1.),.PIECEWISE_BEZIER_KNOTS.);
#286 = CARTESIAN_POINT('',(0.503377097823,-3.823528661037,0.));
#287 = CARTESIAN_POINT('',(0.377532823367,-3.815472582734,0.));
#288 = CARTESIAN_POINT('',(0.251688548911,-3.807416504432,0.));
#289 = CARTESIAN_POINT('',(0.125844274456,-3.799360426129,0.));
#290 = CARTESIAN_POINT('',(-6.661338147751E-16,-3.791304347826,0.));
#291 = ORIENTED_EDGE('',*,*,#292,.T.);
#292 = EDGE_CURVE('',#283,#293,#295,.T.);
#293 = VERTEX_POINT('',#294);
#294 = CARTESIAN_POINT('',(-0.486351942316,-3.694209766075,0.));
#295 = B_SPLINE_CURVE_WITH_KNOTS('',4,(#296,#297,#298,#299,#300),
  .UNSPECIFIED.,.F.,.F.,(5,5),(0.,1.),.PIECEWISE_BEZIER_KNOTS.);
#296 = CARTESIAN_POINT('',(-7.450245916524E-16,-3.791304347826,0.));
#297 = CARTESIAN_POINT('',(-0.121587985579,-3.767030702388,0.));
#298 = CARTESIAN_POINT('',(-0.243175971158,-3.742757056951,0.));
#299 = CARTESIAN_POINT('',(-0.364763956737,-3.718483411513,0.));
#300 = CARTESIAN_POINT('',(-0.486351942316,-3.694209766075,0.));
#301 = ORIENTED_EDGE('',*,*,#302,.T.);
#302 = EDGE_CURVE('',#293,#303,#305,.T.);
#303 = VERTEX_POINT('',#304);
#304 = CARTESIAN_POINT('',(-0.947502765114,-3.536128459719,0.));
#305 = B_SPLINE_CURVE_WITH_KNOTS('',4,(#306,#307,#308,#309,#310),
  .UNSPECIFIED.,.F.,.F.,(5,5),(0.,1.),.PIECEWISE_BEZIER_KNOTS.);
#306 = CARTESIAN_POINT('',(-0.486351942316,-3.694209766075,0.));
#307 = CARTESIAN_POINT('',(-0.601639648015,-3.654689439486,0.));
#308 = CARTESIAN_POINT('',(-0.716927353715,-3.615169112897,0.));
#309 = CARTESIAN_POINT('',(-0.832215059415,-3.575648786308,0.));
#310 = CARTESIAN_POINT('',(-0.947502765114,-3.536128459719,0.));
#311 = ORIENTED_EDGE('',*,*,#312,.T.);
#312 = EDGE_CURVE('',#303,#313,#315,.T.);
#313 = VERTEX_POINT('',#314);
#314 = CARTESIAN_POINT('',(-1.375996515504,-3.321949449508,0.));
#315 = B_SPLINE_CURVE_WITH_KNOTS('',4,(#316,#317,#318,#319,#320),
  .UNSPECIFIED.,.F.,.F.,(5,5),(0.,1.),.PIECEWISE_BEZIER_KNOTS.);
#316 = CARTESIAN_POINT('',(-0.947502765114,-3.536128459719,0.));
#317 = CARTESIAN_POINT('',(-1.054626202712,-3.482583707166,0.));
#318 = CARTESIAN_POINT('',(-1.161749640309,-3.429038954614,0.));
#319 = CARTESIAN_POINT('',(-1.268873077907,-3.375494202061,0.));
#320 = CARTESIAN_POINT('',(-1.375996515504,-3.321949449508,0.));
#321 = ORIENTED_EDGE('',*,*,#322,.T.);
#322 = EDGE_CURVE('',#313,#323,#325,.T.);
#323 = VERTEX_POINT('',#324);
#324 = CARTESIAN_POINT('',(-1.765217391304,-3.057446208143,0.));
#325 = B_SPLINE_CURVE_WITH_KNOTS('',4,(#326,#327,#328,#329,#330),
  .UNSPECIFIED.,.F.,.F.,(5,5),(0.,1.),.PIECEWISE_BEZIER_KNOTS.);
#326 = CARTESIAN_POINT('',(-1.375996515504,-3.321949449508,0.));
#327 = CARTESIAN_POINT('',(-1.473301734454,-3.255823639167,0.));
#328 = CARTESIAN_POINT('',(-1.570606953404,-3.189697828826,0.));
#329 = CARTESIAN_POINT('',(-1.667912172354,-3.123572018484,0.));
#330 = CARTESIAN_POINT('',(-1.765217391304,-3.057446208143,0.));
#331 = ORIENTED_EDGE('',*,*,#332,.T.);
#332 = EDGE_CURVE('',#323,#333,#335,.T.);
#333 = VERTEX_POINT('',#334);
#334 = CARTESIAN_POINT('',(-2.109490690956,-2.749141792227,0.));
#335 = B_SPLINE_CURVE_WITH_KNOTS('',4,(#336,#337,#338,#339,#340),
  .UNSPECIFIED.,.F.,.F.,(5,5),(0.,1.),.PIECEWISE_BEZIER_KNOTS.);
#336 = CARTESIAN_POINT('',(-1.765217391304,-3.057446208143,0.));
#337 = CARTESIAN_POINT('',(-1.851285716217,-2.980370104164,0.));
#338 = CARTESIAN_POINT('',(-1.93735404113,-2.903294000185,0.));
#339 = CARTESIAN_POINT('',(-2.023422366043,-2.826217896206,0.));
#340 = CARTESIAN_POINT('',(-2.109490690956,-2.749141792227,0.));
#341 = ORIENTED_EDGE('',*,*,#342,.T.);
#342 = EDGE_CURVE('',#333,#343,#345,.T.);
#343 = VERTEX_POINT('',#344);
#344 = CARTESIAN_POINT('',(-2.404163056034,-2.404163056034,0.));
#345 = B_SPLINE_CURVE_WITH_KNOTS('',4,(#346,#347,#348,#349,#350),
  .UNSPECIFIED.,.F.,.F.,(5,5),(0.,1.),.PIECEWISE_BEZIER_KNOTS.);
#346 = CARTESIAN_POINT('',(-2.109490690956,-2.749141792227,0.));
#347 = CARTESIAN_POINT('',(-2.183158782226,-2.662897108179,0.));
#348 = CARTESIAN_POINT('',(-2.256826873495,-2.57665242413,0.));
#349 = CARTESIAN_POINT('',(-2.330494964765,-2.490407740082,0.));
#350 = CARTESIAN_POINT('',(-2.404163056034,-2.404163056034,0.));
#351 = ORIENTED_EDGE('',*,*,#352,.T.);
#352 = EDGE_CURVE('',#343,#353,#355,.T.);
#353 = VERTEX_POINT('',#354);
#354 = CARTESIAN_POINT('',(-2.69740135699,-2.06978885863,0.));
#355 = B_SPLINE_CURVE_WITH_KNOTS('',4,(#356,#357,#358,#359,#360),
  .UNSPECIFIED.,.F.,.F.,(5,5),(0.,1.),.PIECEWISE_BEZIER_KNOTS.);
#356 = CARTESIAN_POINT('',(-2.404163056034,-2.404163056034,0.));
#357 = CARTESIAN_POINT('',(-2.477472631273,-2.320569506683,0.));
#358 = CARTESIAN_POINT('',(-2.550782206512,-2.236975957332,0.));
#359 = CARTESIAN_POINT('',(-2.624091781751,-2.153382407981,0.));
#360 = CARTESIAN_POINT('',(-2.69740135699,-2.06978885863,0.));
#361 = ORIENTED_EDGE('',*,*,#362,.T.);
#362 = EDGE_CURVE('',#353,#363,#365,.T.);
#363 = VERTEX_POINT('',#364);
#364 = CARTESIAN_POINT('',(-2.944486372867,-1.7,0.));
#365 = B_SPLINE_CURVE_WITH_KNOTS('',4,(#366,#367,#368,#369,#370),
  .UNSPECIFIED.,.F.,.F.,(5,5),(0.,1.),.PIECEWISE_BEZIER_KNOTS.);
#366 = CARTESIAN_POINT('',(-2.69740135699,-2.06978885863,0.));
#367 = CARTESIAN_POINT('',(-2.759172610959,-1.977341643972,0.));
#368 = CARTESIAN_POINT('',(-2.820943864929,-1.884894429315,0.));
#369 = CARTESIAN_POINT('',(-2.882715118898,-1.792447214657,0.));
#370 = CARTESIAN_POINT('',(-2.944486372867,-1.7,0.));
#371 = ORIENTED_EDGE('',*,*,#372,.T.);
#372 = EDGE_CURVE('',#363,#373,#375,.T.);
#373 = VERTEX_POINT('',#374);
#374 = CARTESIAN_POINT('',(-3.141190410538,-1.301123670041,0.));
#375 = B_SPLINE_CURVE_WITH_KNOTS('',4,(#376,#377,#378,#379,#380),
  .UNSPECIFIED.,.F.,.F.,(5,5),(0.,1.),.PIECEWISE_BEZIER_KNOTS.);
#376 = CARTESIAN_POINT('',(-2.944486372867,-1.7,0.));
#377 = CARTESIAN_POINT('',(-2.993662382285,-1.60028091751,0.));
#378 = CARTESIAN_POINT('',(-3.042838391703,-1.500561835021,0.));
#379 = CARTESIAN_POINT('',(-3.092014401121,-1.400842752531,0.));
#380 = CARTESIAN_POINT('',(-3.141190410538,-1.301123670041,0.));
#381 = ORIENTED_EDGE('',*,*,#382,.T.);
#382 = EDGE_CURVE('',#373,#383,#385,.T.);
#383 = VERTEX_POINT('',#384);
#384 = CARTESIAN_POINT('',(-3.284147809383,-0.879984753349,0.));
#385 = B_SPLINE_CURVE_WITH_KNOTS('',4,(#386,#387,#388,#389,#390),
  .UNSPECIFIED.,.F.,.F.,(5,5),(0.,1.),.PIECEWISE_BEZIER_KNOTS.);
#386 = CARTESIAN_POINT('',(-3.141190410538,-1.301123670041,0.));
#387 = CARTESIAN_POINT('',(-3.176929760249,-1.195838940868,0.));
#388 = CARTESIAN_POINT('',(-3.212669109961,-1.090554211695,0.));
#389 = CARTESIAN_POINT('',(-3.248408459672,-0.985269482522,0.));
#390 = CARTESIAN_POINT('',(-3.284147809383,-0.879984753349,0.));
#391 = ORIENTED_EDGE('',*,*,#392,.T.);
#392 = EDGE_CURVE('',#383,#393,#395,.T.);
#393 = VERTEX_POINT('',#394);
#394 = CARTESIAN_POINT('',(-3.370912528671,-0.443789053548,0.));
#395 = B_SPLINE_CURVE_WITH_KNOTS('',4,(#396,#397,#398,#399,#400),
  .UNSPECIFIED.,.F.,.F.,(5,5),(0.,1.),.PIECEWISE_BEZIER_KNOTS.);
#396 = CARTESIAN_POINT('',(-3.284147809383,-0.879984753349,0.));
#397 = CARTESIAN_POINT('',(-3.305838989205,-0.770935828398,0.));
#398 = CARTESIAN_POINT('',(-3.327530169027,-0.661886903448,0.));
#399 = CARTESIAN_POINT('',(-3.349221348849,-0.552837978498,0.));
#400 = CARTESIAN_POINT('',(-3.370912528671,-0.443789053548,0.));
#401 = ORIENTED_EDGE('',*,*,#402,.T.);
#402 = EDGE_CURVE('',#393,#403,#405,.T.);
#403 = VERTEX_POINT('',#404);
#404 = CARTESIAN_POINT('',(-3.4,4.163799117101E-16,0.));
#405 = B_SPLINE_CURVE_WITH_KNOTS('',4,(#406,#407,#408,#409,#410),
  .UNSPECIFIED.,.F.,.F.,(5,5),(0.,1.),.PIECEWISE_BEZIER_KNOTS.);
#406 = CARTESIAN_POINT('',(-3.370912528671,-0.443789053548,0.));
#407 = CARTESIAN_POINT('',(-3.378184396503,-0.332841790161,0.));
#408 = CARTESIAN_POINT('',(-3.385456264335,-0.221894526774,0.));
#409 = CARTESIAN_POINT('',(-3.392728132168,-0.110947263387,0.));
#410 = CARTESIAN_POINT('',(-3.4,4.119576842648E-16,0.));
#411 = ORIENTED_EDGE('',*,*,#412,.T.);
#412 = EDGE_CURVE('',#403,#413,#415,.T.);
#413 = VERTEX_POINT('',#414);
#414 = CARTESIAN_POINT('',(-3.370912528671,0.443789053548,0.));
#415 = B_SPLINE_CURVE_WITH_KNOTS('',4,(#416,#417,#418,#419,#420),
  .UNSPECIFIED.,.F.,.F.,(5,5),(0.,1.),.PIECEWISE_BEZIER_KNOTS.);
#416 = CARTESIAN_POINT('',(-3.4,4.440892098501E-16,0.));
#417 = CARTESIAN_POINT('',(-3.392728132168,0.110947263387,0.));
#418 = CARTESIAN_POINT('',(-3.385456264335,0.221894526774,0.));
#419 = CARTESIAN_POINT('',(-3.378184396503,0.332841790161,0.));
#420 = CARTESIAN_POINT('',(-3.370912528671,0.443789053548,0.));
#421 = ORIENTED_EDGE('',*,*,#422,.T.);
#422 = EDGE_CURVE('',#413,#423,#425,.T.);
#423 = VERTEX_POINT('',#424);
#424 = CARTESIAN_POINT('',(-3.284147809383,0.879984753349,0.));
#425 = B_SPLINE_CURVE_WITH_KNOTS('',4,(#426,#427,#428,#429,#430),
  .UNSPECIFIED.,.F.,.F.,(5,5),(0.,1.),.PIECEWISE_BEZIER_KNOTS.);
#426 = CARTESIAN_POINT('',(-3.370912528671,0.443789053548,0.));
#427 = CARTESIAN_POINT('',(-3.349221348849,0.552837978498,0.));
#428 = CARTESIAN_POINT('',(-3.327530169027,0.661886903448,0.));
#429 = CARTESIAN_POINT('',(-3.305838989205,0.770935828398,0.));
#430 = CARTESIAN_POINT('',(-3.284147809383,0.879984753349,0.));
#431 = ORIENTED_EDGE('',*,*,#432,.T.);
#432 = EDGE_CURVE('',#423,#433,#435,.T.);
#433 = VERTEX_POINT('',#434);
#434 = CARTESIAN_POINT('',(-3.141190410538,1.301123670041,0.));
#435 = B_SPLINE_CURVE_WITH_KNOTS('',4,(#436,#437,#438,#439,#440),
  .UNSPECIFIED.,.F.,.F.,(5,5),(0.,1.),.PIECEWISE_BEZIER_KNOTS.);
#436 = CARTESIAN_POINT('',(-3.284147809383,0.879984753349,0.));
#437 = CARTESIAN_POINT('',(-3.248408459672,0.985269482522,0.));
#438 = CARTESIAN_POINT('',(-3.212669109961,1.090554211695,0.));
#439 = CARTESIAN_POINT('',(-3.176929760249,1.195838940868,0.));
#440 = CARTESIAN_POINT('',(-3.141190410538,1.301123670041,0.));
#441 = ORIENTED_EDGE('',*,*,#442,.T.);
#442 = EDGE_CURVE('',#433,#443,#445,.T.);
#443 = VERTEX_POINT('',#444);
#444 = CARTESIAN_POINT('',(-2.944486372867,1.7,0.));
#445 = B_SPLINE_CURVE_WITH_KNOTS('',4,(#446,#447,#448,#449,#450),
  .UNSPECIFIED.,.F.,.F.,(5,5),(0.,1.),.PIECEWISE_BEZIER_KNOTS.);
#446 = CARTESIAN_POINT('',(-3.141190410538,1.301123670041,0.));
#447 = CARTESIAN_POINT('',(-3.092014401121,1.400842752531,0.));
#448 = CARTESIAN_POINT('',(-3.042838391703,1.500561835021,0.));
#449 = CARTESIAN_POINT('',(-2.993662382285,1.60028091751,0.));
#450 = CARTESIAN_POINT('',(-2.944486372867,1.7,0.));
#451 = ORIENTED_EDGE('',*,*,#452,.T.);
#452 = EDGE_CURVE('',#443,#453,#455,.T.);
#453 = VERTEX_POINT('',#454);
#454 = CARTESIAN_POINT('',(-2.69740135699,2.06978885863,0.));
#455 = B_SPLINE_CURVE_WITH_KNOTS('',4,(#456,#457,#458,#459,#460),
  .UNSPECIFIED.,.F.,.F.,(5,5),(0.,1.),.PIECEWISE_BEZIER_KNOTS.);
#456 = CARTESIAN_POINT('',(-2.944486372867,1.7,0.));
#457 = CARTESIAN_POINT('',(-2.882715118898,1.792447214657,0.));
#458 = CARTESIAN_POINT('',(-2.820943864929,1.884894429315,0.));
#459 = CARTESIAN_POINT('',(-2.759172610959,1.977341643972,0.));
#460 = CARTESIAN_POINT('',(-2.69740135699,2.06978885863,0.));
#461 = ORIENTED_EDGE('',*,*,#462,.T.);
#462 = EDGE_CURVE('',#453,#463,#465,.T.);
#463 = VERTEX_POINT('',#464);
#464 = CARTESIAN_POINT('',(-2.404163056034,2.404163056034,0.));
#465 = B_SPLINE_CURVE_WITH_KNOTS('',4,(#466,#467,#468,#469,#470),
  .UNSPECIFIED.,.F.,.F.,(5,5),(0.,1.),.PIECEWISE_BEZIER_KNOTS.);
#466 = CARTESIAN_POINT('',(-2.69740135699,2.06978885863,0.));
#467 = CARTESIAN_POINT('',(-2.624091781751,2.153382407981,0.));
#468 = CARTESIAN_POINT('',(-2.550782206512,2.236975957332,0.));
#469 = CARTESIAN_POINT('',(-2.477472631273,2.320569506683,0.));
#470 = CARTESIAN_POINT('',(-2.404163056034,2.404163056034,0.));
#471 = ORIENTED_EDGE('',*,*,#472,.T.);
#472 = EDGE_CURVE('',#463,#473,#475,.T.);
#473 = VERTEX_POINT('',#474);
#474 = CARTESIAN_POINT('',(-2.109490690956,2.749141792227,0.));
#475 = B_SPLINE_CURVE_WITH_KNOTS('',4,(#476,#477,#478,#479,#480),
  .UNSPECIFIED.,.F.,.F.,(5,5),(0.,1.),.PIECEWISE_BEZIER_KNOTS.);
#476 = CARTESIAN_POINT('',(-2.404163056034,2.404163056034,0.));
#477 = CARTESIAN_POINT('',(-2.330494964765,2.490407740082,0.));
#478 = CARTESIAN_POINT('',(-2.256826873495,2.57665242413,0.));
#479 = CARTESIAN_POINT('',(-2.183158782226,2.662897108179,0.));
#480 = CARTESIAN_POINT('',(-2.109490690956,2.749141792227,0.));
#481 = ORIENTED_EDGE('',*,*,#482,.T.);
#482 = EDGE_CURVE('',#473,#483,#485,.T.);
#483 = VERTEX_POINT('',#484);
#484 = CARTESIAN_POINT('',(-1.765217391304,3.057446208143,0.));
#485 = B_SPLINE_CURVE_WITH_KNOTS('',4,(#486,#487,#488,#489,#490),
  .UNSPECIFIED.,.F.,.F.,(5,5),(0.,1.),.PIECEWISE_BEZIER_KNOTS.);
#486 = CARTESIAN_POINT('',(-2.109490690956,2.749141792227,0.));
#487 = CARTESIAN_POINT('',(-2.023422366043,2.826217896206,0.));
#488 = CARTESIAN_POINT('',(-1.93735404113,2.903294000185,0.));
#489 = CARTESIAN_POINT('',(-1.851285716217,2.980370104164,0.));
#490 = CARTESIAN_POINT('',(-1.765217391304,3.057446208143,0.));
#491 = ORIENTED_EDGE('',*,*,#492,.T.);
#492 = EDGE_CURVE('',#483,#493,#495,.T.);
#493 = VERTEX_POINT('',#494);
#494 = CARTESIAN_POINT('',(-1.375996515504,3.321949449508,0.));
#495 = B_SPLINE_CURVE_WITH_KNOTS('',4,(#496,#497,#498,#499,#500),
  .UNSPECIFIED.,.F.,.F.,(5,5),(0.,1.),.PIECEWISE_BEZIER_KNOTS.);
#496 = CARTESIAN_POINT('',(-1.765217391304,3.057446208143,0.));
#497 = CARTESIAN_POINT('',(-1.667912172354,3.123572018484,0.));
#498 = CARTESIAN_POINT('',(-1.570606953404,3.189697828826,0.));
#499 = CARTESIAN_POINT('',(-1.473301734454,3.255823639167,0.));
#500 = CARTESIAN_POINT('',(-1.375996515504,3.321949449508,0.));
#501 = ORIENTED_EDGE('',*,*,#502,.T.);
#502 = EDGE_CURVE('',#493,#503,#505,.T.);
#503 = VERTEX_POINT('',#504);
#504 = CARTESIAN_POINT('',(-0.947502765114,3.536128459719,0.));
#505 = B_SPLINE_CURVE_WITH_KNOTS('',4,(#506,#507,#508,#509,#510),
  .UNSPECIFIED.,.F.,.F.,(5,5),(0.,1.),.PIECEWISE_BEZIER_KNOTS.);
#506 = CARTESIAN_POINT('',(-1.375996515504,3.321949449508,0.));
#507 = CARTESIAN_POINT('',(-1.268873077907,3.375494202061,0.));
#508 = CARTESIAN_POINT('',(-1.161749640309,3.429038954614,0.));
#509 = CARTESIAN_POINT('',(-1.054626202712,3.482583707166,0.));
#510 = CARTESIAN_POINT('',(-0.947502765114,3.536128459719,0.));
#511 = ORIENTED_EDGE('',*,*,#512,.T.);
#512 = EDGE_CURVE('',#503,#513,#515,.T.);
#513 = VERTEX_POINT('',#514);
#514 = CARTESIAN_POINT('',(-0.486351942316,3.694209766075,0.));
#515 = B_SPLINE_CURVE_WITH_KNOTS('',4,(#516,#517,#518,#519,#520),
  .UNSPECIFIED.,.F.,.F.,(5,5),(0.,1.),.PIECEWISE_BEZIER_KNOTS.);
#516 = CARTESIAN_POINT('',(-0.947502765114,3.536128459719,0.));
#517 = CARTESIAN_POINT('',(-0.832215059415,3.575648786308,0.));
#518 = CARTESIAN_POINT('',(-0.716927353715,3.615169112897,0.));
#519 = CARTESIAN_POINT('',(-0.601639648015,3.654689439486,0.));
#520 = CARTESIAN_POINT('',(-0.486351942316,3.694209766075,0.));
#521 = ORIENTED_EDGE('',*,*,#522,.T.);
#522 = EDGE_CURVE('',#513,#523,#525,.T.);
#523 = VERTEX_POINT('',#524);
#524 = CARTESIAN_POINT('',(2.321504367079E-16,3.791304347826,0.));
#525 = B_SPLINE_CURVE_WITH_KNOTS('',4,(#526,#527,#528,#529,#530),
  .UNSPECIFIED.,.F.,.F.,(5,5),(0.,1.),.PIECEWISE_BEZIER_KNOTS.);
#526 = CARTESIAN_POINT('',(-0.486351942316,3.694209766075,0.));
#527 = CARTESIAN_POINT('',(-0.364763956737,3.718483411513,0.));
#528 = CARTESIAN_POINT('',(-0.243175971158,3.742757056951,0.));
#529 = CARTESIAN_POINT('',(-0.121587985579,3.767030702388,0.));
#530 = CARTESIAN_POINT('',(1.98664979279E-16,3.791304347826,0.));
#531 = ORIENTED_EDGE('',*,*,#532,.T.);
#532 = EDGE_CURVE('',#523,#533,#535,.T.);
#533 = VERTEX_POINT('',#534);
#534 = CARTESIAN_POINT('',(0.503377097823,3.823528661037,0.));
#535 = B_SPLINE_CURVE_WITH_KNOTS('',4,(#536,#537,#538,#539,#540),
  .UNSPECIFIED.,.F.,.F.,(5,5),(0.,1.),.PIECEWISE_BEZIER_KNOTS.);
#536 = CARTESIAN_POINT('',(2.22044604925E-16,3.791304347826,0.));
#537 = CARTESIAN_POINT('',(0.125844274456,3.799360426129,0.));
#538 = CARTESIAN_POINT('',(0.251688548911,3.807416504432,0.));
#539 = CARTESIAN_POINT('',(0.377532823367,3.815472582734,0.));
#540 = CARTESIAN_POINT('',(0.503377097823,3.823528661037,0.));
#541 = ORIENTED_EDGE('',*,*,#542,.T.);
#542 = EDGE_CURVE('',#533,#543,#545,.T.);
#543 = VERTEX_POINT('',#544);
#544 = CARTESIAN_POINT('',(1.01502077688,3.788109110055,0.));
#545 = B_SPLINE_CURVE_WITH_KNOTS('',4,(#546,#547,#548,#549,#550),
  .UNSPECIFIED.,.F.,.F.,(5,5),(0.,1.),.PIECEWISE_BEZIER_KNOTS.);
#546 = CARTESIAN_POINT('',(0.503377097823,3.823528661037,0.));
#547 = CARTESIAN_POINT('',(0.631288017587,3.814673773292,0.));
#548 = CARTESIAN_POINT('',(0.759198937351,3.805818885546,0.));
#549 = CARTESIAN_POINT('',(0.887109857116,3.796963997801,0.));
#550 = CARTESIAN_POINT('',(1.01502077688,3.788109110055,0.));
#551 = ORIENTED_EDGE('',*,*,#552,.T.);
#552 = EDGE_CURVE('',#543,#553,#555,.T.);
#553 = VERTEX_POINT('',#554);
#554 = CARTESIAN_POINT('',(1.52574220643,3.683467527447,0.));
#555 = B_SPLINE_CURVE_WITH_KNOTS('',4,(#556,#557,#558,#559,#560),
  .UNSPECIFIED.,.F.,.F.,(5,5),(0.,1.),.PIECEWISE_BEZIER_KNOTS.);
#556 = CARTESIAN_POINT('',(1.01502077688,3.788109110055,0.));
#557 = CARTESIAN_POINT('',(1.142701134268,3.761948714403,0.));
#558 = CARTESIAN_POINT('',(1.270381491655,3.735788318751,0.));
#559 = CARTESIAN_POINT('',(1.398061849042,3.709627923099,0.));
#560 = CARTESIAN_POINT('',(1.52574220643,3.683467527447,0.));
#561 = ORIENTED_EDGE('',*,*,#562,.T.);
#562 = EDGE_CURVE('',#553,#563,#565,.T.);
#563 = VERTEX_POINT('',#564);
#564 = CARTESIAN_POINT('',(2.026086956522,3.509285549248,0.));
#565 = B_SPLINE_CURVE_WITH_KNOTS('',4,(#566,#567,#568,#569,#570),
  .UNSPECIFIED.,.F.,.F.,(5,5),(0.,1.),.PIECEWISE_BEZIER_KNOTS.);
#566 = CARTESIAN_POINT('',(1.52574220643,3.683467527447,0.));
#567 = CARTESIAN_POINT('',(1.650828393953,3.639922032897,0.));
#568 = CARTESIAN_POINT('',(1.775914581476,3.596376538348,0.));
#569 = CARTESIAN_POINT('',(1.901000768999,3.552831043798,0.));
#570 = CARTESIAN_POINT('',(2.026086956522,3.509285549248,0.));
#571 = ORIENTED_EDGE('',*,*,#572,.T.);
#572 = EDGE_CURVE('',#563,#573,#575,.T.);
#573 = VERTEX_POINT('',#574);
#574 = CARTESIAN_POINT('',(2.506509014223,3.26654614459,0.));
#575 = B_SPLINE_CURVE_WITH_KNOTS('',4,(#576,#577,#578,#579,#580),
  .UNSPECIFIED.,.F.,.F.,(5,5),(0.,1.),.PIECEWISE_BEZIER_KNOTS.);
#576 = CARTESIAN_POINT('',(2.026086956522,3.509285549248,0.));
#577 = CARTESIAN_POINT('',(2.146192470947,3.448600698084,0.));
#578 = CARTESIAN_POINT('',(2.266297985372,3.387915846919,0.));
#579 = CARTESIAN_POINT('',(2.386403499798,3.327230995755,0.));
#580 = CARTESIAN_POINT('',(2.506509014223,3.26654614459,0.));
#581 = ORIENTED_EDGE('',*,*,#582,.T.);
#582 = EDGE_CURVE('',#573,#583,#585,.T.);
#583 = VERTEX_POINT('',#584);
#584 = CARTESIAN_POINT('',(2.957550971745,2.957550971745,0.));
#585 = B_SPLINE_CURVE_WITH_KNOTS('',4,(#586,#587,#588,#589,#590),
  .UNSPECIFIED.,.F.,.F.,(5,5),(0.,1.),.PIECEWISE_BEZIER_KNOTS.);
#586 = CARTESIAN_POINT('',(2.506509014223,3.26654614459,0.));
#587 = CARTESIAN_POINT('',(2.619269503604,3.189297351379,0.));
#588 = CARTESIAN_POINT('',(2.732029992984,3.112048558168,0.));
#589 = CARTESIAN_POINT('',(2.844790482365,3.034799764957,0.));
#590 = CARTESIAN_POINT('',(2.957550971745,2.957550971745,0.));
#591 = ORIENTED_EDGE('',*,*,#592,.T.);
#592 = EDGE_CURVE('',#583,#593,#595,.T.);
#593 = VERTEX_POINT('',#594);
#594 = CARTESIAN_POINT('',(3.370027015063,2.585912678876,0.));
#595 = B_SPLINE_CURVE_WITH_KNOTS('',4,(#596,#597,#598,#599,#600),
  .UNSPECIFIED.,.F.,.F.,(5,5),(0.,1.),.PIECEWISE_BEZIER_KNOTS.);
#596 = CARTESIAN_POINT('',(2.957550971745,2.957550971745,0.));
#597 = CARTESIAN_POINT('',(3.060669982575,2.864641398528,0.));
#598 = CARTESIAN_POINT('',(3.163788993404,2.771731825311,0.));
#599 = CARTESIAN_POINT('',(3.266908004234,2.678822252093,0.));
#600 = CARTESIAN_POINT('',(3.370027015063,2.585912678876,0.));
#601 = ORIENTED_EDGE('',*,*,#602,.T.);
#602 = EDGE_CURVE('',#593,#603,#605,.T.);
#603 = VERTEX_POINT('',#604);
#604 = CARTESIAN_POINT('',(3.723909236273,2.15,0.));
#605 = B_SPLINE_CURVE_WITH_KNOTS('',4,(#606,#607,#608,#609,#610),
  .UNSPECIFIED.,.F.,.F.,(5,5),(0.,1.),.PIECEWISE_BEZIER_KNOTS.);
#606 = CARTESIAN_POINT('',(3.370027015063,2.585912678876,0.));
#607 = CARTESIAN_POINT('',(3.458497570366,2.476934509157,0.));
#608 = CARTESIAN_POINT('',(3.546968125668,2.367956339438,0.));
#609 = CARTESIAN_POINT('',(3.635438680971,2.258978169719,0.));
#610 = CARTESIAN_POINT('',(3.723909236273,2.15,0.));
#611 = ORIENTED_EDGE('',*,*,#612,.T.);
#612 = EDGE_CURVE('',#603,#613,#615,.T.);
#613 = VERTEX_POINT('',#614);
#614 = CARTESIAN_POINT('',(3.972681989799,1.64553875917,0.));
#615 = B_SPLINE_CURVE_WITH_KNOTS('',4,(#616,#617,#618,#619,#620),
  .UNSPECIFIED.,.F.,.F.,(5,5),(0.,1.),.PIECEWISE_BEZIER_KNOTS.);
#616 = CARTESIAN_POINT('',(3.723909236273,2.15,0.));
#617 = CARTESIAN_POINT('',(3.786102424654,2.023884689792,0.));
#618 = CARTESIAN_POINT('',(3.848295613036,1.897769379585,0.));
#619 = CARTESIAN_POINT('',(3.910488801417,1.771654069377,0.));
#620 = CARTESIAN_POINT('',(3.972681989799,1.64553875917,0.));
#621 = ORIENTED_EDGE('',*,*,#622,.T.);
#622 = EDGE_CURVE('',#613,#151,#623,.T.);
#623 = B_SPLINE_CURVE_WITH_KNOTS('',4,(#624,#625,#626,#627,#628),
  .UNSPECIFIED.,.F.,.F.,(5,5),(0.,1.),.PIECEWISE_BEZIER_KNOTS.);
#624 = CARTESIAN_POINT('',(3.972681989799,1.64553875917,0.));
#625 = CARTESIAN_POINT('',(4.01788175561,1.512384542863,0.));
#626 = CARTESIAN_POINT('',(4.063081521421,1.379230326555,0.));
#627 = CARTESIAN_POINT('',(4.108281287232,1.246076110248,0.));
#628 = CARTESIAN_POINT('',(4.153481053043,1.112921893941,0.));
#629 = PLANE('',#630);
#630 = AXIS2_PLACEMENT_3D('',#631,#632,#633);
#631 = CARTESIAN_POINT('',(-7.889077687727E-17,7.889077687727E-17,0.));
#632 = DIRECTION('',(0.,0.,1.));
#633 = DIRECTION('',(1.,0.,-0.));
#634 = ADVANCED_FACE('',(#635,#662),#1144,.T.);
#635 = FACE_BOUND('',#636,.T.);
#636 = EDGE_LOOP('',(#637,#638,#639,#647,#655,#661));
#637 = ORIENTED_EDGE('',*,*,#31,.T.);
#638 = ORIENTED_EDGE('',*,*,#93,.T.);
#639 = ORIENTED_EDGE('',*,*,#640,.T.);
#640 = EDGE_CURVE('',#94,#641,#643,.T.);
#641 = VERTEX_POINT('',#642);
#642 = CARTESIAN_POINT('',(-7.505553499465,9.191652068949E-16,5.));
#643 = LINE('',#644,#645);
#644 = CARTESIAN_POINT('',(-3.752776749733,6.5,5.));
#645 = VECTOR('',#646,1.);
#646 = DIRECTION('',(-0.5,-0.866025403784,0.));
#647 = ORIENTED_EDGE('',*,*,#648,.T.);
#648 = EDGE_CURVE('',#641,#649,#651,.T.);
#649 = VERTEX_POINT('',#650);
#650 = CARTESIAN_POINT('',(-3.752776749733,-6.5,5.));
#651 = LINE('',#652,#653);
#652 = CARTESIAN_POINT('',(-7.505553499465,9.191652068949E-16,5.));
#653 = VECTOR('',#654,1.);
#654 = DIRECTION('',(0.5,-0.866025403784,0.));
#655 = ORIENTED_EDGE('',*,*,#656,.T.);
#656 = EDGE_CURVE('',#649,#64,#657,.T.);
#657 = LINE('',#658,#659);
#658 = CARTESIAN_POINT('',(-3.752776749733,-6.5,5.));
#659 = VECTOR('',#660,1.);
#660 = DIRECTION('',(1.,-2.366723306318E-16,0.));
#661 = ORIENTED_EDGE('',*,*,#71,.T.);
#662 = FACE_BOUND('',#663,.T.);
#663 = EDGE_LOOP('',(#664,#676,#686,#696,#706,#716,#726,#736,#746,#756,
    #766,#776,#786,#796,#806,#816,#826,#836,#846,#856,#866,#876,#886,
    #896,#906,#916,#926,#936,#946,#956,#966,#976,#986,#996,#1006,#1016,
    #1026,#1036,#1046,#1056,#1066,#1076,#1086,#1096,#1106,#1116,#1126,
    #1136));
#664 = ORIENTED_EDGE('',*,*,#665,.T.);
#665 = EDGE_CURVE('',#666,#668,#670,.T.);
#666 = VERTEX_POINT('',#667);
#667 = CARTESIAN_POINT('',(3.284147809383,0.879984753349,5.));
#668 = VERTEX_POINT('',#669);
#669 = CARTESIAN_POINT('',(3.370912528671,0.443789053548,5.));
#670 = B_SPLINE_CURVE_WITH_KNOTS('',4,(#671,#672,#673,#674,#675),
  .UNSPECIFIED.,.F.,.F.,(5,5),(0.,1.),.PIECEWISE_BEZIER_KNOTS.);
#671 = CARTESIAN_POINT('',(3.284147809383,0.879984753349,5.));
#672 = CARTESIAN_POINT('',(3.305838989205,0.770935828398,5.));
#673 = CARTESIAN_POINT('',(3.327530169027,0.661886903448,5.));
#674 = CARTESIAN_POINT('',(3.349221348849,0.552837978498,5.));
#675 = CARTESIAN_POINT('',(3.370912528671,0.443789053548,5.));
#676 = ORIENTED_EDGE('',*,*,#677,.T.);
#677 = EDGE_CURVE('',#668,#678,#680,.T.);
#678 = VERTEX_POINT('',#679);
#679 = CARTESIAN_POINT('',(3.4,0.,5.));
#680 = B_SPLINE_CURVE_WITH_KNOTS('',4,(#681,#682,#683,#684,#685),
  .UNSPECIFIED.,.F.,.F.,(5,5),(0.,1.),.PIECEWISE_BEZIER_KNOTS.);
#681 = CARTESIAN_POINT('',(3.370912528671,0.443789053548,5.));
#682 = CARTESIAN_POINT('',(3.378184396503,0.332841790161,5.));
#683 = CARTESIAN_POINT('',(3.385456264335,0.221894526774,5.));
#684 = CARTESIAN_POINT('',(3.392728132168,0.110947263387,5.));
#685 = CARTESIAN_POINT('',(3.4,0.,5.));
#686 = ORIENTED_EDGE('',*,*,#687,.T.);
#687 = EDGE_CURVE('',#678,#688,#690,.T.);
#688 = VERTEX_POINT('',#689);
#689 = CARTESIAN_POINT('',(3.370912528671,-0.443789053548,5.));
#690 = B_SPLINE_CURVE_WITH_KNOTS('',4,(#691,#692,#693,#694,#695),
  .UNSPECIFIED.,.F.,.F.,(5,5),(0.,1.),.PIECEWISE_BEZIER_KNOTS.);
#691 = CARTESIAN_POINT('',(3.4,2.337962564602E-17,5.));
#692 = CARTESIAN_POINT('',(3.392728132168,-0.110947263387,5.));
#693 = CARTESIAN_POINT('',(3.385456264335,-0.221894526774,5.));
#694 = CARTESIAN_POINT('',(3.378184396503,-0.332841790161,5.));
#695 = CARTESIAN_POINT('',(3.370912528671,-0.443789053548,5.));
#696 = ORIENTED_EDGE('',*,*,#697,.T.);
#697 = EDGE_CURVE('',#688,#698,#700,.T.);
#698 = VERTEX_POINT('',#699);
#699 = CARTESIAN_POINT('',(3.284147809383,-0.879984753349,5.));
#700 = B_SPLINE_CURVE_WITH_KNOTS('',4,(#701,#702,#703,#704,#705),
  .UNSPECIFIED.,.F.,.F.,(5,5),(0.,1.),.PIECEWISE_BEZIER_KNOTS.);
#701 = CARTESIAN_POINT('',(3.370912528671,-0.443789053548,5.));
#702 = CARTESIAN_POINT('',(3.349221348849,-0.552837978498,5.));
#703 = CARTESIAN_POINT('',(3.327530169027,-0.661886903448,5.));
#704 = CARTESIAN_POINT('',(3.305838989205,-0.770935828398,5.));
#705 = CARTESIAN_POINT('',(3.284147809383,-0.879984753349,5.));
#706 = ORIENTED_EDGE('',*,*,#707,.T.);
#707 = EDGE_CURVE('',#698,#708,#710,.T.);
#708 = VERTEX_POINT('',#709);
#709 = CARTESIAN_POINT('',(3.141190410538,-1.301123670041,5.));
#710 = B_SPLINE_CURVE_WITH_KNOTS('',4,(#711,#712,#713,#714,#715),
  .UNSPECIFIED.,.F.,.F.,(5,5),(0.,1.),.PIECEWISE_BEZIER_KNOTS.);
#711 = CARTESIAN_POINT('',(3.284147809383,-0.879984753349,5.));
#712 = CARTESIAN_POINT('',(3.248408459672,-0.985269482522,5.));
#713 = CARTESIAN_POINT('',(3.212669109961,-1.090554211695,5.));
#714 = CARTESIAN_POINT('',(3.176929760249,-1.195838940868,5.));
#715 = CARTESIAN_POINT('',(3.141190410538,-1.301123670041,5.));
#716 = ORIENTED_EDGE('',*,*,#717,.T.);
#717 = EDGE_CURVE('',#708,#718,#720,.T.);
#718 = VERTEX_POINT('',#719);
#719 = CARTESIAN_POINT('',(2.944486372867,-1.7,5.));
#720 = B_SPLINE_CURVE_WITH_KNOTS('',4,(#721,#722,#723,#724,#725),
  .UNSPECIFIED.,.F.,.F.,(5,5),(0.,1.),.PIECEWISE_BEZIER_KNOTS.);
#721 = CARTESIAN_POINT('',(3.141190410538,-1.301123670041,5.));
#722 = CARTESIAN_POINT('',(3.092014401121,-1.400842752531,5.));
#723 = CARTESIAN_POINT('',(3.042838391703,-1.500561835021,5.));
#724 = CARTESIAN_POINT('',(2.993662382285,-1.60028091751,5.));
#725 = CARTESIAN_POINT('',(2.944486372867,-1.7,5.));
#726 = ORIENTED_EDGE('',*,*,#727,.T.);
#727 = EDGE_CURVE('',#718,#728,#730,.T.);
#728 = VERTEX_POINT('',#729);
#729 = CARTESIAN_POINT('',(2.69740135699,-2.06978885863,5.));
#730 = B_SPLINE_CURVE_WITH_KNOTS('',4,(#731,#732,#733,#734,#735),
  .UNSPECIFIED.,.F.,.F.,(5,5),(0.,1.),.PIECEWISE_BEZIER_KNOTS.);
#731 = CARTESIAN_POINT('',(2.944486372867,-1.7,5.));
#732 = CARTESIAN_POINT('',(2.882715118898,-1.792447214657,5.));
#733 = CARTESIAN_POINT('',(2.820943864929,-1.884894429315,5.));
#734 = CARTESIAN_POINT('',(2.759172610959,-1.977341643972,5.));
#735 = CARTESIAN_POINT('',(2.69740135699,-2.06978885863,5.));
#736 = ORIENTED_EDGE('',*,*,#737,.T.);
#737 = EDGE_CURVE('',#728,#738,#740,.T.);
#738 = VERTEX_POINT('',#739);
#739 = CARTESIAN_POINT('',(2.404163056034,-2.404163056034,5.));
#740 = B_SPLINE_CURVE_WITH_KNOTS('',4,(#741,#742,#743,#744,#745),
  .UNSPECIFIED.,.F.,.F.,(5,5),(0.,1.),.PIECEWISE_BEZIER_KNOTS.);
#741 = CARTESIAN_POINT('',(2.69740135699,-2.06978885863,5.));
#742 = CARTESIAN_POINT('',(2.624091781751,-2.153382407981,5.));
#743 = CARTESIAN_POINT('',(2.550782206512,-2.236975957332,5.));
#744 = CARTESIAN_POINT('',(2.477472631273,-2.320569506683,5.));
#745 = CARTESIAN_POINT('',(2.404163056034,-2.404163056034,5.));
#746 = ORIENTED_EDGE('',*,*,#747,.T.);
#747 = EDGE_CURVE('',#738,#748,#750,.T.);
#748 = VERTEX_POINT('',#749);
#749 = CARTESIAN_POINT('',(2.109490690956,-2.749141792227,5.));
#750 = B_SPLINE_CURVE_WITH_KNOTS('',4,(#751,#752,#753,#754,#755),
  .UNSPECIFIED.,.F.,.F.,(5,5),(0.,1.),.PIECEWISE_BEZIER_KNOTS.);
#751 = CARTESIAN_POINT('',(2.404163056034,-2.404163056034,5.));
#752 = CARTESIAN_POINT('',(2.330494964765,-2.490407740082,5.));
#753 = CARTESIAN_POINT('',(2.256826873495,-2.57665242413,5.));
#754 = CARTESIAN_POINT('',(2.183158782226,-2.662897108179,5.));
#755 = CARTESIAN_POINT('',(2.109490690956,-2.749141792227,5.));
#756 = ORIENTED_EDGE('',*,*,#757,.T.);
#757 = EDGE_CURVE('',#748,#758,#760,.T.);
#758 = VERTEX_POINT('',#759);
#759 = CARTESIAN_POINT('',(1.765217391304,-3.057446208143,5.));
#760 = B_SPLINE_CURVE_WITH_KNOTS('',4,(#761,#762,#763,#764,#765),
  .UNSPECIFIED.,.F.,.F.,(5,5),(0.,1.),.PIECEWISE_BEZIER_KNOTS.);
#761 = CARTESIAN_POINT('',(2.109490690956,-2.749141792227,5.));
#762 = CARTESIAN_POINT('',(2.023422366043,-2.826217896206,5.));
#763 = CARTESIAN_POINT('',(1.93735404113,-2.903294000185,5.));
#764 = CARTESIAN_POINT('',(1.851285716217,-2.980370104164,5.));
#765 = CARTESIAN_POINT('',(1.765217391304,-3.057446208143,5.));
#766 = ORIENTED_EDGE('',*,*,#767,.T.);
#767 = EDGE_CURVE('',#758,#768,#770,.T.);
#768 = VERTEX_POINT('',#769);
#769 = CARTESIAN_POINT('',(1.375996515504,-3.321949449508,5.));
#770 = B_SPLINE_CURVE_WITH_KNOTS('',4,(#771,#772,#773,#774,#775),
  .UNSPECIFIED.,.F.,.F.,(5,5),(0.,1.),.PIECEWISE_BEZIER_KNOTS.);
#771 = CARTESIAN_POINT('',(1.765217391304,-3.057446208143,5.));
#772 = CARTESIAN_POINT('',(1.667912172354,-3.123572018484,5.));
#773 = CARTESIAN_POINT('',(1.570606953404,-3.189697828826,5.));
#774 = CARTESIAN_POINT('',(1.473301734454,-3.255823639167,5.));
#775 = CARTESIAN_POINT('',(1.375996515504,-3.321949449508,5.));
#776 = ORIENTED_EDGE('',*,*,#777,.T.);
#777 = EDGE_CURVE('',#768,#778,#780,.T.);
#778 = VERTEX_POINT('',#779);
#779 = CARTESIAN_POINT('',(0.947502765114,-3.536128459719,5.));
#780 = B_SPLINE_CURVE_WITH_KNOTS('',4,(#781,#782,#783,#784,#785),
  .UNSPECIFIED.,.F.,.F.,(5,5),(0.,1.),.PIECEWISE_BEZIER_KNOTS.);
#781 = CARTESIAN_POINT('',(1.375996515504,-3.321949449508,5.));
#782 = CARTESIAN_POINT('',(1.268873077907,-3.375494202061,5.));
#783 = CARTESIAN_POINT('',(1.161749640309,-3.429038954614,5.));
#784 = CARTESIAN_POINT('',(1.054626202712,-3.482583707166,5.));
#785 = CARTESIAN_POINT('',(0.947502765114,-3.536128459719,5.));
#786 = ORIENTED_EDGE('',*,*,#787,.T.);
#787 = EDGE_CURVE('',#778,#788,#790,.T.);
#788 = VERTEX_POINT('',#789);
#789 = CARTESIAN_POINT('',(0.486351942316,-3.694209766075,5.));
#790 = B_SPLINE_CURVE_WITH_KNOTS('',4,(#791,#792,#793,#794,#795),
  .UNSPECIFIED.,.F.,.F.,(5,5),(0.,1.),.PIECEWISE_BEZIER_KNOTS.);
#791 = CARTESIAN_POINT('',(0.947502765114,-3.536128459719,5.));
#792 = CARTESIAN_POINT('',(0.832215059415,-3.575648786308,5.));
#793 = CARTESIAN_POINT('',(0.716927353715,-3.615169112897,5.));
#794 = CARTESIAN_POINT('',(0.601639648015,-3.654689439486,5.));
#795 = CARTESIAN_POINT('',(0.486351942316,-3.694209766075,5.));
#796 = ORIENTED_EDGE('',*,*,#797,.T.);
#797 = EDGE_CURVE('',#788,#798,#800,.T.);
#798 = VERTEX_POINT('',#799);
#799 = CARTESIAN_POINT('',(-6.964513101238E-16,-3.791304347826,5.));
#800 = B_SPLINE_CURVE_WITH_KNOTS('',4,(#801,#802,#803,#804,#805),
  .UNSPECIFIED.,.F.,.F.,(5,5),(0.,1.),.PIECEWISE_BEZIER_KNOTS.);
#801 = CARTESIAN_POINT('',(0.486351942316,-3.694209766075,5.));
#802 = CARTESIAN_POINT('',(0.364763956737,-3.718483411513,5.));
#803 = CARTESIAN_POINT('',(0.243175971158,-3.742757056951,5.));
#804 = CARTESIAN_POINT('',(0.121587985579,-3.767030702388,5.));
#805 = CARTESIAN_POINT('',(-6.661338147751E-16,-3.791304347826,5.));
#806 = ORIENTED_EDGE('',*,*,#807,.T.);
#807 = EDGE_CURVE('',#798,#808,#810,.T.);
#808 = VERTEX_POINT('',#809);
#809 = CARTESIAN_POINT('',(-0.503377097823,-3.823528661037,5.));
#810 = B_SPLINE_CURVE_WITH_KNOTS('',4,(#811,#812,#813,#814,#815),
  .UNSPECIFIED.,.F.,.F.,(5,5),(0.,1.),.PIECEWISE_BEZIER_KNOTS.);
#811 = CARTESIAN_POINT('',(-6.340022891899E-16,-3.791304347826,5.));
#812 = CARTESIAN_POINT('',(-0.125844274456,-3.799360426129,5.));
#813 = CARTESIAN_POINT('',(-0.251688548911,-3.807416504432,5.));
#814 = CARTESIAN_POINT('',(-0.377532823367,-3.815472582734,5.));
#815 = CARTESIAN_POINT('',(-0.503377097823,-3.823528661037,5.));
#816 = ORIENTED_EDGE('',*,*,#817,.T.);
#817 = EDGE_CURVE('',#808,#818,#820,.T.);
#818 = VERTEX_POINT('',#819);
#819 = CARTESIAN_POINT('',(-1.01502077688,-3.788109110055,5.));
#820 = B_SPLINE_CURVE_WITH_KNOTS('',4,(#821,#822,#823,#824,#825),
  .UNSPECIFIED.,.F.,.F.,(5,5),(0.,1.),.PIECEWISE_BEZIER_KNOTS.);
#821 = CARTESIAN_POINT('',(-0.503377097823,-3.823528661037,5.));
#822 = CARTESIAN_POINT('',(-0.631288017587,-3.814673773292,5.));
#823 = CARTESIAN_POINT('',(-0.759198937351,-3.805818885546,5.));
#824 = CARTESIAN_POINT('',(-0.887109857116,-3.796963997801,5.));
#825 = CARTESIAN_POINT('',(-1.01502077688,-3.788109110055,5.));
#826 = ORIENTED_EDGE('',*,*,#827,.T.);
#827 = EDGE_CURVE('',#818,#828,#830,.T.);
#828 = VERTEX_POINT('',#829);
#829 = CARTESIAN_POINT('',(-1.52574220643,-3.683467527447,5.));
#830 = B_SPLINE_CURVE_WITH_KNOTS('',4,(#831,#832,#833,#834,#835),
  .UNSPECIFIED.,.F.,.F.,(5,5),(0.,1.),.PIECEWISE_BEZIER_KNOTS.);
#831 = CARTESIAN_POINT('',(-1.01502077688,-3.788109110055,5.));
#832 = CARTESIAN_POINT('',(-1.142701134268,-3.761948714403,5.));
#833 = CARTESIAN_POINT('',(-1.270381491655,-3.735788318751,5.));
#834 = CARTESIAN_POINT('',(-1.398061849042,-3.709627923099,5.));
#835 = CARTESIAN_POINT('',(-1.52574220643,-3.683467527447,5.));
#836 = ORIENTED_EDGE('',*,*,#837,.T.);
#837 = EDGE_CURVE('',#828,#838,#840,.T.);
#838 = VERTEX_POINT('',#839);
#839 = CARTESIAN_POINT('',(-2.026086956522,-3.509285549248,5.));
#840 = B_SPLINE_CURVE_WITH_KNOTS('',4,(#841,#842,#843,#844,#845),
  .UNSPECIFIED.,.F.,.F.,(5,5),(0.,1.),.PIECEWISE_BEZIER_KNOTS.);
#841 = CARTESIAN_POINT('',(-1.52574220643,-3.683467527447,5.));
#842 = CARTESIAN_POINT('',(-1.650828393953,-3.639922032897,5.));
#843 = CARTESIAN_POINT('',(-1.775914581476,-3.596376538348,5.));
#844 = CARTESIAN_POINT('',(-1.901000768999,-3.552831043798,5.));
#845 = CARTESIAN_POINT('',(-2.026086956522,-3.509285549248,5.));
#846 = ORIENTED_EDGE('',*,*,#847,.T.);
#847 = EDGE_CURVE('',#838,#848,#850,.T.);
#848 = VERTEX_POINT('',#849);
#849 = CARTESIAN_POINT('',(-2.506509014223,-3.26654614459,5.));
#850 = B_SPLINE_CURVE_WITH_KNOTS('',4,(#851,#852,#853,#854,#855),
  .UNSPECIFIED.,.F.,.F.,(5,5),(0.,1.),.PIECEWISE_BEZIER_KNOTS.);
#851 = CARTESIAN_POINT('',(-2.026086956522,-3.509285549248,5.));
#852 = CARTESIAN_POINT('',(-2.146192470947,-3.448600698084,5.));
#853 = CARTESIAN_POINT('',(-2.266297985372,-3.387915846919,5.));
#854 = CARTESIAN_POINT('',(-2.386403499798,-3.327230995755,5.));
#855 = CARTESIAN_POINT('',(-2.506509014223,-3.26654614459,5.));
#856 = ORIENTED_EDGE('',*,*,#857,.T.);
#857 = EDGE_CURVE('',#848,#858,#860,.T.);
#858 = VERTEX_POINT('',#859);
#859 = CARTESIAN_POINT('',(-2.957550971745,-2.957550971745,5.));
#860 = B_SPLINE_CURVE_WITH_KNOTS('',4,(#861,#862,#863,#864,#865),
  .UNSPECIFIED.,.F.,.F.,(5,5),(0.,1.),.PIECEWISE_BEZIER_KNOTS.);
#861 = CARTESIAN_POINT('',(-2.506509014223,-3.26654614459,5.));
#862 = CARTESIAN_POINT('',(-2.619269503604,-3.189297351379,5.));
#863 = CARTESIAN_POINT('',(-2.732029992984,-3.112048558168,5.));
#864 = CARTESIAN_POINT('',(-2.844790482365,-3.034799764957,5.));
#865 = CARTESIAN_POINT('',(-2.957550971745,-2.957550971745,5.));
#866 = ORIENTED_EDGE('',*,*,#867,.T.);
#867 = EDGE_CURVE('',#858,#868,#870,.T.);
#868 = VERTEX_POINT('',#869);
#869 = CARTESIAN_POINT('',(-3.370027015063,-2.585912678876,5.));
#870 = B_SPLINE_CURVE_WITH_KNOTS('',4,(#871,#872,#873,#874,#875),
  .UNSPECIFIED.,.F.,.F.,(5,5),(0.,1.),.PIECEWISE_BEZIER_KNOTS.);
#871 = CARTESIAN_POINT('',(-2.957550971745,-2.957550971745,5.));
#872 = CARTESIAN_POINT('',(-3.060669982575,-2.864641398528,5.));
#873 = CARTESIAN_POINT('',(-3.163788993404,-2.771731825311,5.));
#874 = CARTESIAN_POINT('',(-3.266908004234,-2.678822252093,5.));
#875 = CARTESIAN_POINT('',(-3.370027015063,-2.585912678876,5.));
#876 = ORIENTED_EDGE('',*,*,#877,.T.);
#877 = EDGE_CURVE('',#868,#878,#880,.T.);
#878 = VERTEX_POINT('',#879);
#879 = CARTESIAN_POINT('',(-3.723909236273,-2.15,5.));
#880 = B_SPLINE_CURVE_WITH_KNOTS('',4,(#881,#882,#883,#884,#885),
  .UNSPECIFIED.,.F.,.F.,(5,5),(0.,1.),.PIECEWISE_BEZIER_KNOTS.);
#881 = CARTESIAN_POINT('',(-3.370027015063,-2.585912678876,5.));
#882 = CARTESIAN_POINT('',(-3.458497570366,-2.476934509157,5.));
#883 = CARTESIAN_POINT('',(-3.546968125668,-2.367956339438,5.));
#884 = CARTESIAN_POINT('',(-3.635438680971,-2.258978169719,5.));
#885 = CARTESIAN_POINT('',(-3.723909236273,-2.15,5.));
#886 = ORIENTED_EDGE('',*,*,#887,.T.);
#887 = EDGE_CURVE('',#878,#888,#890,.T.);
#888 = VERTEX_POINT('',#889);
#889 = CARTESIAN_POINT('',(-3.972681989799,-1.64553875917,5.));
#890 = B_SPLINE_CURVE_WITH_KNOTS('',4,(#891,#892,#893,#894,#895),
  .UNSPECIFIED.,.F.,.F.,(5,5),(0.,1.),.PIECEWISE_BEZIER_KNOTS.);
#891 = CARTESIAN_POINT('',(-3.723909236273,-2.15,5.));
#892 = CARTESIAN_POINT('',(-3.786102424654,-2.023884689792,5.));
#893 = CARTESIAN_POINT('',(-3.848295613036,-1.897769379585,5.));
#894 = CARTESIAN_POINT('',(-3.910488801417,-1.771654069377,5.));
#895 = CARTESIAN_POINT('',(-3.972681989799,-1.64553875917,5.));
#896 = ORIENTED_EDGE('',*,*,#897,.T.);
#897 = EDGE_CURVE('',#888,#898,#900,.T.);
#898 = VERTEX_POINT('',#899);
#899 = CARTESIAN_POINT('',(-4.153481053043,-1.112921893941,5.));
#900 = B_SPLINE_CURVE_WITH_KNOTS('',4,(#901,#902,#903,#904,#905),
  .UNSPECIFIED.,.F.,.F.,(5,5),(0.,1.),.PIECEWISE_BEZIER_KNOTS.);
#901 = CARTESIAN_POINT('',(-3.972681989799,-1.64553875917,5.));
#902 = CARTESIAN_POINT('',(-4.01788175561,-1.512384542863,5.));
#903 = CARTESIAN_POINT('',(-4.063081521421,-1.379230326555,5.));
#904 = CARTESIAN_POINT('',(-4.108281287232,-1.246076110248,5.));
#905 = CARTESIAN_POINT('',(-4.153481053043,-1.112921893941,5.));
#906 = ORIENTED_EDGE('',*,*,#907,.T.);
#907 = EDGE_CURVE('',#898,#908,#910,.T.);
#908 = VERTEX_POINT('',#909);
#909 = CARTESIAN_POINT('',(-4.263212903907,-0.561262626546,5.));
#910 = B_SPLINE_CURVE_WITH_KNOTS('',4,(#911,#912,#913,#914,#915),
  .UNSPECIFIED.,.F.,.F.,(5,5),(0.,1.),.PIECEWISE_BEZIER_KNOTS.);
#911 = CARTESIAN_POINT('',(-4.153481053043,-1.112921893941,5.));
#912 = CARTESIAN_POINT('',(-4.180914015759,-0.975007077092,5.));
#913 = CARTESIAN_POINT('',(-4.208346978475,-0.837092260244,5.));
#914 = CARTESIAN_POINT('',(-4.235779941191,-0.699177443395,5.));
#915 = CARTESIAN_POINT('',(-4.263212903907,-0.561262626546,5.));
#916 = ORIENTED_EDGE('',*,*,#917,.T.);
#917 = EDGE_CURVE('',#908,#918,#920,.T.);
#918 = VERTEX_POINT('',#919);
#919 = CARTESIAN_POINT('',(-4.3,5.265981236334E-16,5.));
#920 = B_SPLINE_CURVE_WITH_KNOTS('',4,(#921,#922,#923,#924,#925),
  .UNSPECIFIED.,.F.,.F.,(5,5),(0.,1.),.PIECEWISE_BEZIER_KNOTS.);
#921 = CARTESIAN_POINT('',(-4.263212903907,-0.561262626546,5.));
#922 = CARTESIAN_POINT('',(-4.272409677931,-0.42094696991,5.));
#923 = CARTESIAN_POINT('',(-4.281606451954,-0.280631313273,5.));
#924 = CARTESIAN_POINT('',(-4.290803225977,-0.140315656637,5.));
#925 = CARTESIAN_POINT('',(-4.3,5.229799867273E-16,5.));
#926 = ORIENTED_EDGE('',*,*,#927,.T.);
#927 = EDGE_CURVE('',#918,#928,#930,.T.);
#928 = VERTEX_POINT('',#929);
#929 = CARTESIAN_POINT('',(-4.263212903907,0.561262626546,5.));
#930 = B_SPLINE_CURVE_WITH_KNOTS('',4,(#931,#932,#933,#934,#935),
  .UNSPECIFIED.,.F.,.F.,(5,5),(0.,1.),.PIECEWISE_BEZIER_KNOTS.);
#931 = CARTESIAN_POINT('',(-4.3,5.551115123126E-16,5.));
#932 = CARTESIAN_POINT('',(-4.290803225977,0.140315656637,5.));
#933 = CARTESIAN_POINT('',(-4.281606451954,0.280631313273,5.));
#934 = CARTESIAN_POINT('',(-4.272409677931,0.42094696991,5.));
#935 = CARTESIAN_POINT('',(-4.263212903907,0.561262626546,5.));
#936 = ORIENTED_EDGE('',*,*,#937,.T.);
#937 = EDGE_CURVE('',#928,#938,#940,.T.);
#938 = VERTEX_POINT('',#939);
#939 = CARTESIAN_POINT('',(-4.153481053043,1.112921893941,5.));
#940 = B_SPLINE_CURVE_WITH_KNOTS('',4,(#941,#942,#943,#944,#945),
  .UNSPECIFIED.,.F.,.F.,(5,5),(0.,1.),.PIECEWISE_BEZIER_KNOTS.);
#941 = CARTESIAN_POINT('',(-4.263212903907,0.561262626546,5.));
#942 = CARTESIAN_POINT('',(-4.235779941191,0.699177443395,5.));
#943 = CARTESIAN_POINT('',(-4.208346978475,0.837092260244,5.));
#944 = CARTESIAN_POINT('',(-4.180914015759,0.975007077092,5.));
#945 = CARTESIAN_POINT('',(-4.153481053043,1.112921893941,5.));
#946 = ORIENTED_EDGE('',*,*,#947,.T.);
#947 = EDGE_CURVE('',#938,#948,#950,.T.);
#948 = VERTEX_POINT('',#949);
#949 = CARTESIAN_POINT('',(-3.972681989799,1.64553875917,5.));
#950 = B_SPLINE_CURVE_WITH_KNOTS('',4,(#951,#952,#953,#954,#955),
  .UNSPECIFIED.,.F.,.F.,(5,5),(0.,1.),.PIECEWISE_BEZIER_KNOTS.);
#951 = CARTESIAN_POINT('',(-4.153481053043,1.112921893941,5.));
#952 = CARTESIAN_POINT('',(-4.108281287232,1.246076110248,5.));
#953 = CARTESIAN_POINT('',(-4.063081521421,1.379230326555,5.));
#954 = CARTESIAN_POINT('',(-4.01788175561,1.512384542863,5.));
#955 = CARTESIAN_POINT('',(-3.972681989799,1.64553875917,5.));
#956 = ORIENTED_EDGE('',*,*,#957,.T.);
#957 = EDGE_CURVE('',#948,#958,#960,.T.);
#958 = VERTEX_POINT('',#959);
#959 = CARTESIAN_POINT('',(-3.723909236273,2.15,5.));
#960 = B_SPLINE_CURVE_WITH_KNOTS('',4,(#961,#962,#963,#964,#965),
  .UNSPECIFIED.,.F.,.F.,(5,5),(0.,1.),.PIECEWISE_BEZIER_KNOTS.);
#961 = CARTESIAN_POINT('',(-3.972681989799,1.64553875917,5.));
#962 = CARTESIAN_POINT('',(-3.910488801417,1.771654069377,5.));
#963 = CARTESIAN_POINT('',(-3.848295613036,1.897769379585,5.));
#964 = CARTESIAN_POINT('',(-3.786102424654,2.023884689792,5.));
#965 = CARTESIAN_POINT('',(-3.723909236273,2.15,5.));
#966 = ORIENTED_EDGE('',*,*,#967,.T.);
#967 = EDGE_CURVE('',#958,#968,#970,.T.);
#968 = VERTEX_POINT('',#969);
#969 = CARTESIAN_POINT('',(-3.370027015063,2.585912678876,5.));
#970 = B_SPLINE_CURVE_WITH_KNOTS('',4,(#971,#972,#973,#974,#975),
  .UNSPECIFIED.,.F.,.F.,(5,5),(0.,1.),.PIECEWISE_BEZIER_KNOTS.);
#971 = CARTESIAN_POINT('',(-3.723909236273,2.15,5.));
#972 = CARTESIAN_POINT('',(-3.635438680971,2.258978169719,5.));
#973 = CARTESIAN_POINT('',(-3.546968125668,2.367956339438,5.));
#974 = CARTESIAN_POINT('',(-3.458497570366,2.476934509157,5.));
#975 = CARTESIAN_POINT('',(-3.370027015063,2.585912678876,5.));
#976 = ORIENTED_EDGE('',*,*,#977,.T.);
#977 = EDGE_CURVE('',#968,#978,#980,.T.);
#978 = VERTEX_POINT('',#979);
#979 = CARTESIAN_POINT('',(-2.957550971745,2.957550971745,5.));
#980 = B_SPLINE_CURVE_WITH_KNOTS('',4,(#981,#982,#983,#984,#985),
  .UNSPECIFIED.,.F.,.F.,(5,5),(0.,1.),.PIECEWISE_BEZIER_KNOTS.);
#981 = CARTESIAN_POINT('',(-3.370027015063,2.585912678876,5.));
#982 = CARTESIAN_POINT('',(-3.266908004234,2.678822252093,5.));
#983 = CARTESIAN_POINT('',(-3.163788993404,2.771731825311,5.));
#984 = CARTESIAN_POINT('',(-3.060669982575,2.864641398528,5.));
#985 = CARTESIAN_POINT('',(-2.957550971745,2.957550971745,5.));
#986 = ORIENTED_EDGE('',*,*,#987,.T.);
#987 = EDGE_CURVE('',#978,#988,#990,.T.);
#988 = VERTEX_POINT('',#989);
#989 = CARTESIAN_POINT('',(-2.506509014223,3.26654614459,5.));
#990 = B_SPLINE_CURVE_WITH_KNOTS('',4,(#991,#992,#993,#994,#995),
  .UNSPECIFIED.,.F.,.F.,(5,5),(0.,1.),.PIECEWISE_BEZIER_KNOTS.);
#991 = CARTESIAN_POINT('',(-2.957550971745,2.957550971745,5.));
#992 = CARTESIAN_POINT('',(-2.844790482365,3.034799764957,5.));
#993 = CARTESIAN_POINT('',(-2.732029992984,3.112048558168,5.));
#994 = CARTESIAN_POINT('',(-2.619269503604,3.189297351379,5.));
#995 = CARTESIAN_POINT('',(-2.506509014223,3.26654614459,5.));
#996 = ORIENTED_EDGE('',*,*,#997,.T.);
#997 = EDGE_CURVE('',#988,#998,#1000,.T.);
#998 = VERTEX_POINT('',#999);
#999 = CARTESIAN_POINT('',(-2.026086956522,3.509285549248,5.));
#1000 = B_SPLINE_CURVE_WITH_KNOTS('',4,(#1001,#1002,#1003,#1004,#1005),
  .UNSPECIFIED.,.F.,.F.,(5,5),(0.,1.),.PIECEWISE_BEZIER_KNOTS.);
#1001 = CARTESIAN_POINT('',(-2.506509014223,3.26654614459,5.));
#1002 = CARTESIAN_POINT('',(-2.386403499798,3.327230995755,5.));
#1003 = CARTESIAN_POINT('',(-2.266297985372,3.387915846919,5.));
#1004 = CARTESIAN_POINT('',(-2.146192470947,3.448600698084,5.));
#1005 = CARTESIAN_POINT('',(-2.026086956522,3.509285549248,5.));
#1006 = ORIENTED_EDGE('',*,*,#1007,.T.);
#1007 = EDGE_CURVE('',#998,#1008,#1010,.T.);
#1008 = VERTEX_POINT('',#1009);
#1009 = CARTESIAN_POINT('',(-1.52574220643,3.683467527447,5.));
#1010 = B_SPLINE_CURVE_WITH_KNOTS('',4,(#1011,#1012,#1013,#1014,#1015),
  .UNSPECIFIED.,.F.,.F.,(5,5),(0.,1.),.PIECEWISE_BEZIER_KNOTS.);
#1011 = CARTESIAN_POINT('',(-2.026086956522,3.509285549248,5.));
#1012 = CARTESIAN_POINT('',(-1.901000768999,3.552831043798,5.));
#1013 = CARTESIAN_POINT('',(-1.775914581476,3.596376538348,5.));
#1014 = CARTESIAN_POINT('',(-1.650828393953,3.639922032897,5.));
#1015 = CARTESIAN_POINT('',(-1.52574220643,3.683467527447,5.));
#1016 = ORIENTED_EDGE('',*,*,#1017,.T.);
#1017 = EDGE_CURVE('',#1008,#1018,#1020,.T.);
#1018 = VERTEX_POINT('',#1019);
#1019 = CARTESIAN_POINT('',(-1.01502077688,3.788109110055,5.));
#1020 = B_SPLINE_CURVE_WITH_KNOTS('',4,(#1021,#1022,#1023,#1024,#1025),
  .UNSPECIFIED.,.F.,.F.,(5,5),(0.,1.),.PIECEWISE_BEZIER_KNOTS.);
#1021 = CARTESIAN_POINT('',(-1.52574220643,3.683467527447,5.));
#1022 = CARTESIAN_POINT('',(-1.398061849042,3.709627923099,5.));
#1023 = CARTESIAN_POINT('',(-1.270381491655,3.735788318751,5.));
#1024 = CARTESIAN_POINT('',(-1.142701134268,3.761948714403,5.));
#1025 = CARTESIAN_POINT('',(-1.01502077688,3.788109110055,5.));
#1026 = ORIENTED_EDGE('',*,*,#1027,.T.);
#1027 = EDGE_CURVE('',#1018,#1028,#1030,.T.);
#1028 = VERTEX_POINT('',#1029);
#1029 = CARTESIAN_POINT('',(-0.503377097823,3.823528661037,5.));
#1030 = B_SPLINE_CURVE_WITH_KNOTS('',4,(#1031,#1032,#1033,#1034,#1035),
  .UNSPECIFIED.,.F.,.F.,(5,5),(0.,1.),.PIECEWISE_BEZIER_KNOTS.);
#1031 = CARTESIAN_POINT('',(-1.01502077688,3.788109110055,5.));
#1032 = CARTESIAN_POINT('',(-0.887109857116,3.796963997801,5.));
#1033 = CARTESIAN_POINT('',(-0.759198937351,3.805818885546,5.));
#1034 = CARTESIAN_POINT('',(-0.631288017587,3.814673773292,5.));
#1035 = CARTESIAN_POINT('',(-0.503377097823,3.823528661037,5.));
#1036 = ORIENTED_EDGE('',*,*,#1037,.T.);
#1037 = EDGE_CURVE('',#1028,#1038,#1040,.T.);
#1038 = VERTEX_POINT('',#1039);
#1039 = CARTESIAN_POINT('',(2.321504367079E-16,3.791304347826,5.));
#1040 = B_SPLINE_CURVE_WITH_KNOTS('',4,(#1041,#1042,#1043,#1044,#1045),
  .UNSPECIFIED.,.F.,.F.,(5,5),(0.,1.),.PIECEWISE_BEZIER_KNOTS.);
#1041 = CARTESIAN_POINT('',(-0.503377097823,3.823528661037,5.));
#1042 = CARTESIAN_POINT('',(-0.377532823367,3.815472582734,5.));
#1043 = CARTESIAN_POINT('',(-0.251688548911,3.807416504432,5.));
#1044 = CARTESIAN_POINT('',(-0.125844274456,3.799360426129,5.));
#1045 = CARTESIAN_POINT('',(2.541761305103E-16,3.791304347826,5.));
#1046 = ORIENTED_EDGE('',*,*,#1047,.T.);
#1047 = EDGE_CURVE('',#1038,#1048,#1050,.T.);
#1048 = VERTEX_POINT('',#1049);
#1049 = CARTESIAN_POINT('',(0.486351942316,3.694209766075,5.));
#1050 = B_SPLINE_CURVE_WITH_KNOTS('',4,(#1051,#1052,#1053,#1054,#1055),
  .UNSPECIFIED.,.F.,.F.,(5,5),(0.,1.),.PIECEWISE_BEZIER_KNOTS.);
#1051 = CARTESIAN_POINT('',(2.22044604925E-16,3.791304347826,5.));
#1052 = CARTESIAN_POINT('',(0.121587985579,3.767030702388,5.));
#1053 = CARTESIAN_POINT('',(0.243175971158,3.742757056951,5.));
#1054 = CARTESIAN_POINT('',(0.364763956737,3.718483411513,5.));
#1055 = CARTESIAN_POINT('',(0.486351942316,3.694209766075,5.));
#1056 = ORIENTED_EDGE('',*,*,#1057,.T.);
#1057 = EDGE_CURVE('',#1048,#1058,#1060,.T.);
#1058 = VERTEX_POINT('',#1059);
#1059 = CARTESIAN_POINT('',(0.947502765114,3.536128459719,5.));
#1060 = B_SPLINE_CURVE_WITH_KNOTS('',4,(#1061,#1062,#1063,#1064,#1065),
  .UNSPECIFIED.,.F.,.F.,(5,5),(0.,1.),.PIECEWISE_BEZIER_KNOTS.);
#1061 = CARTESIAN_POINT('',(0.486351942316,3.694209766075,5.));
#1062 = CARTESIAN_POINT('',(0.601639648015,3.654689439486,5.));
#1063 = CARTESIAN_POINT('',(0.716927353715,3.615169112897,5.));
#1064 = CARTESIAN_POINT('',(0.832215059415,3.575648786308,5.));
#1065 = CARTESIAN_POINT('',(0.947502765114,3.536128459719,5.));
#1066 = ORIENTED_EDGE('',*,*,#1067,.T.);
#1067 = EDGE_CURVE('',#1058,#1068,#1070,.T.);
#1068 = VERTEX_POINT('',#1069);
#1069 = CARTESIAN_POINT('',(1.375996515504,3.321949449508,5.));
#1070 = B_SPLINE_CURVE_WITH_KNOTS('',4,(#1071,#1072,#1073,#1074,#1075),
  .UNSPECIFIED.,.F.,.F.,(5,5),(0.,1.),.PIECEWISE_BEZIER_KNOTS.);
#1071 = CARTESIAN_POINT('',(0.947502765114,3.536128459719,5.));
#1072 = CARTESIAN_POINT('',(1.054626202712,3.482583707166,5.));
#1073 = CARTESIAN_POINT('',(1.161749640309,3.429038954614,5.));
#1074 = CARTESIAN_POINT('',(1.268873077907,3.375494202061,5.));
#1075 = CARTESIAN_POINT('',(1.375996515504,3.321949449508,5.));
#1076 = ORIENTED_EDGE('',*,*,#1077,.T.);
#1077 = EDGE_CURVE('',#1068,#1078,#1080,.T.);
#1078 = VERTEX_POINT('',#1079);
#1079 = CARTESIAN_POINT('',(1.765217391304,3.057446208143,5.));
#1080 = B_SPLINE_CURVE_WITH_KNOTS('',4,(#1081,#1082,#1083,#1084,#1085),
  .UNSPECIFIED.,.F.,.F.,(5,5),(0.,1.),.PIECEWISE_BEZIER_KNOTS.);
#1081 = CARTESIAN_POINT('',(1.375996515504,3.321949449508,5.));
#1082 = CARTESIAN_POINT('',(1.473301734454,3.255823639167,5.));
#1083 = CARTESIAN_POINT('',(1.570606953404,3.189697828826,5.));
#1084 = CARTESIAN_POINT('',(1.667912172354,3.123572018484,5.));
#1085 = CARTESIAN_POINT('',(1.765217391304,3.057446208143,5.));
#1086 = ORIENTED_EDGE('',*,*,#1087,.T.);
#1087 = EDGE_CURVE('',#1078,#1088,#1090,.T.);
#1088 = VERTEX_POINT('',#1089);
#1089 = CARTESIAN_POINT('',(2.109490690956,2.749141792227,5.));
#1090 = B_SPLINE_CURVE_WITH_KNOTS('',4,(#1091,#1092,#1093,#1094,#1095),
  .UNSPECIFIED.,.F.,.F.,(5,5),(0.,1.),.PIECEWISE_BEZIER_KNOTS.);
#1091 = CARTESIAN_POINT('',(1.765217391304,3.057446208143,5.));
#1092 = CARTESIAN_POINT('',(1.851285716217,2.980370104164,5.));
#1093 = CARTESIAN_POINT('',(1.93735404113,2.903294000185,5.));
#1094 = CARTESIAN_POINT('',(2.023422366043,2.826217896206,5.));
#1095 = CARTESIAN_POINT('',(2.109490690956,2.749141792227,5.));
#1096 = ORIENTED_EDGE('',*,*,#1097,.T.);
#1097 = EDGE_CURVE('',#1088,#1098,#1100,.T.);
#1098 = VERTEX_POINT('',#1099);
#1099 = CARTESIAN_POINT('',(2.404163056034,2.404163056034,5.));
#1100 = B_SPLINE_CURVE_WITH_KNOTS('',4,(#1101,#1102,#1103,#1104,#1105),
  .UNSPECIFIED.,.F.,.F.,(5,5),(0.,1.),.PIECEWISE_BEZIER_KNOTS.);
#1101 = CARTESIAN_POINT('',(2.109490690956,2.749141792227,5.));
#1102 = CARTESIAN_POINT('',(2.183158782226,2.662897108179,5.));
#1103 = CARTESIAN_POINT('',(2.256826873495,2.57665242413,5.));
#1104 = CARTESIAN_POINT('',(2.330494964765,2.490407740082,5.));
#1105 = CARTESIAN_POINT('',(2.404163056034,2.404163056034,5.));
#1106 = ORIENTED_EDGE('',*,*,#1107,.T.);
#1107 = EDGE_CURVE('',#1098,#1108,#1110,.T.);
#1108 = VERTEX_POINT('',#1109);
#1109 = CARTESIAN_POINT('',(2.69740135699,2.06978885863,5.));
#1110 = B_SPLINE_CURVE_WITH_KNOTS('',4,(#1111,#1112,#1113,#1114,#1115),
  .UNSPECIFIED.,.F.,.F.,(5,5),(0.,1.),.PIECEWISE_BEZIER_KNOTS.);
#1111 = CARTESIAN_POINT('',(2.404163056034,2.404163056034,5.));
#1112 = CARTESIAN_POINT('',(2.477472631273,2.320569506683,5.));
#1113 = CARTESIAN_POINT('',(2.550782206512,2.236975957332,5.));
#1114 = CARTESIAN_POINT('',(2.624091781751,2.153382407981,5.));
#1115 = CARTESIAN_POINT('',(2.69740135699,2.06978885863,5.));
#1116 = ORIENTED_EDGE('',*,*,#1117,.T.);
#1117 = EDGE_CURVE('',#1108,#1118,#1120,.T.);
#1118 = VERTEX_POINT('',#1119);
#1119 = CARTESIAN_POINT('',(2.944486372867,1.7,5.));
#1120 = B_SPLINE_CURVE_WITH_KNOTS('',4,(#1121,#1122,#1123,#1124,#1125),
  .UNSPECIFIED.,.F.,.F.,(5,5),(0.,1.),.PIECEWISE_BEZIER_KNOTS.);
#1121 = CARTESIAN_POINT('',(2.69740135699,2.06978885863,5.));
#1122 = CARTESIAN_POINT('',(2.759172610959,1.977341643972,5.));
#1123 = CARTESIAN_POINT('',(2.820943864929,1.884894429315,5.));
#1124 = CARTESIAN_POINT('',(2.882715118898,1.792447214657,5.));
#1125 = CARTESIAN_POINT('',(2.944486372867,1.7,5.));
#1126 = ORIENTED_EDGE('',*,*,#1127,.T.);
#1127 = EDGE_CURVE('',#1118,#1128,#1130,.T.);
#1128 = VERTEX_POINT('',#1129);
#1129 = CARTESIAN_POINT('',(3.141190410538,1.301123670041,5.));
#1130 = B_SPLINE_CURVE_WITH_KNOTS('',4,(#1131,#1132,#1133,#1134,#1135),
  .UNSPECIFIED.,.F.,.F.,(5,5),(0.,1.),.PIECEWISE_BEZIER_KNOTS.);
#1131 = CARTESIAN_POINT('',(2.944486372867,1.7,5.));
#1132 = CARTESIAN_POINT('',(2.993662382285,1.60028091751,5.));
#1133 = CARTESIAN_POINT('',(3.042838391703,1.500561835021,5.));
#1134 = CARTESIAN_POINT('',(3.092014401121,1.400842752531,5.));
#1135 = CARTESIAN_POINT('',(3.141190410538,1.301123670041,5.));
#1136 = ORIENTED_EDGE('',*,*,#1137,.T.);
#1137 = EDGE_CURVE('',#1128,#666,#1138,.T.);
#1138 = B_SPLINE_CURVE_WITH_KNOTS('',4,(#1139,#1140,#1141,#1142,#1143),
  .UNSPECIFIED.,.F.,.F.,(5,5),(0.,1.),.PIECEWISE_BEZIER_KNOTS.);
#1139 = CARTESIAN_POINT('',(3.141190410538,1.301123670041,5.));
#1140 = CARTESIAN_POINT('',(3.176929760249,1.195838940868,5.));
#1141 = CARTESIAN_POINT('',(3.212669109961,1.090554211695,5.));
#1142 = CARTESIAN_POINT('',(3.248408459672,0.985269482522,5.));
#1143 = CARTESIAN_POINT('',(3.284147809383,0.879984753349,5.));
#1144 = PLANE('',#1145);
#1145 = AXIS2_PLACEMENT_3D('',#1146,#1147,#1148);
#1146 = CARTESIAN_POINT('',(-7.889077687727E-17,7.889077687727E-17,5.));
#1147 = DIRECTION('',(0.,0.,1.));
#1148 = DIRECTION('',(1.,0.,-0.));
#1149 = ADVANCED_FACE('',(#1150),#1161,.F.);
#1150 = FACE_BOUND('',#1151,.F.);
#1151 = EDGE_LOOP('',(#1152,#1158,#1159,#1160));
#1152 = ORIENTED_EDGE('',*,*,#1153,.T.);
#1153 = EDGE_CURVE('',#134,#649,#1154,.T.);
#1154 = LINE('',#1155,#1156);
#1155 = CARTESIAN_POINT('',(-3.752776749733,-6.5,0.));
#1156 = VECTOR('',#1157,1.);
#1157 = DIRECTION('',(0.,0.,1.));
#1158 = ORIENTED_EDGE('',*,*,#656,.T.);
#1159 = ORIENTED_EDGE('',*,*,#61,.F.);
#1160 = ORIENTED_EDGE('',*,*,#141,.F.);
#1161 = PLANE('',#1162);
#1162 = AXIS2_PLACEMENT_3D('',#1163,#1164,#1165);
#1163 = CARTESIAN_POINT('',(-3.752776749733,-6.5,0.));
#1164 = DIRECTION('',(2.366723306318E-16,1.,-0.));
#1165 = DIRECTION('',(1.,-2.366723306318E-16,0.));
#1166 = ADVANCED_FACE('',(#1167),#1178,.F.);
#1167 = FACE_BOUND('',#1168,.F.);
#1168 = EDGE_LOOP('',(#1169,#1170,#1171,#1177));
#1169 = ORIENTED_EDGE('',*,*,#101,.T.);
#1170 = ORIENTED_EDGE('',*,*,#640,.T.);
#1171 = ORIENTED_EDGE('',*,*,#1172,.F.);
#1172 = EDGE_CURVE('',#126,#641,#1173,.T.);
#1173 = LINE('',#1174,#1175);
#1174 = CARTESIAN_POINT('',(-7.505553499465,9.191652068949E-16,0.));
#1175 = VECTOR('',#1176,1.);
#1176 = DIRECTION('',(0.,0.,1.));
#1177 = ORIENTED_EDGE('',*,*,#125,.F.);
#1178 = PLANE('',#1179);
#1179 = AXIS2_PLACEMENT_3D('',#1180,#1181,#1182);
#1180 = CARTESIAN_POINT('',(-3.752776749733,6.5,0.));
#1181 = DIRECTION('',(0.866025403784,-0.5,0.));
#1182 = DIRECTION('',(-0.5,-0.866025403784,0.));
#1183 = ADVANCED_FACE('',(#1184),#1190,.F.);
#1184 = FACE_BOUND('',#1185,.F.);
#1185 = EDGE_LOOP('',(#1186,#1187,#1188,#1189));
#1186 = ORIENTED_EDGE('',*,*,#1172,.T.);
#1187 = ORIENTED_EDGE('',*,*,#648,.T.);
#1188 = ORIENTED_EDGE('',*,*,#1153,.F.);
#1189 = ORIENTED_EDGE('',*,*,#133,.F.);
#1190 = PLANE('',#1191);
#1191 = AXIS2_PLACEMENT_3D('',#1192,#1193,#1194);
#1192 = CARTESIAN_POINT('',(-7.505553499465,9.191652068949E-16,0.));
#1193 = DIRECTION('',(0.866025403784,0.5,-0.));
#1194 = DIRECTION('',(0.5,-0.866025403784,0.));
#1195 = ADVANCED_FACE('',(#1196),#1296,.F.);
#1196 = FACE_BOUND('',#1197,.F.);
#1197 = EDGE_LOOP('',(#1198,#1246,#1247,#1295));
#1198 = ORIENTED_EDGE('',*,*,#1199,.F.);
#1199 = EDGE_CURVE('',#153,#668,#1200,.T.);
#1200 = ( BOUNDED_CURVE() B_SPLINE_CURVE(3,(#1201,#1202,#1203,#1204,
    #1205,#1206,#1207,#1208,#1209,#1210,#1211,#1212,#1213,#1214,#1215,
    #1216,#1217,#1218,#1219,#1220,#1221,#1222,#1223,#1224,#1225,#1226,
    #1227,#1228,#1229,#1230,#1231,#1232,#1233,#1234,#1235,#1236,#1237,
    #1238,#1239,#1240,#1241,#1242,#1243,#1244,#1245),.UNSPECIFIED.,.F.,
.F.) B_SPLINE_CURVE_WITH_KNOTS((4,1,1,1,1,1,1,1,1,1,1,1,1,1,1,1,1,1,1,1,
    1,1,1,1,1,1,1,1,1,1,1,1,1,1,1,1,1,1,1,1,1,1,4),(0.,
    2.367208350872E-02,4.740980147591E-02,7.134334288179E-02,
    9.527688428768E-02,0.119185059348,0.142857142857,0.166529226366,
    0.190437401427,0.214370942832,0.238304484238,0.262042202206,
    0.285714285714,0.309386369223,0.33312408719,0.357057628596,
    0.380991170002,0.404899345063,0.428571428571,0.45224351208,
    0.476151687141,0.500085228547,0.524018769953,0.54775648792,
    0.571428571429,0.595100654937,0.618838372904,0.64277191431,
    0.666705455716,0.690613630777,0.714285714286,0.737957797794,
    0.761865972855,0.785799514261,0.809733055667,0.833470773634,
    0.857142857143,0.880814940652,0.904552658619,0.928486200025,
0.952419741431,0.976327916491,1.),.UNSPECIFIED.) CURVE() 
GEOMETRIC_REPRESENTATION_ITEM() RATIONAL_B_SPLINE_CURVE((1.,
    1.000000000024,0.999999999989,1.000000000003,0.999999999999,1.,1.,1.
    ,1.,1.,1.,1.,1.,1.,1.,1.,1.,1.,1.,1.,1.,1.,1.,1.,1.,1.,1.,1.,1.,1.,
    1.,1.,1.,1.,1.,1.,1.,1.,1.,1.,1.000000000002,0.999999999993,
1.000000000024,0.999999999948,1.)) REPRESENTATION_ITEM('') );
#1201 = CARTESIAN_POINT('',(3.370912528671,0.443789053548,-1.));
#1202 = CARTESIAN_POINT('',(3.586840944058,0.472216568745,
    -0.945915960696));
#1203 = CARTESIAN_POINT('',(3.266619058018,0.43005855765,-0.832465754706
    ));
#1204 = CARTESIAN_POINT('',(3.411580559874,0.449143101429,
    -0.666031992455));
#1205 = CARTESIAN_POINT('',(3.704820867156,0.487748920275,
    -0.500065658372));
#1206 = CARTESIAN_POINT('',(3.935115126836,0.518067734742,
    -0.333310426054));
#1207 = CARTESIAN_POINT('',(4.269997760998,0.562155869928,
    -0.167651462254));
#1208 = CARTESIAN_POINT('',(4.25005762011,0.559530700578,
    -9.481367651137E-07));
#1209 = CARTESIAN_POINT('',(4.309311588258,0.567331633477,0.167655273713
    ));
#1210 = CARTESIAN_POINT('',(4.090056272944,0.538466123606,0.333296937213
    ));
#1211 = CARTESIAN_POINT('',(3.822134598492,0.503193566007,0.500115802373
    ));
#1212 = CARTESIAN_POINT('',(3.563190766809,0.469102963831,0.665845574726
    ));
#1213 = CARTESIAN_POINT('',(3.319491234507,0.437019311742,0.833154316416
    ));
#1214 = CARTESIAN_POINT('',(3.385558961774,0.445717293047,0.999999999649
    ));
#1215 = CARTESIAN_POINT('',(3.36366687149,0.442835144684,1.16684568499)
  );
#1216 = CARTESIAN_POINT('',(3.385306968095,0.44568411745,1.334154420322)
  );
#1217 = CARTESIAN_POINT('',(3.711885701128,0.488679023312,1.499884216189
    ));
#1218 = CARTESIAN_POINT('',(3.933223721269,0.517818726475,1.666702993586
    ));
#1219 = CARTESIAN_POINT('',(4.270498756269,0.562221827207,1.832344983153
    ));
#1220 = CARTESIAN_POINT('',(4.24992398681,0.55951310742,2.));
#1221 = CARTESIAN_POINT('',(4.309347791751,0.567336399757,2.167655016847
    ));
#1222 = CARTESIAN_POINT('',(4.090046519892,0.538464839592,2.333297006412
    ));
#1223 = CARTESIAN_POINT('',(3.822137213718,0.503193910308,2.500115783817
    ));
#1224 = CARTESIAN_POINT('',(3.563190072378,0.469102872407,2.665845579653
    ));
#1225 = CARTESIAN_POINT('',(3.319491419355,0.437019336078,2.833154315104
    ));
#1226 = CARTESIAN_POINT('',(3.385558912327,0.445717286537,3.));
#1227 = CARTESIAN_POINT('',(3.363666884703,0.442835146423,3.166845684896
    ));
#1228 = CARTESIAN_POINT('',(3.385306964791,0.445684117015,3.334154420345
    ));
#1229 = CARTESIAN_POINT('',(3.711885700986,0.488679023294,3.49988421619)
  );
#1230 = CARTESIAN_POINT('',(3.933223725149,0.517818726986,3.666702993561
    ));
#1231 = CARTESIAN_POINT('',(4.270498740976,0.562221825193,3.832344983253
    ));
#1232 = CARTESIAN_POINT('',(4.249924043493,0.559513114883,3.999999999629
    ));
#1233 = CARTESIAN_POINT('',(4.30934757918,0.567336371771,4.167655018238)
  );
#1234 = CARTESIAN_POINT('',(4.090047322427,0.538464945248,4.333297001163
    ));
#1235 = CARTESIAN_POINT('',(3.822134216062,0.503193515659,4.500115803424
    ));
#1236 = CARTESIAN_POINT('',(3.563201220441,0.469104340078,4.665845506737
    ));
#1237 = CARTESIAN_POINT('',(3.319450241309,0.437013914885,4.833154584436
    ));
#1238 = CARTESIAN_POINT('',(3.385712159744,0.445737461943,4.999998997659
    ));
#1239 = CARTESIAN_POINT('',(3.363094223275,0.442759754114,5.166849430487
    ));
#1240 = CARTESIAN_POINT('',(3.387458258185,0.445967340169,5.334140349441
    ));
#1241 = CARTESIAN_POINT('',(3.703783942713,0.487612406561,5.499937207133
    ));
#1242 = CARTESIAN_POINT('',(3.963437883639,0.521796496493,5.666505372662
    ));
#1243 = CARTESIAN_POINT('',(4.158343279889,0.547456278328,5.833078555327
    ));
#1244 = CARTESIAN_POINT('',(4.495945543168,0.591902460404,5.942735729628
    ));
#1245 = CARTESIAN_POINT('',(4.263212903907,0.561262626546,6.));
#1246 = ORIENTED_EDGE('',*,*,#150,.F.);
#1247 = ORIENTED_EDGE('',*,*,#1248,.T.);
#1248 = EDGE_CURVE('',#151,#666,#1249,.T.);
#1249 = ( BOUNDED_CURVE() B_SPLINE_CURVE(3,(#1250,#1251,#1252,#1253,
    #1254,#1255,#1256,#1257,#1258,#1259,#1260,#1261,#1262,#1263,#1264,
    #1265,#1266,#1267,#1268,#1269,#1270,#1271,#1272,#1273,#1274,#1275,
    #1276,#1277,#1278,#1279,#1280,#1281,#1282,#1283,#1284,#1285,#1286,
    #1287,#1288,#1289,#1290,#1291,#1292,#1293,#1294),.UNSPECIFIED.,.F.,
.F.) B_SPLINE_CURVE_WITH_KNOTS((4,1,1,1,1,1,1,1,1,1,1,1,1,1,1,1,1,1,1,1,
    1,1,1,1,1,1,1,1,1,1,1,1,1,1,1,1,1,1,1,1,1,1,4),(0.,
    2.367208350872E-02,4.740980147591E-02,7.134334288179E-02,
    9.527688428768E-02,0.119185059348,0.142857142857,0.166529226366,
    0.190437401427,0.214370942832,0.238304484238,0.262042202206,
    0.285714285714,0.309386369223,0.33312408719,0.357057628596,
    0.380991170002,0.404899345063,0.428571428571,0.45224351208,
    0.476151687141,0.500085228547,0.524018769953,0.54775648792,
    0.571428571429,0.595100654937,0.618838372904,0.64277191431,
    0.666705455716,0.690613630777,0.714285714286,0.737957797794,
    0.761865972855,0.785799514261,0.809733055667,0.833470773634,
    0.857142857143,0.880814940652,0.904552658619,0.928486200025,
0.952419741431,0.976327916491,1.),.UNSPECIFIED.) CURVE() 
GEOMETRIC_REPRESENTATION_ITEM() RATIONAL_B_SPLINE_CURVE((1.,
    1.000000000024,0.999999999989,1.000000000003,0.999999999999,1.,1.,1.
    ,1.,1.,1.,1.,1.,1.,1.,1.,1.,1.,1.,1.,1.,1.,1.,1.,1.,1.,1.,1.,1.,1.,
    1.,1.,1.,1.,1.,1.,1.,1.,1.,1.,1.000000000002,0.999999999993,
1.000000000024,0.999999999948,1.)) REPRESENTATION_ITEM('') );
#1250 = CARTESIAN_POINT('',(3.284147809383,0.879984753349,-1.));
#1251 = CARTESIAN_POINT('',(3.564116677094,0.955002185277,
    -0.945915960696));
#1252 = CARTESIAN_POINT('',(3.17463320306,0.850640403062,-0.832465754706
    ));
#1253 = CARTESIAN_POINT('',(3.246304261191,0.869844605162,
    -0.666031992455));
#1254 = CARTESIAN_POINT('',(3.548681465457,0.950866332867,
    -0.500065658372));
#1255 = CARTESIAN_POINT('',(3.776487061116,1.011906658252,
    -0.333310426054));
#1256 = CARTESIAN_POINT('',(4.072398875668,1.091195989993,
    -0.167651462254));
#1257 = CARTESIAN_POINT('',(4.169807081273,1.117296440021,
    -9.481367651137E-07));
#1258 = CARTESIAN_POINT('',(4.168933464935,1.117062355229,0.167655273713
    ));
#1259 = CARTESIAN_POINT('',(4.07420944514,1.091681130621,0.333296937213)
  );
#1260 = CARTESIAN_POINT('',(3.773965675388,1.011231054983,0.500115802373
    ));
#1261 = CARTESIAN_POINT('',(3.559064112121,0.953648354653,0.665845574726
    ));
#1262 = CARTESIAN_POINT('',(3.212258608166,0.860722099938,0.833154316416
    ));
#1263 = CARTESIAN_POINT('',(3.298577123977,0.883851076542,0.999999999649
    ));
#1264 = CARTESIAN_POINT('',(3.298239737274,0.883760674047,1.16684568499)
  );
#1265 = CARTESIAN_POINT('',(3.212840471487,0.860878009745,1.334154420322
    ));
#1266 = CARTESIAN_POINT('',(3.557679706745,0.953277404351,1.499884216189
    ));
#1267 = CARTESIAN_POINT('',(3.774078041494,1.01126116339,1.666702993586)
  );
#1268 = CARTESIAN_POINT('',(4.073036976486,1.091366968592,1.832344983153
    ));
#1269 = CARTESIAN_POINT('',(4.169636877035,1.117250833932,2.));
#1270 = CARTESIAN_POINT('',(4.168979576105,1.117074710679,2.167655016847
    ));
#1271 = CARTESIAN_POINT('',(4.074197023006,1.09167780212,2.333297006412)
  );
#1272 = CARTESIAN_POINT('',(3.773969006314,1.011231947502,2.500115783817
    ));
#1273 = CARTESIAN_POINT('',(3.559063227648,0.95364811766,2.665845579653)
  );
#1274 = CARTESIAN_POINT('',(3.212258843602,0.860722163023,2.833154315104
    ));
#1275 = CARTESIAN_POINT('',(3.298577060995,0.883851059665,3.));
#1276 = CARTESIAN_POINT('',(3.298239754118,0.88376067856,3.166845684896)
  );
#1277 = CARTESIAN_POINT('',(3.212840467227,0.860878008604,3.334154420345
    ));
#1278 = CARTESIAN_POINT('',(3.557679706759,0.953277404355,3.49988421619)
  );
#1279 = CARTESIAN_POINT('',(3.774078045709,1.01126116452,3.666702993561)
  );
#1280 = CARTESIAN_POINT('',(4.073036959705,1.091366964095,3.832344983253
    ));
#1281 = CARTESIAN_POINT('',(4.169636939276,1.11725085061,3.999999999629)
  );
#1282 = CARTESIAN_POINT('',(4.16897934268,1.117074648133,4.167655018238)
  );
#1283 = CARTESIAN_POINT('',(4.074197904276,1.091678038255,4.333297001163
    ));
#1284 = CARTESIAN_POINT('',(3.773965714562,1.01123106548,4.500115803424)
  );
#1285 = CARTESIAN_POINT('',(3.559075469428,0.953651397835,4.665845506737
    ));
#1286 = CARTESIAN_POINT('',(3.212213625648,0.860710046909,4.833154584436
    ));
#1287 = CARTESIAN_POINT('',(3.298745343256,0.883896150761,4.999998997659
    ));
#1288 = CARTESIAN_POINT('',(3.29761090985,0.883592180248,5.166849430487)
  );
#1289 = CARTESIAN_POINT('',(3.215202820358,0.861510999212,5.334140349441
    ));
#1290 = CARTESIAN_POINT('',(3.548783098754,0.950893565445,5.499937207133
    ));
#1291 = CARTESIAN_POINT('',(3.807256463925,1.020151294812,5.666505372662
    ));
#1292 = CARTESIAN_POINT('',(3.949878116994,1.058366651929,5.833078555327
    ));
#1293 = CARTESIAN_POINT('',(4.400195762034,1.179028900381,5.942735729628
    ));
#1294 = CARTESIAN_POINT('',(4.153481053043,1.112921893941,6.));
#1295 = ORIENTED_EDGE('',*,*,#665,.T.);
#1296 = ( BOUNDED_SURFACE() B_SPLINE_SURFACE(1,3,(
    (#1297,#1298,#1299,#1300,#1301,#1302,#1303,#1304,#1305,#1306,#1307
      ,#1308,#1309,#1310,#1311,#1312,#1313,#1314,#1315,#1316,#1317,#1318
      ,#1319,#1320,#1321,#1322,#1323,#1324,#1325,#1326,#1327,#1328,#1329
      ,#1330,#1331,#1332,#1333,#1334,#1335,#1336,#1337,#1338,#1339,#1340
      ,#1341)
    ,(#1342,#1343,#1344,#1345,#1346,#1347,#1348,#1349,#1350,#1351,#1352
      ,#1353,#1354,#1355,#1356,#1357,#1358,#1359,#1360,#1361,#1362,#1363
      ,#1364,#1365,#1366,#1367,#1368,#1369,#1370,#1371,#1372,#1373,#1374
      ,#1375,#1376,#1377,#1378,#1379,#1380,#1381,#1382,#1383,#1384,#1385
,#1386
    )),.UNSPECIFIED.,.F.,.F.,.F.) B_SPLINE_SURFACE_WITH_KNOTS((2,2),(4,1
    ,1,1,1,1,1,1,1,1,1,1,1,1,1,1,1,1,1,1,1,1,1,1,1,1,1,1,1,1,1,1,1,1,1,1
    ,1,1,1,1,1,1,4),(1.,2.),(0.,2.367208350872E-02,4.740980147591E-02,
    7.134334288179E-02,9.527688428768E-02,0.119185059348,0.142857142857,
    0.166529226366,0.190437401427,0.214370942832,0.238304484238,
    0.262042202206,0.285714285714,0.309386369223,0.33312408719,
    0.357057628596,0.380991170002,0.404899345063,0.428571428571,
    0.45224351208,0.476151687141,0.500085228547,0.524018769953,
    0.54775648792,0.571428571429,0.595100654937,0.618838372904,
    0.64277191431,0.666705455716,0.690613630777,0.714285714286,
    0.737957797794,0.761865972855,0.785799514261,0.809733055667,
    0.833470773634,0.857142857143,0.880814940652,0.904552658619,
    0.928486200025,0.952419741431,0.976327916491,1.),.UNSPECIFIED.) 
GEOMETRIC_REPRESENTATION_ITEM() RATIONAL_B_SPLINE_SURFACE((
    (1.,1.000000000024,0.999999999989,1.000000000003,0.999999999999,1.
      ,1.,1.,1.,1.,1.,1.,1.,1.,1.,1.,1.,1.,1.,1.,1.,1.,1.,1.,1.,1.,1.,1.
      ,1.,1.,1.,1.,1.,1.,1.,1.,1.,1.,1.,1.,1.000000000002,0.999999999993
      ,1.000000000024,0.999999999948,1.)
    ,(1.,1.000000000024,0.999999999989,1.000000000003,0.999999999999,1.
      ,1.,1.,1.,1.,1.,1.,1.,1.,1.,1.,1.,1.,1.,1.,1.,1.,1.,1.,1.,1.,1.,1.
      ,1.,1.,1.,1.,1.,1.,1.,1.,1.,1.,1.,1.,1.000000000002,0.999999999993
,1.000000000024,0.999999999948,1.
  ))) REPRESENTATION_ITEM('') SURFACE() );
#1297 = CARTESIAN_POINT('',(3.370912528671,0.443789053548,-1.));
#1298 = CARTESIAN_POINT('',(3.586840944058,0.472216568745,
    -0.945915960696));
#1299 = CARTESIAN_POINT('',(3.266619058018,0.43005855765,-0.832465754706
    ));
#1300 = CARTESIAN_POINT('',(3.411580559874,0.449143101429,
    -0.666031992455));
#1301 = CARTESIAN_POINT('',(3.704820867156,0.487748920275,
    -0.500065658372));
#1302 = CARTESIAN_POINT('',(3.935115126836,0.518067734742,
    -0.333310426054));
#1303 = CARTESIAN_POINT('',(4.269997760998,0.562155869928,
    -0.167651462254));
#1304 = CARTESIAN_POINT('',(4.25005762011,0.559530700578,
    -9.481367651137E-07));
#1305 = CARTESIAN_POINT('',(4.309311588258,0.567331633477,0.167655273713
    ));
#1306 = CARTESIAN_POINT('',(4.090056272944,0.538466123606,0.333296937213
    ));
#1307 = CARTESIAN_POINT('',(3.822134598492,0.503193566007,0.500115802373
    ));
#1308 = CARTESIAN_POINT('',(3.563190766809,0.469102963831,0.665845574726
    ));
#1309 = CARTESIAN_POINT('',(3.319491234507,0.437019311742,0.833154316416
    ));
#1310 = CARTESIAN_POINT('',(3.385558961774,0.445717293047,0.999999999649
    ));
#1311 = CARTESIAN_POINT('',(3.36366687149,0.442835144684,1.16684568499)
  );
#1312 = CARTESIAN_POINT('',(3.385306968095,0.44568411745,1.334154420322)
  );
#1313 = CARTESIAN_POINT('',(3.711885701128,0.488679023312,1.499884216189
    ));
#1314 = CARTESIAN_POINT('',(3.933223721269,0.517818726475,1.666702993586
    ));
#1315 = CARTESIAN_POINT('',(4.270498756269,0.562221827207,1.832344983153
    ));
#1316 = CARTESIAN_POINT('',(4.24992398681,0.55951310742,2.));
#1317 = CARTESIAN_POINT('',(4.309347791751,0.567336399757,2.167655016847
    ));
#1318 = CARTESIAN_POINT('',(4.090046519892,0.538464839592,2.333297006412
    ));
#1319 = CARTESIAN_POINT('',(3.822137213718,0.503193910308,2.500115783817
    ));
#1320 = CARTESIAN_POINT('',(3.563190072378,0.469102872407,2.665845579653
    ));
#1321 = CARTESIAN_POINT('',(3.319491419355,0.437019336078,2.833154315104
    ));
#1322 = CARTESIAN_POINT('',(3.385558912327,0.445717286537,3.));
#1323 = CARTESIAN_POINT('',(3.363666884703,0.442835146423,3.166845684896
    ));
#1324 = CARTESIAN_POINT('',(3.385306964791,0.445684117015,3.334154420345
    ));
#1325 = CARTESIAN_POINT('',(3.711885700986,0.488679023294,3.49988421619)
  );
#1326 = CARTESIAN_POINT('',(3.933223725149,0.517818726986,3.666702993561
    ));
#1327 = CARTESIAN_POINT('',(4.270498740976,0.562221825193,3.832344983253
    ));
#1328 = CARTESIAN_POINT('',(4.249924043493,0.559513114883,3.999999999629
    ));
#1329 = CARTESIAN_POINT('',(4.30934757918,0.567336371771,4.167655018238)
  );
#1330 = CARTESIAN_POINT('',(4.090047322427,0.538464945248,4.333297001163
    ));
#1331 = CARTESIAN_POINT('',(3.822134216062,0.503193515659,4.500115803424
    ));
#1332 = CARTESIAN_POINT('',(3.563201220441,0.469104340078,4.665845506737
    ));
#1333 = CARTESIAN_POINT('',(3.319450241309,0.437013914885,4.833154584436
    ));
#1334 = CARTESIAN_POINT('',(3.385712159744,0.445737461943,4.999998997659
    ));
#1335 = CARTESIAN_POINT('',(3.363094223275,0.442759754114,5.166849430487
    ));
#1336 = CARTESIAN_POINT('',(3.387458258185,0.445967340169,5.334140349441
    ));
#1337 = CARTESIAN_POINT('',(3.703783942713,0.487612406561,5.499937207133
    ));
#1338 = CARTESIAN_POINT('',(3.963437883639,0.521796496493,5.666505372662
    ));
#1339 = CARTESIAN_POINT('',(4.158343279889,0.547456278328,5.833078555327
    ));
#1340 = CARTESIAN_POINT('',(4.495945543168,0.591902460404,5.942735729628
    ));
#1341 = CARTESIAN_POINT('',(4.263212903907,0.561262626546,6.));
#1342 = CARTESIAN_POINT('',(3.284147809383,0.879984753349,-1.));
#1343 = CARTESIAN_POINT('',(3.564116677094,0.955002185277,
    -0.945915960696));
#1344 = CARTESIAN_POINT('',(3.17463320306,0.850640403062,-0.832465754706
    ));
#1345 = CARTESIAN_POINT('',(3.246304261191,0.869844605162,
    -0.666031992455));
#1346 = CARTESIAN_POINT('',(3.548681465457,0.950866332867,
    -0.500065658372));
#1347 = CARTESIAN_POINT('',(3.776487061116,1.011906658252,
    -0.333310426054));
#1348 = CARTESIAN_POINT('',(4.072398875668,1.091195989993,
    -0.167651462254));
#1349 = CARTESIAN_POINT('',(4.169807081273,1.117296440021,
    -9.481367651137E-07));
#1350 = CARTESIAN_POINT('',(4.168933464935,1.117062355229,0.167655273713
    ));
#1351 = CARTESIAN_POINT('',(4.07420944514,1.091681130621,0.333296937213)
  );
#1352 = CARTESIAN_POINT('',(3.773965675388,1.011231054983,0.500115802373
    ));
#1353 = CARTESIAN_POINT('',(3.559064112121,0.953648354653,0.665845574726
    ));
#1354 = CARTESIAN_POINT('',(3.212258608166,0.860722099938,0.833154316416
    ));
#1355 = CARTESIAN_POINT('',(3.298577123977,0.883851076542,0.999999999649
    ));
#1356 = CARTESIAN_POINT('',(3.298239737274,0.883760674047,1.16684568499)
  );
#1357 = CARTESIAN_POINT('',(3.212840471487,0.860878009745,1.334154420322
    ));
#1358 = CARTESIAN_POINT('',(3.557679706745,0.953277404351,1.499884216189
    ));
#1359 = CARTESIAN_POINT('',(3.774078041494,1.01126116339,1.666702993586)
  );
#1360 = CARTESIAN_POINT('',(4.073036976486,1.091366968592,1.832344983153
    ));
#1361 = CARTESIAN_POINT('',(4.169636877035,1.117250833932,2.));
#1362 = CARTESIAN_POINT('',(4.168979576105,1.117074710679,2.167655016847
    ));
#1363 = CARTESIAN_POINT('',(4.074197023006,1.09167780212,2.333297006412)
  );
#1364 = CARTESIAN_POINT('',(3.773969006314,1.011231947502,2.500115783817
    ));
#1365 = CARTESIAN_POINT('',(3.559063227648,0.95364811766,2.665845579653)
  );
#1366 = CARTESIAN_POINT('',(3.212258843602,0.860722163023,2.833154315104
    ));
#1367 = CARTESIAN_POINT('',(3.298577060995,0.883851059665,3.));
#1368 = CARTESIAN_POINT('',(3.298239754118,0.88376067856,3.166845684896)
  );
#1369 = CARTESIAN_POINT('',(3.212840467227,0.860878008604,3.334154420345
    ));
#1370 = CARTESIAN_POINT('',(3.557679706759,0.953277404355,3.49988421619)
  );
#1371 = CARTESIAN_POINT('',(3.774078045709,1.01126116452,3.666702993561)
  );
#1372 = CARTESIAN_POINT('',(4.073036959705,1.091366964095,3.832344983253
    ));
#1373 = CARTESIAN_POINT('',(4.169636939276,1.11725085061,3.999999999629)
  );
#1374 = CARTESIAN_POINT('',(4.16897934268,1.117074648133,4.167655018238)
  );
#1375 = CARTESIAN_POINT('',(4.074197904276,1.091678038255,4.333297001163
    ));
#1376 = CARTESIAN_POINT('',(3.773965714562,1.01123106548,4.500115803424)
  );
#1377 = CARTESIAN_POINT('',(3.559075469428,0.953651397835,4.665845506737
    ));
#1378 = CARTESIAN_POINT('',(3.212213625648,0.860710046909,4.833154584436
    ));
#1379 = CARTESIAN_POINT('',(3.298745343256,0.883896150761,4.999998997659
    ));
#1380 = CARTESIAN_POINT('',(3.29761090985,0.883592180248,5.166849430487)
  );
#1381 = CARTESIAN_POINT('',(3.215202820358,0.861510999212,5.334140349441
    ));
#1382 = CARTESIAN_POINT('',(3.548783098754,0.950893565445,5.499937207133
    ));
#1383 = CARTESIAN_POINT('',(3.807256463925,1.020151294812,5.666505372662
    ));
#1384 = CARTESIAN_POINT('',(3.949878116994,1.058366651929,5.833078555327
    ));
#1385 = CARTESIAN_POINT('',(4.400195762034,1.179028900381,5.942735729628
    ));
#1386 = CARTESIAN_POINT('',(4.153481053043,1.112921893941,6.));
#1387 = ADVANCED_FACE('',(#1388),#1441,.F.);
#1388 = FACE_BOUND('',#1389,.F.);
#1389 = EDGE_LOOP('',(#1390,#1391,#1392,#1440));
#1390 = ORIENTED_EDGE('',*,*,#1248,.F.);
#1391 = ORIENTED_EDGE('',*,*,#622,.F.);
#1392 = ORIENTED_EDGE('',*,*,#1393,.T.);
#1393 = EDGE_CURVE('',#613,#1128,#1394,.T.);
#1394 = ( BOUNDED_CURVE() B_SPLINE_CURVE(3,(#1395,#1396,#1397,#1398,
    #1399,#1400,#1401,#1402,#1403,#1404,#1405,#1406,#1407,#1408,#1409,
    #1410,#1411,#1412,#1413,#1414,#1415,#1416,#1417,#1418,#1419,#1420,
    #1421,#1422,#1423,#1424,#1425,#1426,#1427,#1428,#1429,#1430,#1431,
    #1432,#1433,#1434,#1435,#1436,#1437,#1438,#1439),.UNSPECIFIED.,.F.,
.F.) B_SPLINE_CURVE_WITH_KNOTS((4,1,1,1,1,1,1,1,1,1,1,1,1,1,1,1,1,1,1,1,
    1,1,1,1,1,1,1,1,1,1,1,1,1,1,1,1,1,1,1,1,1,1,4),(0.,
    2.367208350872E-02,4.740980147591E-02,7.134334288179E-02,
    9.527688428768E-02,0.119185059348,0.142857142857,0.166529226366,
    0.190437401427,0.214370942832,0.238304484238,0.262042202206,
    0.285714285714,0.309386369223,0.33312408719,0.357057628596,
    0.380991170002,0.404899345063,0.428571428571,0.45224351208,
    0.476151687141,0.500085228547,0.524018769953,0.54775648792,
    0.571428571429,0.595100654937,0.618838372904,0.64277191431,
    0.666705455716,0.690613630777,0.714285714286,0.737957797794,
    0.761865972855,0.785799514261,0.809733055667,0.833470773634,
    0.857142857143,0.880814940652,0.904552658619,0.928486200025,
0.952419741431,0.976327916491,1.),.UNSPECIFIED.) CURVE() 
GEOMETRIC_REPRESENTATION_ITEM() RATIONAL_B_SPLINE_CURVE((1.,
    1.000000000024,0.999999999989,1.000000000003,0.999999999999,1.,1.,1.
    ,1.,1.,1.,1.,1.,1.,1.,1.,1.,1.,1.,1.,1.,1.,1.,1.,1.,1.,1.,1.,1.,1.,
    1.,1.,1.,1.,1.,1.,1.,1.,1.,1.,1.000000000002,0.999999999993,
1.000000000024,0.999999999948,1.)) REPRESENTATION_ITEM('') );
#1395 = CARTESIAN_POINT('',(3.141190410538,1.301123670041,-1.));
#1396 = CARTESIAN_POINT('',(3.25911611108,1.349970094603,-0.945915960696
    ));
#1397 = CARTESIAN_POINT('',(3.099801645257,1.283979882111,
    -0.832465754706));
#1398 = CARTESIAN_POINT('',(3.108552592387,1.287604643122,
    -0.666031992455));
#1399 = CARTESIAN_POINT('',(3.315197180511,1.373199634107,
    -0.500065658372));
#1400 = CARTESIAN_POINT('',(3.562832992444,1.475773745941,
    -0.333310426054));
#1401 = CARTESIAN_POINT('',(3.809811568733,1.578075621855,
    -0.167651462254));
#1402 = CARTESIAN_POINT('',(4.016425536056,1.663657929296,
    -9.481367651137E-07));
#1403 = CARTESIAN_POINT('',(3.959705680606,1.640163795913,0.167655273713
    ));
#1404 = CARTESIAN_POINT('',(3.980430810443,1.648748425773,0.333296937213
    ));
#1405 = CARTESIAN_POINT('',(3.665152816649,1.518156004826,0.500115802373
    ));
#1406 = CARTESIAN_POINT('',(3.460212132006,1.433266793765,0.665845574726
    ));
#1407 = CARTESIAN_POINT('',(3.15391915486,1.306396088571,0.833154316416)
  );
#1408 = CARTESIAN_POINT('',(3.134660437374,1.298418866595,0.999999999649
    ));
#1409 = CARTESIAN_POINT('',(3.154617769567,1.306685464258,1.16684568499)
  );
#1410 = CARTESIAN_POINT('',(3.093712314986,1.281457598948,1.334154420322
    ));
#1411 = CARTESIAN_POINT('',(3.319187654932,1.374852542734,1.499884216189
    ));
#1412 = CARTESIAN_POINT('',(3.561764657991,1.475331227321,1.666702993586
    ));
#1413 = CARTESIAN_POINT('',(3.81009454903,1.578192836132,1.832344983153)
  );
#1414 = CARTESIAN_POINT('',(4.016350055122,1.66362666407,2.));
#1415 = CARTESIAN_POINT('',(3.959726129652,1.640172266185,2.167655016847
    ));
#1416 = CARTESIAN_POINT('',(3.980425301566,1.648746143921,2.333297006412
    ));
#1417 = CARTESIAN_POINT('',(3.665154293824,1.518156616692,2.500115783817
    ));
#1418 = CARTESIAN_POINT('',(3.460211739766,1.433266631294,2.665845579653
    ));
#1419 = CARTESIAN_POINT('',(3.15391925927,1.306396131819,2.833154315104)
  );
#1420 = CARTESIAN_POINT('',(3.13466040944,1.298418855024,3.));
#1421 = CARTESIAN_POINT('',(3.154617777044,1.306685467355,3.166845684896
    ));
#1422 = CARTESIAN_POINT('',(3.093712313067,1.281457598153,3.334154420345
    ));
#1423 = CARTESIAN_POINT('',(3.31918765505,1.374852542783,3.49988421619)
  );
#1424 = CARTESIAN_POINT('',(3.561764659441,1.475331227921,3.666702993561
    ));
#1425 = CARTESIAN_POINT('',(3.810094543146,1.578192833695,3.832344983253
    ));
#1426 = CARTESIAN_POINT('',(4.016350076975,1.663626673121,3.999999999629
    ));
#1427 = CARTESIAN_POINT('',(3.95972604769,1.640172232235,4.167655018238)
  );
#1428 = CARTESIAN_POINT('',(3.980425611003,1.648746272095,4.333297001163
    ));
#1429 = CARTESIAN_POINT('',(3.665153138,1.518156137934,4.500115803424));
#1430 = CARTESIAN_POINT('',(3.460216038189,1.433268411759,4.665845506737
    ));
#1431 = CARTESIAN_POINT('',(3.153903382015,1.306389555245,4.833154584436
    ));
#1432 = CARTESIAN_POINT('',(3.134719497927,1.298443330276,4.999998997659
    ));
#1433 = CARTESIAN_POINT('',(3.154396972688,1.306594007201,5.166849430487
    ));
#1434 = CARTESIAN_POINT('',(3.094541799617,1.281801182713,5.334140349441
    ));
#1435 = CARTESIAN_POINT('',(3.31606381358,1.373558605352,5.499937207133)
  );
#1436 = CARTESIAN_POINT('',(3.573414506067,1.480156752125,5.666505372662
    ));
#1437 = CARTESIAN_POINT('',(3.766850117838,1.560280407233,5.833078555327
    ));
#1438 = CARTESIAN_POINT('',(4.040050355219,1.673443647674,5.942735729628
    ));
#1439 = CARTESIAN_POINT('',(3.972681989799,1.64553875917,6.));
#1440 = ORIENTED_EDGE('',*,*,#1137,.T.);
#1441 = ( BOUNDED_SURFACE() B_SPLINE_SURFACE(1,3,(
    (#1442,#1443,#1444,#1445,#1446,#1447,#1448,#1449,#1450,#1451,#1452
      ,#1453,#1454,#1455,#1456,#1457,#1458,#1459,#1460,#1461,#1462,#1463
      ,#1464,#1465,#1466,#1467,#1468,#1469,#1470,#1471,#1472,#1473,#1474
      ,#1475,#1476,#1477,#1478,#1479,#1480,#1481,#1482,#1483,#1484,#1485
      ,#1486)
    ,(#1487,#1488,#1489,#1490,#1491,#1492,#1493,#1494,#1495,#1496,#1497
      ,#1498,#1499,#1500,#1501,#1502,#1503,#1504,#1505,#1506,#1507,#1508
      ,#1509,#1510,#1511,#1512,#1513,#1514,#1515,#1516,#1517,#1518,#1519
      ,#1520,#1521,#1522,#1523,#1524,#1525,#1526,#1527,#1528,#1529,#1530
,#1531
    )),.UNSPECIFIED.,.F.,.F.,.F.) B_SPLINE_SURFACE_WITH_KNOTS((2,2),(4,1
    ,1,1,1,1,1,1,1,1,1,1,1,1,1,1,1,1,1,1,1,1,1,1,1,1,1,1,1,1,1,1,1,1,1,1
    ,1,1,1,1,1,1,4),(2.,3.),(0.,2.367208350872E-02,4.740980147591E-02,
    7.134334288179E-02,9.527688428768E-02,0.119185059348,0.142857142857,
    0.166529226366,0.190437401427,0.214370942832,0.238304484238,
    0.262042202206,0.285714285714,0.309386369223,0.33312408719,
    0.357057628596,0.380991170002,0.404899345063,0.428571428571,
    0.45224351208,0.476151687141,0.500085228547,0.524018769953,
    0.54775648792,0.571428571429,0.595100654937,0.618838372904,
    0.64277191431,0.666705455716,0.690613630777,0.714285714286,
    0.737957797794,0.761865972855,0.785799514261,0.809733055667,
    0.833470773634,0.857142857143,0.880814940652,0.904552658619,
    0.928486200025,0.952419741431,0.976327916491,1.),.UNSPECIFIED.) 
GEOMETRIC_REPRESENTATION_ITEM() RATIONAL_B_SPLINE_SURFACE((
    (1.,1.000000000024,0.999999999989,1.000000000003,0.999999999999,1.
      ,1.,1.,1.,1.,1.,1.,1.,1.,1.,1.,1.,1.,1.,1.,1.,1.,1.,1.,1.,1.,1.,1.
      ,1.,1.,1.,1.,1.,1.,1.,1.,1.,1.,1.,1.,1.000000000002,0.999999999993
      ,1.000000000024,0.999999999948,1.)
    ,(1.,1.000000000024,0.999999999989,1.000000000003,0.999999999999,1.
      ,1.,1.,1.,1.,1.,1.,1.,1.,1.,1.,1.,1.,1.,1.,1.,1.,1.,1.,1.,1.,1.,1.
      ,1.,1.,1.,1.,1.,1.,1.,1.,1.,1.,1.,1.,1.000000000002,0.999999999993
,1.000000000024,0.999999999948,1.
  ))) REPRESENTATION_ITEM('') SURFACE() );
#1442 = CARTESIAN_POINT('',(3.284147809383,0.879984753349,-1.));
#1443 = CARTESIAN_POINT('',(3.564116677094,0.955002185277,
    -0.945915960696));
#1444 = CARTESIAN_POINT('',(3.17463320306,0.850640403062,-0.832465754706
    ));
#1445 = CARTESIAN_POINT('',(3.246304261191,0.869844605162,
    -0.666031992455));
#1446 = CARTESIAN_POINT('',(3.548681465457,0.950866332867,
    -0.500065658372));
#1447 = CARTESIAN_POINT('',(3.776487061116,1.011906658252,
    -0.333310426054));
#1448 = CARTESIAN_POINT('',(4.072398875668,1.091195989993,
    -0.167651462254));
#1449 = CARTESIAN_POINT('',(4.169807081273,1.117296440021,
    -9.481367651137E-07));
#1450 = CARTESIAN_POINT('',(4.168933464935,1.117062355229,0.167655273713
    ));
#1451 = CARTESIAN_POINT('',(4.07420944514,1.091681130621,0.333296937213)
  );
#1452 = CARTESIAN_POINT('',(3.773965675388,1.011231054983,0.500115802373
    ));
#1453 = CARTESIAN_POINT('',(3.559064112121,0.953648354653,0.665845574726
    ));
#1454 = CARTESIAN_POINT('',(3.212258608166,0.860722099938,0.833154316416
    ));
#1455 = CARTESIAN_POINT('',(3.298577123977,0.883851076542,0.999999999649
    ));
#1456 = CARTESIAN_POINT('',(3.298239737274,0.883760674047,1.16684568499)
  );
#1457 = CARTESIAN_POINT('',(3.212840471487,0.860878009745,1.334154420322
    ));
#1458 = CARTESIAN_POINT('',(3.557679706745,0.953277404351,1.499884216189
    ));
#1459 = CARTESIAN_POINT('',(3.774078041494,1.01126116339,1.666702993586)
  );
#1460 = CARTESIAN_POINT('',(4.073036976486,1.091366968592,1.832344983153
    ));
#1461 = CARTESIAN_POINT('',(4.169636877035,1.117250833932,2.));
#1462 = CARTESIAN_POINT('',(4.168979576105,1.117074710679,2.167655016847
    ));
#1463 = CARTESIAN_POINT('',(4.074197023006,1.09167780212,2.333297006412)
  );
#1464 = CARTESIAN_POINT('',(3.773969006314,1.011231947502,2.500115783817
    ));
#1465 = CARTESIAN_POINT('',(3.559063227648,0.95364811766,2.665845579653)
  );
#1466 = CARTESIAN_POINT('',(3.212258843602,0.860722163023,2.833154315104
    ));
#1467 = CARTESIAN_POINT('',(3.298577060995,0.883851059665,3.));
#1468 = CARTESIAN_POINT('',(3.298239754118,0.88376067856,3.166845684896)
  );
#1469 = CARTESIAN_POINT('',(3.212840467227,0.860878008604,3.334154420345
    ));
#1470 = CARTESIAN_POINT('',(3.557679706759,0.953277404355,3.49988421619)
  );
#1471 = CARTESIAN_POINT('',(3.774078045709,1.01126116452,3.666702993561)
  );
#1472 = CARTESIAN_POINT('',(4.073036959705,1.091366964095,3.832344983253
    ));
#1473 = CARTESIAN_POINT('',(4.169636939276,1.11725085061,3.999999999629)
  );
#1474 = CARTESIAN_POINT('',(4.16897934268,1.117074648133,4.167655018238)
  );
#1475 = CARTESIAN_POINT('',(4.074197904276,1.091678038255,4.333297001163
    ));
#1476 = CARTESIAN_POINT('',(3.773965714562,1.01123106548,4.500115803424)
  );
#1477 = CARTESIAN_POINT('',(3.559075469428,0.953651397835,4.665845506737
    ));
#1478 = CARTESIAN_POINT('',(3.212213625648,0.860710046909,4.833154584436
    ));
#1479 = CARTESIAN_POINT('',(3.298745343256,0.883896150761,4.999998997659
    ));
#1480 = CARTESIAN_POINT('',(3.29761090985,0.883592180248,5.166849430487)
  );
#1481 = CARTESIAN_POINT('',(3.215202820358,0.861510999212,5.334140349441
    ));
#1482 = CARTESIAN_POINT('',(3.548783098754,0.950893565445,5.499937207133
    ));
#1483 = CARTESIAN_POINT('',(3.807256463925,1.020151294812,5.666505372662
    ));
#1484 = CARTESIAN_POINT('',(3.949878116994,1.058366651929,5.833078555327
    ));
#1485 = CARTESIAN_POINT('',(4.400195762034,1.179028900381,5.942735729628
    ));
#1486 = CARTESIAN_POINT('',(4.153481053043,1.112921893941,6.));
#1487 = CARTESIAN_POINT('',(3.141190410538,1.301123670041,-1.));
#1488 = CARTESIAN_POINT('',(3.25911611108,1.349970094603,-0.945915960696
    ));
#1489 = CARTESIAN_POINT('',(3.099801645257,1.283979882111,
    -0.832465754706));
#1490 = CARTESIAN_POINT('',(3.108552592387,1.287604643122,
    -0.666031992455));
#1491 = CARTESIAN_POINT('',(3.315197180511,1.373199634107,
    -0.500065658372));
#1492 = CARTESIAN_POINT('',(3.562832992444,1.475773745941,
    -0.333310426054));
#1493 = CARTESIAN_POINT('',(3.809811568733,1.578075621855,
    -0.167651462254));
#1494 = CARTESIAN_POINT('',(4.016425536056,1.663657929296,
    -9.481367651137E-07));
#1495 = CARTESIAN_POINT('',(3.959705680606,1.640163795913,0.167655273713
    ));
#1496 = CARTESIAN_POINT('',(3.980430810443,1.648748425773,0.333296937213
    ));
#1497 = CARTESIAN_POINT('',(3.665152816649,1.518156004826,0.500115802373
    ));
#1498 = CARTESIAN_POINT('',(3.460212132006,1.433266793765,0.665845574726
    ));
#1499 = CARTESIAN_POINT('',(3.15391915486,1.306396088571,0.833154316416)
  );
#1500 = CARTESIAN_POINT('',(3.134660437374,1.298418866595,0.999999999649
    ));
#1501 = CARTESIAN_POINT('',(3.154617769567,1.306685464258,1.16684568499)
  );
#1502 = CARTESIAN_POINT('',(3.093712314986,1.281457598948,1.334154420322
    ));
#1503 = CARTESIAN_POINT('',(3.319187654932,1.374852542734,1.499884216189
    ));
#1504 = CARTESIAN_POINT('',(3.561764657991,1.475331227321,1.666702993586
    ));
#1505 = CARTESIAN_POINT('',(3.81009454903,1.578192836132,1.832344983153)
  );
#1506 = CARTESIAN_POINT('',(4.016350055122,1.66362666407,2.));
#1507 = CARTESIAN_POINT('',(3.959726129652,1.640172266185,2.167655016847
    ));
#1508 = CARTESIAN_POINT('',(3.980425301566,1.648746143921,2.333297006412
    ));
#1509 = CARTESIAN_POINT('',(3.665154293824,1.518156616692,2.500115783817
    ));
#1510 = CARTESIAN_POINT('',(3.460211739766,1.433266631294,2.665845579653
    ));
#1511 = CARTESIAN_POINT('',(3.15391925927,1.306396131819,2.833154315104)
  );
#1512 = CARTESIAN_POINT('',(3.13466040944,1.298418855024,3.));
#1513 = CARTESIAN_POINT('',(3.154617777044,1.306685467355,3.166845684896
    ));
#1514 = CARTESIAN_POINT('',(3.093712313067,1.281457598153,3.334154420345
    ));
#1515 = CARTESIAN_POINT('',(3.31918765505,1.374852542783,3.49988421619)
  );
#1516 = CARTESIAN_POINT('',(3.561764659441,1.475331227921,3.666702993561
    ));
#1517 = CARTESIAN_POINT('',(3.810094543146,1.578192833695,3.832344983253
    ));
#1518 = CARTESIAN_POINT('',(4.016350076975,1.663626673121,3.999999999629
    ));
#1519 = CARTESIAN_POINT('',(3.95972604769,1.640172232235,4.167655018238)
  );
#1520 = CARTESIAN_POINT('',(3.980425611003,1.648746272095,4.333297001163
    ));
#1521 = CARTESIAN_POINT('',(3.665153138,1.518156137934,4.500115803424));
#1522 = CARTESIAN_POINT('',(3.460216038189,1.433268411759,4.665845506737
    ));
#1523 = CARTESIAN_POINT('',(3.153903382015,1.306389555245,4.833154584436
    ));
#1524 = CARTESIAN_POINT('',(3.134719497927,1.298443330276,4.999998997659
    ));
#1525 = CARTESIAN_POINT('',(3.154396972688,1.306594007201,5.166849430487
    ));
#1526 = CARTESIAN_POINT('',(3.094541799617,1.281801182713,5.334140349441
    ));
#1527 = CARTESIAN_POINT('',(3.31606381358,1.373558605352,5.499937207133)
  );
#1528 = CARTESIAN_POINT('',(3.573414506067,1.480156752125,5.666505372662
    ));
#1529 = CARTESIAN_POINT('',(3.766850117838,1.560280407233,5.833078555327
    ));
#1530 = CARTESIAN_POINT('',(4.040050355219,1.673443647674,5.942735729628
    ));
#1531 = CARTESIAN_POINT('',(3.972681989799,1.64553875917,6.));
#1532 = ADVANCED_FACE('',(#1533),#1586,.F.);
#1533 = FACE_BOUND('',#1534,.F.);
#1534 = EDGE_LOOP('',(#1535,#1536,#1537,#1585));
#1535 = ORIENTED_EDGE('',*,*,#1393,.F.);
#1536 = ORIENTED_EDGE('',*,*,#612,.F.);
#1537 = ORIENTED_EDGE('',*,*,#1538,.T.);
#1538 = EDGE_CURVE('',#603,#1118,#1539,.T.);
#1539 = ( BOUNDED_CURVE() B_SPLINE_CURVE(3,(#1540,#1541,#1542,#1543,
    #1544,#1545,#1546,#1547,#1548,#1549,#1550,#1551,#1552,#1553,#1554,
    #1555,#1556,#1557,#1558,#1559,#1560,#1561,#1562,#1563,#1564,#1565,
    #1566,#1567,#1568,#1569,#1570,#1571,#1572,#1573,#1574,#1575,#1576,
    #1577,#1578,#1579,#1580,#1581,#1582,#1583,#1584),.UNSPECIFIED.,.F.,
.F.) B_SPLINE_CURVE_WITH_KNOTS((4,1,1,1,1,1,1,1,1,1,1,1,1,1,1,1,1,1,1,1,
    1,1,1,1,1,1,1,1,1,1,1,1,1,1,1,1,1,1,1,1,1,1,4),(0.,
    2.367208350872E-02,4.740980147591E-02,7.134334288179E-02,
    9.527688428768E-02,0.119185059348,0.142857142857,0.166529226366,
    0.190437401427,0.214370942832,0.238304484238,0.262042202206,
    0.285714285714,0.309386369223,0.33312408719,0.357057628596,
    0.380991170002,0.404899345063,0.428571428571,0.45224351208,
    0.476151687141,0.500085228547,0.524018769953,0.54775648792,
    0.571428571429,0.595100654937,0.618838372904,0.64277191431,
    0.666705455716,0.690613630777,0.714285714286,0.737957797794,
    0.761865972855,0.785799514261,0.809733055667,0.833470773634,
    0.857142857143,0.880814940652,0.904552658619,0.928486200025,
0.952419741431,0.976327916491,1.),.UNSPECIFIED.) CURVE() 
GEOMETRIC_REPRESENTATION_ITEM() RATIONAL_B_SPLINE_CURVE((1.,
    1.000000000024,0.999999999989,1.000000000003,0.999999999999,1.,1.,1.
    ,1.,1.,1.,1.,1.,1.,1.,1.,1.,1.,1.,1.,1.,1.,1.,1.,1.,1.,1.,1.,1.,1.,
    1.,1.,1.,1.,1.,1.,1.,1.,1.,1.,1.000000000002,0.999999999993,
1.000000000024,0.999999999948,1.)) REPRESENTATION_ITEM('') );
#1540 = CARTESIAN_POINT('',(2.944486372867,1.7,-1.));
#1541 = CARTESIAN_POINT('',(2.914555337545,1.682719308727,
    -0.945915960696));
#1542 = CARTESIAN_POINT('',(2.96508260241,1.711891238658,-0.832465754706
    ));
#1543 = CARTESIAN_POINT('',(2.917220726693,1.684258171845,
    -0.666031992455));
#1544 = CARTESIAN_POINT('',(3.033559691667,1.751426504586,
    -0.500065658372));
#1545 = CARTESIAN_POINT('',(3.293444070425,1.901470820621,
    -0.333310426054));
#1546 = CARTESIAN_POINT('',(3.491637497168,2.015897848903,
    -0.167651462254));
#1547 = CARTESIAN_POINT('',(3.789897435098,2.188098304355,
    -9.481367651137E-07));
#1548 = CARTESIAN_POINT('',(3.690911924476,2.130948993151,0.167655273713
    ));
#1549 = CARTESIAN_POINT('',(3.789936792757,2.18812102751,0.333296937213)
  );
#1550 = CARTESIAN_POINT('',(3.492878839925,2.016614538477,0.500115802373
    ));
#1551 = CARTESIAN_POINT('',(3.294698139528,1.902194857755,0.665845574726
    ));
#1552 = CARTESIAN_POINT('',(3.033174891117,1.751204339886,0.833154316416
    ));
#1553 = CARTESIAN_POINT('',(2.919207497194,1.685405234325,0.999999999649
    ));
#1554 = CARTESIAN_POINT('',(2.957053536379,1.707255655236,1.16684568499)
  );
#1555 = CARTESIAN_POINT('',(2.919394422274,1.68551315557,1.334154420322)
  );
#1556 = CARTESIAN_POINT('',(3.032975196083,1.751089045904,1.499884216189
    ));
#1557 = CARTESIAN_POINT('',(3.293600552262,1.901561165452,1.666702993586
    ));
#1558 = CARTESIAN_POINT('',(3.491596048279,2.015873918375,1.832344983153
    ));
#1559 = CARTESIAN_POINT('',(3.789908490994,2.18810468748,2.));
#1560 = CARTESIAN_POINT('',(3.690908929249,2.130947263856,2.167655016847
    ));
#1561 = CARTESIAN_POINT('',(3.789937599657,2.188121493374,2.333297006412
    ));
#1562 = CARTESIAN_POINT('',(3.492878623559,2.016614413559,2.500115783817
    ));
#1563 = CARTESIAN_POINT('',(3.294698196981,1.902194890925,2.665845579653
    ));
#1564 = CARTESIAN_POINT('',(3.033174875825,1.751204331057,2.833154315104
    ));
#1565 = CARTESIAN_POINT('',(2.919207501281,1.685405236685,3.));
#1566 = CARTESIAN_POINT('',(2.957053535299,1.707255654613,3.166845684896
    ));
#1567 = CARTESIAN_POINT('',(2.919394422495,1.685513155698,3.334154420345
    ));
#1568 = CARTESIAN_POINT('',(3.032975196289,1.751089046023,3.49988421619)
  );
#1569 = CARTESIAN_POINT('',(3.293600551215,1.901561164847,3.666702993561
    ));
#1570 = CARTESIAN_POINT('',(3.491596052241,2.015873920663,3.832344983253
    ));
#1571 = CARTESIAN_POINT('',(3.789908476348,2.188104679024,3.999999999629
    ));
#1572 = CARTESIAN_POINT('',(3.690908984164,2.130947295562,4.167655018238
    ));
#1573 = CARTESIAN_POINT('',(3.789937392333,2.188121373675,4.333297001163
    ));
#1574 = CARTESIAN_POINT('',(3.49287939796,2.016614860659,4.500115803424)
  );
#1575 = CARTESIAN_POINT('',(3.294695317041,1.902193228192,4.665845506737
    ));
#1576 = CARTESIAN_POINT('',(3.033185513572,1.751210472763,4.833154584436
    ));
#1577 = CARTESIAN_POINT('',(2.919167912047,1.68538237983,4.999998997659)
  );
#1578 = CARTESIAN_POINT('',(2.957201474024,1.707341067074,5.166849430487
    ));
#1579 = CARTESIAN_POINT('',(2.918838667236,1.685192290255,5.334140349441
    ));
#1580 = CARTESIAN_POINT('',(3.035068167329,1.752297423397,5.499937207133
    ));
#1581 = CARTESIAN_POINT('',(3.285795164217,1.897054722633,5.666505372662
    ));
#1582 = CARTESIAN_POINT('',(3.520569779171,2.032601909442,5.833078555327
    ));
#1583 = CARTESIAN_POINT('',(3.62901027241,2.095210058228,5.942735729628)
  );
#1584 = CARTESIAN_POINT('',(3.723909236273,2.15,6.));
#1585 = ORIENTED_EDGE('',*,*,#1127,.T.);
#1586 = ( BOUNDED_SURFACE() B_SPLINE_SURFACE(1,3,(
    (#1587,#1588,#1589,#1590,#1591,#1592,#1593,#1594,#1595,#1596,#1597
      ,#1598,#1599,#1600,#1601,#1602,#1603,#1604,#1605,#1606,#1607,#1608
      ,#1609,#1610,#1611,#1612,#1613,#1614,#1615,#1616,#1617,#1618,#1619
      ,#1620,#1621,#1622,#1623,#1624,#1625,#1626,#1627,#1628,#1629,#1630
      ,#1631)
    ,(#1632,#1633,#1634,#1635,#1636,#1637,#1638,#1639,#1640,#1641,#1642
      ,#1643,#1644,#1645,#1646,#1647,#1648,#1649,#1650,#1651,#1652,#1653
      ,#1654,#1655,#1656,#1657,#1658,#1659,#1660,#1661,#1662,#1663,#1664
      ,#1665,#1666,#1667,#1668,#1669,#1670,#1671,#1672,#1673,#1674,#1675
,#1676
    )),.UNSPECIFIED.,.F.,.F.,.F.) B_SPLINE_SURFACE_WITH_KNOTS((2,2),(4,1
    ,1,1,1,1,1,1,1,1,1,1,1,1,1,1,1,1,1,1,1,1,1,1,1,1,1,1,1,1,1,1,1,1,1,1
    ,1,1,1,1,1,1,4),(3.,4.),(0.,2.367208350872E-02,4.740980147591E-02,
    7.134334288179E-02,9.527688428768E-02,0.119185059348,0.142857142857,
    0.166529226366,0.190437401427,0.214370942832,0.238304484238,
    0.262042202206,0.285714285714,0.309386369223,0.33312408719,
    0.357057628596,0.380991170002,0.404899345063,0.428571428571,
    0.45224351208,0.476151687141,0.500085228547,0.524018769953,
    0.54775648792,0.571428571429,0.595100654937,0.618838372904,
    0.64277191431,0.666705455716,0.690613630777,0.714285714286,
    0.737957797794,0.761865972855,0.785799514261,0.809733055667,
    0.833470773634,0.857142857143,0.880814940652,0.904552658619,
    0.928486200025,0.952419741431,0.976327916491,1.),.UNSPECIFIED.) 
GEOMETRIC_REPRESENTATION_ITEM() RATIONAL_B_SPLINE_SURFACE((
    (1.,1.000000000024,0.999999999989,1.000000000003,0.999999999999,1.
      ,1.,1.,1.,1.,1.,1.,1.,1.,1.,1.,1.,1.,1.,1.,1.,1.,1.,1.,1.,1.,1.,1.
      ,1.,1.,1.,1.,1.,1.,1.,1.,1.,1.,1.,1.,1.000000000002,0.999999999993
      ,1.000000000024,0.999999999948,1.)
    ,(1.,1.000000000024,0.999999999989,1.000000000003,0.999999999999,1.
      ,1.,1.,1.,1.,1.,1.,1.,1.,1.,1.,1.,1.,1.,1.,1.,1.,1.,1.,1.,1.,1.,1.
      ,1.,1.,1.,1.,1.,1.,1.,1.,1.,1.,1.,1.,1.000000000002,0.999999999993
,1.000000000024,0.999999999948,1.
  ))) REPRESENTATION_ITEM('') SURFACE() );
#1587 = CARTESIAN_POINT('',(3.141190410538,1.301123670041,-1.));
#1588 = CARTESIAN_POINT('',(3.25911611108,1.349970094603,-0.945915960696
    ));
#1589 = CARTESIAN_POINT('',(3.099801645257,1.283979882111,
    -0.832465754706));
#1590 = CARTESIAN_POINT('',(3.108552592387,1.287604643122,
    -0.666031992455));
#1591 = CARTESIAN_POINT('',(3.315197180511,1.373199634107,
    -0.500065658372));
#1592 = CARTESIAN_POINT('',(3.562832992444,1.475773745941,
    -0.333310426054));
#1593 = CARTESIAN_POINT('',(3.809811568733,1.578075621855,
    -0.167651462254));
#1594 = CARTESIAN_POINT('',(4.016425536056,1.663657929296,
    -9.481367651137E-07));
#1595 = CARTESIAN_POINT('',(3.959705680606,1.640163795913,0.167655273713
    ));
#1596 = CARTESIAN_POINT('',(3.980430810443,1.648748425773,0.333296937213
    ));
#1597 = CARTESIAN_POINT('',(3.665152816649,1.518156004826,0.500115802373
    ));
#1598 = CARTESIAN_POINT('',(3.460212132006,1.433266793765,0.665845574726
    ));
#1599 = CARTESIAN_POINT('',(3.15391915486,1.306396088571,0.833154316416)
  );
#1600 = CARTESIAN_POINT('',(3.134660437374,1.298418866595,0.999999999649
    ));
#1601 = CARTESIAN_POINT('',(3.154617769567,1.306685464258,1.16684568499)
  );
#1602 = CARTESIAN_POINT('',(3.093712314986,1.281457598948,1.334154420322
    ));
#1603 = CARTESIAN_POINT('',(3.319187654932,1.374852542734,1.499884216189
    ));
#1604 = CARTESIAN_POINT('',(3.561764657991,1.475331227321,1.666702993586
    ));
#1605 = CARTESIAN_POINT('',(3.81009454903,1.578192836132,1.832344983153)
  );
#1606 = CARTESIAN_POINT('',(4.016350055122,1.66362666407,2.));
#1607 = CARTESIAN_POINT('',(3.959726129652,1.640172266185,2.167655016847
    ));
#1608 = CARTESIAN_POINT('',(3.980425301566,1.648746143921,2.333297006412
    ));
#1609 = CARTESIAN_POINT('',(3.665154293824,1.518156616692,2.500115783817
    ));
#1610 = CARTESIAN_POINT('',(3.460211739766,1.433266631294,2.665845579653
    ));
#1611 = CARTESIAN_POINT('',(3.15391925927,1.306396131819,2.833154315104)
  );
#1612 = CARTESIAN_POINT('',(3.13466040944,1.298418855024,3.));
#1613 = CARTESIAN_POINT('',(3.154617777044,1.306685467355,3.166845684896
    ));
#1614 = CARTESIAN_POINT('',(3.093712313067,1.281457598153,3.334154420345
    ));
#1615 = CARTESIAN_POINT('',(3.31918765505,1.374852542783,3.49988421619)
  );
#1616 = CARTESIAN_POINT('',(3.561764659441,1.475331227921,3.666702993561
    ));
#1617 = CARTESIAN_POINT('',(3.810094543146,1.578192833695,3.832344983253
    ));
#1618 = CARTESIAN_POINT('',(4.016350076975,1.663626673121,3.999999999629
    ));
#1619 = CARTESIAN_POINT('',(3.95972604769,1.640172232235,4.167655018238)
  );
#1620 = CARTESIAN_POINT('',(3.980425611003,1.648746272095,4.333297001163
    ));
#1621 = CARTESIAN_POINT('',(3.665153138,1.518156137934,4.500115803424));
#1622 = CARTESIAN_POINT('',(3.460216038189,1.433268411759,4.665845506737
    ));
#1623 = CARTESIAN_POINT('',(3.153903382015,1.306389555245,4.833154584436
    ));
#1624 = CARTESIAN_POINT('',(3.134719497927,1.298443330276,4.999998997659
    ));
#1625 = CARTESIAN_POINT('',(3.154396972688,1.306594007201,5.166849430487
    ));
#1626 = CARTESIAN_POINT('',(3.094541799617,1.281801182713,5.334140349441
    ));
#1627 = CARTESIAN_POINT('',(3.31606381358,1.373558605352,5.499937207133)
  );
#1628 = CARTESIAN_POINT('',(3.573414506067,1.480156752125,5.666505372662
    ));
#1629 = CARTESIAN_POINT('',(3.766850117838,1.560280407233,5.833078555327
    ));
#1630 = CARTESIAN_POINT('',(4.040050355219,1.673443647674,5.942735729628
    ));
#1631 = CARTESIAN_POINT('',(3.972681989799,1.64553875917,6.));
#1632 = CARTESIAN_POINT('',(2.944486372867,1.7,-1.));
#1633 = CARTESIAN_POINT('',(2.914555337545,1.682719308727,
    -0.945915960696));
#1634 = CARTESIAN_POINT('',(2.96508260241,1.711891238658,-0.832465754706
    ));
#1635 = CARTESIAN_POINT('',(2.917220726693,1.684258171845,
    -0.666031992455));
#1636 = CARTESIAN_POINT('',(3.033559691667,1.751426504586,
    -0.500065658372));
#1637 = CARTESIAN_POINT('',(3.293444070425,1.901470820621,
    -0.333310426054));
#1638 = CARTESIAN_POINT('',(3.491637497168,2.015897848903,
    -0.167651462254));
#1639 = CARTESIAN_POINT('',(3.789897435098,2.188098304355,
    -9.481367651137E-07));
#1640 = CARTESIAN_POINT('',(3.690911924476,2.130948993151,0.167655273713
    ));
#1641 = CARTESIAN_POINT('',(3.789936792757,2.18812102751,0.333296937213)
  );
#1642 = CARTESIAN_POINT('',(3.492878839925,2.016614538477,0.500115802373
    ));
#1643 = CARTESIAN_POINT('',(3.294698139528,1.902194857755,0.665845574726
    ));
#1644 = CARTESIAN_POINT('',(3.033174891117,1.751204339886,0.833154316416
    ));
#1645 = CARTESIAN_POINT('',(2.919207497194,1.685405234325,0.999999999649
    ));
#1646 = CARTESIAN_POINT('',(2.957053536379,1.707255655236,1.16684568499)
  );
#1647 = CARTESIAN_POINT('',(2.919394422274,1.68551315557,1.334154420322)
  );
#1648 = CARTESIAN_POINT('',(3.032975196083,1.751089045904,1.499884216189
    ));
#1649 = CARTESIAN_POINT('',(3.293600552262,1.901561165452,1.666702993586
    ));
#1650 = CARTESIAN_POINT('',(3.491596048279,2.015873918375,1.832344983153
    ));
#1651 = CARTESIAN_POINT('',(3.789908490994,2.18810468748,2.));
#1652 = CARTESIAN_POINT('',(3.690908929249,2.130947263856,2.167655016847
    ));
#1653 = CARTESIAN_POINT('',(3.789937599657,2.188121493374,2.333297006412
    ));
#1654 = CARTESIAN_POINT('',(3.492878623559,2.016614413559,2.500115783817
    ));
#1655 = CARTESIAN_POINT('',(3.294698196981,1.902194890925,2.665845579653
    ));
#1656 = CARTESIAN_POINT('',(3.033174875825,1.751204331057,2.833154315104
    ));
#1657 = CARTESIAN_POINT('',(2.919207501281,1.685405236685,3.));
#1658 = CARTESIAN_POINT('',(2.957053535299,1.707255654613,3.166845684896
    ));
#1659 = CARTESIAN_POINT('',(2.919394422495,1.685513155698,3.334154420345
    ));
#1660 = CARTESIAN_POINT('',(3.032975196289,1.751089046023,3.49988421619)
  );
#1661 = CARTESIAN_POINT('',(3.293600551215,1.901561164847,3.666702993561
    ));
#1662 = CARTESIAN_POINT('',(3.491596052241,2.015873920663,3.832344983253
    ));
#1663 = CARTESIAN_POINT('',(3.789908476348,2.188104679024,3.999999999629
    ));
#1664 = CARTESIAN_POINT('',(3.690908984164,2.130947295562,4.167655018238
    ));
#1665 = CARTESIAN_POINT('',(3.789937392333,2.188121373675,4.333297001163
    ));
#1666 = CARTESIAN_POINT('',(3.49287939796,2.016614860659,4.500115803424)
  );
#1667 = CARTESIAN_POINT('',(3.294695317041,1.902193228192,4.665845506737
    ));
#1668 = CARTESIAN_POINT('',(3.033185513572,1.751210472763,4.833154584436
    ));
#1669 = CARTESIAN_POINT('',(2.919167912047,1.68538237983,4.999998997659)
  );
#1670 = CARTESIAN_POINT('',(2.957201474024,1.707341067074,5.166849430487
    ));
#1671 = CARTESIAN_POINT('',(2.918838667236,1.685192290255,5.334140349441
    ));
#1672 = CARTESIAN_POINT('',(3.035068167329,1.752297423397,5.499937207133
    ));
#1673 = CARTESIAN_POINT('',(3.285795164217,1.897054722633,5.666505372662
    ));
#1674 = CARTESIAN_POINT('',(3.520569779171,2.032601909442,5.833078555327
    ));
#1675 = CARTESIAN_POINT('',(3.62901027241,2.095210058228,5.942735729628)
  );
#1676 = CARTESIAN_POINT('',(3.723909236273,2.15,6.));
#1677 = ADVANCED_FACE('',(#1678),#1731,.F.);
#1678 = FACE_BOUND('',#1679,.F.);
#1679 = EDGE_LOOP('',(#1680,#1681,#1682,#1730));
#1680 = ORIENTED_EDGE('',*,*,#1538,.F.);
#1681 = ORIENTED_EDGE('',*,*,#602,.F.);
#1682 = ORIENTED_EDGE('',*,*,#1683,.T.);
#1683 = EDGE_CURVE('',#593,#1108,#1684,.T.);
#1684 = ( BOUNDED_CURVE() B_SPLINE_CURVE(3,(#1685,#1686,#1687,#1688,
    #1689,#1690,#1691,#1692,#1693,#1694,#1695,#1696,#1697,#1698,#1699,
    #1700,#1701,#1702,#1703,#1704,#1705,#1706,#1707,#1708,#1709,#1710,
    #1711,#1712,#1713,#1714,#1715,#1716,#1717,#1718,#1719,#1720,#1721,
    #1722,#1723,#1724,#1725,#1726,#1727,#1728,#1729),.UNSPECIFIED.,.F.,
.F.) B_SPLINE_CURVE_WITH_KNOTS((4,1,1,1,1,1,1,1,1,1,1,1,1,1,1,1,1,1,1,1,
    1,1,1,1,1,1,1,1,1,1,1,1,1,1,1,1,1,1,1,1,1,1,4),(0.,
    2.367208350872E-02,4.740980147591E-02,7.134334288179E-02,
    9.527688428768E-02,0.119185059348,0.142857142857,0.166529226366,
    0.190437401427,0.214370942832,0.238304484238,0.262042202206,
    0.285714285714,0.309386369223,0.33312408719,0.357057628596,
    0.380991170002,0.404899345063,0.428571428571,0.45224351208,
    0.476151687141,0.500085228547,0.524018769953,0.54775648792,
    0.571428571429,0.595100654937,0.618838372904,0.64277191431,
    0.666705455716,0.690613630777,0.714285714286,0.737957797794,
    0.761865972855,0.785799514261,0.809733055667,0.833470773634,
    0.857142857143,0.880814940652,0.904552658619,0.928486200025,
0.952419741431,0.976327916491,1.),.UNSPECIFIED.) CURVE() 
GEOMETRIC_REPRESENTATION_ITEM() RATIONAL_B_SPLINE_CURVE((1.,
    1.000000000024,0.999999999989,1.000000000003,0.999999999999,1.,1.,1.
    ,1.,1.,1.,1.,1.,1.,1.,1.,1.,1.,1.,1.,1.,1.,1.,1.,1.,1.,1.,1.,1.,1.,
    1.,1.,1.,1.,1.,1.,1.,1.,1.,1.,1.000000000002,0.999999999993,
1.000000000024,0.999999999948,1.)) REPRESENTATION_ITEM('') );
#1685 = CARTESIAN_POINT('',(2.69740135699,2.06978885863,-1.));
#1686 = CARTESIAN_POINT('',(2.559916754188,1.964293212666,
    -0.945915960696));
#1687 = CARTESIAN_POINT('',(2.76212879817,2.119455971018,-0.832465754706
    ));
#1688 = CARTESIAN_POINT('',(2.677417511245,2.054454714491,
    -0.666031992455));
#1689 = CARTESIAN_POINT('',(2.712047008818,2.081026862527,
    -0.500065658372));
#1690 = CARTESIAN_POINT('',(2.969249012271,2.278384901147,
    -0.333310426054));
#1691 = CARTESIAN_POINT('',(3.146455004587,2.414359841481,
    -0.167651462254));
#1692 = CARTESIAN_POINT('',(3.418060022042,2.622769701445,
    -9.481367651137E-07));
#1693 = CARTESIAN_POINT('',(3.400508891239,2.60930224511,0.167655273713)
  );
#1694 = CARTESIAN_POINT('',(3.448790435564,2.646349977092,0.333296937213
    ));
#1695 = CARTESIAN_POINT('',(3.272847310713,2.511344069045,0.500115802373
    ));
#1696 = CARTESIAN_POINT('',(3.059618143495,2.347727574414,0.665845574726
    ));
#1697 = CARTESIAN_POINT('',(2.850429539481,2.187211512976,0.833154316416
    ));
#1698 = CARTESIAN_POINT('',(2.656274865813,2.038231392028,0.999999999649
    ));
#1699 = CARTESIAN_POINT('',(2.709107198136,2.078771066458,1.16684568499)
  );
#1700 = CARTESIAN_POINT('',(2.691771960098,2.065469270469,1.334154420322
    ));
#1701 = CARTESIAN_POINT('',(2.708187171199,2.07806510496,1.499884216189)
  );
#1702 = CARTESIAN_POINT('',(2.970282372487,2.279177826327,1.666702993586
    ));
#1703 = CARTESIAN_POINT('',(3.146181288262,2.414149811558,1.832344983153
    ));
#1704 = CARTESIAN_POINT('',(3.418133031945,2.622825723914,2.));
#1705 = CARTESIAN_POINT('',(3.400489111637,2.609287067688,2.167655016847
    ));
#1706 = CARTESIAN_POINT('',(3.448795764097,2.646354065819,2.333297006412
    ));
#1707 = CARTESIAN_POINT('',(3.272845881897,2.511342972676,2.500115783817
    ));
#1708 = CARTESIAN_POINT('',(3.059618522893,2.347727865536,2.665845579653
    ));
#1709 = CARTESIAN_POINT('',(2.850429438491,2.187211435484,2.833154315104
    ));
#1710 = CARTESIAN_POINT('',(2.656274892826,2.038231412756,3.));
#1711 = CARTESIAN_POINT('',(2.709107190924,2.078771060924,3.166845684896
    ));
#1712 = CARTESIAN_POINT('',(2.691771961875,2.065469271832,3.334154420345
    ));
#1713 = CARTESIAN_POINT('',(2.708187171383,2.0780651051,3.49988421619));
#1714 = CARTESIAN_POINT('',(2.970282369972,2.279177824398,3.666702993561
    ));
#1715 = CARTESIAN_POINT('',(3.146181298084,2.414149819094,3.832344983253
    ));
#1716 = CARTESIAN_POINT('',(3.418132995563,2.622825695997,3.999999999629
    ));
#1717 = CARTESIAN_POINT('',(3.400489248067,2.609287172374,4.167655018238
    ));
#1718 = CARTESIAN_POINT('',(3.448795249022,2.646353670588,4.333297001163
    ));
#1719 = CARTESIAN_POINT('',(3.272847805821,2.511344448954,4.500115803424
    ));
#1720 = CARTESIAN_POINT('',(3.059611367963,2.347722375365,4.665845506737
    ));
#1721 = CARTESIAN_POINT('',(2.850455866944,2.187231714749,4.833154584436
    ));
#1722 = CARTESIAN_POINT('',(2.656176537206,2.038155941834,4.999998997659
    ));
#1723 = CARTESIAN_POINT('',(2.709474730362,2.079053083856,5.166849430487
    ));
#1724 = CARTESIAN_POINT('',(2.690391241741,2.064409808002,5.334140349441
    ));
#1725 = CARTESIAN_POINT('',(2.713386955293,2.082055039654,5.499937207133
    ));
#1726 = CARTESIAN_POINT('',(2.950890641677,2.264298027828,5.666505372662
    ));
#1727 = CARTESIAN_POINT('',(3.218163717473,2.469383872541,5.833078555327
    ));
#1728 = CARTESIAN_POINT('',(3.174270999587,2.435703804312,5.942735729628
    ));
#1729 = CARTESIAN_POINT('',(3.370027015063,2.585912678876,6.));
#1730 = ORIENTED_EDGE('',*,*,#1117,.T.);
#1731 = ( BOUNDED_SURFACE() B_SPLINE_SURFACE(1,3,(
    (#1732,#1733,#1734,#1735,#1736,#1737,#1738,#1739,#1740,#1741,#1742
      ,#1743,#1744,#1745,#1746,#1747,#1748,#1749,#1750,#1751,#1752,#1753
      ,#1754,#1755,#1756,#1757,#1758,#1759,#1760,#1761,#1762,#1763,#1764
      ,#1765,#1766,#1767,#1768,#1769,#1770,#1771,#1772,#1773,#1774,#1775
      ,#1776)
    ,(#1777,#1778,#1779,#1780,#1781,#1782,#1783,#1784,#1785,#1786,#1787
      ,#1788,#1789,#1790,#1791,#1792,#1793,#1794,#1795,#1796,#1797,#1798
      ,#1799,#1800,#1801,#1802,#1803,#1804,#1805,#1806,#1807,#1808,#1809
      ,#1810,#1811,#1812,#1813,#1814,#1815,#1816,#1817,#1818,#1819,#1820
,#1821
    )),.UNSPECIFIED.,.F.,.F.,.F.) B_SPLINE_SURFACE_WITH_KNOTS((2,2),(4,1
    ,1,1,1,1,1,1,1,1,1,1,1,1,1,1,1,1,1,1,1,1,1,1,1,1,1,1,1,1,1,1,1,1,1,1
    ,1,1,1,1,1,1,4),(4.,5.),(0.,2.367208350872E-02,4.740980147591E-02,
    7.134334288179E-02,9.527688428768E-02,0.119185059348,0.142857142857,
    0.166529226366,0.190437401427,0.214370942832,0.238304484238,
    0.262042202206,0.285714285714,0.309386369223,0.33312408719,
    0.357057628596,0.380991170002,0.404899345063,0.428571428571,
    0.45224351208,0.476151687141,0.500085228547,0.524018769953,
    0.54775648792,0.571428571429,0.595100654937,0.618838372904,
    0.64277191431,0.666705455716,0.690613630777,0.714285714286,
    0.737957797794,0.761865972855,0.785799514261,0.809733055667,
    0.833470773634,0.857142857143,0.880814940652,0.904552658619,
    0.928486200025,0.952419741431,0.976327916491,1.),.UNSPECIFIED.) 
GEOMETRIC_REPRESENTATION_ITEM() RATIONAL_B_SPLINE_SURFACE((
    (1.,1.000000000024,0.999999999989,1.000000000003,0.999999999999,1.
      ,1.,1.,1.,1.,1.,1.,1.,1.,1.,1.,1.,1.,1.,1.,1.,1.,1.,1.,1.,1.,1.,1.
      ,1.,1.,1.,1.,1.,1.,1.,1.,1.,1.,1.,1.,1.000000000002,0.999999999993
      ,1.000000000024,0.999999999948,1.)
    ,(1.,1.000000000024,0.999999999989,1.000000000003,0.999999999999,1.
      ,1.,1.,1.,1.,1.,1.,1.,1.,1.,1.,1.,1.,1.,1.,1.,1.,1.,1.,1.,1.,1.,1.
      ,1.,1.,1.,1.,1.,1.,1.,1.,1.,1.,1.,1.,1.000000000002,0.999999999993
,1.000000000024,0.999999999948,1.
  ))) REPRESENTATION_ITEM('') SURFACE() );
#1732 = CARTESIAN_POINT('',(2.944486372867,1.7,-1.));
#1733 = CARTESIAN_POINT('',(2.914555337545,1.682719308727,
    -0.945915960696));
#1734 = CARTESIAN_POINT('',(2.96508260241,1.711891238658,-0.832465754706
    ));
#1735 = CARTESIAN_POINT('',(2.917220726693,1.684258171845,
    -0.666031992455));
#1736 = CARTESIAN_POINT('',(3.033559691667,1.751426504586,
    -0.500065658372));
#1737 = CARTESIAN_POINT('',(3.293444070425,1.901470820621,
    -0.333310426054));
#1738 = CARTESIAN_POINT('',(3.491637497168,2.015897848903,
    -0.167651462254));
#1739 = CARTESIAN_POINT('',(3.789897435098,2.188098304355,
    -9.481367651137E-07));
#1740 = CARTESIAN_POINT('',(3.690911924476,2.130948993151,0.167655273713
    ));
#1741 = CARTESIAN_POINT('',(3.789936792757,2.18812102751,0.333296937213)
  );
#1742 = CARTESIAN_POINT('',(3.492878839925,2.016614538477,0.500115802373
    ));
#1743 = CARTESIAN_POINT('',(3.294698139528,1.902194857755,0.665845574726
    ));
#1744 = CARTESIAN_POINT('',(3.033174891117,1.751204339886,0.833154316416
    ));
#1745 = CARTESIAN_POINT('',(2.919207497194,1.685405234325,0.999999999649
    ));
#1746 = CARTESIAN_POINT('',(2.957053536379,1.707255655236,1.16684568499)
  );
#1747 = CARTESIAN_POINT('',(2.919394422274,1.68551315557,1.334154420322)
  );
#1748 = CARTESIAN_POINT('',(3.032975196083,1.751089045904,1.499884216189
    ));
#1749 = CARTESIAN_POINT('',(3.293600552262,1.901561165452,1.666702993586
    ));
#1750 = CARTESIAN_POINT('',(3.491596048279,2.015873918375,1.832344983153
    ));
#1751 = CARTESIAN_POINT('',(3.789908490994,2.18810468748,2.));
#1752 = CARTESIAN_POINT('',(3.690908929249,2.130947263856,2.167655016847
    ));
#1753 = CARTESIAN_POINT('',(3.789937599657,2.188121493374,2.333297006412
    ));
#1754 = CARTESIAN_POINT('',(3.492878623559,2.016614413559,2.500115783817
    ));
#1755 = CARTESIAN_POINT('',(3.294698196981,1.902194890925,2.665845579653
    ));
#1756 = CARTESIAN_POINT('',(3.033174875825,1.751204331057,2.833154315104
    ));
#1757 = CARTESIAN_POINT('',(2.919207501281,1.685405236685,3.));
#1758 = CARTESIAN_POINT('',(2.957053535299,1.707255654613,3.166845684896
    ));
#1759 = CARTESIAN_POINT('',(2.919394422495,1.685513155698,3.334154420345
    ));
#1760 = CARTESIAN_POINT('',(3.032975196289,1.751089046023,3.49988421619)
  );
#1761 = CARTESIAN_POINT('',(3.293600551215,1.901561164847,3.666702993561
    ));
#1762 = CARTESIAN_POINT('',(3.491596052241,2.015873920663,3.832344983253
    ));
#1763 = CARTESIAN_POINT('',(3.789908476348,2.188104679024,3.999999999629
    ));
#1764 = CARTESIAN_POINT('',(3.690908984164,2.130947295562,4.167655018238
    ));
#1765 = CARTESIAN_POINT('',(3.789937392333,2.188121373675,4.333297001163
    ));
#1766 = CARTESIAN_POINT('',(3.49287939796,2.016614860659,4.500115803424)
  );
#1767 = CARTESIAN_POINT('',(3.294695317041,1.902193228192,4.665845506737
    ));
#1768 = CARTESIAN_POINT('',(3.033185513572,1.751210472763,4.833154584436
    ));
#1769 = CARTESIAN_POINT('',(2.919167912047,1.68538237983,4.999998997659)
  );
#1770 = CARTESIAN_POINT('',(2.957201474024,1.707341067074,5.166849430487
    ));
#1771 = CARTESIAN_POINT('',(2.918838667236,1.685192290255,5.334140349441
    ));
#1772 = CARTESIAN_POINT('',(3.035068167329,1.752297423397,5.499937207133
    ));
#1773 = CARTESIAN_POINT('',(3.285795164217,1.897054722633,5.666505372662
    ));
#1774 = CARTESIAN_POINT('',(3.520569779171,2.032601909442,5.833078555327
    ));
#1775 = CARTESIAN_POINT('',(3.62901027241,2.095210058228,5.942735729628)
  );
#1776 = CARTESIAN_POINT('',(3.723909236273,2.15,6.));
#1777 = CARTESIAN_POINT('',(2.69740135699,2.06978885863,-1.));
#1778 = CARTESIAN_POINT('',(2.559916754188,1.964293212666,
    -0.945915960696));
#1779 = CARTESIAN_POINT('',(2.76212879817,2.119455971018,-0.832465754706
    ));
#1780 = CARTESIAN_POINT('',(2.677417511245,2.054454714491,
    -0.666031992455));
#1781 = CARTESIAN_POINT('',(2.712047008818,2.081026862527,
    -0.500065658372));
#1782 = CARTESIAN_POINT('',(2.969249012271,2.278384901147,
    -0.333310426054));
#1783 = CARTESIAN_POINT('',(3.146455004587,2.414359841481,
    -0.167651462254));
#1784 = CARTESIAN_POINT('',(3.418060022042,2.622769701445,
    -9.481367651137E-07));
#1785 = CARTESIAN_POINT('',(3.400508891239,2.60930224511,0.167655273713)
  );
#1786 = CARTESIAN_POINT('',(3.448790435564,2.646349977092,0.333296937213
    ));
#1787 = CARTESIAN_POINT('',(3.272847310713,2.511344069045,0.500115802373
    ));
#1788 = CARTESIAN_POINT('',(3.059618143495,2.347727574414,0.665845574726
    ));
#1789 = CARTESIAN_POINT('',(2.850429539481,2.187211512976,0.833154316416
    ));
#1790 = CARTESIAN_POINT('',(2.656274865813,2.038231392028,0.999999999649
    ));
#1791 = CARTESIAN_POINT('',(2.709107198136,2.078771066458,1.16684568499)
  );
#1792 = CARTESIAN_POINT('',(2.691771960098,2.065469270469,1.334154420322
    ));
#1793 = CARTESIAN_POINT('',(2.708187171199,2.07806510496,1.499884216189)
  );
#1794 = CARTESIAN_POINT('',(2.970282372487,2.279177826327,1.666702993586
    ));
#1795 = CARTESIAN_POINT('',(3.146181288262,2.414149811558,1.832344983153
    ));
#1796 = CARTESIAN_POINT('',(3.418133031945,2.622825723914,2.));
#1797 = CARTESIAN_POINT('',(3.400489111637,2.609287067688,2.167655016847
    ));
#1798 = CARTESIAN_POINT('',(3.448795764097,2.646354065819,2.333297006412
    ));
#1799 = CARTESIAN_POINT('',(3.272845881897,2.511342972676,2.500115783817
    ));
#1800 = CARTESIAN_POINT('',(3.059618522893,2.347727865536,2.665845579653
    ));
#1801 = CARTESIAN_POINT('',(2.850429438491,2.187211435484,2.833154315104
    ));
#1802 = CARTESIAN_POINT('',(2.656274892826,2.038231412756,3.));
#1803 = CARTESIAN_POINT('',(2.709107190924,2.078771060924,3.166845684896
    ));
#1804 = CARTESIAN_POINT('',(2.691771961875,2.065469271832,3.334154420345
    ));
#1805 = CARTESIAN_POINT('',(2.708187171383,2.0780651051,3.49988421619));
#1806 = CARTESIAN_POINT('',(2.970282369972,2.279177824398,3.666702993561
    ));
#1807 = CARTESIAN_POINT('',(3.146181298084,2.414149819094,3.832344983253
    ));
#1808 = CARTESIAN_POINT('',(3.418132995563,2.622825695997,3.999999999629
    ));
#1809 = CARTESIAN_POINT('',(3.400489248067,2.609287172374,4.167655018238
    ));
#1810 = CARTESIAN_POINT('',(3.448795249022,2.646353670588,4.333297001163
    ));
#1811 = CARTESIAN_POINT('',(3.272847805821,2.511344448954,4.500115803424
    ));
#1812 = CARTESIAN_POINT('',(3.059611367963,2.347722375365,4.665845506737
    ));
#1813 = CARTESIAN_POINT('',(2.850455866944,2.187231714749,4.833154584436
    ));
#1814 = CARTESIAN_POINT('',(2.656176537206,2.038155941834,4.999998997659
    ));
#1815 = CARTESIAN_POINT('',(2.709474730362,2.079053083856,5.166849430487
    ));
#1816 = CARTESIAN_POINT('',(2.690391241741,2.064409808002,5.334140349441
    ));
#1817 = CARTESIAN_POINT('',(2.713386955293,2.082055039654,5.499937207133
    ));
#1818 = CARTESIAN_POINT('',(2.950890641677,2.264298027828,5.666505372662
    ));
#1819 = CARTESIAN_POINT('',(3.218163717473,2.469383872541,5.833078555327
    ));
#1820 = CARTESIAN_POINT('',(3.174270999587,2.435703804312,5.942735729628
    ));
#1821 = CARTESIAN_POINT('',(3.370027015063,2.585912678876,6.));
#1822 = ADVANCED_FACE('',(#1823),#1876,.F.);
#1823 = FACE_BOUND('',#1824,.F.);
#1824 = EDGE_LOOP('',(#1825,#1826,#1827,#1875));
#1825 = ORIENTED_EDGE('',*,*,#1683,.F.);
#1826 = ORIENTED_EDGE('',*,*,#592,.F.);
#1827 = ORIENTED_EDGE('',*,*,#1828,.T.);
#1828 = EDGE_CURVE('',#583,#1098,#1829,.T.);
#1829 = ( BOUNDED_CURVE() B_SPLINE_CURVE(3,(#1830,#1831,#1832,#1833,
    #1834,#1835,#1836,#1837,#1838,#1839,#1840,#1841,#1842,#1843,#1844,
    #1845,#1846,#1847,#1848,#1849,#1850,#1851,#1852,#1853,#1854,#1855,
    #1856,#1857,#1858,#1859,#1860,#1861,#1862,#1863,#1864,#1865,#1866,
    #1867,#1868,#1869,#1870,#1871,#1872,#1873,#1874),.UNSPECIFIED.,.F.,
.F.) B_SPLINE_CURVE_WITH_KNOTS((4,1,1,1,1,1,1,1,1,1,1,1,1,1,1,1,1,1,1,1,
    1,1,1,1,1,1,1,1,1,1,1,1,1,1,1,1,1,1,1,1,1,1,4),(0.,
    2.367208350872E-02,4.740980147591E-02,7.134334288179E-02,
    9.527688428768E-02,0.119185059348,0.142857142857,0.166529226366,
    0.190437401427,0.214370942832,0.238304484238,0.262042202206,
    0.285714285714,0.309386369223,0.33312408719,0.357057628596,
    0.380991170002,0.404899345063,0.428571428571,0.45224351208,
    0.476151687141,0.500085228547,0.524018769953,0.54775648792,
    0.571428571429,0.595100654937,0.618838372904,0.64277191431,
    0.666705455716,0.690613630777,0.714285714286,0.737957797794,
    0.761865972855,0.785799514261,0.809733055667,0.833470773634,
    0.857142857143,0.880814940652,0.904552658619,0.928486200025,
0.952419741431,0.976327916491,1.),.UNSPECIFIED.) CURVE() 
GEOMETRIC_REPRESENTATION_ITEM() RATIONAL_B_SPLINE_CURVE((1.,
    1.000000000024,0.999999999989,1.000000000003,0.999999999999,1.,1.,1.
    ,1.,1.,1.,1.,1.,1.,1.,1.,1.,1.,1.,1.,1.,1.,1.,1.,1.,1.,1.,1.,1.,1.,
    1.,1.,1.,1.,1.,1.,1.,1.,1.,1.,1.000000000002,0.999999999993,
1.000000000024,0.999999999948,1.)) REPRESENTATION_ITEM('') );
#1830 = CARTESIAN_POINT('',(2.404163056034,2.404163056034,-1.));
#1831 = CARTESIAN_POINT('',(2.187673513489,2.18767351349,-0.945915960696
    ));
#1832 = CARTESIAN_POINT('',(2.500821225206,2.500821225205,
    -0.832465754706));
#1833 = CARTESIAN_POINT('',(2.391241847159,2.391241847159,
    -0.666031992455));
#1834 = CARTESIAN_POINT('',(2.357713995154,2.357713995154,
    -0.500065658372));
#1835 = CARTESIAN_POINT('',(2.60270223495,2.60270223495,-0.333310426054)
  );
#1836 = CARTESIAN_POINT('',(2.762203634113,2.762203634113,
    -0.167651462254));
#1837 = CARTESIAN_POINT('',(2.982556689757,2.982556689757,
    -9.481367651137E-07));
#1838 = CARTESIAN_POINT('',(3.052376652443,3.052376652443,0.167655273713
    ));
#1839 = CARTESIAN_POINT('',(3.052099795564,3.052099795564,0.333296937213
    ));
#1840 = CARTESIAN_POINT('',(2.982491780249,2.982491780249,0.500115802373
    ));
#1841 = CARTESIAN_POINT('',(2.763812353811,2.763812353811,0.665845574726
    ));
#1842 = CARTESIAN_POINT('',(2.604557396848,2.604557396848,0.833154316416
    ));
#1843 = CARTESIAN_POINT('',(2.351480209193,2.351480209193,0.999999999649
    ));
#1844 = CARTESIAN_POINT('',(2.414792245025,2.414792245025,1.16684568499)
  );
#1845 = CARTESIAN_POINT('',(2.414532328682,2.414532328682,1.334154420322
    ));
#1846 = CARTESIAN_POINT('',(2.351451304218,2.351451304218,1.499884216189
    ));
#1847 = CARTESIAN_POINT('',(2.60437888985,2.60437888985,1.666702993586)
  );
#1848 = CARTESIAN_POINT('',(2.761759521972,2.761759521972,1.832344983153
    ));
#1849 = CARTESIAN_POINT('',(2.982675150299,2.982675150299,2.));
#1850 = CARTESIAN_POINT('',(3.052344559505,3.052344559505,2.167655016847
    ));
#1851 = CARTESIAN_POINT('',(3.052108441252,3.052108441252,2.333297006412
    ));
#1852 = CARTESIAN_POINT('',(2.982489461956,2.982489461956,2.500115783817
    ));
#1853 = CARTESIAN_POINT('',(2.763812969396,2.763812969396,2.665845579653
    ));
#1854 = CARTESIAN_POINT('',(2.604557232988,2.604557232988,2.833154315104
    ));
#1855 = CARTESIAN_POINT('',(2.351480253026,2.351480253026,3.));
#1856 = CARTESIAN_POINT('',(2.414792233313,2.414792233313,3.166845684896
    ));
#1857 = CARTESIAN_POINT('',(2.414532331606,2.414532331606,3.334154420345
    ));
#1858 = CARTESIAN_POINT('',(2.351451304358,2.351451304358,3.49988421619)
  );
#1859 = CARTESIAN_POINT('',(2.604378886357,2.604378886357,3.666702993561
    ));
#1860 = CARTESIAN_POINT('',(2.761759535731,2.761759535731,3.832344983253
    ));
#1861 = CARTESIAN_POINT('',(2.982675099304,2.982675099304,3.999999999629
    ));
#1862 = CARTESIAN_POINT('',(3.052344750742,3.052344750742,4.167655018238
    ));
#1863 = CARTESIAN_POINT('',(3.05210771926,3.05210771926,4.333297001163)
  );
#1864 = CARTESIAN_POINT('',(2.982492158767,2.982492158767,4.500115803424
    ));
#1865 = CARTESIAN_POINT('',(2.763802940157,2.763802940157,4.665845506737
    ));
#1866 = CARTESIAN_POINT('',(2.604594278388,2.604594278388,4.833154584436
    ));
#1867 = CARTESIAN_POINT('',(2.351342385581,2.35134238558,4.999998997659)
  );
#1868 = CARTESIAN_POINT('',(2.415307422209,2.415307422212,5.166849430487
    ));
#1869 = CARTESIAN_POINT('',(2.412596942886,2.412596942878,5.334140349441
    ));
#1870 = CARTESIAN_POINT('',(2.358739966899,2.358739966931,5.499937207133
    ));
#1871 = CARTESIAN_POINT('',(2.57719703302,2.577197032901,5.666505372662)
  );
#1872 = CARTESIAN_POINT('',(2.862659029422,2.862659029863,5.833078555327
    ));
#1873 = CARTESIAN_POINT('',(2.694099387312,2.694099386371,5.942735729628
    ));
#1874 = CARTESIAN_POINT('',(2.957550971745,2.957550971745,6.));
#1875 = ORIENTED_EDGE('',*,*,#1107,.T.);
#1876 = ( BOUNDED_SURFACE() B_SPLINE_SURFACE(1,3,(
    (#1877,#1878,#1879,#1880,#1881,#1882,#1883,#1884,#1885,#1886,#1887
      ,#1888,#1889,#1890,#1891,#1892,#1893,#1894,#1895,#1896,#1897,#1898
      ,#1899,#1900,#1901,#1902,#1903,#1904,#1905,#1906,#1907,#1908,#1909
      ,#1910,#1911,#1912,#1913,#1914,#1915,#1916,#1917,#1918,#1919,#1920
      ,#1921)
    ,(#1922,#1923,#1924,#1925,#1926,#1927,#1928,#1929,#1930,#1931,#1932
      ,#1933,#1934,#1935,#1936,#1937,#1938,#1939,#1940,#1941,#1942,#1943
      ,#1944,#1945,#1946,#1947,#1948,#1949,#1950,#1951,#1952,#1953,#1954
      ,#1955,#1956,#1957,#1958,#1959,#1960,#1961,#1962,#1963,#1964,#1965
,#1966
    )),.UNSPECIFIED.,.F.,.F.,.F.) B_SPLINE_SURFACE_WITH_KNOTS((2,2),(4,1
    ,1,1,1,1,1,1,1,1,1,1,1,1,1,1,1,1,1,1,1,1,1,1,1,1,1,1,1,1,1,1,1,1,1,1
    ,1,1,1,1,1,1,4),(5.,6.),(0.,2.367208350872E-02,4.740980147591E-02,
    7.134334288179E-02,9.527688428768E-02,0.119185059348,0.142857142857,
    0.166529226366,0.190437401427,0.214370942832,0.238304484238,
    0.262042202206,0.285714285714,0.309386369223,0.33312408719,
    0.357057628596,0.380991170002,0.404899345063,0.428571428571,
    0.45224351208,0.476151687141,0.500085228547,0.524018769953,
    0.54775648792,0.571428571429,0.595100654937,0.618838372904,
    0.64277191431,0.666705455716,0.690613630777,0.714285714286,
    0.737957797794,0.761865972855,0.785799514261,0.809733055667,
    0.833470773634,0.857142857143,0.880814940652,0.904552658619,
    0.928486200025,0.952419741431,0.976327916491,1.),.UNSPECIFIED.) 
GEOMETRIC_REPRESENTATION_ITEM() RATIONAL_B_SPLINE_SURFACE((
    (1.,1.000000000024,0.999999999989,1.000000000003,0.999999999999,1.
      ,1.,1.,1.,1.,1.,1.,1.,1.,1.,1.,1.,1.,1.,1.,1.,1.,1.,1.,1.,1.,1.,1.
      ,1.,1.,1.,1.,1.,1.,1.,1.,1.,1.,1.,1.,1.000000000002,0.999999999993
      ,1.000000000024,0.999999999948,1.)
    ,(1.,1.000000000024,0.999999999989,1.000000000003,0.999999999999,1.
      ,1.,1.,1.,1.,1.,1.,1.,1.,1.,1.,1.,1.,1.,1.,1.,1.,1.,1.,1.,1.,1.,1.
      ,1.,1.,1.,1.,1.,1.,1.,1.,1.,1.,1.,1.,1.000000000002,0.999999999993
,1.000000000024,0.999999999948,1.
  ))) REPRESENTATION_ITEM('') SURFACE() );
#1877 = CARTESIAN_POINT('',(2.69740135699,2.06978885863,-1.));
#1878 = CARTESIAN_POINT('',(2.559916754188,1.964293212666,
    -0.945915960696));
#1879 = CARTESIAN_POINT('',(2.76212879817,2.119455971018,-0.832465754706
    ));
#1880 = CARTESIAN_POINT('',(2.677417511245,2.054454714491,
    -0.666031992455));
#1881 = CARTESIAN_POINT('',(2.712047008818,2.081026862527,
    -0.500065658372));
#1882 = CARTESIAN_POINT('',(2.969249012271,2.278384901147,
    -0.333310426054));
#1883 = CARTESIAN_POINT('',(3.146455004587,2.414359841481,
    -0.167651462254));
#1884 = CARTESIAN_POINT('',(3.418060022042,2.622769701445,
    -9.481367651137E-07));
#1885 = CARTESIAN_POINT('',(3.400508891239,2.60930224511,0.167655273713)
  );
#1886 = CARTESIAN_POINT('',(3.448790435564,2.646349977092,0.333296937213
    ));
#1887 = CARTESIAN_POINT('',(3.272847310713,2.511344069045,0.500115802373
    ));
#1888 = CARTESIAN_POINT('',(3.059618143495,2.347727574414,0.665845574726
    ));
#1889 = CARTESIAN_POINT('',(2.850429539481,2.187211512976,0.833154316416
    ));
#1890 = CARTESIAN_POINT('',(2.656274865813,2.038231392028,0.999999999649
    ));
#1891 = CARTESIAN_POINT('',(2.709107198136,2.078771066458,1.16684568499)
  );
#1892 = CARTESIAN_POINT('',(2.691771960098,2.065469270469,1.334154420322
    ));
#1893 = CARTESIAN_POINT('',(2.708187171199,2.07806510496,1.499884216189)
  );
#1894 = CARTESIAN_POINT('',(2.970282372487,2.279177826327,1.666702993586
    ));
#1895 = CARTESIAN_POINT('',(3.146181288262,2.414149811558,1.832344983153
    ));
#1896 = CARTESIAN_POINT('',(3.418133031945,2.622825723914,2.));
#1897 = CARTESIAN_POINT('',(3.400489111637,2.609287067688,2.167655016847
    ));
#1898 = CARTESIAN_POINT('',(3.448795764097,2.646354065819,2.333297006412
    ));
#1899 = CARTESIAN_POINT('',(3.272845881897,2.511342972676,2.500115783817
    ));
#1900 = CARTESIAN_POINT('',(3.059618522893,2.347727865536,2.665845579653
    ));
#1901 = CARTESIAN_POINT('',(2.850429438491,2.187211435484,2.833154315104
    ));
#1902 = CARTESIAN_POINT('',(2.656274892826,2.038231412756,3.));
#1903 = CARTESIAN_POINT('',(2.709107190924,2.078771060924,3.166845684896
    ));
#1904 = CARTESIAN_POINT('',(2.691771961875,2.065469271832,3.334154420345
    ));
#1905 = CARTESIAN_POINT('',(2.708187171383,2.0780651051,3.49988421619));
#1906 = CARTESIAN_POINT('',(2.970282369972,2.279177824398,3.666702993561
    ));
#1907 = CARTESIAN_POINT('',(3.146181298084,2.414149819094,3.832344983253
    ));
#1908 = CARTESIAN_POINT('',(3.418132995563,2.622825695997,3.999999999629
    ));
#1909 = CARTESIAN_POINT('',(3.400489248067,2.609287172374,4.167655018238
    ));
#1910 = CARTESIAN_POINT('',(3.448795249022,2.646353670588,4.333297001163
    ));
#1911 = CARTESIAN_POINT('',(3.272847805821,2.511344448954,4.500115803424
    ));
#1912 = CARTESIAN_POINT('',(3.059611367963,2.347722375365,4.665845506737
    ));
#1913 = CARTESIAN_POINT('',(2.850455866944,2.187231714749,4.833154584436
    ));
#1914 = CARTESIAN_POINT('',(2.656176537206,2.038155941834,4.999998997659
    ));
#1915 = CARTESIAN_POINT('',(2.709474730362,2.079053083856,5.166849430487
    ));
#1916 = CARTESIAN_POINT('',(2.690391241741,2.064409808002,5.334140349441
    ));
#1917 = CARTESIAN_POINT('',(2.713386955293,2.082055039654,5.499937207133
    ));
#1918 = CARTESIAN_POINT('',(2.950890641677,2.264298027828,5.666505372662
    ));
#1919 = CARTESIAN_POINT('',(3.218163717473,2.469383872541,5.833078555327
    ));
#1920 = CARTESIAN_POINT('',(3.174270999587,2.435703804312,5.942735729628
    ));
#1921 = CARTESIAN_POINT('',(3.370027015063,2.585912678876,6.));
#1922 = CARTESIAN_POINT('',(2.404163056034,2.404163056034,-1.));
#1923 = CARTESIAN_POINT('',(2.187673513489,2.18767351349,-0.945915960696
    ));
#1924 = CARTESIAN_POINT('',(2.500821225206,2.500821225205,
    -0.832465754706));
#1925 = CARTESIAN_POINT('',(2.391241847159,2.391241847159,
    -0.666031992455));
#1926 = CARTESIAN_POINT('',(2.357713995154,2.357713995154,
    -0.500065658372));
#1927 = CARTESIAN_POINT('',(2.60270223495,2.60270223495,-0.333310426054)
  );
#1928 = CARTESIAN_POINT('',(2.762203634113,2.762203634113,
    -0.167651462254));
#1929 = CARTESIAN_POINT('',(2.982556689757,2.982556689757,
    -9.481367651137E-07));
#1930 = CARTESIAN_POINT('',(3.052376652443,3.052376652443,0.167655273713
    ));
#1931 = CARTESIAN_POINT('',(3.052099795564,3.052099795564,0.333296937213
    ));
#1932 = CARTESIAN_POINT('',(2.982491780249,2.982491780249,0.500115802373
    ));
#1933 = CARTESIAN_POINT('',(2.763812353811,2.763812353811,0.665845574726
    ));
#1934 = CARTESIAN_POINT('',(2.604557396848,2.604557396848,0.833154316416
    ));
#1935 = CARTESIAN_POINT('',(2.351480209193,2.351480209193,0.999999999649
    ));
#1936 = CARTESIAN_POINT('',(2.414792245025,2.414792245025,1.16684568499)
  );
#1937 = CARTESIAN_POINT('',(2.414532328682,2.414532328682,1.334154420322
    ));
#1938 = CARTESIAN_POINT('',(2.351451304218,2.351451304218,1.499884216189
    ));
#1939 = CARTESIAN_POINT('',(2.60437888985,2.60437888985,1.666702993586)
  );
#1940 = CARTESIAN_POINT('',(2.761759521972,2.761759521972,1.832344983153
    ));
#1941 = CARTESIAN_POINT('',(2.982675150299,2.982675150299,2.));
#1942 = CARTESIAN_POINT('',(3.052344559505,3.052344559505,2.167655016847
    ));
#1943 = CARTESIAN_POINT('',(3.052108441252,3.052108441252,2.333297006412
    ));
#1944 = CARTESIAN_POINT('',(2.982489461956,2.982489461956,2.500115783817
    ));
#1945 = CARTESIAN_POINT('',(2.763812969396,2.763812969396,2.665845579653
    ));
#1946 = CARTESIAN_POINT('',(2.604557232988,2.604557232988,2.833154315104
    ));
#1947 = CARTESIAN_POINT('',(2.351480253026,2.351480253026,3.));
#1948 = CARTESIAN_POINT('',(2.414792233313,2.414792233313,3.166845684896
    ));
#1949 = CARTESIAN_POINT('',(2.414532331606,2.414532331606,3.334154420345
    ));
#1950 = CARTESIAN_POINT('',(2.351451304358,2.351451304358,3.49988421619)
  );
#1951 = CARTESIAN_POINT('',(2.604378886357,2.604378886357,3.666702993561
    ));
#1952 = CARTESIAN_POINT('',(2.761759535731,2.761759535731,3.832344983253
    ));
#1953 = CARTESIAN_POINT('',(2.982675099304,2.982675099304,3.999999999629
    ));
#1954 = CARTESIAN_POINT('',(3.052344750742,3.052344750742,4.167655018238
    ));
#1955 = CARTESIAN_POINT('',(3.05210771926,3.05210771926,4.333297001163)
  );
#1956 = CARTESIAN_POINT('',(2.982492158767,2.982492158767,4.500115803424
    ));
#1957 = CARTESIAN_POINT('',(2.763802940157,2.763802940157,4.665845506737
    ));
#1958 = CARTESIAN_POINT('',(2.604594278388,2.604594278388,4.833154584436
    ));
#1959 = CARTESIAN_POINT('',(2.351342385581,2.35134238558,4.999998997659)
  );
#1960 = CARTESIAN_POINT('',(2.415307422209,2.415307422212,5.166849430487
    ));
#1961 = CARTESIAN_POINT('',(2.412596942886,2.412596942878,5.334140349441
    ));
#1962 = CARTESIAN_POINT('',(2.358739966899,2.358739966931,5.499937207133
    ));
#1963 = CARTESIAN_POINT('',(2.57719703302,2.577197032901,5.666505372662)
  );
#1964 = CARTESIAN_POINT('',(2.862659029422,2.862659029863,5.833078555327
    ));
#1965 = CARTESIAN_POINT('',(2.694099387312,2.694099386371,5.942735729628
    ));
#1966 = CARTESIAN_POINT('',(2.957550971745,2.957550971745,6.));
#1967 = ADVANCED_FACE('',(#1968),#2021,.F.);
#1968 = FACE_BOUND('',#1969,.F.);
#1969 = EDGE_LOOP('',(#1970,#1971,#1972,#2020));
#1970 = ORIENTED_EDGE('',*,*,#1828,.F.);
#1971 = ORIENTED_EDGE('',*,*,#582,.F.);
#1972 = ORIENTED_EDGE('',*,*,#1973,.T.);
#1973 = EDGE_CURVE('',#573,#1088,#1974,.T.);
#1974 = ( BOUNDED_CURVE() B_SPLINE_CURVE(3,(#1975,#1976,#1977,#1978,
    #1979,#1980,#1981,#1982,#1983,#1984,#1985,#1986,#1987,#1988,#1989,
    #1990,#1991,#1992,#1993,#1994,#1995,#1996,#1997,#1998,#1999,#2000,
    #2001,#2002,#2003,#2004,#2005,#2006,#2007,#2008,#2009,#2010,#2011,
    #2012,#2013,#2014,#2015,#2016,#2017,#2018,#2019),.UNSPECIFIED.,.F.,
.F.) B_SPLINE_CURVE_WITH_KNOTS((4,1,1,1,1,1,1,1,1,1,1,1,1,1,1,1,1,1,1,1,
    1,1,1,1,1,1,1,1,1,1,1,1,1,1,1,1,1,1,1,1,1,1,4),(0.,
    2.367208350872E-02,4.740980147591E-02,7.134334288179E-02,
    9.527688428768E-02,0.119185059348,0.142857142857,0.166529226366,
    0.190437401427,0.214370942832,0.238304484238,0.262042202206,
    0.285714285714,0.309386369223,0.33312408719,0.357057628596,
    0.380991170002,0.404899345063,0.428571428571,0.45224351208,
    0.476151687141,0.500085228547,0.524018769953,0.54775648792,
    0.571428571429,0.595100654937,0.618838372904,0.64277191431,
    0.666705455716,0.690613630777,0.714285714286,0.737957797794,
    0.761865972855,0.785799514261,0.809733055667,0.833470773634,
    0.857142857143,0.880814940652,0.904552658619,0.928486200025,
0.952419741431,0.976327916491,1.),.UNSPECIFIED.) CURVE() 
GEOMETRIC_REPRESENTATION_ITEM() RATIONAL_B_SPLINE_CURVE((1.,
    1.000000000024,0.999999999989,1.000000000003,0.999999999999,1.,1.,1.
    ,1.,1.,1.,1.,1.,1.,1.,1.,1.,1.,1.,1.,1.,1.,1.,1.,1.,1.,1.,1.,1.,1.,
    1.,1.,1.,1.,1.,1.,1.,1.,1.,1.,1.000000000002,0.999999999993,
1.000000000024,0.999999999948,1.)) REPRESENTATION_ITEM('') );
#1975 = CARTESIAN_POINT('',(2.109490690956,2.749141792227,-1.));
#1976 = CARTESIAN_POINT('',(1.968896741086,2.56591618951,-0.945915960696
    ));
#1977 = CARTESIAN_POINT('',(2.114351282519,2.755476238468,
    -0.832465754706));
#1978 = CARTESIAN_POINT('',(2.065471613505,2.691775013606,
    -0.666031992455));
#1979 = CARTESIAN_POINT('',(2.041753417909,2.660864859303,
    -0.500065658372));
#1980 = CARTESIAN_POINT('',(2.186131977239,2.849022661118,
    -0.333310426054));
#1981 = CARTESIAN_POINT('',(2.346179149323,3.057600196629,
    -0.167651462254));
#1982 = CARTESIAN_POINT('',(2.511537644264,3.273099582851,
    -9.481367651137E-07));
#1983 = CARTESIAN_POINT('',(2.646624053713,3.44914761917,0.167655273713)
  );
#1984 = CARTESIAN_POINT('',(2.609135404871,3.400291460807,0.333296937213
    ));
#1985 = CARTESIAN_POINT('',(2.622725687404,3.418002661828,0.500115802373
    ));
#1986 = CARTESIAN_POINT('',(2.416008049198,3.148602990704,0.665845574726
    ));
#1987 = CARTESIAN_POINT('',(2.279290881255,2.970429708537,0.833154316416
    ));
#1988 = CARTESIAN_POINT('',(2.078082413823,2.70820972855,0.999999999649)
  );
#1989 = CARTESIAN_POINT('',(2.065497777658,2.69180911139,1.16684568499)
  );
#1990 = CARTESIAN_POINT('',(2.078697640943,2.709011508142,1.334154420322
    ));
#1991 = CARTESIAN_POINT('',(2.038197007017,2.656230054394,1.499884216189
    ));
#1992 = CARTESIAN_POINT('',(2.187084103699,2.850263496478,1.666702993586
    ));
#1993 = CARTESIAN_POINT('',(2.345926950185,3.057271524313,1.832344983153
    ));
#1994 = CARTESIAN_POINT('',(2.511604914766,3.273187251475,2.));
#1995 = CARTESIAN_POINT('',(2.64660582901,3.449123868276,2.167655016847)
  );
#1996 = CARTESIAN_POINT('',(2.609140314521,3.400297859187,2.333297006412
    ));
#1997 = CARTESIAN_POINT('',(2.622724370909,3.418000946138,2.500115783817
    ));
#1998 = CARTESIAN_POINT('',(2.416008398772,3.148603446277,2.665845579653
    ));
#1999 = CARTESIAN_POINT('',(2.279290788203,2.970429587269,2.833154315104
    ));
#2000 = CARTESIAN_POINT('',(2.078082438716,2.70820976099,3.));
#2001 = CARTESIAN_POINT('',(2.065497771002,2.691809102717,3.166845684896
    ));
#2002 = CARTESIAN_POINT('',(2.07869764262,2.709011510327,3.334154420345)
  );
#2003 = CARTESIAN_POINT('',(2.038197007036,2.656230054419,3.49988421619)
  );
#2004 = CARTESIAN_POINT('',(2.18708410194,2.850263494185,3.666702993561)
  );
#2005 = CARTESIAN_POINT('',(2.345926957164,3.057271533408,3.832344983253
    ));
#2006 = CARTESIAN_POINT('',(2.511604888886,3.273187217749,3.999999999629
    ));
#2007 = CARTESIAN_POINT('',(2.646605926065,3.44912399476,4.167655018238)
  );
#2008 = CARTESIAN_POINT('',(2.609139948103,3.400297381662,4.333297001163
    ));
#2009 = CARTESIAN_POINT('',(2.622725739566,3.418002729806,4.500115803424
    ));
#2010 = CARTESIAN_POINT('',(2.41600330884,3.148596812948,4.665845506737)
  );
#2011 = CARTESIAN_POINT('',(2.279309589089,2.970454089061,4.833154584436
    ));
#2012 = CARTESIAN_POINT('',(2.078012469703,2.708118575596,4.999998997659
    ));
#2013 = CARTESIAN_POINT('',(2.065759234165,2.692149848153,5.166849430487
    ));
#2014 = CARTESIAN_POINT('',(2.077715414821,2.707731446107,5.334140349441
    ));
#2015 = CARTESIAN_POINT('',(2.041896071153,2.661050768746,5.499937207133
    ));
#2016 = CARTESIAN_POINT('',(2.173289058235,2.832285442783,5.666505372662
    ));
#2017 = CARTESIAN_POINT('',(2.397134389854,3.124006360554,5.833078555327
    ));
#2018 = CARTESIAN_POINT('',(2.347355443282,3.05913316938,5.942735729628)
  );
#2019 = CARTESIAN_POINT('',(2.506509014223,3.26654614459,6.));
#2020 = ORIENTED_EDGE('',*,*,#1097,.T.);
#2021 = ( BOUNDED_SURFACE() B_SPLINE_SURFACE(1,3,(
    (#2022,#2023,#2024,#2025,#2026,#2027,#2028,#2029,#2030,#2031,#2032
      ,#2033,#2034,#2035,#2036,#2037,#2038,#2039,#2040,#2041,#2042,#2043
      ,#2044,#2045,#2046,#2047,#2048,#2049,#2050,#2051,#2052,#2053,#2054
      ,#2055,#2056,#2057,#2058,#2059,#2060,#2061,#2062,#2063,#2064,#2065
      ,#2066)
    ,(#2067,#2068,#2069,#2070,#2071,#2072,#2073,#2074,#2075,#2076,#2077
      ,#2078,#2079,#2080,#2081,#2082,#2083,#2084,#2085,#2086,#2087,#2088
      ,#2089,#2090,#2091,#2092,#2093,#2094,#2095,#2096,#2097,#2098,#2099
      ,#2100,#2101,#2102,#2103,#2104,#2105,#2106,#2107,#2108,#2109,#2110
,#2111
    )),.UNSPECIFIED.,.F.,.F.,.F.) B_SPLINE_SURFACE_WITH_KNOTS((2,2),(4,1
    ,1,1,1,1,1,1,1,1,1,1,1,1,1,1,1,1,1,1,1,1,1,1,1,1,1,1,1,1,1,1,1,1,1,1
    ,1,1,1,1,1,1,4),(6.,7.),(0.,2.367208350872E-02,4.740980147591E-02,
    7.134334288179E-02,9.527688428768E-02,0.119185059348,0.142857142857,
    0.166529226366,0.190437401427,0.214370942832,0.238304484238,
    0.262042202206,0.285714285714,0.309386369223,0.33312408719,
    0.357057628596,0.380991170002,0.404899345063,0.428571428571,
    0.45224351208,0.476151687141,0.500085228547,0.524018769953,
    0.54775648792,0.571428571429,0.595100654937,0.618838372904,
    0.64277191431,0.666705455716,0.690613630777,0.714285714286,
    0.737957797794,0.761865972855,0.785799514261,0.809733055667,
    0.833470773634,0.857142857143,0.880814940652,0.904552658619,
    0.928486200025,0.952419741431,0.976327916491,1.),.UNSPECIFIED.) 
GEOMETRIC_REPRESENTATION_ITEM() RATIONAL_B_SPLINE_SURFACE((
    (1.,1.000000000024,0.999999999989,1.000000000003,0.999999999999,1.
      ,1.,1.,1.,1.,1.,1.,1.,1.,1.,1.,1.,1.,1.,1.,1.,1.,1.,1.,1.,1.,1.,1.
      ,1.,1.,1.,1.,1.,1.,1.,1.,1.,1.,1.,1.,1.000000000002,0.999999999993
      ,1.000000000024,0.999999999948,1.)
    ,(1.,1.000000000024,0.999999999989,1.000000000003,0.999999999999,1.
      ,1.,1.,1.,1.,1.,1.,1.,1.,1.,1.,1.,1.,1.,1.,1.,1.,1.,1.,1.,1.,1.,1.
      ,1.,1.,1.,1.,1.,1.,1.,1.,1.,1.,1.,1.,1.000000000002,0.999999999993
,1.000000000024,0.999999999948,1.
  ))) REPRESENTATION_ITEM('') SURFACE() );
#2022 = CARTESIAN_POINT('',(2.404163056034,2.404163056034,-1.));
#2023 = CARTESIAN_POINT('',(2.187673513489,2.18767351349,-0.945915960696
    ));
#2024 = CARTESIAN_POINT('',(2.500821225206,2.500821225205,
    -0.832465754706));
#2025 = CARTESIAN_POINT('',(2.391241847159,2.391241847159,
    -0.666031992455));
#2026 = CARTESIAN_POINT('',(2.357713995154,2.357713995154,
    -0.500065658372));
#2027 = CARTESIAN_POINT('',(2.60270223495,2.60270223495,-0.333310426054)
  );
#2028 = CARTESIAN_POINT('',(2.762203634113,2.762203634113,
    -0.167651462254));
#2029 = CARTESIAN_POINT('',(2.982556689757,2.982556689757,
    -9.481367651137E-07));
#2030 = CARTESIAN_POINT('',(3.052376652443,3.052376652443,0.167655273713
    ));
#2031 = CARTESIAN_POINT('',(3.052099795564,3.052099795564,0.333296937213
    ));
#2032 = CARTESIAN_POINT('',(2.982491780249,2.982491780249,0.500115802373
    ));
#2033 = CARTESIAN_POINT('',(2.763812353811,2.763812353811,0.665845574726
    ));
#2034 = CARTESIAN_POINT('',(2.604557396848,2.604557396848,0.833154316416
    ));
#2035 = CARTESIAN_POINT('',(2.351480209193,2.351480209193,0.999999999649
    ));
#2036 = CARTESIAN_POINT('',(2.414792245025,2.414792245025,1.16684568499)
  );
#2037 = CARTESIAN_POINT('',(2.414532328682,2.414532328682,1.334154420322
    ));
#2038 = CARTESIAN_POINT('',(2.351451304218,2.351451304218,1.499884216189
    ));
#2039 = CARTESIAN_POINT('',(2.60437888985,2.60437888985,1.666702993586)
  );
#2040 = CARTESIAN_POINT('',(2.761759521972,2.761759521972,1.832344983153
    ));
#2041 = CARTESIAN_POINT('',(2.982675150299,2.982675150299,2.));
#2042 = CARTESIAN_POINT('',(3.052344559505,3.052344559505,2.167655016847
    ));
#2043 = CARTESIAN_POINT('',(3.052108441252,3.052108441252,2.333297006412
    ));
#2044 = CARTESIAN_POINT('',(2.982489461956,2.982489461956,2.500115783817
    ));
#2045 = CARTESIAN_POINT('',(2.763812969396,2.763812969396,2.665845579653
    ));
#2046 = CARTESIAN_POINT('',(2.604557232988,2.604557232988,2.833154315104
    ));
#2047 = CARTESIAN_POINT('',(2.351480253026,2.351480253026,3.));
#2048 = CARTESIAN_POINT('',(2.414792233313,2.414792233313,3.166845684896
    ));
#2049 = CARTESIAN_POINT('',(2.414532331606,2.414532331606,3.334154420345
    ));
#2050 = CARTESIAN_POINT('',(2.351451304358,2.351451304358,3.49988421619)
  );
#2051 = CARTESIAN_POINT('',(2.604378886357,2.604378886357,3.666702993561
    ));
#2052 = CARTESIAN_POINT('',(2.761759535731,2.761759535731,3.832344983253
    ));
#2053 = CARTESIAN_POINT('',(2.982675099304,2.982675099304,3.999999999629
    ));
#2054 = CARTESIAN_POINT('',(3.052344750742,3.052344750742,4.167655018238
    ));
#2055 = CARTESIAN_POINT('',(3.05210771926,3.05210771926,4.333297001163)
  );
#2056 = CARTESIAN_POINT('',(2.982492158767,2.982492158767,4.500115803424
    ));
#2057 = CARTESIAN_POINT('',(2.763802940157,2.763802940157,4.665845506737
    ));
#2058 = CARTESIAN_POINT('',(2.604594278388,2.604594278388,4.833154584436
    ));
#2059 = CARTESIAN_POINT('',(2.351342385581,2.35134238558,4.999998997659)
  );
#2060 = CARTESIAN_POINT('',(2.415307422209,2.415307422212,5.166849430487
    ));
#2061 = CARTESIAN_POINT('',(2.412596942886,2.412596942878,5.334140349441
    ));
#2062 = CARTESIAN_POINT('',(2.358739966899,2.358739966931,5.499937207133
    ));
#2063 = CARTESIAN_POINT('',(2.57719703302,2.577197032901,5.666505372662)
  );
#2064 = CARTESIAN_POINT('',(2.862659029422,2.862659029863,5.833078555327
    ));
#2065 = CARTESIAN_POINT('',(2.694099387312,2.694099386371,5.942735729628
    ));
#2066 = CARTESIAN_POINT('',(2.957550971745,2.957550971745,6.));
#2067 = CARTESIAN_POINT('',(2.109490690956,2.749141792227,-1.));
#2068 = CARTESIAN_POINT('',(1.968896741086,2.56591618951,-0.945915960696
    ));
#2069 = CARTESIAN_POINT('',(2.114351282519,2.755476238468,
    -0.832465754706));
#2070 = CARTESIAN_POINT('',(2.065471613505,2.691775013606,
    -0.666031992455));
#2071 = CARTESIAN_POINT('',(2.041753417909,2.660864859303,
    -0.500065658372));
#2072 = CARTESIAN_POINT('',(2.186131977239,2.849022661118,
    -0.333310426054));
#2073 = CARTESIAN_POINT('',(2.346179149323,3.057600196629,
    -0.167651462254));
#2074 = CARTESIAN_POINT('',(2.511537644264,3.273099582851,
    -9.481367651137E-07));
#2075 = CARTESIAN_POINT('',(2.646624053713,3.44914761917,0.167655273713)
  );
#2076 = CARTESIAN_POINT('',(2.609135404871,3.400291460807,0.333296937213
    ));
#2077 = CARTESIAN_POINT('',(2.622725687404,3.418002661828,0.500115802373
    ));
#2078 = CARTESIAN_POINT('',(2.416008049198,3.148602990704,0.665845574726
    ));
#2079 = CARTESIAN_POINT('',(2.279290881255,2.970429708537,0.833154316416
    ));
#2080 = CARTESIAN_POINT('',(2.078082413823,2.70820972855,0.999999999649)
  );
#2081 = CARTESIAN_POINT('',(2.065497777658,2.69180911139,1.16684568499)
  );
#2082 = CARTESIAN_POINT('',(2.078697640943,2.709011508142,1.334154420322
    ));
#2083 = CARTESIAN_POINT('',(2.038197007017,2.656230054394,1.499884216189
    ));
#2084 = CARTESIAN_POINT('',(2.187084103699,2.850263496478,1.666702993586
    ));
#2085 = CARTESIAN_POINT('',(2.345926950185,3.057271524313,1.832344983153
    ));
#2086 = CARTESIAN_POINT('',(2.511604914766,3.273187251475,2.));
#2087 = CARTESIAN_POINT('',(2.64660582901,3.449123868276,2.167655016847)
  );
#2088 = CARTESIAN_POINT('',(2.609140314521,3.400297859187,2.333297006412
    ));
#2089 = CARTESIAN_POINT('',(2.622724370909,3.418000946138,2.500115783817
    ));
#2090 = CARTESIAN_POINT('',(2.416008398772,3.148603446277,2.665845579653
    ));
#2091 = CARTESIAN_POINT('',(2.279290788203,2.970429587269,2.833154315104
    ));
#2092 = CARTESIAN_POINT('',(2.078082438716,2.70820976099,3.));
#2093 = CARTESIAN_POINT('',(2.065497771002,2.691809102717,3.166845684896
    ));
#2094 = CARTESIAN_POINT('',(2.07869764262,2.709011510327,3.334154420345)
  );
#2095 = CARTESIAN_POINT('',(2.038197007036,2.656230054419,3.49988421619)
  );
#2096 = CARTESIAN_POINT('',(2.18708410194,2.850263494185,3.666702993561)
  );
#2097 = CARTESIAN_POINT('',(2.345926957164,3.057271533408,3.832344983253
    ));
#2098 = CARTESIAN_POINT('',(2.511604888886,3.273187217749,3.999999999629
    ));
#2099 = CARTESIAN_POINT('',(2.646605926065,3.44912399476,4.167655018238)
  );
#2100 = CARTESIAN_POINT('',(2.609139948103,3.400297381662,4.333297001163
    ));
#2101 = CARTESIAN_POINT('',(2.622725739566,3.418002729806,4.500115803424
    ));
#2102 = CARTESIAN_POINT('',(2.41600330884,3.148596812948,4.665845506737)
  );
#2103 = CARTESIAN_POINT('',(2.279309589089,2.970454089061,4.833154584436
    ));
#2104 = CARTESIAN_POINT('',(2.078012469703,2.708118575596,4.999998997659
    ));
#2105 = CARTESIAN_POINT('',(2.065759234165,2.692149848153,5.166849430487
    ));
#2106 = CARTESIAN_POINT('',(2.077715414821,2.707731446107,5.334140349441
    ));
#2107 = CARTESIAN_POINT('',(2.041896071153,2.661050768746,5.499937207133
    ));
#2108 = CARTESIAN_POINT('',(2.173289058235,2.832285442783,5.666505372662
    ));
#2109 = CARTESIAN_POINT('',(2.397134389854,3.124006360554,5.833078555327
    ));
#2110 = CARTESIAN_POINT('',(2.347355443282,3.05913316938,5.942735729628)
  );
#2111 = CARTESIAN_POINT('',(2.506509014223,3.26654614459,6.));
#2112 = ADVANCED_FACE('',(#2113),#2166,.F.);
#2113 = FACE_BOUND('',#2114,.F.);
#2114 = EDGE_LOOP('',(#2115,#2116,#2117,#2165));
#2115 = ORIENTED_EDGE('',*,*,#1973,.F.);
#2116 = ORIENTED_EDGE('',*,*,#572,.F.);
#2117 = ORIENTED_EDGE('',*,*,#2118,.T.);
#2118 = EDGE_CURVE('',#563,#1078,#2119,.T.);
#2119 = ( BOUNDED_CURVE() B_SPLINE_CURVE(3,(#2120,#2121,#2122,#2123,
    #2124,#2125,#2126,#2127,#2128,#2129,#2130,#2131,#2132,#2133,#2134,
    #2135,#2136,#2137,#2138,#2139,#2140,#2141,#2142,#2143,#2144,#2145,
    #2146,#2147,#2148,#2149,#2150,#2151,#2152,#2153,#2154,#2155,#2156,
    #2157,#2158,#2159,#2160,#2161,#2162,#2163,#2164),.UNSPECIFIED.,.F.,
.F.) B_SPLINE_CURVE_WITH_KNOTS((4,1,1,1,1,1,1,1,1,1,1,1,1,1,1,1,1,1,1,1,
    1,1,1,1,1,1,1,1,1,1,1,1,1,1,1,1,1,1,1,1,1,1,4),(0.,
    2.367208350872E-02,4.740980147591E-02,7.134334288179E-02,
    9.527688428768E-02,0.119185059348,0.142857142857,0.166529226366,
    0.190437401427,0.214370942832,0.238304484238,0.262042202206,
    0.285714285714,0.309386369223,0.33312408719,0.357057628596,
    0.380991170002,0.404899345063,0.428571428571,0.45224351208,
    0.476151687141,0.500085228547,0.524018769953,0.54775648792,
    0.571428571429,0.595100654937,0.618838372904,0.64277191431,
    0.666705455716,0.690613630777,0.714285714286,0.737957797794,
    0.761865972855,0.785799514261,0.809733055667,0.833470773634,
    0.857142857143,0.880814940652,0.904552658619,0.928486200025,
0.952419741431,0.976327916491,1.),.UNSPECIFIED.) CURVE() 
GEOMETRIC_REPRESENTATION_ITEM() RATIONAL_B_SPLINE_CURVE((1.,
    1.000000000024,0.999999999989,1.000000000003,0.999999999999,1.,1.,1.
    ,1.,1.,1.,1.,1.,1.,1.,1.,1.,1.,1.,1.,1.,1.,1.,1.,1.,1.,1.,1.,1.,1.,
    1.,1.,1.,1.,1.,1.,1.,1.,1.,1.,1.000000000002,0.999999999993,
1.000000000024,0.999999999948,1.)) REPRESENTATION_ITEM('') );
#2120 = CARTESIAN_POINT('',(1.765217391304,3.057446208143,-1.));
#2121 = CARTESIAN_POINT('',(1.687347797199,2.922572114675,
    -0.945915960696));
#2122 = CARTESIAN_POINT('',(1.704853822207,2.952893439593,
    -0.832465754706));
#2123 = CARTESIAN_POINT('',(1.702045940289,2.948030045383,
    -0.666031992455));
#2124 = CARTESIAN_POINT('',(1.686787013916,2.921600809654,
    -0.500065658372));
#2125 = CARTESIAN_POINT('',(1.750741671788,3.032373526463,
    -0.333310426054));
#2126 = CARTESIAN_POINT('',(1.900789873075,3.292264634679,
    -0.167651462254));
#2127 = CARTESIAN_POINT('',(2.016879416732,3.493337622519,
    -9.481367651137E-07));
#2128 = CARTESIAN_POINT('',(2.188397860389,3.790416281369,0.167655273713
    ));
#2129 = CARTESIAN_POINT('',(2.130838403446,3.690720377487,0.333296937213
    ));
#2130 = CARTESIAN_POINT('',(2.188057789069,3.789827260564,0.500115802373
    ));
#2131 = CARTESIAN_POINT('',(2.017417326654,3.494269309835,0.665845574726
    ));
#2132 = CARTESIAN_POINT('',(1.901645754157,3.293747064198,0.833154316416
    ));
#2133 = CARTESIAN_POINT('',(1.751089876915,3.032976635436,0.999999999649
    ));
#2134 = CARTESIAN_POINT('',(1.685377427382,2.919159334155,1.16684568499)
  );
#2135 = CARTESIAN_POINT('',(1.707318751996,2.957162823172,1.334154420322
    ));
#2136 = CARTESIAN_POINT('',(1.685369181912,2.919145052583,1.499884216189
    ));
#2137 = CARTESIAN_POINT('',(1.75112125542,3.033030984602,1.666702993586)
  );
#2138 = CARTESIAN_POINT('',(1.90068932901,3.292090487249,1.832344983153)
  );
#2139 = CARTESIAN_POINT('',(2.016906235419,3.493384073848,2.));
#2140 = CARTESIAN_POINT('',(2.188390594759,3.790403696929,2.167655016847
    ));
#2141 = CARTESIAN_POINT('',(2.130840360772,3.690723767676,2.333297006412
    ));
#2142 = CARTESIAN_POINT('',(2.188057264222,3.789826351503,2.500115783817
    ));
#2143 = CARTESIAN_POINT('',(2.017417466019,3.494269551221,2.665845579653
    ));
#2144 = CARTESIAN_POINT('',(1.90164571706,3.293746999943,2.833154315104)
  );
#2145 = CARTESIAN_POINT('',(1.75108988684,3.032976652627,3.));
#2146 = CARTESIAN_POINT('',(1.685377424723,2.91915932955,3.166845684896)
  );
#2147 = CARTESIAN_POINT('',(1.707318752685,2.957162824365,3.334154420345
    ));
#2148 = CARTESIAN_POINT('',(1.685369181845,2.919145052466,3.49988421619)
  );
#2149 = CARTESIAN_POINT('',(1.751121254999,3.033030983872,3.666702993561
    ));
#2150 = CARTESIAN_POINT('',(1.900689330753,3.292090490268,3.832344983253
    ));
#2151 = CARTESIAN_POINT('',(2.016906228937,3.493384062621,3.999999999629
    ));
#2152 = CARTESIAN_POINT('',(2.188390619073,3.790403739041,4.167655018238
    ));
#2153 = CARTESIAN_POINT('',(2.130840268977,3.690723608682,4.333297001163
    ));
#2154 = CARTESIAN_POINT('',(2.1880576071,3.789826945386,4.500115803424)
  );
#2155 = CARTESIAN_POINT('',(2.01741619088,3.494267342616,4.665845506737)
  );
#2156 = CARTESIAN_POINT('',(1.901650427091,3.293755157956,4.833154584436
    ));
#2157 = CARTESIAN_POINT('',(1.751072358081,3.032946291925,4.999998997659
    ));
#2158 = CARTESIAN_POINT('',(1.685442926933,2.919272782707,5.166849430487
    ));
#2159 = CARTESIAN_POINT('',(1.707072683256,2.956736619605,5.334140349441
    ));
#2160 = CARTESIAN_POINT('',(1.686295877868,2.920750137085,5.499937207133
    ));
#2161 = CARTESIAN_POINT('',(1.747665296483,3.027045088042,5.666505372662
    ));
#2162 = CARTESIAN_POINT('',(1.913517906496,3.314310235586,5.833078555327
    ));
#2163 = CARTESIAN_POINT('',(1.950937029788,3.379122057231,5.942735729628
    ));
#2164 = CARTESIAN_POINT('',(2.026086956522,3.509285549248,6.));
#2165 = ORIENTED_EDGE('',*,*,#1087,.T.);
#2166 = ( BOUNDED_SURFACE() B_SPLINE_SURFACE(1,3,(
    (#2167,#2168,#2169,#2170,#2171,#2172,#2173,#2174,#2175,#2176,#2177
      ,#2178,#2179,#2180,#2181,#2182,#2183,#2184,#2185,#2186,#2187,#2188
      ,#2189,#2190,#2191,#2192,#2193,#2194,#2195,#2196,#2197,#2198,#2199
      ,#2200,#2201,#2202,#2203,#2204,#2205,#2206,#2207,#2208,#2209,#2210
      ,#2211)
    ,(#2212,#2213,#2214,#2215,#2216,#2217,#2218,#2219,#2220,#2221,#2222
      ,#2223,#2224,#2225,#2226,#2227,#2228,#2229,#2230,#2231,#2232,#2233
      ,#2234,#2235,#2236,#2237,#2238,#2239,#2240,#2241,#2242,#2243,#2244
      ,#2245,#2246,#2247,#2248,#2249,#2250,#2251,#2252,#2253,#2254,#2255
,#2256
    )),.UNSPECIFIED.,.F.,.F.,.F.) B_SPLINE_SURFACE_WITH_KNOTS((2,2),(4,1
    ,1,1,1,1,1,1,1,1,1,1,1,1,1,1,1,1,1,1,1,1,1,1,1,1,1,1,1,1,1,1,1,1,1,1
    ,1,1,1,1,1,1,4),(7.,8.),(0.,2.367208350872E-02,4.740980147591E-02,
    7.134334288179E-02,9.527688428768E-02,0.119185059348,0.142857142857,
    0.166529226366,0.190437401427,0.214370942832,0.238304484238,
    0.262042202206,0.285714285714,0.309386369223,0.33312408719,
    0.357057628596,0.380991170002,0.404899345063,0.428571428571,
    0.45224351208,0.476151687141,0.500085228547,0.524018769953,
    0.54775648792,0.571428571429,0.595100654937,0.618838372904,
    0.64277191431,0.666705455716,0.690613630777,0.714285714286,
    0.737957797794,0.761865972855,0.785799514261,0.809733055667,
    0.833470773634,0.857142857143,0.880814940652,0.904552658619,
    0.928486200025,0.952419741431,0.976327916491,1.),.UNSPECIFIED.) 
GEOMETRIC_REPRESENTATION_ITEM() RATIONAL_B_SPLINE_SURFACE((
    (1.,1.000000000024,0.999999999989,1.000000000003,0.999999999999,1.
      ,1.,1.,1.,1.,1.,1.,1.,1.,1.,1.,1.,1.,1.,1.,1.,1.,1.,1.,1.,1.,1.,1.
      ,1.,1.,1.,1.,1.,1.,1.,1.,1.,1.,1.,1.,1.000000000002,0.999999999993
      ,1.000000000024,0.999999999948,1.)
    ,(1.,1.000000000024,0.999999999989,1.000000000003,0.999999999999,1.
      ,1.,1.,1.,1.,1.,1.,1.,1.,1.,1.,1.,1.,1.,1.,1.,1.,1.,1.,1.,1.,1.,1.
      ,1.,1.,1.,1.,1.,1.,1.,1.,1.,1.,1.,1.,1.000000000002,0.999999999993
,1.000000000024,0.999999999948,1.
  ))) REPRESENTATION_ITEM('') SURFACE() );
#2167 = CARTESIAN_POINT('',(2.109490690956,2.749141792227,-1.));
#2168 = CARTESIAN_POINT('',(1.968896741086,2.56591618951,-0.945915960696
    ));
#2169 = CARTESIAN_POINT('',(2.114351282519,2.755476238468,
    -0.832465754706));
#2170 = CARTESIAN_POINT('',(2.065471613505,2.691775013606,
    -0.666031992455));
#2171 = CARTESIAN_POINT('',(2.041753417909,2.660864859303,
    -0.500065658372));
#2172 = CARTESIAN_POINT('',(2.186131977239,2.849022661118,
    -0.333310426054));
#2173 = CARTESIAN_POINT('',(2.346179149323,3.057600196629,
    -0.167651462254));
#2174 = CARTESIAN_POINT('',(2.511537644264,3.273099582851,
    -9.481367651137E-07));
#2175 = CARTESIAN_POINT('',(2.646624053713,3.44914761917,0.167655273713)
  );
#2176 = CARTESIAN_POINT('',(2.609135404871,3.400291460807,0.333296937213
    ));
#2177 = CARTESIAN_POINT('',(2.622725687404,3.418002661828,0.500115802373
    ));
#2178 = CARTESIAN_POINT('',(2.416008049198,3.148602990704,0.665845574726
    ));
#2179 = CARTESIAN_POINT('',(2.279290881255,2.970429708537,0.833154316416
    ));
#2180 = CARTESIAN_POINT('',(2.078082413823,2.70820972855,0.999999999649)
  );
#2181 = CARTESIAN_POINT('',(2.065497777658,2.69180911139,1.16684568499)
  );
#2182 = CARTESIAN_POINT('',(2.078697640943,2.709011508142,1.334154420322
    ));
#2183 = CARTESIAN_POINT('',(2.038197007017,2.656230054394,1.499884216189
    ));
#2184 = CARTESIAN_POINT('',(2.187084103699,2.850263496478,1.666702993586
    ));
#2185 = CARTESIAN_POINT('',(2.345926950185,3.057271524313,1.832344983153
    ));
#2186 = CARTESIAN_POINT('',(2.511604914766,3.273187251475,2.));
#2187 = CARTESIAN_POINT('',(2.64660582901,3.449123868276,2.167655016847)
  );
#2188 = CARTESIAN_POINT('',(2.609140314521,3.400297859187,2.333297006412
    ));
#2189 = CARTESIAN_POINT('',(2.622724370909,3.418000946138,2.500115783817
    ));
#2190 = CARTESIAN_POINT('',(2.416008398772,3.148603446277,2.665845579653
    ));
#2191 = CARTESIAN_POINT('',(2.279290788203,2.970429587269,2.833154315104
    ));
#2192 = CARTESIAN_POINT('',(2.078082438716,2.70820976099,3.));
#2193 = CARTESIAN_POINT('',(2.065497771002,2.691809102717,3.166845684896
    ));
#2194 = CARTESIAN_POINT('',(2.07869764262,2.709011510327,3.334154420345)
  );
#2195 = CARTESIAN_POINT('',(2.038197007036,2.656230054419,3.49988421619)
  );
#2196 = CARTESIAN_POINT('',(2.18708410194,2.850263494185,3.666702993561)
  );
#2197 = CARTESIAN_POINT('',(2.345926957164,3.057271533408,3.832344983253
    ));
#2198 = CARTESIAN_POINT('',(2.511604888886,3.273187217749,3.999999999629
    ));
#2199 = CARTESIAN_POINT('',(2.646605926065,3.44912399476,4.167655018238)
  );
#2200 = CARTESIAN_POINT('',(2.609139948103,3.400297381662,4.333297001163
    ));
#2201 = CARTESIAN_POINT('',(2.622725739566,3.418002729806,4.500115803424
    ));
#2202 = CARTESIAN_POINT('',(2.41600330884,3.148596812948,4.665845506737)
  );
#2203 = CARTESIAN_POINT('',(2.279309589089,2.970454089061,4.833154584436
    ));
#2204 = CARTESIAN_POINT('',(2.078012469703,2.708118575596,4.999998997659
    ));
#2205 = CARTESIAN_POINT('',(2.065759234165,2.692149848153,5.166849430487
    ));
#2206 = CARTESIAN_POINT('',(2.077715414821,2.707731446107,5.334140349441
    ));
#2207 = CARTESIAN_POINT('',(2.041896071153,2.661050768746,5.499937207133
    ));
#2208 = CARTESIAN_POINT('',(2.173289058235,2.832285442783,5.666505372662
    ));
#2209 = CARTESIAN_POINT('',(2.397134389854,3.124006360554,5.833078555327
    ));
#2210 = CARTESIAN_POINT('',(2.347355443282,3.05913316938,5.942735729628)
  );
#2211 = CARTESIAN_POINT('',(2.506509014223,3.26654614459,6.));
#2212 = CARTESIAN_POINT('',(1.765217391304,3.057446208143,-1.));
#2213 = CARTESIAN_POINT('',(1.687347797199,2.922572114675,
    -0.945915960696));
#2214 = CARTESIAN_POINT('',(1.704853822207,2.952893439593,
    -0.832465754706));
#2215 = CARTESIAN_POINT('',(1.702045940289,2.948030045383,
    -0.666031992455));
#2216 = CARTESIAN_POINT('',(1.686787013916,2.921600809654,
    -0.500065658372));
#2217 = CARTESIAN_POINT('',(1.750741671788,3.032373526463,
    -0.333310426054));
#2218 = CARTESIAN_POINT('',(1.900789873075,3.292264634679,
    -0.167651462254));
#2219 = CARTESIAN_POINT('',(2.016879416732,3.493337622519,
    -9.481367651137E-07));
#2220 = CARTESIAN_POINT('',(2.188397860389,3.790416281369,0.167655273713
    ));
#2221 = CARTESIAN_POINT('',(2.130838403446,3.690720377487,0.333296937213
    ));
#2222 = CARTESIAN_POINT('',(2.188057789069,3.789827260564,0.500115802373
    ));
#2223 = CARTESIAN_POINT('',(2.017417326654,3.494269309835,0.665845574726
    ));
#2224 = CARTESIAN_POINT('',(1.901645754157,3.293747064198,0.833154316416
    ));
#2225 = CARTESIAN_POINT('',(1.751089876915,3.032976635436,0.999999999649
    ));
#2226 = CARTESIAN_POINT('',(1.685377427382,2.919159334155,1.16684568499)
  );
#2227 = CARTESIAN_POINT('',(1.707318751996,2.957162823172,1.334154420322
    ));
#2228 = CARTESIAN_POINT('',(1.685369181912,2.919145052583,1.499884216189
    ));
#2229 = CARTESIAN_POINT('',(1.75112125542,3.033030984602,1.666702993586)
  );
#2230 = CARTESIAN_POINT('',(1.90068932901,3.292090487249,1.832344983153)
  );
#2231 = CARTESIAN_POINT('',(2.016906235419,3.493384073848,2.));
#2232 = CARTESIAN_POINT('',(2.188390594759,3.790403696929,2.167655016847
    ));
#2233 = CARTESIAN_POINT('',(2.130840360772,3.690723767676,2.333297006412
    ));
#2234 = CARTESIAN_POINT('',(2.188057264222,3.789826351503,2.500115783817
    ));
#2235 = CARTESIAN_POINT('',(2.017417466019,3.494269551221,2.665845579653
    ));
#2236 = CARTESIAN_POINT('',(1.90164571706,3.293746999943,2.833154315104)
  );
#2237 = CARTESIAN_POINT('',(1.75108988684,3.032976652627,3.));
#2238 = CARTESIAN_POINT('',(1.685377424723,2.91915932955,3.166845684896)
  );
#2239 = CARTESIAN_POINT('',(1.707318752685,2.957162824365,3.334154420345
    ));
#2240 = CARTESIAN_POINT('',(1.685369181845,2.919145052466,3.49988421619)
  );
#2241 = CARTESIAN_POINT('',(1.751121254999,3.033030983872,3.666702993561
    ));
#2242 = CARTESIAN_POINT('',(1.900689330753,3.292090490268,3.832344983253
    ));
#2243 = CARTESIAN_POINT('',(2.016906228937,3.493384062621,3.999999999629
    ));
#2244 = CARTESIAN_POINT('',(2.188390619073,3.790403739041,4.167655018238
    ));
#2245 = CARTESIAN_POINT('',(2.130840268977,3.690723608682,4.333297001163
    ));
#2246 = CARTESIAN_POINT('',(2.1880576071,3.789826945386,4.500115803424)
  );
#2247 = CARTESIAN_POINT('',(2.01741619088,3.494267342616,4.665845506737)
  );
#2248 = CARTESIAN_POINT('',(1.901650427091,3.293755157956,4.833154584436
    ));
#2249 = CARTESIAN_POINT('',(1.751072358081,3.032946291925,4.999998997659
    ));
#2250 = CARTESIAN_POINT('',(1.685442926933,2.919272782707,5.166849430487
    ));
#2251 = CARTESIAN_POINT('',(1.707072683256,2.956736619605,5.334140349441
    ));
#2252 = CARTESIAN_POINT('',(1.686295877868,2.920750137085,5.499937207133
    ));
#2253 = CARTESIAN_POINT('',(1.747665296483,3.027045088042,5.666505372662
    ));
#2254 = CARTESIAN_POINT('',(1.913517906496,3.314310235586,5.833078555327
    ));
#2255 = CARTESIAN_POINT('',(1.950937029788,3.379122057231,5.942735729628
    ));
#2256 = CARTESIAN_POINT('',(2.026086956522,3.509285549248,6.));
#2257 = ADVANCED_FACE('',(#2258),#2311,.F.);
#2258 = FACE_BOUND('',#2259,.F.);
#2259 = EDGE_LOOP('',(#2260,#2261,#2262,#2310));
#2260 = ORIENTED_EDGE('',*,*,#2118,.F.);
#2261 = ORIENTED_EDGE('',*,*,#562,.F.);
#2262 = ORIENTED_EDGE('',*,*,#2263,.T.);
#2263 = EDGE_CURVE('',#553,#1068,#2264,.T.);
#2264 = ( BOUNDED_CURVE() B_SPLINE_CURVE(3,(#2265,#2266,#2267,#2268,
    #2269,#2270,#2271,#2272,#2273,#2274,#2275,#2276,#2277,#2278,#2279,
    #2280,#2281,#2282,#2283,#2284,#2285,#2286,#2287,#2288,#2289,#2290,
    #2291,#2292,#2293,#2294,#2295,#2296,#2297,#2298,#2299,#2300,#2301,
    #2302,#2303,#2304,#2305,#2306,#2307,#2308,#2309),.UNSPECIFIED.,.F.,
.F.) B_SPLINE_CURVE_WITH_KNOTS((4,1,1,1,1,1,1,1,1,1,1,1,1,1,1,1,1,1,1,1,
    1,1,1,1,1,1,1,1,1,1,1,1,1,1,1,1,1,1,1,1,1,1,4),(0.,
    2.367208350872E-02,4.740980147591E-02,7.134334288179E-02,
    9.527688428768E-02,0.119185059348,0.142857142857,0.166529226366,
    0.190437401427,0.214370942832,0.238304484238,0.262042202206,
    0.285714285714,0.309386369223,0.33312408719,0.357057628596,
    0.380991170002,0.404899345063,0.428571428571,0.45224351208,
    0.476151687141,0.500085228547,0.524018769953,0.54775648792,
    0.571428571429,0.595100654937,0.618838372904,0.64277191431,
    0.666705455716,0.690613630777,0.714285714286,0.737957797794,
    0.761865972855,0.785799514261,0.809733055667,0.833470773634,
    0.857142857143,0.880814940652,0.904552658619,0.928486200025,
0.952419741431,0.976327916491,1.),.UNSPECIFIED.) CURVE() 
GEOMETRIC_REPRESENTATION_ITEM() RATIONAL_B_SPLINE_CURVE((1.,
    1.000000000024,0.999999999989,1.000000000003,0.999999999999,1.,1.,1.
    ,1.,1.,1.,1.,1.,1.,1.,1.,1.,1.,1.,1.,1.,1.,1.,1.,1.,1.,1.,1.,1.,1.,
    1.,1.,1.,1.,1.,1.,1.,1.,1.,1.,1.000000000002,0.999999999993,
1.000000000024,0.999999999948,1.)) REPRESENTATION_ITEM('') );
#2265 = CARTESIAN_POINT('',(1.375996515504,3.321949449508,-1.));
#2266 = CARTESIAN_POINT('',(1.344040129647,3.24479990918,-0.945915960696
    ));
#2267 = CARTESIAN_POINT('',(1.281056175678,3.092743193571,
    -0.832465754706));
#2268 = CARTESIAN_POINT('',(1.306877411024,3.155081170031,
    -0.666031992455));
#2269 = CARTESIAN_POINT('',(1.298367137273,3.134535551751,
    -0.500065658372));
#2270 = CARTESIAN_POINT('',(1.306369958091,3.153856070299,
    -0.333310426054));
#2271 = CARTESIAN_POINT('',(1.43205982381,3.457298248771,-0.167651462254
    ));
#2272 = CARTESIAN_POINT('',(1.518364407306,3.665655944743,
    -9.481367651137E-07));
#2273 = CARTESIAN_POINT('',(1.649082949272,3.981238421611,0.167655273713
    ));
#2274 = CARTESIAN_POINT('',(1.640152844661,3.959679241946,0.333296937213
    ));
#2275 = CARTESIAN_POINT('',(1.663526562282,4.016108388029,0.500115802373
    ));
#2276 = CARTESIAN_POINT('',(1.579212302841,3.812555759385,0.665845574726
    ));
#2277 = CARTESIAN_POINT('',(1.475468305603,3.562095594239,0.833154316416
    ));
#2278 = CARTESIAN_POINT('',(1.374820402882,3.319110062466,0.999999999649
    ));
#2279 = CARTESIAN_POINT('',(1.281235697795,3.093176598213,1.16684568499)
  );
#2280 = CARTESIAN_POINT('',(1.306828809303,3.154963835119,1.334154420322
    ));
#2281 = CARTESIAN_POINT('',(1.298380206027,3.134567102507,1.499884216189
    ));
#2282 = CARTESIAN_POINT('',(1.306366459309,3.153847623494,1.666702993586
    ));
#2283 = CARTESIAN_POINT('',(1.432060750566,3.45730048616,1.832344983153)
  );
#2284 = CARTESIAN_POINT('',(1.518364160107,3.665655347952,2.));
#2285 = CARTESIAN_POINT('',(1.649083016242,3.981238583291,2.167655016847
    ));
#2286 = CARTESIAN_POINT('',(1.64015282662,3.95967919839,2.333297006412)
  );
#2287 = CARTESIAN_POINT('',(1.66352656712,4.016108399708,2.500115783817)
  );
#2288 = CARTESIAN_POINT('',(1.579212301556,3.812555756284,2.665845579653
    ));
#2289 = CARTESIAN_POINT('',(1.475468305945,3.562095595064,2.833154315104
    ));
#2290 = CARTESIAN_POINT('',(1.374820402793,3.319110062249,3.));
#2291 = CARTESIAN_POINT('',(1.281235697813,3.093176598256,3.166845684896
    ));
#2292 = CARTESIAN_POINT('',(1.306828809322,3.154963835166,3.334154420345
    ));
#2293 = CARTESIAN_POINT('',(1.298380205931,3.134567102275,3.49988421619)
  );
#2294 = CARTESIAN_POINT('',(1.306366459673,3.153847624373,3.666702993561
    ));
#2295 = CARTESIAN_POINT('',(1.432060749214,3.457300482894,3.832344983253
    ));
#2296 = CARTESIAN_POINT('',(1.518364165101,3.665655360007,3.999999999629
    ));
#2297 = CARTESIAN_POINT('',(1.649082997522,3.981238538096,4.167655018238
    ));
#2298 = CARTESIAN_POINT('',(1.640152897296,3.959679369017,4.333297001163
    ));
#2299 = CARTESIAN_POINT('',(1.663526303128,4.016107762377,4.500115803424
    ));
#2300 = CARTESIAN_POINT('',(1.57921328332,3.812558126471,4.665845506737)
  );
#2301 = CARTESIAN_POINT('',(1.475464679565,3.56208684021,4.833154584436)
  );
#2302 = CARTESIAN_POINT('',(1.374833898656,3.319142644144,4.999998997659
    ));
#2303 = CARTESIAN_POINT('',(1.2811852659,3.093054844855,5.166849430487)
  );
#2304 = CARTESIAN_POINT('',(1.307018264794,3.155421221107,5.334140349441
    ));
#2305 = CARTESIAN_POINT('',(1.29766671774,3.132844589509,5.499937207133)
  );
#2306 = CARTESIAN_POINT('',(1.309027295082,3.160271448925,5.666505372662
    ));
#2307 = CARTESIAN_POINT('',(1.422183683722,3.433455138831,5.833078555327
    ));
#2308 = CARTESIAN_POINT('',(1.510755797236,3.647287132128,5.942735729628
    ));
#2309 = CARTESIAN_POINT('',(1.52574220643,3.683467527447,6.));
#2310 = ORIENTED_EDGE('',*,*,#1077,.T.);
#2311 = ( BOUNDED_SURFACE() B_SPLINE_SURFACE(1,3,(
    (#2312,#2313,#2314,#2315,#2316,#2317,#2318,#2319,#2320,#2321,#2322
      ,#2323,#2324,#2325,#2326,#2327,#2328,#2329,#2330,#2331,#2332,#2333
      ,#2334,#2335,#2336,#2337,#2338,#2339,#2340,#2341,#2342,#2343,#2344
      ,#2345,#2346,#2347,#2348,#2349,#2350,#2351,#2352,#2353,#2354,#2355
      ,#2356)
    ,(#2357,#2358,#2359,#2360,#2361,#2362,#2363,#2364,#2365,#2366,#2367
      ,#2368,#2369,#2370,#2371,#2372,#2373,#2374,#2375,#2376,#2377,#2378
      ,#2379,#2380,#2381,#2382,#2383,#2384,#2385,#2386,#2387,#2388,#2389
      ,#2390,#2391,#2392,#2393,#2394,#2395,#2396,#2397,#2398,#2399,#2400
,#2401
    )),.UNSPECIFIED.,.F.,.F.,.F.) B_SPLINE_SURFACE_WITH_KNOTS((2,2),(4,1
    ,1,1,1,1,1,1,1,1,1,1,1,1,1,1,1,1,1,1,1,1,1,1,1,1,1,1,1,1,1,1,1,1,1,1
    ,1,1,1,1,1,1,4),(8.,9.),(0.,2.367208350872E-02,4.740980147591E-02,
    7.134334288179E-02,9.527688428768E-02,0.119185059348,0.142857142857,
    0.166529226366,0.190437401427,0.214370942832,0.238304484238,
    0.262042202206,0.285714285714,0.309386369223,0.33312408719,
    0.357057628596,0.380991170002,0.404899345063,0.428571428571,
    0.45224351208,0.476151687141,0.500085228547,0.524018769953,
    0.54775648792,0.571428571429,0.595100654937,0.618838372904,
    0.64277191431,0.666705455716,0.690613630777,0.714285714286,
    0.737957797794,0.761865972855,0.785799514261,0.809733055667,
    0.833470773634,0.857142857143,0.880814940652,0.904552658619,
    0.928486200025,0.952419741431,0.976327916491,1.),.UNSPECIFIED.) 
GEOMETRIC_REPRESENTATION_ITEM() RATIONAL_B_SPLINE_SURFACE((
    (1.,1.000000000024,0.999999999989,1.000000000003,0.999999999999,1.
      ,1.,1.,1.,1.,1.,1.,1.,1.,1.,1.,1.,1.,1.,1.,1.,1.,1.,1.,1.,1.,1.,1.
      ,1.,1.,1.,1.,1.,1.,1.,1.,1.,1.,1.,1.,1.000000000002,0.999999999993
      ,1.000000000024,0.999999999948,1.)
    ,(1.,1.000000000024,0.999999999989,1.000000000003,0.999999999999,1.
      ,1.,1.,1.,1.,1.,1.,1.,1.,1.,1.,1.,1.,1.,1.,1.,1.,1.,1.,1.,1.,1.,1.
      ,1.,1.,1.,1.,1.,1.,1.,1.,1.,1.,1.,1.,1.000000000002,0.999999999993
,1.000000000024,0.999999999948,1.
  ))) REPRESENTATION_ITEM('') SURFACE() );
#2312 = CARTESIAN_POINT('',(1.765217391304,3.057446208143,-1.));
#2313 = CARTESIAN_POINT('',(1.687347797199,2.922572114675,
    -0.945915960696));
#2314 = CARTESIAN_POINT('',(1.704853822207,2.952893439593,
    -0.832465754706));
#2315 = CARTESIAN_POINT('',(1.702045940289,2.948030045383,
    -0.666031992455));
#2316 = CARTESIAN_POINT('',(1.686787013916,2.921600809654,
    -0.500065658372));
#2317 = CARTESIAN_POINT('',(1.750741671788,3.032373526463,
    -0.333310426054));
#2318 = CARTESIAN_POINT('',(1.900789873075,3.292264634679,
    -0.167651462254));
#2319 = CARTESIAN_POINT('',(2.016879416732,3.493337622519,
    -9.481367651137E-07));
#2320 = CARTESIAN_POINT('',(2.188397860389,3.790416281369,0.167655273713
    ));
#2321 = CARTESIAN_POINT('',(2.130838403446,3.690720377487,0.333296937213
    ));
#2322 = CARTESIAN_POINT('',(2.188057789069,3.789827260564,0.500115802373
    ));
#2323 = CARTESIAN_POINT('',(2.017417326654,3.494269309835,0.665845574726
    ));
#2324 = CARTESIAN_POINT('',(1.901645754157,3.293747064198,0.833154316416
    ));
#2325 = CARTESIAN_POINT('',(1.751089876915,3.032976635436,0.999999999649
    ));
#2326 = CARTESIAN_POINT('',(1.685377427382,2.919159334155,1.16684568499)
  );
#2327 = CARTESIAN_POINT('',(1.707318751996,2.957162823172,1.334154420322
    ));
#2328 = CARTESIAN_POINT('',(1.685369181912,2.919145052583,1.499884216189
    ));
#2329 = CARTESIAN_POINT('',(1.75112125542,3.033030984602,1.666702993586)
  );
#2330 = CARTESIAN_POINT('',(1.90068932901,3.292090487249,1.832344983153)
  );
#2331 = CARTESIAN_POINT('',(2.016906235419,3.493384073848,2.));
#2332 = CARTESIAN_POINT('',(2.188390594759,3.790403696929,2.167655016847
    ));
#2333 = CARTESIAN_POINT('',(2.130840360772,3.690723767676,2.333297006412
    ));
#2334 = CARTESIAN_POINT('',(2.188057264222,3.789826351503,2.500115783817
    ));
#2335 = CARTESIAN_POINT('',(2.017417466019,3.494269551221,2.665845579653
    ));
#2336 = CARTESIAN_POINT('',(1.90164571706,3.293746999943,2.833154315104)
  );
#2337 = CARTESIAN_POINT('',(1.75108988684,3.032976652627,3.));
#2338 = CARTESIAN_POINT('',(1.685377424723,2.91915932955,3.166845684896)
  );
#2339 = CARTESIAN_POINT('',(1.707318752685,2.957162824365,3.334154420345
    ));
#2340 = CARTESIAN_POINT('',(1.685369181845,2.919145052466,3.49988421619)
  );
#2341 = CARTESIAN_POINT('',(1.751121254999,3.033030983872,3.666702993561
    ));
#2342 = CARTESIAN_POINT('',(1.900689330753,3.292090490268,3.832344983253
    ));
#2343 = CARTESIAN_POINT('',(2.016906228937,3.493384062621,3.999999999629
    ));
#2344 = CARTESIAN_POINT('',(2.188390619073,3.790403739041,4.167655018238
    ));
#2345 = CARTESIAN_POINT('',(2.130840268977,3.690723608682,4.333297001163
    ));
#2346 = CARTESIAN_POINT('',(2.1880576071,3.789826945386,4.500115803424)
  );
#2347 = CARTESIAN_POINT('',(2.01741619088,3.494267342616,4.665845506737)
  );
#2348 = CARTESIAN_POINT('',(1.901650427091,3.293755157956,4.833154584436
    ));
#2349 = CARTESIAN_POINT('',(1.751072358081,3.032946291925,4.999998997659
    ));
#2350 = CARTESIAN_POINT('',(1.685442926933,2.919272782707,5.166849430487
    ));
#2351 = CARTESIAN_POINT('',(1.707072683256,2.956736619605,5.334140349441
    ));
#2352 = CARTESIAN_POINT('',(1.686295877868,2.920750137085,5.499937207133
    ));
#2353 = CARTESIAN_POINT('',(1.747665296483,3.027045088042,5.666505372662
    ));
#2354 = CARTESIAN_POINT('',(1.913517906496,3.314310235586,5.833078555327
    ));
#2355 = CARTESIAN_POINT('',(1.950937029788,3.379122057231,5.942735729628
    ));
#2356 = CARTESIAN_POINT('',(2.026086956522,3.509285549248,6.));
#2357 = CARTESIAN_POINT('',(1.375996515504,3.321949449508,-1.));
#2358 = CARTESIAN_POINT('',(1.344040129647,3.24479990918,-0.945915960696
    ));
#2359 = CARTESIAN_POINT('',(1.281056175678,3.092743193571,
    -0.832465754706));
#2360 = CARTESIAN_POINT('',(1.306877411024,3.155081170031,
    -0.666031992455));
#2361 = CARTESIAN_POINT('',(1.298367137273,3.134535551751,
    -0.500065658372));
#2362 = CARTESIAN_POINT('',(1.306369958091,3.153856070299,
    -0.333310426054));
#2363 = CARTESIAN_POINT('',(1.43205982381,3.457298248771,-0.167651462254
    ));
#2364 = CARTESIAN_POINT('',(1.518364407306,3.665655944743,
    -9.481367651137E-07));
#2365 = CARTESIAN_POINT('',(1.649082949272,3.981238421611,0.167655273713
    ));
#2366 = CARTESIAN_POINT('',(1.640152844661,3.959679241946,0.333296937213
    ));
#2367 = CARTESIAN_POINT('',(1.663526562282,4.016108388029,0.500115802373
    ));
#2368 = CARTESIAN_POINT('',(1.579212302841,3.812555759385,0.665845574726
    ));
#2369 = CARTESIAN_POINT('',(1.475468305603,3.562095594239,0.833154316416
    ));
#2370 = CARTESIAN_POINT('',(1.374820402882,3.319110062466,0.999999999649
    ));
#2371 = CARTESIAN_POINT('',(1.281235697795,3.093176598213,1.16684568499)
  );
#2372 = CARTESIAN_POINT('',(1.306828809303,3.154963835119,1.334154420322
    ));
#2373 = CARTESIAN_POINT('',(1.298380206027,3.134567102507,1.499884216189
    ));
#2374 = CARTESIAN_POINT('',(1.306366459309,3.153847623494,1.666702993586
    ));
#2375 = CARTESIAN_POINT('',(1.432060750566,3.45730048616,1.832344983153)
  );
#2376 = CARTESIAN_POINT('',(1.518364160107,3.665655347952,2.));
#2377 = CARTESIAN_POINT('',(1.649083016242,3.981238583291,2.167655016847
    ));
#2378 = CARTESIAN_POINT('',(1.64015282662,3.95967919839,2.333297006412)
  );
#2379 = CARTESIAN_POINT('',(1.66352656712,4.016108399708,2.500115783817)
  );
#2380 = CARTESIAN_POINT('',(1.579212301556,3.812555756284,2.665845579653
    ));
#2381 = CARTESIAN_POINT('',(1.475468305945,3.562095595064,2.833154315104
    ));
#2382 = CARTESIAN_POINT('',(1.374820402793,3.319110062249,3.));
#2383 = CARTESIAN_POINT('',(1.281235697813,3.093176598256,3.166845684896
    ));
#2384 = CARTESIAN_POINT('',(1.306828809322,3.154963835166,3.334154420345
    ));
#2385 = CARTESIAN_POINT('',(1.298380205931,3.134567102275,3.49988421619)
  );
#2386 = CARTESIAN_POINT('',(1.306366459673,3.153847624373,3.666702993561
    ));
#2387 = CARTESIAN_POINT('',(1.432060749214,3.457300482894,3.832344983253
    ));
#2388 = CARTESIAN_POINT('',(1.518364165101,3.665655360007,3.999999999629
    ));
#2389 = CARTESIAN_POINT('',(1.649082997522,3.981238538096,4.167655018238
    ));
#2390 = CARTESIAN_POINT('',(1.640152897296,3.959679369017,4.333297001163
    ));
#2391 = CARTESIAN_POINT('',(1.663526303128,4.016107762377,4.500115803424
    ));
#2392 = CARTESIAN_POINT('',(1.57921328332,3.812558126471,4.665845506737)
  );
#2393 = CARTESIAN_POINT('',(1.475464679565,3.56208684021,4.833154584436)
  );
#2394 = CARTESIAN_POINT('',(1.374833898656,3.319142644144,4.999998997659
    ));
#2395 = CARTESIAN_POINT('',(1.2811852659,3.093054844855,5.166849430487)
  );
#2396 = CARTESIAN_POINT('',(1.307018264794,3.155421221107,5.334140349441
    ));
#2397 = CARTESIAN_POINT('',(1.29766671774,3.132844589509,5.499937207133)
  );
#2398 = CARTESIAN_POINT('',(1.309027295082,3.160271448925,5.666505372662
    ));
#2399 = CARTESIAN_POINT('',(1.422183683722,3.433455138831,5.833078555327
    ));
#2400 = CARTESIAN_POINT('',(1.510755797236,3.647287132128,5.942735729628
    ));
#2401 = CARTESIAN_POINT('',(1.52574220643,3.683467527447,6.));
#2402 = ADVANCED_FACE('',(#2403),#2456,.F.);
#2403 = FACE_BOUND('',#2404,.F.);
#2404 = EDGE_LOOP('',(#2405,#2406,#2407,#2455));
#2405 = ORIENTED_EDGE('',*,*,#2263,.F.);
#2406 = ORIENTED_EDGE('',*,*,#552,.F.);
#2407 = ORIENTED_EDGE('',*,*,#2408,.T.);
#2408 = EDGE_CURVE('',#543,#1058,#2409,.T.);
#2409 = ( BOUNDED_CURVE() B_SPLINE_CURVE(3,(#2410,#2411,#2412,#2413,
    #2414,#2415,#2416,#2417,#2418,#2419,#2420,#2421,#2422,#2423,#2424,
    #2425,#2426,#2427,#2428,#2429,#2430,#2431,#2432,#2433,#2434,#2435,
    #2436,#2437,#2438,#2439,#2440,#2441,#2442,#2443,#2444,#2445,#2446,
    #2447,#2448,#2449,#2450,#2451,#2452,#2453,#2454),.UNSPECIFIED.,.F.,
.F.) B_SPLINE_CURVE_WITH_KNOTS((4,1,1,1,1,1,1,1,1,1,1,1,1,1,1,1,1,1,1,1,
    1,1,1,1,1,1,1,1,1,1,1,1,1,1,1,1,1,1,1,1,1,1,4),(0.,
    2.367208350872E-02,4.740980147591E-02,7.134334288179E-02,
    9.527688428768E-02,0.119185059348,0.142857142857,0.166529226366,
    0.190437401427,0.214370942832,0.238304484238,0.262042202206,
    0.285714285714,0.309386369223,0.33312408719,0.357057628596,
    0.380991170002,0.404899345063,0.428571428571,0.45224351208,
    0.476151687141,0.500085228547,0.524018769953,0.54775648792,
    0.571428571429,0.595100654937,0.618838372904,0.64277191431,
    0.666705455716,0.690613630777,0.714285714286,0.737957797794,
    0.761865972855,0.785799514261,0.809733055667,0.833470773634,
    0.857142857143,0.880814940652,0.904552658619,0.928486200025,
0.952419741431,0.976327916491,1.),.UNSPECIFIED.) CURVE() 
GEOMETRIC_REPRESENTATION_ITEM() RATIONAL_B_SPLINE_CURVE((1.,
    1.000000000024,0.999999999989,1.000000000003,0.999999999999,1.,1.,1.
    ,1.,1.,1.,1.,1.,1.,1.,1.,1.,1.,1.,1.,1.,1.,1.,1.,1.,1.,1.,1.,1.,1.,
    1.,1.,1.,1.,1.,1.,1.,1.,1.,1.,1.000000000002,0.999999999993,
1.000000000024,0.999999999948,1.)) REPRESENTATION_ITEM('') );
#2410 = CARTESIAN_POINT('',(0.947502765114,3.536128459719,-1.));
#2411 = CARTESIAN_POINT('',(0.944392392177,3.524520389799,
    -0.945915960696));
#2412 = CARTESIAN_POINT('',(0.850415223949,3.173792823349,
    -0.832465754706));
#2413 = CARTESIAN_POINT('',(0.88669238419,3.30918102847,-0.666031992455)
  );
#2414 = CARTESIAN_POINT('',(0.883071659426,3.295668299705,
    -0.500065658372));
#2415 = CARTESIAN_POINT('',(0.860927422381,3.213024881956,
    -0.333310426054));
#2416 = CARTESIAN_POINT('',(0.952737454539,3.555664586612,
    -0.167651462254));
#2417 = CARTESIAN_POINT('',(1.011366826746,3.774472382506,
    -9.481367651137E-07));
#2418 = CARTESIAN_POINT('',(1.091992784493,4.075372553227,0.167655273713
    ));
#2419 = CARTESIAN_POINT('',(1.117130540755,4.169187936785,0.333296937213
    ));
#2420 = CARTESIAN_POINT('',(1.117130619425,4.169188230387,0.500115802373
    ));
#2421 = CARTESIAN_POINT('',(1.091947216305,4.075202490434,0.665845574726
    ));
#2422 = CARTESIAN_POINT('',(1.011403104957,3.774607774631,0.833154316416
    ));
#2423 = CARTESIAN_POINT('',(0.953233398351,3.557515474116,0.999999999649
    ));
#2424 = CARTESIAN_POINT('',(0.86064811422,3.211982489706,1.16684568499)
  );
#2425 = CARTESIAN_POINT('',(0.883922050969,3.298842004147,1.334154420322
    ));
#2426 = CARTESIAN_POINT('',(0.883816587809,3.298448410277,1.499884216189
    ));
#2427 = CARTESIAN_POINT('',(0.860727989288,3.21228058752,1.666702993586)
  );
#2428 = CARTESIAN_POINT('',(0.952790280351,3.555861735229,1.832344983153
    ));
#2429 = CARTESIAN_POINT('',(1.011352736218,3.774419795941,2.));
#2430 = CARTESIAN_POINT('',(1.091996601852,4.075386799805,2.167655016847
    ));
#2431 = CARTESIAN_POINT('',(1.117129512376,4.169184098823,2.333297006412
    ));
#2432 = CARTESIAN_POINT('',(1.117130895179,4.169189259514,2.500115783817
    ));
#2433 = CARTESIAN_POINT('',(1.091947143083,4.075202217166,2.665845579653
    ));
#2434 = CARTESIAN_POINT('',(1.011403124447,3.77460784737,2.833154315104)
  );
#2435 = CARTESIAN_POINT('',(0.953233393138,3.557515454664,3.));
#2436 = CARTESIAN_POINT('',(0.860648115607,3.211982494885,3.166845684896
    ));
#2437 = CARTESIAN_POINT('',(0.883922050641,3.298842002923,3.334154420345
    ));
#2438 = CARTESIAN_POINT('',(0.883816587718,3.298448409935,3.49988421619)
  );
#2439 = CARTESIAN_POINT('',(0.860727989983,3.212280590114,3.666702993561
    ));
#2440 = CARTESIAN_POINT('',(0.952790277677,3.555861725249,3.832344983253
    ));
#2441 = CARTESIAN_POINT('',(1.011352746115,3.774419832874,3.999999999629
    ));
#2442 = CARTESIAN_POINT('',(1.091996564745,4.075386661318,4.167655018238
    ));
#2443 = CARTESIAN_POINT('',(1.11712965247,4.169184621659,4.333297001163)
  );
#2444 = CARTESIAN_POINT('',(1.117130371897,4.169187306598,4.500115803424
    ));
#2445 = CARTESIAN_POINT('',(1.091949089131,4.075209479917,4.665845506737
    ));
#2446 = CARTESIAN_POINT('',(1.011395936251,3.774581020656,4.833154584436
    ));
#2447 = CARTESIAN_POINT('',(0.95326014459,3.557615292443,4.999998997659)
  );
#2448 = CARTESIAN_POINT('',(0.860548149651,3.211609416853,5.166849430487
    ));
#2449 = CARTESIAN_POINT('',(0.884297588597,3.300243529665,5.334140349441
    ));
#2450 = CARTESIAN_POINT('',(0.882402313982,3.293170268463,5.499937207133
    ));
#2451 = CARTESIAN_POINT('',(0.866002288395,3.23196453989,5.666505372662)
  );
#2452 = CARTESIAN_POINT('',(0.933211993858,3.48279457483,5.833078555327)
  );
#2453 = CARTESIAN_POINT('',(1.033649821039,3.857633650381,5.942735729628
    ));
#2454 = CARTESIAN_POINT('',(1.01502077688,3.788109110055,6.));
#2455 = ORIENTED_EDGE('',*,*,#1067,.T.);
#2456 = ( BOUNDED_SURFACE() B_SPLINE_SURFACE(1,3,(
    (#2457,#2458,#2459,#2460,#2461,#2462,#2463,#2464,#2465,#2466,#2467
      ,#2468,#2469,#2470,#2471,#2472,#2473,#2474,#2475,#2476,#2477,#2478
      ,#2479,#2480,#2481,#2482,#2483,#2484,#2485,#2486,#2487,#2488,#2489
      ,#2490,#2491,#2492,#2493,#2494,#2495,#2496,#2497,#2498,#2499,#2500
      ,#2501)
    ,(#2502,#2503,#2504,#2505,#2506,#2507,#2508,#2509,#2510,#2511,#2512
      ,#2513,#2514,#2515,#2516,#2517,#2518,#2519,#2520,#2521,#2522,#2523
      ,#2524,#2525,#2526,#2527,#2528,#2529,#2530,#2531,#2532,#2533,#2534
      ,#2535,#2536,#2537,#2538,#2539,#2540,#2541,#2542,#2543,#2544,#2545
,#2546
    )),.UNSPECIFIED.,.F.,.F.,.F.) B_SPLINE_SURFACE_WITH_KNOTS((2,2),(4,1
    ,1,1,1,1,1,1,1,1,1,1,1,1,1,1,1,1,1,1,1,1,1,1,1,1,1,1,1,1,1,1,1,1,1,1
    ,1,1,1,1,1,1,4),(9.,10.),(0.,2.367208350872E-02,4.740980147591E-02,
    7.134334288179E-02,9.527688428768E-02,0.119185059348,0.142857142857,
    0.166529226366,0.190437401427,0.214370942832,0.238304484238,
    0.262042202206,0.285714285714,0.309386369223,0.33312408719,
    0.357057628596,0.380991170002,0.404899345063,0.428571428571,
    0.45224351208,0.476151687141,0.500085228547,0.524018769953,
    0.54775648792,0.571428571429,0.595100654937,0.618838372904,
    0.64277191431,0.666705455716,0.690613630777,0.714285714286,
    0.737957797794,0.761865972855,0.785799514261,0.809733055667,
    0.833470773634,0.857142857143,0.880814940652,0.904552658619,
    0.928486200025,0.952419741431,0.976327916491,1.),.UNSPECIFIED.) 
GEOMETRIC_REPRESENTATION_ITEM() RATIONAL_B_SPLINE_SURFACE((
    (1.,1.000000000024,0.999999999989,1.000000000003,0.999999999999,1.
      ,1.,1.,1.,1.,1.,1.,1.,1.,1.,1.,1.,1.,1.,1.,1.,1.,1.,1.,1.,1.,1.,1.
      ,1.,1.,1.,1.,1.,1.,1.,1.,1.,1.,1.,1.,1.000000000002,0.999999999993
      ,1.000000000024,0.999999999948,1.)
    ,(1.,1.000000000024,0.999999999989,1.000000000003,0.999999999999,1.
      ,1.,1.,1.,1.,1.,1.,1.,1.,1.,1.,1.,1.,1.,1.,1.,1.,1.,1.,1.,1.,1.,1.
      ,1.,1.,1.,1.,1.,1.,1.,1.,1.,1.,1.,1.,1.000000000002,0.999999999993
,1.000000000024,0.999999999948,1.
  ))) REPRESENTATION_ITEM('') SURFACE() );
#2457 = CARTESIAN_POINT('',(1.375996515504,3.321949449508,-1.));
#2458 = CARTESIAN_POINT('',(1.344040129647,3.24479990918,-0.945915960696
    ));
#2459 = CARTESIAN_POINT('',(1.281056175678,3.092743193571,
    -0.832465754706));
#2460 = CARTESIAN_POINT('',(1.306877411024,3.155081170031,
    -0.666031992455));
#2461 = CARTESIAN_POINT('',(1.298367137273,3.134535551751,
    -0.500065658372));
#2462 = CARTESIAN_POINT('',(1.306369958091,3.153856070299,
    -0.333310426054));
#2463 = CARTESIAN_POINT('',(1.43205982381,3.457298248771,-0.167651462254
    ));
#2464 = CARTESIAN_POINT('',(1.518364407306,3.665655944743,
    -9.481367651137E-07));
#2465 = CARTESIAN_POINT('',(1.649082949272,3.981238421611,0.167655273713
    ));
#2466 = CARTESIAN_POINT('',(1.640152844661,3.959679241946,0.333296937213
    ));
#2467 = CARTESIAN_POINT('',(1.663526562282,4.016108388029,0.500115802373
    ));
#2468 = CARTESIAN_POINT('',(1.579212302841,3.812555759385,0.665845574726
    ));
#2469 = CARTESIAN_POINT('',(1.475468305603,3.562095594239,0.833154316416
    ));
#2470 = CARTESIAN_POINT('',(1.374820402882,3.319110062466,0.999999999649
    ));
#2471 = CARTESIAN_POINT('',(1.281235697795,3.093176598213,1.16684568499)
  );
#2472 = CARTESIAN_POINT('',(1.306828809303,3.154963835119,1.334154420322
    ));
#2473 = CARTESIAN_POINT('',(1.298380206027,3.134567102507,1.499884216189
    ));
#2474 = CARTESIAN_POINT('',(1.306366459309,3.153847623494,1.666702993586
    ));
#2475 = CARTESIAN_POINT('',(1.432060750566,3.45730048616,1.832344983153)
  );
#2476 = CARTESIAN_POINT('',(1.518364160107,3.665655347952,2.));
#2477 = CARTESIAN_POINT('',(1.649083016242,3.981238583291,2.167655016847
    ));
#2478 = CARTESIAN_POINT('',(1.64015282662,3.95967919839,2.333297006412)
  );
#2479 = CARTESIAN_POINT('',(1.66352656712,4.016108399708,2.500115783817)
  );
#2480 = CARTESIAN_POINT('',(1.579212301556,3.812555756284,2.665845579653
    ));
#2481 = CARTESIAN_POINT('',(1.475468305945,3.562095595064,2.833154315104
    ));
#2482 = CARTESIAN_POINT('',(1.374820402793,3.319110062249,3.));
#2483 = CARTESIAN_POINT('',(1.281235697813,3.093176598256,3.166845684896
    ));
#2484 = CARTESIAN_POINT('',(1.306828809322,3.154963835166,3.334154420345
    ));
#2485 = CARTESIAN_POINT('',(1.298380205931,3.134567102275,3.49988421619)
  );
#2486 = CARTESIAN_POINT('',(1.306366459673,3.153847624373,3.666702993561
    ));
#2487 = CARTESIAN_POINT('',(1.432060749214,3.457300482894,3.832344983253
    ));
#2488 = CARTESIAN_POINT('',(1.518364165101,3.665655360007,3.999999999629
    ));
#2489 = CARTESIAN_POINT('',(1.649082997522,3.981238538096,4.167655018238
    ));
#2490 = CARTESIAN_POINT('',(1.640152897296,3.959679369017,4.333297001163
    ));
#2491 = CARTESIAN_POINT('',(1.663526303128,4.016107762377,4.500115803424
    ));
#2492 = CARTESIAN_POINT('',(1.57921328332,3.812558126471,4.665845506737)
  );
#2493 = CARTESIAN_POINT('',(1.475464679565,3.56208684021,4.833154584436)
  );
#2494 = CARTESIAN_POINT('',(1.374833898656,3.319142644144,4.999998997659
    ));
#2495 = CARTESIAN_POINT('',(1.2811852659,3.093054844855,5.166849430487)
  );
#2496 = CARTESIAN_POINT('',(1.307018264794,3.155421221107,5.334140349441
    ));
#2497 = CARTESIAN_POINT('',(1.29766671774,3.132844589509,5.499937207133)
  );
#2498 = CARTESIAN_POINT('',(1.309027295082,3.160271448925,5.666505372662
    ));
#2499 = CARTESIAN_POINT('',(1.422183683722,3.433455138831,5.833078555327
    ));
#2500 = CARTESIAN_POINT('',(1.510755797236,3.647287132128,5.942735729628
    ));
#2501 = CARTESIAN_POINT('',(1.52574220643,3.683467527447,6.));
#2502 = CARTESIAN_POINT('',(0.947502765114,3.536128459719,-1.));
#2503 = CARTESIAN_POINT('',(0.944392392177,3.524520389799,
    -0.945915960696));
#2504 = CARTESIAN_POINT('',(0.850415223949,3.173792823349,
    -0.832465754706));
#2505 = CARTESIAN_POINT('',(0.88669238419,3.30918102847,-0.666031992455)
  );
#2506 = CARTESIAN_POINT('',(0.883071659426,3.295668299705,
    -0.500065658372));
#2507 = CARTESIAN_POINT('',(0.860927422381,3.213024881956,
    -0.333310426054));
#2508 = CARTESIAN_POINT('',(0.952737454539,3.555664586612,
    -0.167651462254));
#2509 = CARTESIAN_POINT('',(1.011366826746,3.774472382506,
    -9.481367651137E-07));
#2510 = CARTESIAN_POINT('',(1.091992784493,4.075372553227,0.167655273713
    ));
#2511 = CARTESIAN_POINT('',(1.117130540755,4.169187936785,0.333296937213
    ));
#2512 = CARTESIAN_POINT('',(1.117130619425,4.169188230387,0.500115802373
    ));
#2513 = CARTESIAN_POINT('',(1.091947216305,4.075202490434,0.665845574726
    ));
#2514 = CARTESIAN_POINT('',(1.011403104957,3.774607774631,0.833154316416
    ));
#2515 = CARTESIAN_POINT('',(0.953233398351,3.557515474116,0.999999999649
    ));
#2516 = CARTESIAN_POINT('',(0.86064811422,3.211982489706,1.16684568499)
  );
#2517 = CARTESIAN_POINT('',(0.883922050969,3.298842004147,1.334154420322
    ));
#2518 = CARTESIAN_POINT('',(0.883816587809,3.298448410277,1.499884216189
    ));
#2519 = CARTESIAN_POINT('',(0.860727989288,3.21228058752,1.666702993586)
  );
#2520 = CARTESIAN_POINT('',(0.952790280351,3.555861735229,1.832344983153
    ));
#2521 = CARTESIAN_POINT('',(1.011352736218,3.774419795941,2.));
#2522 = CARTESIAN_POINT('',(1.091996601852,4.075386799805,2.167655016847
    ));
#2523 = CARTESIAN_POINT('',(1.117129512376,4.169184098823,2.333297006412
    ));
#2524 = CARTESIAN_POINT('',(1.117130895179,4.169189259514,2.500115783817
    ));
#2525 = CARTESIAN_POINT('',(1.091947143083,4.075202217166,2.665845579653
    ));
#2526 = CARTESIAN_POINT('',(1.011403124447,3.77460784737,2.833154315104)
  );
#2527 = CARTESIAN_POINT('',(0.953233393138,3.557515454664,3.));
#2528 = CARTESIAN_POINT('',(0.860648115607,3.211982494885,3.166845684896
    ));
#2529 = CARTESIAN_POINT('',(0.883922050641,3.298842002923,3.334154420345
    ));
#2530 = CARTESIAN_POINT('',(0.883816587718,3.298448409935,3.49988421619)
  );
#2531 = CARTESIAN_POINT('',(0.860727989983,3.212280590114,3.666702993561
    ));
#2532 = CARTESIAN_POINT('',(0.952790277677,3.555861725249,3.832344983253
    ));
#2533 = CARTESIAN_POINT('',(1.011352746115,3.774419832874,3.999999999629
    ));
#2534 = CARTESIAN_POINT('',(1.091996564745,4.075386661318,4.167655018238
    ));
#2535 = CARTESIAN_POINT('',(1.11712965247,4.169184621659,4.333297001163)
  );
#2536 = CARTESIAN_POINT('',(1.117130371897,4.169187306598,4.500115803424
    ));
#2537 = CARTESIAN_POINT('',(1.091949089131,4.075209479917,4.665845506737
    ));
#2538 = CARTESIAN_POINT('',(1.011395936251,3.774581020656,4.833154584436
    ));
#2539 = CARTESIAN_POINT('',(0.95326014459,3.557615292443,4.999998997659)
  );
#2540 = CARTESIAN_POINT('',(0.860548149651,3.211609416853,5.166849430487
    ));
#2541 = CARTESIAN_POINT('',(0.884297588597,3.300243529665,5.334140349441
    ));
#2542 = CARTESIAN_POINT('',(0.882402313982,3.293170268463,5.499937207133
    ));
#2543 = CARTESIAN_POINT('',(0.866002288395,3.23196453989,5.666505372662)
  );
#2544 = CARTESIAN_POINT('',(0.933211993858,3.48279457483,5.833078555327)
  );
#2545 = CARTESIAN_POINT('',(1.033649821039,3.857633650381,5.942735729628
    ));
#2546 = CARTESIAN_POINT('',(1.01502077688,3.788109110055,6.));
#2547 = ADVANCED_FACE('',(#2548),#2601,.F.);
#2548 = FACE_BOUND('',#2549,.F.);
#2549 = EDGE_LOOP('',(#2550,#2551,#2552,#2600));
#2550 = ORIENTED_EDGE('',*,*,#2408,.F.);
#2551 = ORIENTED_EDGE('',*,*,#542,.F.);
#2552 = ORIENTED_EDGE('',*,*,#2553,.T.);
#2553 = EDGE_CURVE('',#533,#1048,#2554,.T.);
#2554 = ( BOUNDED_CURVE() B_SPLINE_CURVE(3,(#2555,#2556,#2557,#2558,
    #2559,#2560,#2561,#2562,#2563,#2564,#2565,#2566,#2567,#2568,#2569,
    #2570,#2571,#2572,#2573,#2574,#2575,#2576,#2577,#2578,#2579,#2580,
    #2581,#2582,#2583,#2584,#2585,#2586,#2587,#2588,#2589,#2590,#2591,
    #2592,#2593,#2594,#2595,#2596,#2597,#2598,#2599),.UNSPECIFIED.,.F.,
.F.) B_SPLINE_CURVE_WITH_KNOTS((4,1,1,1,1,1,1,1,1,1,1,1,1,1,1,1,1,1,1,1,
    1,1,1,1,1,1,1,1,1,1,1,1,1,1,1,1,1,1,1,1,1,1,4),(0.,
    2.367208350872E-02,4.740980147591E-02,7.134334288179E-02,
    9.527688428768E-02,0.119185059348,0.142857142857,0.166529226366,
    0.190437401427,0.214370942832,0.238304484238,0.262042202206,
    0.285714285714,0.309386369223,0.33312408719,0.357057628596,
    0.380991170002,0.404899345063,0.428571428571,0.45224351208,
    0.476151687141,0.500085228547,0.524018769953,0.54775648792,
    0.571428571429,0.595100654937,0.618838372904,0.64277191431,
    0.666705455716,0.690613630777,0.714285714286,0.737957797794,
    0.761865972855,0.785799514261,0.809733055667,0.833470773634,
    0.857142857143,0.880814940652,0.904552658619,0.928486200025,
0.952419741431,0.976327916491,1.),.UNSPECIFIED.) CURVE() 
GEOMETRIC_REPRESENTATION_ITEM() RATIONAL_B_SPLINE_CURVE((1.,
    1.000000000024,0.999999999989,1.000000000003,0.999999999999,1.,1.,1.
    ,1.,1.,1.,1.,1.,1.,1.,1.,1.,1.,1.,1.,1.,1.,1.,1.,1.,1.,1.,1.,1.,1.,
    1.,1.,1.,1.,1.,1.,1.,1.,1.,1.,1.000000000002,0.999999999993,
1.000000000024,0.999999999948,1.)) REPRESENTATION_ITEM('') );
#2555 = CARTESIAN_POINT('',(0.486351942316,3.694209766075,-1.));
#2556 = CARTESIAN_POINT('',(0.487661192532,3.704154508694,
    -0.945915960696));
#2557 = CARTESIAN_POINT('',(0.439311699417,3.336903647662,
    -0.832465754706));
#2558 = CARTESIAN_POINT('',(0.444557385025,3.376748585637,
    -0.666031992455));
#2559 = CARTESIAN_POINT('',(0.4452550569,3.38204792966,-0.500065658372)
  );
#2560 = CARTESIAN_POINT('',(0.437161477026,3.320571087041,
    -0.333310426054));
#2561 = CARTESIAN_POINT('',(0.468700082486,3.560130579179,
    -0.167651462254));
#2562 = CARTESIAN_POINT('',(0.503222867293,3.822357163856,
    -9.481367651137E-07));
#2563 = CARTESIAN_POINT('',(0.538674111689,4.091636099279,0.167655273713
    ));
#2564 = CARTESIAN_POINT('',(0.567398529747,4.309819715883,0.333296937213
    ));
#2565 = CARTESIAN_POINT('',(0.559428169663,4.249278820493,0.500115802373
    ));
#2566 = CARTESIAN_POINT('',(0.562453460537,4.272258186092,0.665845574726
    ));
#2567 = CARTESIAN_POINT('',(0.51791407802,3.933947988161,0.833154316416)
  );
#2568 = CARTESIAN_POINT('',(0.488663913839,3.711770933282,0.999999999649
    ));
#2569 = CARTESIAN_POINT('',(0.445529099931,3.384129493139,1.16684568499)
  );
#2570 = CARTESIAN_POINT('',(0.442874158612,3.363963211695,1.334154420322
    ));
#2571 = CARTESIAN_POINT('',(0.445707667843,3.385485851088,1.499884216189
    ));
#2572 = CARTESIAN_POINT('',(0.437040303498,3.319650682718,1.666702993586
    ));
#2573 = CARTESIAN_POINT('',(0.468732178915,3.560374375762,1.832344983153
    ));
#2574 = CARTESIAN_POINT('',(0.503214306031,3.822292134616,2.));
#2575 = CARTESIAN_POINT('',(0.538676431078,4.091653716786,2.167655016847
    ));
#2576 = CARTESIAN_POINT('',(0.567397904915,4.309814969809,2.333297006412
    ));
#2577 = CARTESIAN_POINT('',(0.559428337208,4.249280093126,2.500115783817
    ));
#2578 = CARTESIAN_POINT('',(0.562453416048,4.272257848165,2.665845579653
    ));
#2579 = CARTESIAN_POINT('',(0.517914089863,3.933948078112,2.833154315104
    ));
#2580 = CARTESIAN_POINT('',(0.488663910671,3.711770909222,3.));
#2581 = CARTESIAN_POINT('',(0.445529100776,3.384129499561,3.166845684896
    ));
#2582 = CARTESIAN_POINT('',(0.442874158404,3.363963210116,3.334154420345
    ));
#2583 = CARTESIAN_POINT('',(0.445707667819,3.385485850909,3.49988421619)
  );
#2584 = CARTESIAN_POINT('',(0.4370403038,3.319650685018,3.666702993561)
  );
#2585 = CARTESIAN_POINT('',(0.468732177734,3.56037436679,3.832344983253)
  );
#2586 = CARTESIAN_POINT('',(0.503214310406,3.822292167846,3.999999999629
    ));
#2587 = CARTESIAN_POINT('',(0.538676414672,4.091653592172,4.167655018238
    ));
#2588 = CARTESIAN_POINT('',(0.567397966852,4.309815440271,4.333297001163
    ));
#2589 = CARTESIAN_POINT('',(0.559428105857,4.249278335838,4.500115803424
    ));
#2590 = CARTESIAN_POINT('',(0.562454276427,4.27226438339,4.665845506737)
  );
#2591 = CARTESIAN_POINT('',(0.517910911848,3.933923938693,4.833154584436
    ));
#2592 = CARTESIAN_POINT('',(0.48867573791,3.71186074602,4.999998997659)
  );
#2593 = CARTESIAN_POINT('',(0.445484904251,3.383793793619,5.166849430487
    ));
#2594 = CARTESIAN_POINT('',(0.443040189653,3.365224342678,5.334140349441
    ));
#2595 = CARTESIAN_POINT('',(0.445082395109,3.380736433094,5.499937207133
    ));
#2596 = CARTESIAN_POINT('',(0.439372154259,3.33736284795,5.666505372662)
  );
#2597 = CARTESIAN_POINT('',(0.460076309873,3.494626522078,5.833078555327
    ));
#2598 = CARTESIAN_POINT('',(0.510218106239,3.875491280572,5.942735729628
    ));
#2599 = CARTESIAN_POINT('',(0.503377097823,3.823528661037,6.));
#2600 = ORIENTED_EDGE('',*,*,#1057,.T.);
#2601 = ( BOUNDED_SURFACE() B_SPLINE_SURFACE(1,3,(
    (#2602,#2603,#2604,#2605,#2606,#2607,#2608,#2609,#2610,#2611,#2612
      ,#2613,#2614,#2615,#2616,#2617,#2618,#2619,#2620,#2621,#2622,#2623
      ,#2624,#2625,#2626,#2627,#2628,#2629,#2630,#2631,#2632,#2633,#2634
      ,#2635,#2636,#2637,#2638,#2639,#2640,#2641,#2642,#2643,#2644,#2645
      ,#2646)
    ,(#2647,#2648,#2649,#2650,#2651,#2652,#2653,#2654,#2655,#2656,#2657
      ,#2658,#2659,#2660,#2661,#2662,#2663,#2664,#2665,#2666,#2667,#2668
      ,#2669,#2670,#2671,#2672,#2673,#2674,#2675,#2676,#2677,#2678,#2679
      ,#2680,#2681,#2682,#2683,#2684,#2685,#2686,#2687,#2688,#2689,#2690
,#2691
    )),.UNSPECIFIED.,.F.,.F.,.F.) B_SPLINE_SURFACE_WITH_KNOTS((2,2),(4,1
    ,1,1,1,1,1,1,1,1,1,1,1,1,1,1,1,1,1,1,1,1,1,1,1,1,1,1,1,1,1,1,1,1,1,1
    ,1,1,1,1,1,1,4),(10.,11.),(0.,2.367208350872E-02,4.740980147591E-02,
    7.134334288179E-02,9.527688428768E-02,0.119185059348,0.142857142857,
    0.166529226366,0.190437401427,0.214370942832,0.238304484238,
    0.262042202206,0.285714285714,0.309386369223,0.33312408719,
    0.357057628596,0.380991170002,0.404899345063,0.428571428571,
    0.45224351208,0.476151687141,0.500085228547,0.524018769953,
    0.54775648792,0.571428571429,0.595100654937,0.618838372904,
    0.64277191431,0.666705455716,0.690613630777,0.714285714286,
    0.737957797794,0.761865972855,0.785799514261,0.809733055667,
    0.833470773634,0.857142857143,0.880814940652,0.904552658619,
    0.928486200025,0.952419741431,0.976327916491,1.),.UNSPECIFIED.) 
GEOMETRIC_REPRESENTATION_ITEM() RATIONAL_B_SPLINE_SURFACE((
    (1.,1.000000000024,0.999999999989,1.000000000003,0.999999999999,1.
      ,1.,1.,1.,1.,1.,1.,1.,1.,1.,1.,1.,1.,1.,1.,1.,1.,1.,1.,1.,1.,1.,1.
      ,1.,1.,1.,1.,1.,1.,1.,1.,1.,1.,1.,1.,1.000000000002,0.999999999993
      ,1.000000000024,0.999999999948,1.)
    ,(1.,1.000000000024,0.999999999989,1.000000000003,0.999999999999,1.
      ,1.,1.,1.,1.,1.,1.,1.,1.,1.,1.,1.,1.,1.,1.,1.,1.,1.,1.,1.,1.,1.,1.
      ,1.,1.,1.,1.,1.,1.,1.,1.,1.,1.,1.,1.,1.000000000002,0.999999999993
,1.000000000024,0.999999999948,1.
  ))) REPRESENTATION_ITEM('') SURFACE() );
#2602 = CARTESIAN_POINT('',(0.947502765114,3.536128459719,-1.));
#2603 = CARTESIAN_POINT('',(0.944392392177,3.524520389799,
    -0.945915960696));
#2604 = CARTESIAN_POINT('',(0.850415223949,3.173792823349,
    -0.832465754706));
#2605 = CARTESIAN_POINT('',(0.88669238419,3.30918102847,-0.666031992455)
  );
#2606 = CARTESIAN_POINT('',(0.883071659426,3.295668299705,
    -0.500065658372));
#2607 = CARTESIAN_POINT('',(0.860927422381,3.213024881956,
    -0.333310426054));
#2608 = CARTESIAN_POINT('',(0.952737454539,3.555664586612,
    -0.167651462254));
#2609 = CARTESIAN_POINT('',(1.011366826746,3.774472382506,
    -9.481367651137E-07));
#2610 = CARTESIAN_POINT('',(1.091992784493,4.075372553227,0.167655273713
    ));
#2611 = CARTESIAN_POINT('',(1.117130540755,4.169187936785,0.333296937213
    ));
#2612 = CARTESIAN_POINT('',(1.117130619425,4.169188230387,0.500115802373
    ));
#2613 = CARTESIAN_POINT('',(1.091947216305,4.075202490434,0.665845574726
    ));
#2614 = CARTESIAN_POINT('',(1.011403104957,3.774607774631,0.833154316416
    ));
#2615 = CARTESIAN_POINT('',(0.953233398351,3.557515474116,0.999999999649
    ));
#2616 = CARTESIAN_POINT('',(0.86064811422,3.211982489706,1.16684568499)
  );
#2617 = CARTESIAN_POINT('',(0.883922050969,3.298842004147,1.334154420322
    ));
#2618 = CARTESIAN_POINT('',(0.883816587809,3.298448410277,1.499884216189
    ));
#2619 = CARTESIAN_POINT('',(0.860727989288,3.21228058752,1.666702993586)
  );
#2620 = CARTESIAN_POINT('',(0.952790280351,3.555861735229,1.832344983153
    ));
#2621 = CARTESIAN_POINT('',(1.011352736218,3.774419795941,2.));
#2622 = CARTESIAN_POINT('',(1.091996601852,4.075386799805,2.167655016847
    ));
#2623 = CARTESIAN_POINT('',(1.117129512376,4.169184098823,2.333297006412
    ));
#2624 = CARTESIAN_POINT('',(1.117130895179,4.169189259514,2.500115783817
    ));
#2625 = CARTESIAN_POINT('',(1.091947143083,4.075202217166,2.665845579653
    ));
#2626 = CARTESIAN_POINT('',(1.011403124447,3.77460784737,2.833154315104)
  );
#2627 = CARTESIAN_POINT('',(0.953233393138,3.557515454664,3.));
#2628 = CARTESIAN_POINT('',(0.860648115607,3.211982494885,3.166845684896
    ));
#2629 = CARTESIAN_POINT('',(0.883922050641,3.298842002923,3.334154420345
    ));
#2630 = CARTESIAN_POINT('',(0.883816587718,3.298448409935,3.49988421619)
  );
#2631 = CARTESIAN_POINT('',(0.860727989983,3.212280590114,3.666702993561
    ));
#2632 = CARTESIAN_POINT('',(0.952790277677,3.555861725249,3.832344983253
    ));
#2633 = CARTESIAN_POINT('',(1.011352746115,3.774419832874,3.999999999629
    ));
#2634 = CARTESIAN_POINT('',(1.091996564745,4.075386661318,4.167655018238
    ));
#2635 = CARTESIAN_POINT('',(1.11712965247,4.169184621659,4.333297001163)
  );
#2636 = CARTESIAN_POINT('',(1.117130371897,4.169187306598,4.500115803424
    ));
#2637 = CARTESIAN_POINT('',(1.091949089131,4.075209479917,4.665845506737
    ));
#2638 = CARTESIAN_POINT('',(1.011395936251,3.774581020656,4.833154584436
    ));
#2639 = CARTESIAN_POINT('',(0.95326014459,3.557615292443,4.999998997659)
  );
#2640 = CARTESIAN_POINT('',(0.860548149651,3.211609416853,5.166849430487
    ));
#2641 = CARTESIAN_POINT('',(0.884297588597,3.300243529665,5.334140349441
    ));
#2642 = CARTESIAN_POINT('',(0.882402313982,3.293170268463,5.499937207133
    ));
#2643 = CARTESIAN_POINT('',(0.866002288395,3.23196453989,5.666505372662)
  );
#2644 = CARTESIAN_POINT('',(0.933211993858,3.48279457483,5.833078555327)
  );
#2645 = CARTESIAN_POINT('',(1.033649821039,3.857633650381,5.942735729628
    ));
#2646 = CARTESIAN_POINT('',(1.01502077688,3.788109110055,6.));
#2647 = CARTESIAN_POINT('',(0.486351942316,3.694209766075,-1.));
#2648 = CARTESIAN_POINT('',(0.487661192532,3.704154508694,
    -0.945915960696));
#2649 = CARTESIAN_POINT('',(0.439311699417,3.336903647662,
    -0.832465754706));
#2650 = CARTESIAN_POINT('',(0.444557385025,3.376748585637,
    -0.666031992455));
#2651 = CARTESIAN_POINT('',(0.4452550569,3.38204792966,-0.500065658372)
  );
#2652 = CARTESIAN_POINT('',(0.437161477026,3.320571087041,
    -0.333310426054));
#2653 = CARTESIAN_POINT('',(0.468700082486,3.560130579179,
    -0.167651462254));
#2654 = CARTESIAN_POINT('',(0.503222867293,3.822357163856,
    -9.481367651137E-07));
#2655 = CARTESIAN_POINT('',(0.538674111689,4.091636099279,0.167655273713
    ));
#2656 = CARTESIAN_POINT('',(0.567398529747,4.309819715883,0.333296937213
    ));
#2657 = CARTESIAN_POINT('',(0.559428169663,4.249278820493,0.500115802373
    ));
#2658 = CARTESIAN_POINT('',(0.562453460537,4.272258186092,0.665845574726
    ));
#2659 = CARTESIAN_POINT('',(0.51791407802,3.933947988161,0.833154316416)
  );
#2660 = CARTESIAN_POINT('',(0.488663913839,3.711770933282,0.999999999649
    ));
#2661 = CARTESIAN_POINT('',(0.445529099931,3.384129493139,1.16684568499)
  );
#2662 = CARTESIAN_POINT('',(0.442874158612,3.363963211695,1.334154420322
    ));
#2663 = CARTESIAN_POINT('',(0.445707667843,3.385485851088,1.499884216189
    ));
#2664 = CARTESIAN_POINT('',(0.437040303498,3.319650682718,1.666702993586
    ));
#2665 = CARTESIAN_POINT('',(0.468732178915,3.560374375762,1.832344983153
    ));
#2666 = CARTESIAN_POINT('',(0.503214306031,3.822292134616,2.));
#2667 = CARTESIAN_POINT('',(0.538676431078,4.091653716786,2.167655016847
    ));
#2668 = CARTESIAN_POINT('',(0.567397904915,4.309814969809,2.333297006412
    ));
#2669 = CARTESIAN_POINT('',(0.559428337208,4.249280093126,2.500115783817
    ));
#2670 = CARTESIAN_POINT('',(0.562453416048,4.272257848165,2.665845579653
    ));
#2671 = CARTESIAN_POINT('',(0.517914089863,3.933948078112,2.833154315104
    ));
#2672 = CARTESIAN_POINT('',(0.488663910671,3.711770909222,3.));
#2673 = CARTESIAN_POINT('',(0.445529100776,3.384129499561,3.166845684896
    ));
#2674 = CARTESIAN_POINT('',(0.442874158404,3.363963210116,3.334154420345
    ));
#2675 = CARTESIAN_POINT('',(0.445707667819,3.385485850909,3.49988421619)
  );
#2676 = CARTESIAN_POINT('',(0.4370403038,3.319650685018,3.666702993561)
  );
#2677 = CARTESIAN_POINT('',(0.468732177734,3.56037436679,3.832344983253)
  );
#2678 = CARTESIAN_POINT('',(0.503214310406,3.822292167846,3.999999999629
    ));
#2679 = CARTESIAN_POINT('',(0.538676414672,4.091653592172,4.167655018238
    ));
#2680 = CARTESIAN_POINT('',(0.567397966852,4.309815440271,4.333297001163
    ));
#2681 = CARTESIAN_POINT('',(0.559428105857,4.249278335838,4.500115803424
    ));
#2682 = CARTESIAN_POINT('',(0.562454276427,4.27226438339,4.665845506737)
  );
#2683 = CARTESIAN_POINT('',(0.517910911848,3.933923938693,4.833154584436
    ));
#2684 = CARTESIAN_POINT('',(0.48867573791,3.71186074602,4.999998997659)
  );
#2685 = CARTESIAN_POINT('',(0.445484904251,3.383793793619,5.166849430487
    ));
#2686 = CARTESIAN_POINT('',(0.443040189653,3.365224342678,5.334140349441
    ));
#2687 = CARTESIAN_POINT('',(0.445082395109,3.380736433094,5.499937207133
    ));
#2688 = CARTESIAN_POINT('',(0.439372154259,3.33736284795,5.666505372662)
  );
#2689 = CARTESIAN_POINT('',(0.460076309873,3.494626522078,5.833078555327
    ));
#2690 = CARTESIAN_POINT('',(0.510218106239,3.875491280572,5.942735729628
    ));
#2691 = CARTESIAN_POINT('',(0.503377097823,3.823528661037,6.));
#2692 = ADVANCED_FACE('',(#2693),#2746,.F.);
#2693 = FACE_BOUND('',#2694,.F.);
#2694 = EDGE_LOOP('',(#2695,#2696,#2697,#2745));
#2695 = ORIENTED_EDGE('',*,*,#2553,.F.);
#2696 = ORIENTED_EDGE('',*,*,#532,.F.);
#2697 = ORIENTED_EDGE('',*,*,#2698,.T.);
#2698 = EDGE_CURVE('',#523,#1038,#2699,.T.);
#2699 = ( BOUNDED_CURVE() B_SPLINE_CURVE(3,(#2700,#2701,#2702,#2703,
    #2704,#2705,#2706,#2707,#2708,#2709,#2710,#2711,#2712,#2713,#2714,
    #2715,#2716,#2717,#2718,#2719,#2720,#2721,#2722,#2723,#2724,#2725,
    #2726,#2727,#2728,#2729,#2730,#2731,#2732,#2733,#2734,#2735,#2736,
    #2737,#2738,#2739,#2740,#2741,#2742,#2743,#2744),.UNSPECIFIED.,.F.,
.F.) B_SPLINE_CURVE_WITH_KNOTS((4,1,1,1,1,1,1,1,1,1,1,1,1,1,1,1,1,1,1,1,
    1,1,1,1,1,1,1,1,1,1,1,1,1,1,1,1,1,1,1,1,1,1,4),(0.,
    2.367208350872E-02,4.740980147591E-02,7.134334288179E-02,
    9.527688428768E-02,0.119185059348,0.142857142857,0.166529226366,
    0.190437401427,0.214370942832,0.238304484238,0.262042202206,
    0.285714285714,0.309386369223,0.33312408719,0.357057628596,
    0.380991170002,0.404899345063,0.428571428571,0.45224351208,
    0.476151687141,0.500085228547,0.524018769953,0.54775648792,
    0.571428571429,0.595100654937,0.618838372904,0.64277191431,
    0.666705455716,0.690613630777,0.714285714286,0.737957797794,
    0.761865972855,0.785799514261,0.809733055667,0.833470773634,
    0.857142857143,0.880814940652,0.904552658619,0.928486200025,
0.952419741431,0.976327916491,1.),.UNSPECIFIED.) CURVE() 
GEOMETRIC_REPRESENTATION_ITEM() RATIONAL_B_SPLINE_CURVE((1.,
    1.000000000024,0.999999999989,1.000000000003,0.999999999999,1.,1.,1.
    ,1.,1.,1.,1.,1.,1.,1.,1.,1.,1.,1.,1.,1.,1.,1.,1.,1.,1.,1.,1.,1.,1.,
    1.,1.,1.,1.,1.,1.,1.,1.,1.,1.,1.000000000002,0.999999999993,
1.000000000024,0.999999999948,1.)) REPRESENTATION_ITEM('') );
#2700 = CARTESIAN_POINT('',(2.321504367079E-16,3.791304347826,-1.));
#2701 = CARTESIAN_POINT('',(2.341146887127E-16,3.823383017512,
    -0.945915960696));
#2702 = CARTESIAN_POINT('',(2.109848064473E-16,3.445643373957,
    -0.832465754706));
#2703 = CARTESIAN_POINT('',(2.073238817491E-16,3.385855936484,
    -0.666031992455));
#2704 = CARTESIAN_POINT('',(2.088352428571E-16,3.410538336481,
    -0.500065658372));
#2705 = CARTESIAN_POINT('',(2.064798476226E-16,3.372071813136,
    -0.333310426054));
#2706 = CARTESIAN_POINT('',(2.143522495564E-16,3.500637893401,
    -0.167651462254));
#2707 = CARTESIAN_POINT('',(2.328631594469E-16,3.802943993469,
    -9.481367651137E-07));
#2708 = CARTESIAN_POINT('',(2.470835163419E-16,4.035180045608,
    0.167655273713));
#2709 = CARTESIAN_POINT('',(2.679607063395E-16,4.376130432481,
    0.333296937213));
#2710 = CARTESIAN_POINT('',(2.609542115473E-16,4.261705689003,
    0.500115802373));
#2711 = CARTESIAN_POINT('',(2.679950869305E-16,4.376691910142,
    0.665845574726));
#2712 = CARTESIAN_POINT('',(2.470137578218E-16,4.034040802519,
    0.833154316416));
#2713 = CARTESIAN_POINT('',(2.328652851979E-16,3.802978709617,
    0.999999999649));
#2714 = CARTESIAN_POINT('',(2.144237575814E-16,3.501805708074,
    1.16684568499));
#2715 = CARTESIAN_POINT('',(2.063928602761E-16,3.37065120196,
    1.334154420322));
#2716 = CARTESIAN_POINT('',(2.090855897525E-16,3.414626811552,
    1.499884216189));
#2717 = CARTESIAN_POINT('',(2.064128244606E-16,3.370977241836,
    1.666702993586));
#2718 = CARTESIAN_POINT('',(2.143700026432E-16,3.50092782331,
    1.832344983153));
#2719 = CARTESIAN_POINT('',(2.328584240657E-16,3.802866658825,2.));
#2720 = CARTESIAN_POINT('',(2.470847992357E-16,4.035200996854,
    2.167655016847));
#2721 = CARTESIAN_POINT('',(2.679603607339E-16,4.376124788313,
    2.333297006412));
#2722 = CARTESIAN_POINT('',(2.609543042195E-16,4.261707202455,
    2.500115783817));
#2723 = CARTESIAN_POINT('',(2.679950623229E-16,4.376691508269,
    2.665845579653));
#2724 = CARTESIAN_POINT('',(2.47013764372E-16,4.034040909493,
    2.833154315104));
#2725 = CARTESIAN_POINT('',(2.328652834457E-16,3.802978681001,3.));
#2726 = CARTESIAN_POINT('',(2.1442375805E-16,3.501805715726,
    3.166845684896));
#2727 = CARTESIAN_POINT('',(2.063928601578E-16,3.370651200027,
    3.334154420345));
#2728 = CARTESIAN_POINT('',(2.090855897522E-16,3.414626811548,
    3.49988421619));
#2729 = CARTESIAN_POINT('',(2.064128245803E-16,3.37097724379,
    3.666702993561));
#2730 = CARTESIAN_POINT('',(2.143700021674E-16,3.500927815541,
    3.832344983253));
#2731 = CARTESIAN_POINT('',(2.328584258301E-16,3.80286668764,
    3.999999999629));
#2732 = CARTESIAN_POINT('',(2.470847926187E-16,4.03520088879,
    4.167655018238));
#2733 = CARTESIAN_POINT('',(2.679603857158E-16,4.376125196299,
    4.333297001163));
#2734 = CARTESIAN_POINT('',(2.609542109061E-16,4.261705678531,
    4.500115803424));
#2735 = CARTESIAN_POINT('',(2.679954093485E-16,4.376697175629,
    4.665845506737));
#2736 = CARTESIAN_POINT('',(2.470124825495E-16,4.034019975742,
    4.833154584436));
#2737 = CARTESIAN_POINT('',(2.328700538514E-16,3.803056587642,
    4.999998997659));
#2738 = CARTESIAN_POINT('',(2.14405931796E-16,3.501514590894,
    5.166849430487));
#2739 = CARTESIAN_POINT('',(2.064598273055E-16,3.371744856588,
    5.334140349441));
#2740 = CARTESIAN_POINT('',(2.088333918678E-16,3.410508107369,
    5.499937207133));
#2741 = CARTESIAN_POINT('',(2.073533545978E-16,3.386337265233,
    5.666505372662));
#2742 = CARTESIAN_POINT('',(2.108787390293E-16,3.443911159333,
    5.833078555327));
#2743 = CARTESIAN_POINT('',(2.341616072429E-16,3.824149260021,
    5.942735729628));
#2744 = CARTESIAN_POINT('',(2.321504367079E-16,3.791304347826,6.));
#2745 = ORIENTED_EDGE('',*,*,#1047,.T.);
#2746 = ( BOUNDED_SURFACE() B_SPLINE_SURFACE(1,3,(
    (#2747,#2748,#2749,#2750,#2751,#2752,#2753,#2754,#2755,#2756,#2757
      ,#2758,#2759,#2760,#2761,#2762,#2763,#2764,#2765,#2766,#2767,#2768
      ,#2769,#2770,#2771,#2772,#2773,#2774,#2775,#2776,#2777,#2778,#2779
      ,#2780,#2781,#2782,#2783,#2784,#2785,#2786,#2787,#2788,#2789,#2790
      ,#2791)
    ,(#2792,#2793,#2794,#2795,#2796,#2797,#2798,#2799,#2800,#2801,#2802
      ,#2803,#2804,#2805,#2806,#2807,#2808,#2809,#2810,#2811,#2812,#2813
      ,#2814,#2815,#2816,#2817,#2818,#2819,#2820,#2821,#2822,#2823,#2824
      ,#2825,#2826,#2827,#2828,#2829,#2830,#2831,#2832,#2833,#2834,#2835
,#2836
    )),.UNSPECIFIED.,.F.,.F.,.F.) B_SPLINE_SURFACE_WITH_KNOTS((2,2),(4,1
    ,1,1,1,1,1,1,1,1,1,1,1,1,1,1,1,1,1,1,1,1,1,1,1,1,1,1,1,1,1,1,1,1,1,1
    ,1,1,1,1,1,1,4),(11.,12.),(0.,2.367208350872E-02,4.740980147591E-02,
    7.134334288179E-02,9.527688428768E-02,0.119185059348,0.142857142857,
    0.166529226366,0.190437401427,0.214370942832,0.238304484238,
    0.262042202206,0.285714285714,0.309386369223,0.33312408719,
    0.357057628596,0.380991170002,0.404899345063,0.428571428571,
    0.45224351208,0.476151687141,0.500085228547,0.524018769953,
    0.54775648792,0.571428571429,0.595100654937,0.618838372904,
    0.64277191431,0.666705455716,0.690613630777,0.714285714286,
    0.737957797794,0.761865972855,0.785799514261,0.809733055667,
    0.833470773634,0.857142857143,0.880814940652,0.904552658619,
    0.928486200025,0.952419741431,0.976327916491,1.),.UNSPECIFIED.) 
GEOMETRIC_REPRESENTATION_ITEM() RATIONAL_B_SPLINE_SURFACE((
    (1.,1.000000000024,0.999999999989,1.000000000003,0.999999999999,1.
      ,1.,1.,1.,1.,1.,1.,1.,1.,1.,1.,1.,1.,1.,1.,1.,1.,1.,1.,1.,1.,1.,1.
      ,1.,1.,1.,1.,1.,1.,1.,1.,1.,1.,1.,1.,1.000000000002,0.999999999993
      ,1.000000000024,0.999999999948,1.)
    ,(1.,1.000000000024,0.999999999989,1.000000000003,0.999999999999,1.
      ,1.,1.,1.,1.,1.,1.,1.,1.,1.,1.,1.,1.,1.,1.,1.,1.,1.,1.,1.,1.,1.,1.
      ,1.,1.,1.,1.,1.,1.,1.,1.,1.,1.,1.,1.,1.000000000002,0.999999999993
,1.000000000024,0.999999999948,1.
  ))) REPRESENTATION_ITEM('') SURFACE() );
#2747 = CARTESIAN_POINT('',(0.486351942316,3.694209766075,-1.));
#2748 = CARTESIAN_POINT('',(0.487661192532,3.704154508694,
    -0.945915960696));
#2749 = CARTESIAN_POINT('',(0.439311699417,3.336903647662,
    -0.832465754706));
#2750 = CARTESIAN_POINT('',(0.444557385025,3.376748585637,
    -0.666031992455));
#2751 = CARTESIAN_POINT('',(0.4452550569,3.38204792966,-0.500065658372)
  );
#2752 = CARTESIAN_POINT('',(0.437161477026,3.320571087041,
    -0.333310426054));
#2753 = CARTESIAN_POINT('',(0.468700082486,3.560130579179,
    -0.167651462254));
#2754 = CARTESIAN_POINT('',(0.503222867293,3.822357163856,
    -9.481367651137E-07));
#2755 = CARTESIAN_POINT('',(0.538674111689,4.091636099279,0.167655273713
    ));
#2756 = CARTESIAN_POINT('',(0.567398529747,4.309819715883,0.333296937213
    ));
#2757 = CARTESIAN_POINT('',(0.559428169663,4.249278820493,0.500115802373
    ));
#2758 = CARTESIAN_POINT('',(0.562453460537,4.272258186092,0.665845574726
    ));
#2759 = CARTESIAN_POINT('',(0.51791407802,3.933947988161,0.833154316416)
  );
#2760 = CARTESIAN_POINT('',(0.488663913839,3.711770933282,0.999999999649
    ));
#2761 = CARTESIAN_POINT('',(0.445529099931,3.384129493139,1.16684568499)
  );
#2762 = CARTESIAN_POINT('',(0.442874158612,3.363963211695,1.334154420322
    ));
#2763 = CARTESIAN_POINT('',(0.445707667843,3.385485851088,1.499884216189
    ));
#2764 = CARTESIAN_POINT('',(0.437040303498,3.319650682718,1.666702993586
    ));
#2765 = CARTESIAN_POINT('',(0.468732178915,3.560374375762,1.832344983153
    ));
#2766 = CARTESIAN_POINT('',(0.503214306031,3.822292134616,2.));
#2767 = CARTESIAN_POINT('',(0.538676431078,4.091653716786,2.167655016847
    ));
#2768 = CARTESIAN_POINT('',(0.567397904915,4.309814969809,2.333297006412
    ));
#2769 = CARTESIAN_POINT('',(0.559428337208,4.249280093126,2.500115783817
    ));
#2770 = CARTESIAN_POINT('',(0.562453416048,4.272257848165,2.665845579653
    ));
#2771 = CARTESIAN_POINT('',(0.517914089863,3.933948078112,2.833154315104
    ));
#2772 = CARTESIAN_POINT('',(0.488663910671,3.711770909222,3.));
#2773 = CARTESIAN_POINT('',(0.445529100776,3.384129499561,3.166845684896
    ));
#2774 = CARTESIAN_POINT('',(0.442874158404,3.363963210116,3.334154420345
    ));
#2775 = CARTESIAN_POINT('',(0.445707667819,3.385485850909,3.49988421619)
  );
#2776 = CARTESIAN_POINT('',(0.4370403038,3.319650685018,3.666702993561)
  );
#2777 = CARTESIAN_POINT('',(0.468732177734,3.56037436679,3.832344983253)
  );
#2778 = CARTESIAN_POINT('',(0.503214310406,3.822292167846,3.999999999629
    ));
#2779 = CARTESIAN_POINT('',(0.538676414672,4.091653592172,4.167655018238
    ));
#2780 = CARTESIAN_POINT('',(0.567397966852,4.309815440271,4.333297001163
    ));
#2781 = CARTESIAN_POINT('',(0.559428105857,4.249278335838,4.500115803424
    ));
#2782 = CARTESIAN_POINT('',(0.562454276427,4.27226438339,4.665845506737)
  );
#2783 = CARTESIAN_POINT('',(0.517910911848,3.933923938693,4.833154584436
    ));
#2784 = CARTESIAN_POINT('',(0.48867573791,3.71186074602,4.999998997659)
  );
#2785 = CARTESIAN_POINT('',(0.445484904251,3.383793793619,5.166849430487
    ));
#2786 = CARTESIAN_POINT('',(0.443040189653,3.365224342678,5.334140349441
    ));
#2787 = CARTESIAN_POINT('',(0.445082395109,3.380736433094,5.499937207133
    ));
#2788 = CARTESIAN_POINT('',(0.439372154259,3.33736284795,5.666505372662)
  );
#2789 = CARTESIAN_POINT('',(0.460076309873,3.494626522078,5.833078555327
    ));
#2790 = CARTESIAN_POINT('',(0.510218106239,3.875491280572,5.942735729628
    ));
#2791 = CARTESIAN_POINT('',(0.503377097823,3.823528661037,6.));
#2792 = CARTESIAN_POINT('',(2.321504367079E-16,3.791304347826,-1.));
#2793 = CARTESIAN_POINT('',(2.341146887127E-16,3.823383017512,
    -0.945915960696));
#2794 = CARTESIAN_POINT('',(2.109848064473E-16,3.445643373957,
    -0.832465754706));
#2795 = CARTESIAN_POINT('',(2.073238817491E-16,3.385855936484,
    -0.666031992455));
#2796 = CARTESIAN_POINT('',(2.088352428571E-16,3.410538336481,
    -0.500065658372));
#2797 = CARTESIAN_POINT('',(2.064798476226E-16,3.372071813136,
    -0.333310426054));
#2798 = CARTESIAN_POINT('',(2.143522495564E-16,3.500637893401,
    -0.167651462254));
#2799 = CARTESIAN_POINT('',(2.328631594469E-16,3.802943993469,
    -9.481367651137E-07));
#2800 = CARTESIAN_POINT('',(2.470835163419E-16,4.035180045608,
    0.167655273713));
#2801 = CARTESIAN_POINT('',(2.679607063395E-16,4.376130432481,
    0.333296937213));
#2802 = CARTESIAN_POINT('',(2.609542115473E-16,4.261705689003,
    0.500115802373));
#2803 = CARTESIAN_POINT('',(2.679950869305E-16,4.376691910142,
    0.665845574726));
#2804 = CARTESIAN_POINT('',(2.470137578218E-16,4.034040802519,
    0.833154316416));
#2805 = CARTESIAN_POINT('',(2.328652851979E-16,3.802978709617,
    0.999999999649));
#2806 = CARTESIAN_POINT('',(2.144237575814E-16,3.501805708074,
    1.16684568499));
#2807 = CARTESIAN_POINT('',(2.063928602761E-16,3.37065120196,
    1.334154420322));
#2808 = CARTESIAN_POINT('',(2.090855897525E-16,3.414626811552,
    1.499884216189));
#2809 = CARTESIAN_POINT('',(2.064128244606E-16,3.370977241836,
    1.666702993586));
#2810 = CARTESIAN_POINT('',(2.143700026432E-16,3.50092782331,
    1.832344983153));
#2811 = CARTESIAN_POINT('',(2.328584240657E-16,3.802866658825,2.));
#2812 = CARTESIAN_POINT('',(2.470847992357E-16,4.035200996854,
    2.167655016847));
#2813 = CARTESIAN_POINT('',(2.679603607339E-16,4.376124788313,
    2.333297006412));
#2814 = CARTESIAN_POINT('',(2.609543042195E-16,4.261707202455,
    2.500115783817));
#2815 = CARTESIAN_POINT('',(2.679950623229E-16,4.376691508269,
    2.665845579653));
#2816 = CARTESIAN_POINT('',(2.47013764372E-16,4.034040909493,
    2.833154315104));
#2817 = CARTESIAN_POINT('',(2.328652834457E-16,3.802978681001,3.));
#2818 = CARTESIAN_POINT('',(2.1442375805E-16,3.501805715726,
    3.166845684896));
#2819 = CARTESIAN_POINT('',(2.063928601578E-16,3.370651200027,
    3.334154420345));
#2820 = CARTESIAN_POINT('',(2.090855897522E-16,3.414626811548,
    3.49988421619));
#2821 = CARTESIAN_POINT('',(2.064128245803E-16,3.37097724379,
    3.666702993561));
#2822 = CARTESIAN_POINT('',(2.143700021674E-16,3.500927815541,
    3.832344983253));
#2823 = CARTESIAN_POINT('',(2.328584258301E-16,3.80286668764,
    3.999999999629));
#2824 = CARTESIAN_POINT('',(2.470847926187E-16,4.03520088879,
    4.167655018238));
#2825 = CARTESIAN_POINT('',(2.679603857158E-16,4.376125196299,
    4.333297001163));
#2826 = CARTESIAN_POINT('',(2.609542109061E-16,4.261705678531,
    4.500115803424));
#2827 = CARTESIAN_POINT('',(2.679954093485E-16,4.376697175629,
    4.665845506737));
#2828 = CARTESIAN_POINT('',(2.470124825495E-16,4.034019975742,
    4.833154584436));
#2829 = CARTESIAN_POINT('',(2.328700538514E-16,3.803056587642,
    4.999998997659));
#2830 = CARTESIAN_POINT('',(2.14405931796E-16,3.501514590894,
    5.166849430487));
#2831 = CARTESIAN_POINT('',(2.064598273055E-16,3.371744856588,
    5.334140349441));
#2832 = CARTESIAN_POINT('',(2.088333918678E-16,3.410508107369,
    5.499937207133));
#2833 = CARTESIAN_POINT('',(2.073533545978E-16,3.386337265233,
    5.666505372662));
#2834 = CARTESIAN_POINT('',(2.108787390293E-16,3.443911159333,
    5.833078555327));
#2835 = CARTESIAN_POINT('',(2.341616072429E-16,3.824149260021,
    5.942735729628));
#2836 = CARTESIAN_POINT('',(2.321504367079E-16,3.791304347826,6.));
#2837 = ADVANCED_FACE('',(#2838),#2891,.F.);
#2838 = FACE_BOUND('',#2839,.F.);
#2839 = EDGE_LOOP('',(#2840,#2841,#2842,#2890));
#2840 = ORIENTED_EDGE('',*,*,#2698,.F.);
#2841 = ORIENTED_EDGE('',*,*,#522,.F.);
#2842 = ORIENTED_EDGE('',*,*,#2843,.T.);
#2843 = EDGE_CURVE('',#513,#1028,#2844,.T.);
#2844 = ( BOUNDED_CURVE() B_SPLINE_CURVE(3,(#2845,#2846,#2847,#2848,
    #2849,#2850,#2851,#2852,#2853,#2854,#2855,#2856,#2857,#2858,#2859,
    #2860,#2861,#2862,#2863,#2864,#2865,#2866,#2867,#2868,#2869,#2870,
    #2871,#2872,#2873,#2874,#2875,#2876,#2877,#2878,#2879,#2880,#2881,
    #2882,#2883,#2884,#2885,#2886,#2887,#2888,#2889),.UNSPECIFIED.,.F.,
.F.) B_SPLINE_CURVE_WITH_KNOTS((4,1,1,1,1,1,1,1,1,1,1,1,1,1,1,1,1,1,1,1,
    1,1,1,1,1,1,1,1,1,1,1,1,1,1,1,1,1,1,1,1,1,1,4),(0.,
    2.367208350872E-02,4.740980147591E-02,7.134334288179E-02,
    9.527688428768E-02,0.119185059348,0.142857142857,0.166529226366,
    0.190437401427,0.214370942832,0.238304484238,0.262042202206,
    0.285714285714,0.309386369223,0.33312408719,0.357057628596,
    0.380991170002,0.404899345063,0.428571428571,0.45224351208,
    0.476151687141,0.500085228547,0.524018769953,0.54775648792,
    0.571428571429,0.595100654937,0.618838372904,0.64277191431,
    0.666705455716,0.690613630777,0.714285714286,0.737957797794,
    0.761865972855,0.785799514261,0.809733055667,0.833470773634,
    0.857142857143,0.880814940652,0.904552658619,0.928486200025,
0.952419741431,0.976327916491,1.),.UNSPECIFIED.) CURVE() 
GEOMETRIC_REPRESENTATION_ITEM() RATIONAL_B_SPLINE_CURVE((1.,
    1.000000000024,0.999999999989,1.000000000003,0.999999999999,1.,1.,1.
    ,1.,1.,1.,1.,1.,1.,1.,1.,1.,1.,1.,1.,1.,1.,1.,1.,1.,1.,1.,1.,1.,1.,
    1.,1.,1.,1.,1.,1.,1.,1.,1.,1.,1.000000000002,0.999999999993,
1.000000000024,0.999999999948,1.)) REPRESENTATION_ITEM('') );
#2845 = CARTESIAN_POINT('',(-0.503377097823,3.823528661037,-1.));
#2846 = CARTESIAN_POINT('',(-0.510442060763,3.877192382337,
    -0.945915960696));
#2847 = CARTESIAN_POINT('',(-0.460183044439,3.49543725241,
    -0.832465754706));
#2848 = CARTESIAN_POINT('',(-0.439323712375,3.33699489509,
    -0.666031992455));
#2849 = CARTESIAN_POINT('',(-0.445091604252,3.380806383536,
    -0.500065658372));
#2850 = CARTESIAN_POINT('',(-0.443060683582,3.365380009502,
    -0.333310426054));
#2851 = CARTESIAN_POINT('',(-0.44539190333,3.383087381495,
    -0.167651462254));
#2852 = CARTESIAN_POINT('',(-0.488651037457,3.711673127454,
    -9.481367651137E-07));
#2853 = CARTESIAN_POINT('',(-0.518069741066,3.935130366383,
    0.167655273713));
#2854 = CARTESIAN_POINT('',(-0.562351699049,4.271485230851,
    0.333296937213));
#2855 = CARTESIAN_POINT('',(-0.559436420681,4.249341493193,
    0.500115802373));
#2856 = CARTESIAN_POINT('',(-0.56745541701,4.310251817538,0.665845574726
    ));
#2857 = CARTESIAN_POINT('',(-0.538545863768,4.090661959609,
    0.833154316416));
#2858 = CARTESIAN_POINT('',(-0.503212221599,3.822276301782,
    0.999999999649));
#2859 = CARTESIAN_POINT('',(-0.468868751061,3.561411744198,1.16684568499
    ));
#2860 = CARTESIAN_POINT('',(-0.436972245588,3.319133731576,
    1.334154420322));
#2861 = CARTESIAN_POINT('',(-0.445723901601,3.385609158727,
    1.499884216189));
#2862 = CARTESIAN_POINT('',(-0.4428914042,3.364094204943,1.666702993586)
  );
#2863 = CARTESIAN_POINT('',(-0.445436742032,3.383427965247,
    1.832344983153));
#2864 = CARTESIAN_POINT('',(-0.488639077377,3.711582281625,2.));
#2865 = CARTESIAN_POINT('',(-0.518072981252,3.935154978035,
    2.167655016847));
#2866 = CARTESIAN_POINT('',(-0.562350826158,4.271478600587,
    2.333297006412));
#2867 = CARTESIAN_POINT('',(-0.559436654741,4.249343271061,
    2.500115783817));
#2868 = CARTESIAN_POINT('',(-0.567455354858,4.310251345454,
    2.665845579653));
#2869 = CARTESIAN_POINT('',(-0.538545880312,4.090662085273,
    2.833154315104));
#2870 = CARTESIAN_POINT('',(-0.503212217173,3.822276268163,3.));
#2871 = CARTESIAN_POINT('',(-0.468868752246,3.5614117532,3.166845684896)
  );
#2872 = CARTESIAN_POINT('',(-0.436972245283,3.319133729258,
    3.334154420345));
#2873 = CARTESIAN_POINT('',(-0.445723901624,3.385609158899,3.49988421619
    ));
#2874 = CARTESIAN_POINT('',(-0.442891404416,3.36409420658,3.666702993561
    ));
#2875 = CARTESIAN_POINT('',(-0.445436741152,3.383427958562,
    3.832344983253));
#2876 = CARTESIAN_POINT('',(-0.488639080647,3.71158230646,3.999999999629
    ));
#2877 = CARTESIAN_POINT('',(-0.518072968988,3.935154884884,
    4.167655018238));
#2878 = CARTESIAN_POINT('',(-0.562350872458,4.27147895227,4.333297001163
    ));
#2879 = CARTESIAN_POINT('',(-0.5594364818,4.249341957441,4.500115803424)
  );
#2880 = CARTESIAN_POINT('',(-0.567455998014,4.310256230708,
    4.665845506737));
#2881 = CARTESIAN_POINT('',(-0.538543504662,4.090644040417,
    4.833154584436));
#2882 = CARTESIAN_POINT('',(-0.503221058349,3.822343423552,
    4.999998997659));
#2883 = CARTESIAN_POINT('',(-0.468835714166,3.561160804102,
    5.166849430487));
#2884 = CARTESIAN_POINT('',(-0.437096358065,3.320076459309,
    5.334140349441));
#2885 = CARTESIAN_POINT('',(-0.445256493617,3.38205884307,5.499937207133
    ));
#2886 = CARTESIAN_POINT('',(-0.444634524752,3.377334518312,
    5.666505372662));
#2887 = CARTESIAN_POINT('',(-0.438966249343,3.334279700217,
    5.833078555327));
#2888 = CARTESIAN_POINT('',(-0.488085175815,3.707374967862,
    5.942735729628));
#2889 = CARTESIAN_POINT('',(-0.486351942316,3.694209766075,6.));
#2890 = ORIENTED_EDGE('',*,*,#1037,.T.);
#2891 = ( BOUNDED_SURFACE() B_SPLINE_SURFACE(1,3,(
    (#2892,#2893,#2894,#2895,#2896,#2897,#2898,#2899,#2900,#2901,#2902
      ,#2903,#2904,#2905,#2906,#2907,#2908,#2909,#2910,#2911,#2912,#2913
      ,#2914,#2915,#2916,#2917,#2918,#2919,#2920,#2921,#2922,#2923,#2924
      ,#2925,#2926,#2927,#2928,#2929,#2930,#2931,#2932,#2933,#2934,#2935
      ,#2936)
    ,(#2937,#2938,#2939,#2940,#2941,#2942,#2943,#2944,#2945,#2946,#2947
      ,#2948,#2949,#2950,#2951,#2952,#2953,#2954,#2955,#2956,#2957,#2958
      ,#2959,#2960,#2961,#2962,#2963,#2964,#2965,#2966,#2967,#2968,#2969
      ,#2970,#2971,#2972,#2973,#2974,#2975,#2976,#2977,#2978,#2979,#2980
,#2981
    )),.UNSPECIFIED.,.F.,.F.,.F.) B_SPLINE_SURFACE_WITH_KNOTS((2,2),(4,1
    ,1,1,1,1,1,1,1,1,1,1,1,1,1,1,1,1,1,1,1,1,1,1,1,1,1,1,1,1,1,1,1,1,1,1
    ,1,1,1,1,1,1,4),(12.,13.),(0.,2.367208350872E-02,4.740980147591E-02,
    7.134334288179E-02,9.527688428768E-02,0.119185059348,0.142857142857,
    0.166529226366,0.190437401427,0.214370942832,0.238304484238,
    0.262042202206,0.285714285714,0.309386369223,0.33312408719,
    0.357057628596,0.380991170002,0.404899345063,0.428571428571,
    0.45224351208,0.476151687141,0.500085228547,0.524018769953,
    0.54775648792,0.571428571429,0.595100654937,0.618838372904,
    0.64277191431,0.666705455716,0.690613630777,0.714285714286,
    0.737957797794,0.761865972855,0.785799514261,0.809733055667,
    0.833470773634,0.857142857143,0.880814940652,0.904552658619,
    0.928486200025,0.952419741431,0.976327916491,1.),.UNSPECIFIED.) 
GEOMETRIC_REPRESENTATION_ITEM() RATIONAL_B_SPLINE_SURFACE((
    (1.,1.000000000024,0.999999999989,1.000000000003,0.999999999999,1.
      ,1.,1.,1.,1.,1.,1.,1.,1.,1.,1.,1.,1.,1.,1.,1.,1.,1.,1.,1.,1.,1.,1.
      ,1.,1.,1.,1.,1.,1.,1.,1.,1.,1.,1.,1.,1.000000000002,0.999999999993
      ,1.000000000024,0.999999999948,1.)
    ,(1.,1.000000000024,0.999999999989,1.000000000003,0.999999999999,1.
      ,1.,1.,1.,1.,1.,1.,1.,1.,1.,1.,1.,1.,1.,1.,1.,1.,1.,1.,1.,1.,1.,1.
      ,1.,1.,1.,1.,1.,1.,1.,1.,1.,1.,1.,1.,1.000000000002,0.999999999993
,1.000000000024,0.999999999948,1.
  ))) REPRESENTATION_ITEM('') SURFACE() );
#2892 = CARTESIAN_POINT('',(2.321504367079E-16,3.791304347826,-1.));
#2893 = CARTESIAN_POINT('',(2.341146887127E-16,3.823383017512,
    -0.945915960696));
#2894 = CARTESIAN_POINT('',(2.109848064473E-16,3.445643373957,
    -0.832465754706));
#2895 = CARTESIAN_POINT('',(2.073238817491E-16,3.385855936484,
    -0.666031992455));
#2896 = CARTESIAN_POINT('',(2.088352428571E-16,3.410538336481,
    -0.500065658372));
#2897 = CARTESIAN_POINT('',(2.064798476226E-16,3.372071813136,
    -0.333310426054));
#2898 = CARTESIAN_POINT('',(2.143522495564E-16,3.500637893401,
    -0.167651462254));
#2899 = CARTESIAN_POINT('',(2.328631594469E-16,3.802943993469,
    -9.481367651137E-07));
#2900 = CARTESIAN_POINT('',(2.470835163419E-16,4.035180045608,
    0.167655273713));
#2901 = CARTESIAN_POINT('',(2.679607063395E-16,4.376130432481,
    0.333296937213));
#2902 = CARTESIAN_POINT('',(2.609542115473E-16,4.261705689003,
    0.500115802373));
#2903 = CARTESIAN_POINT('',(2.679950869305E-16,4.376691910142,
    0.665845574726));
#2904 = CARTESIAN_POINT('',(2.470137578218E-16,4.034040802519,
    0.833154316416));
#2905 = CARTESIAN_POINT('',(2.328652851979E-16,3.802978709617,
    0.999999999649));
#2906 = CARTESIAN_POINT('',(2.144237575814E-16,3.501805708074,
    1.16684568499));
#2907 = CARTESIAN_POINT('',(2.063928602761E-16,3.37065120196,
    1.334154420322));
#2908 = CARTESIAN_POINT('',(2.090855897525E-16,3.414626811552,
    1.499884216189));
#2909 = CARTESIAN_POINT('',(2.064128244606E-16,3.370977241836,
    1.666702993586));
#2910 = CARTESIAN_POINT('',(2.143700026432E-16,3.50092782331,
    1.832344983153));
#2911 = CARTESIAN_POINT('',(2.328584240657E-16,3.802866658825,2.));
#2912 = CARTESIAN_POINT('',(2.470847992357E-16,4.035200996854,
    2.167655016847));
#2913 = CARTESIAN_POINT('',(2.679603607339E-16,4.376124788313,
    2.333297006412));
#2914 = CARTESIAN_POINT('',(2.609543042195E-16,4.261707202455,
    2.500115783817));
#2915 = CARTESIAN_POINT('',(2.679950623229E-16,4.376691508269,
    2.665845579653));
#2916 = CARTESIAN_POINT('',(2.47013764372E-16,4.034040909493,
    2.833154315104));
#2917 = CARTESIAN_POINT('',(2.328652834457E-16,3.802978681001,3.));
#2918 = CARTESIAN_POINT('',(2.1442375805E-16,3.501805715726,
    3.166845684896));
#2919 = CARTESIAN_POINT('',(2.063928601578E-16,3.370651200027,
    3.334154420345));
#2920 = CARTESIAN_POINT('',(2.090855897522E-16,3.414626811548,
    3.49988421619));
#2921 = CARTESIAN_POINT('',(2.064128245803E-16,3.37097724379,
    3.666702993561));
#2922 = CARTESIAN_POINT('',(2.143700021674E-16,3.500927815541,
    3.832344983253));
#2923 = CARTESIAN_POINT('',(2.328584258301E-16,3.80286668764,
    3.999999999629));
#2924 = CARTESIAN_POINT('',(2.470847926187E-16,4.03520088879,
    4.167655018238));
#2925 = CARTESIAN_POINT('',(2.679603857158E-16,4.376125196299,
    4.333297001163));
#2926 = CARTESIAN_POINT('',(2.609542109061E-16,4.261705678531,
    4.500115803424));
#2927 = CARTESIAN_POINT('',(2.679954093485E-16,4.376697175629,
    4.665845506737));
#2928 = CARTESIAN_POINT('',(2.470124825495E-16,4.034019975742,
    4.833154584436));
#2929 = CARTESIAN_POINT('',(2.328700538514E-16,3.803056587642,
    4.999998997659));
#2930 = CARTESIAN_POINT('',(2.14405931796E-16,3.501514590894,
    5.166849430487));
#2931 = CARTESIAN_POINT('',(2.064598273055E-16,3.371744856588,
    5.334140349441));
#2932 = CARTESIAN_POINT('',(2.088333918678E-16,3.410508107369,
    5.499937207133));
#2933 = CARTESIAN_POINT('',(2.073533545978E-16,3.386337265233,
    5.666505372662));
#2934 = CARTESIAN_POINT('',(2.108787390293E-16,3.443911159333,
    5.833078555327));
#2935 = CARTESIAN_POINT('',(2.341616072429E-16,3.824149260021,
    5.942735729628));
#2936 = CARTESIAN_POINT('',(2.321504367079E-16,3.791304347826,6.));
#2937 = CARTESIAN_POINT('',(-0.503377097823,3.823528661037,-1.));
#2938 = CARTESIAN_POINT('',(-0.510442060763,3.877192382337,
    -0.945915960696));
#2939 = CARTESIAN_POINT('',(-0.460183044439,3.49543725241,
    -0.832465754706));
#2940 = CARTESIAN_POINT('',(-0.439323712375,3.33699489509,
    -0.666031992455));
#2941 = CARTESIAN_POINT('',(-0.445091604252,3.380806383536,
    -0.500065658372));
#2942 = CARTESIAN_POINT('',(-0.443060683582,3.365380009502,
    -0.333310426054));
#2943 = CARTESIAN_POINT('',(-0.44539190333,3.383087381495,
    -0.167651462254));
#2944 = CARTESIAN_POINT('',(-0.488651037457,3.711673127454,
    -9.481367651137E-07));
#2945 = CARTESIAN_POINT('',(-0.518069741066,3.935130366383,
    0.167655273713));
#2946 = CARTESIAN_POINT('',(-0.562351699049,4.271485230851,
    0.333296937213));
#2947 = CARTESIAN_POINT('',(-0.559436420681,4.249341493193,
    0.500115802373));
#2948 = CARTESIAN_POINT('',(-0.56745541701,4.310251817538,0.665845574726
    ));
#2949 = CARTESIAN_POINT('',(-0.538545863768,4.090661959609,
    0.833154316416));
#2950 = CARTESIAN_POINT('',(-0.503212221599,3.822276301782,
    0.999999999649));
#2951 = CARTESIAN_POINT('',(-0.468868751061,3.561411744198,1.16684568499
    ));
#2952 = CARTESIAN_POINT('',(-0.436972245588,3.319133731576,
    1.334154420322));
#2953 = CARTESIAN_POINT('',(-0.445723901601,3.385609158727,
    1.499884216189));
#2954 = CARTESIAN_POINT('',(-0.4428914042,3.364094204943,1.666702993586)
  );
#2955 = CARTESIAN_POINT('',(-0.445436742032,3.383427965247,
    1.832344983153));
#2956 = CARTESIAN_POINT('',(-0.488639077377,3.711582281625,2.));
#2957 = CARTESIAN_POINT('',(-0.518072981252,3.935154978035,
    2.167655016847));
#2958 = CARTESIAN_POINT('',(-0.562350826158,4.271478600587,
    2.333297006412));
#2959 = CARTESIAN_POINT('',(-0.559436654741,4.249343271061,
    2.500115783817));
#2960 = CARTESIAN_POINT('',(-0.567455354858,4.310251345454,
    2.665845579653));
#2961 = CARTESIAN_POINT('',(-0.538545880312,4.090662085273,
    2.833154315104));
#2962 = CARTESIAN_POINT('',(-0.503212217173,3.822276268163,3.));
#2963 = CARTESIAN_POINT('',(-0.468868752246,3.5614117532,3.166845684896)
  );
#2964 = CARTESIAN_POINT('',(-0.436972245283,3.319133729258,
    3.334154420345));
#2965 = CARTESIAN_POINT('',(-0.445723901624,3.385609158899,3.49988421619
    ));
#2966 = CARTESIAN_POINT('',(-0.442891404416,3.36409420658,3.666702993561
    ));
#2967 = CARTESIAN_POINT('',(-0.445436741152,3.383427958562,
    3.832344983253));
#2968 = CARTESIAN_POINT('',(-0.488639080647,3.71158230646,3.999999999629
    ));
#2969 = CARTESIAN_POINT('',(-0.518072968988,3.935154884884,
    4.167655018238));
#2970 = CARTESIAN_POINT('',(-0.562350872458,4.27147895227,4.333297001163
    ));
#2971 = CARTESIAN_POINT('',(-0.5594364818,4.249341957441,4.500115803424)
  );
#2972 = CARTESIAN_POINT('',(-0.567455998014,4.310256230708,
    4.665845506737));
#2973 = CARTESIAN_POINT('',(-0.538543504662,4.090644040417,
    4.833154584436));
#2974 = CARTESIAN_POINT('',(-0.503221058349,3.822343423552,
    4.999998997659));
#2975 = CARTESIAN_POINT('',(-0.468835714166,3.561160804102,
    5.166849430487));
#2976 = CARTESIAN_POINT('',(-0.437096358065,3.320076459309,
    5.334140349441));
#2977 = CARTESIAN_POINT('',(-0.445256493617,3.38205884307,5.499937207133
    ));
#2978 = CARTESIAN_POINT('',(-0.444634524752,3.377334518312,
    5.666505372662));
#2979 = CARTESIAN_POINT('',(-0.438966249343,3.334279700217,
    5.833078555327));
#2980 = CARTESIAN_POINT('',(-0.488085175815,3.707374967862,
    5.942735729628));
#2981 = CARTESIAN_POINT('',(-0.486351942316,3.694209766075,6.));
#2982 = ADVANCED_FACE('',(#2983),#3036,.F.);
#2983 = FACE_BOUND('',#2984,.F.);
#2984 = EDGE_LOOP('',(#2985,#2986,#2987,#3035));
#2985 = ORIENTED_EDGE('',*,*,#2843,.F.);
#2986 = ORIENTED_EDGE('',*,*,#512,.F.);
#2987 = ORIENTED_EDGE('',*,*,#2988,.T.);
#2988 = EDGE_CURVE('',#503,#1018,#2989,.T.);
#2989 = ( BOUNDED_CURVE() B_SPLINE_CURVE(3,(#2990,#2991,#2992,#2993,
    #2994,#2995,#2996,#2997,#2998,#2999,#3000,#3001,#3002,#3003,#3004,
    #3005,#3006,#3007,#3008,#3009,#3010,#3011,#3012,#3013,#3014,#3015,
    #3016,#3017,#3018,#3019,#3020,#3021,#3022,#3023,#3024,#3025,#3026,
    #3027,#3028,#3029,#3030,#3031,#3032,#3033,#3034),.UNSPECIFIED.,.F.,
.F.) B_SPLINE_CURVE_WITH_KNOTS((4,1,1,1,1,1,1,1,1,1,1,1,1,1,1,1,1,1,1,1,
    1,1,1,1,1,1,1,1,1,1,1,1,1,1,1,1,1,1,1,1,1,1,4),(0.,
    2.367208350872E-02,4.740980147591E-02,7.134334288179E-02,
    9.527688428768E-02,0.119185059348,0.142857142857,0.166529226366,
    0.190437401427,0.214370942832,0.238304484238,0.262042202206,
    0.285714285714,0.309386369223,0.33312408719,0.357057628596,
    0.380991170002,0.404899345063,0.428571428571,0.45224351208,
    0.476151687141,0.500085228547,0.524018769953,0.54775648792,
    0.571428571429,0.595100654937,0.618838372904,0.64277191431,
    0.666705455716,0.690613630777,0.714285714286,0.737957797794,
    0.761865972855,0.785799514261,0.809733055667,0.833470773634,
    0.857142857143,0.880814940652,0.904552658619,0.928486200025,
0.952419741431,0.976327916491,1.),.UNSPECIFIED.) CURVE() 
GEOMETRIC_REPRESENTATION_ITEM() RATIONAL_B_SPLINE_CURVE((1.,
    1.000000000024,0.999999999989,1.000000000003,0.999999999999,1.,1.,1.
    ,1.,1.,1.,1.,1.,1.,1.,1.,1.,1.,1.,1.,1.,1.,1.,1.,1.,1.,1.,1.,1.,1.,
    1.,1.,1.,1.,1.,1.,1.,1.,1.,1.,1.000000000002,0.999999999993,
1.000000000024,0.999999999948,1.)) REPRESENTATION_ITEM('') );
#2990 = CARTESIAN_POINT('',(-1.01502077688,3.788109110055,-1.));
#2991 = CARTESIAN_POINT('',(-1.034736291087,3.861688410812,
    -0.945915960696));
#2992 = CARTESIAN_POINT('',(-0.933186943761,3.482701087057,
    -0.832465754706));
#2993 = CARTESIAN_POINT('',(-0.865934789371,3.231712629978,
    -0.666031992455));
#2994 = CARTESIAN_POINT('',(-0.882430950913,3.293277142977,
    -0.500065658372));
#2995 = CARTESIAN_POINT('',(-0.884294381894,3.300231562077,
    -0.333310426054));
#2996 = CARTESIAN_POINT('',(-0.860406263135,3.21107988917,
    -0.167651462254));
#2997 = CARTESIAN_POINT('',(-0.953194627812,3.557370780498,
    -9.481367651137E-07));
#2998 = CARTESIAN_POINT('',(-1.011718281666,3.775784030122,
    0.167655273713));
#2999 = CARTESIAN_POINT('',(-1.091687475191,4.074233123399,
    0.333296937213));
#3000 = CARTESIAN_POINT('',(-1.117159357247,4.169295481398,
    0.500115802373));
#3001 = CARTESIAN_POINT('',(-1.117215308557,4.169504294529,
    0.665845574726));
#3002 = CARTESIAN_POINT('',(-1.091778436413,4.074572595302,
    0.833154316416));
#3003 = CARTESIAN_POINT('',(-1.011315545424,3.774280998006,
    0.999999999649));
#3004 = CARTESIAN_POINT('',(-0.953104589811,3.557034754102,1.16684568499
    ));
#3005 = CARTESIAN_POINT('',(-0.86054251846,3.211588400965,1.334154420322
    ));
#3006 = CARTESIAN_POINT('',(-0.883880904884,3.298688444865,
    1.499884216189));
#3007 = CARTESIAN_POINT('',(-0.883906198531,3.298782842043,
    1.666702993586));
#3008 = CARTESIAN_POINT('',(-0.860509085096,3.211463625952,
    1.832344983153));
#3009 = CARTESIAN_POINT('',(-0.95316720153,3.557268424217,2.));
#3010 = CARTESIAN_POINT('',(-1.011725711903,3.775811760148,
    2.167655016847));
#3011 = CARTESIAN_POINT('',(-1.091685473519,4.074225653059,
    2.333297006412));
#3012 = CARTESIAN_POINT('',(-1.117159893984,4.169297484528,
    2.500115783817));
#3013 = CARTESIAN_POINT('',(-1.117215166035,4.169503762631,
    2.665845579653));
#3014 = CARTESIAN_POINT('',(-1.091778474351,4.074572736888,
    2.833154315104));
#3015 = CARTESIAN_POINT('',(-1.011315535273,3.774280960124,3.));
#3016 = CARTESIAN_POINT('',(-0.953104592531,3.557034764255,
    3.166845684896));
#3017 = CARTESIAN_POINT('',(-0.86054251775,3.211588398317,3.334154420345
    ));
#3018 = CARTESIAN_POINT('',(-0.883880904973,3.2986884452,3.49988421619)
  );
#3019 = CARTESIAN_POINT('',(-0.883906198884,3.298782843361,
    3.666702993561));
#3020 = CARTESIAN_POINT('',(-0.860509083601,3.211463620374,
    3.832344983253));
#3021 = CARTESIAN_POINT('',(-0.953167207095,3.557268444986,
    3.999999999629));
#3022 = CARTESIAN_POINT('',(-1.011725691026,3.775811682232,
    4.167655018238));
#3023 = CARTESIAN_POINT('',(-1.091685552341,4.074225947227,
    4.333297001163));
#3024 = CARTESIAN_POINT('',(-1.117159599565,4.169296385741,
    4.500115803424));
#3025 = CARTESIAN_POINT('',(-1.117216260958,4.169507848938,
    4.665845506737));
#3026 = CARTESIAN_POINT('',(-1.091774429991,4.074557643131,
    4.833154584436));
#3027 = CARTESIAN_POINT('',(-1.011330586685,3.774337132758,
    4.999998997659));
#3028 = CARTESIAN_POINT('',(-0.953048347781,3.556824855979,
    5.166849430487));
#3029 = CARTESIAN_POINT('',(-0.860753810066,3.212376952011,
    5.334140349441));
#3030 = CARTESIAN_POINT('',(-0.883085179353,3.295718756622,
    5.499937207133));
#3031 = CARTESIAN_POINT('',(-0.88687372509,3.30985780244,5.666505372662)
  );
#3032 = CARTESIAN_POINT('',(-0.849493576748,3.170353187254,
    5.833078555327));
#3033 = CARTESIAN_POINT('',(-0.945875495135,3.530055409474,
    5.942735729628));
#3034 = CARTESIAN_POINT('',(-0.947502765114,3.536128459719,6.));
#3035 = ORIENTED_EDGE('',*,*,#1027,.T.);
#3036 = ( BOUNDED_SURFACE() B_SPLINE_SURFACE(1,3,(
    (#3037,#3038,#3039,#3040,#3041,#3042,#3043,#3044,#3045,#3046,#3047
      ,#3048,#3049,#3050,#3051,#3052,#3053,#3054,#3055,#3056,#3057,#3058
      ,#3059,#3060,#3061,#3062,#3063,#3064,#3065,#3066,#3067,#3068,#3069
      ,#3070,#3071,#3072,#3073,#3074,#3075,#3076,#3077,#3078,#3079,#3080
      ,#3081)
    ,(#3082,#3083,#3084,#3085,#3086,#3087,#3088,#3089,#3090,#3091,#3092
      ,#3093,#3094,#3095,#3096,#3097,#3098,#3099,#3100,#3101,#3102,#3103
      ,#3104,#3105,#3106,#3107,#3108,#3109,#3110,#3111,#3112,#3113,#3114
      ,#3115,#3116,#3117,#3118,#3119,#3120,#3121,#3122,#3123,#3124,#3125
,#3126
    )),.UNSPECIFIED.,.F.,.F.,.F.) B_SPLINE_SURFACE_WITH_KNOTS((2,2),(4,1
    ,1,1,1,1,1,1,1,1,1,1,1,1,1,1,1,1,1,1,1,1,1,1,1,1,1,1,1,1,1,1,1,1,1,1
    ,1,1,1,1,1,1,4),(13.,14.),(0.,2.367208350872E-02,4.740980147591E-02,
    7.134334288179E-02,9.527688428768E-02,0.119185059348,0.142857142857,
    0.166529226366,0.190437401427,0.214370942832,0.238304484238,
    0.262042202206,0.285714285714,0.309386369223,0.33312408719,
    0.357057628596,0.380991170002,0.404899345063,0.428571428571,
    0.45224351208,0.476151687141,0.500085228547,0.524018769953,
    0.54775648792,0.571428571429,0.595100654937,0.618838372904,
    0.64277191431,0.666705455716,0.690613630777,0.714285714286,
    0.737957797794,0.761865972855,0.785799514261,0.809733055667,
    0.833470773634,0.857142857143,0.880814940652,0.904552658619,
    0.928486200025,0.952419741431,0.976327916491,1.),.UNSPECIFIED.) 
GEOMETRIC_REPRESENTATION_ITEM() RATIONAL_B_SPLINE_SURFACE((
    (1.,1.000000000024,0.999999999989,1.000000000003,0.999999999999,1.
      ,1.,1.,1.,1.,1.,1.,1.,1.,1.,1.,1.,1.,1.,1.,1.,1.,1.,1.,1.,1.,1.,1.
      ,1.,1.,1.,1.,1.,1.,1.,1.,1.,1.,1.,1.,1.000000000002,0.999999999993
      ,1.000000000024,0.999999999948,1.)
    ,(1.,1.000000000024,0.999999999989,1.000000000003,0.999999999999,1.
      ,1.,1.,1.,1.,1.,1.,1.,1.,1.,1.,1.,1.,1.,1.,1.,1.,1.,1.,1.,1.,1.,1.
      ,1.,1.,1.,1.,1.,1.,1.,1.,1.,1.,1.,1.,1.000000000002,0.999999999993
,1.000000000024,0.999999999948,1.
  ))) REPRESENTATION_ITEM('') SURFACE() );
#3037 = CARTESIAN_POINT('',(-0.503377097823,3.823528661037,-1.));
#3038 = CARTESIAN_POINT('',(-0.510442060763,3.877192382337,
    -0.945915960696));
#3039 = CARTESIAN_POINT('',(-0.460183044439,3.49543725241,
    -0.832465754706));
#3040 = CARTESIAN_POINT('',(-0.439323712375,3.33699489509,
    -0.666031992455));
#3041 = CARTESIAN_POINT('',(-0.445091604252,3.380806383536,
    -0.500065658372));
#3042 = CARTESIAN_POINT('',(-0.443060683582,3.365380009502,
    -0.333310426054));
#3043 = CARTESIAN_POINT('',(-0.44539190333,3.383087381495,
    -0.167651462254));
#3044 = CARTESIAN_POINT('',(-0.488651037457,3.711673127454,
    -9.481367651137E-07));
#3045 = CARTESIAN_POINT('',(-0.518069741066,3.935130366383,
    0.167655273713));
#3046 = CARTESIAN_POINT('',(-0.562351699049,4.271485230851,
    0.333296937213));
#3047 = CARTESIAN_POINT('',(-0.559436420681,4.249341493193,
    0.500115802373));
#3048 = CARTESIAN_POINT('',(-0.56745541701,4.310251817538,0.665845574726
    ));
#3049 = CARTESIAN_POINT('',(-0.538545863768,4.090661959609,
    0.833154316416));
#3050 = CARTESIAN_POINT('',(-0.503212221599,3.822276301782,
    0.999999999649));
#3051 = CARTESIAN_POINT('',(-0.468868751061,3.561411744198,1.16684568499
    ));
#3052 = CARTESIAN_POINT('',(-0.436972245588,3.319133731576,
    1.334154420322));
#3053 = CARTESIAN_POINT('',(-0.445723901601,3.385609158727,
    1.499884216189));
#3054 = CARTESIAN_POINT('',(-0.4428914042,3.364094204943,1.666702993586)
  );
#3055 = CARTESIAN_POINT('',(-0.445436742032,3.383427965247,
    1.832344983153));
#3056 = CARTESIAN_POINT('',(-0.488639077377,3.711582281625,2.));
#3057 = CARTESIAN_POINT('',(-0.518072981252,3.935154978035,
    2.167655016847));
#3058 = CARTESIAN_POINT('',(-0.562350826158,4.271478600587,
    2.333297006412));
#3059 = CARTESIAN_POINT('',(-0.559436654741,4.249343271061,
    2.500115783817));
#3060 = CARTESIAN_POINT('',(-0.567455354858,4.310251345454,
    2.665845579653));
#3061 = CARTESIAN_POINT('',(-0.538545880312,4.090662085273,
    2.833154315104));
#3062 = CARTESIAN_POINT('',(-0.503212217173,3.822276268163,3.));
#3063 = CARTESIAN_POINT('',(-0.468868752246,3.5614117532,3.166845684896)
  );
#3064 = CARTESIAN_POINT('',(-0.436972245283,3.319133729258,
    3.334154420345));
#3065 = CARTESIAN_POINT('',(-0.445723901624,3.385609158899,3.49988421619
    ));
#3066 = CARTESIAN_POINT('',(-0.442891404416,3.36409420658,3.666702993561
    ));
#3067 = CARTESIAN_POINT('',(-0.445436741152,3.383427958562,
    3.832344983253));
#3068 = CARTESIAN_POINT('',(-0.488639080647,3.71158230646,3.999999999629
    ));
#3069 = CARTESIAN_POINT('',(-0.518072968988,3.935154884884,
    4.167655018238));
#3070 = CARTESIAN_POINT('',(-0.562350872458,4.27147895227,4.333297001163
    ));
#3071 = CARTESIAN_POINT('',(-0.5594364818,4.249341957441,4.500115803424)
  );
#3072 = CARTESIAN_POINT('',(-0.567455998014,4.310256230708,
    4.665845506737));
#3073 = CARTESIAN_POINT('',(-0.538543504662,4.090644040417,
    4.833154584436));
#3074 = CARTESIAN_POINT('',(-0.503221058349,3.822343423552,
    4.999998997659));
#3075 = CARTESIAN_POINT('',(-0.468835714166,3.561160804102,
    5.166849430487));
#3076 = CARTESIAN_POINT('',(-0.437096358065,3.320076459309,
    5.334140349441));
#3077 = CARTESIAN_POINT('',(-0.445256493617,3.38205884307,5.499937207133
    ));
#3078 = CARTESIAN_POINT('',(-0.444634524752,3.377334518312,
    5.666505372662));
#3079 = CARTESIAN_POINT('',(-0.438966249343,3.334279700217,
    5.833078555327));
#3080 = CARTESIAN_POINT('',(-0.488085175815,3.707374967862,
    5.942735729628));
#3081 = CARTESIAN_POINT('',(-0.486351942316,3.694209766075,6.));
#3082 = CARTESIAN_POINT('',(-1.01502077688,3.788109110055,-1.));
#3083 = CARTESIAN_POINT('',(-1.034736291087,3.861688410812,
    -0.945915960696));
#3084 = CARTESIAN_POINT('',(-0.933186943761,3.482701087057,
    -0.832465754706));
#3085 = CARTESIAN_POINT('',(-0.865934789371,3.231712629978,
    -0.666031992455));
#3086 = CARTESIAN_POINT('',(-0.882430950913,3.293277142977,
    -0.500065658372));
#3087 = CARTESIAN_POINT('',(-0.884294381894,3.300231562077,
    -0.333310426054));
#3088 = CARTESIAN_POINT('',(-0.860406263135,3.21107988917,
    -0.167651462254));
#3089 = CARTESIAN_POINT('',(-0.953194627812,3.557370780498,
    -9.481367651137E-07));
#3090 = CARTESIAN_POINT('',(-1.011718281666,3.775784030122,
    0.167655273713));
#3091 = CARTESIAN_POINT('',(-1.091687475191,4.074233123399,
    0.333296937213));
#3092 = CARTESIAN_POINT('',(-1.117159357247,4.169295481398,
    0.500115802373));
#3093 = CARTESIAN_POINT('',(-1.117215308557,4.169504294529,
    0.665845574726));
#3094 = CARTESIAN_POINT('',(-1.091778436413,4.074572595302,
    0.833154316416));
#3095 = CARTESIAN_POINT('',(-1.011315545424,3.774280998006,
    0.999999999649));
#3096 = CARTESIAN_POINT('',(-0.953104589811,3.557034754102,1.16684568499
    ));
#3097 = CARTESIAN_POINT('',(-0.86054251846,3.211588400965,1.334154420322
    ));
#3098 = CARTESIAN_POINT('',(-0.883880904884,3.298688444865,
    1.499884216189));
#3099 = CARTESIAN_POINT('',(-0.883906198531,3.298782842043,
    1.666702993586));
#3100 = CARTESIAN_POINT('',(-0.860509085096,3.211463625952,
    1.832344983153));
#3101 = CARTESIAN_POINT('',(-0.95316720153,3.557268424217,2.));
#3102 = CARTESIAN_POINT('',(-1.011725711903,3.775811760148,
    2.167655016847));
#3103 = CARTESIAN_POINT('',(-1.091685473519,4.074225653059,
    2.333297006412));
#3104 = CARTESIAN_POINT('',(-1.117159893984,4.169297484528,
    2.500115783817));
#3105 = CARTESIAN_POINT('',(-1.117215166035,4.169503762631,
    2.665845579653));
#3106 = CARTESIAN_POINT('',(-1.091778474351,4.074572736888,
    2.833154315104));
#3107 = CARTESIAN_POINT('',(-1.011315535273,3.774280960124,3.));
#3108 = CARTESIAN_POINT('',(-0.953104592531,3.557034764255,
    3.166845684896));
#3109 = CARTESIAN_POINT('',(-0.86054251775,3.211588398317,3.334154420345
    ));
#3110 = CARTESIAN_POINT('',(-0.883880904973,3.2986884452,3.49988421619)
  );
#3111 = CARTESIAN_POINT('',(-0.883906198884,3.298782843361,
    3.666702993561));
#3112 = CARTESIAN_POINT('',(-0.860509083601,3.211463620374,
    3.832344983253));
#3113 = CARTESIAN_POINT('',(-0.953167207095,3.557268444986,
    3.999999999629));
#3114 = CARTESIAN_POINT('',(-1.011725691026,3.775811682232,
    4.167655018238));
#3115 = CARTESIAN_POINT('',(-1.091685552341,4.074225947227,
    4.333297001163));
#3116 = CARTESIAN_POINT('',(-1.117159599565,4.169296385741,
    4.500115803424));
#3117 = CARTESIAN_POINT('',(-1.117216260958,4.169507848938,
    4.665845506737));
#3118 = CARTESIAN_POINT('',(-1.091774429991,4.074557643131,
    4.833154584436));
#3119 = CARTESIAN_POINT('',(-1.011330586685,3.774337132758,
    4.999998997659));
#3120 = CARTESIAN_POINT('',(-0.953048347781,3.556824855979,
    5.166849430487));
#3121 = CARTESIAN_POINT('',(-0.860753810066,3.212376952011,
    5.334140349441));
#3122 = CARTESIAN_POINT('',(-0.883085179353,3.295718756622,
    5.499937207133));
#3123 = CARTESIAN_POINT('',(-0.88687372509,3.30985780244,5.666505372662)
  );
#3124 = CARTESIAN_POINT('',(-0.849493576748,3.170353187254,
    5.833078555327));
#3125 = CARTESIAN_POINT('',(-0.945875495135,3.530055409474,
    5.942735729628));
#3126 = CARTESIAN_POINT('',(-0.947502765114,3.536128459719,6.));
#3127 = ADVANCED_FACE('',(#3128),#3181,.F.);
#3128 = FACE_BOUND('',#3129,.F.);
#3129 = EDGE_LOOP('',(#3130,#3131,#3132,#3180));
#3130 = ORIENTED_EDGE('',*,*,#2988,.F.);
#3131 = ORIENTED_EDGE('',*,*,#502,.F.);
#3132 = ORIENTED_EDGE('',*,*,#3133,.T.);
#3133 = EDGE_CURVE('',#493,#1008,#3134,.T.);
#3134 = ( BOUNDED_CURVE() B_SPLINE_CURVE(3,(#3135,#3136,#3137,#3138,
    #3139,#3140,#3141,#3142,#3143,#3144,#3145,#3146,#3147,#3148,#3149,
    #3150,#3151,#3152,#3153,#3154,#3155,#3156,#3157,#3158,#3159,#3160,
    #3161,#3162,#3163,#3164,#3165,#3166,#3167,#3168,#3169,#3170,#3171,
    #3172,#3173,#3174,#3175,#3176,#3177,#3178,#3179),.UNSPECIFIED.,.F.,
.F.) B_SPLINE_CURVE_WITH_KNOTS((4,1,1,1,1,1,1,1,1,1,1,1,1,1,1,1,1,1,1,1,
    1,1,1,1,1,1,1,1,1,1,1,1,1,1,1,1,1,1,1,1,1,1,4),(0.,
    2.367208350872E-02,4.740980147591E-02,7.134334288179E-02,
    9.527688428768E-02,0.119185059348,0.142857142857,0.166529226366,
    0.190437401427,0.214370942832,0.238304484238,0.262042202206,
    0.285714285714,0.309386369223,0.33312408719,0.357057628596,
    0.380991170002,0.404899345063,0.428571428571,0.45224351208,
    0.476151687141,0.500085228547,0.524018769953,0.54775648792,
    0.571428571429,0.595100654937,0.618838372904,0.64277191431,
    0.666705455716,0.690613630777,0.714285714286,0.737957797794,
    0.761865972855,0.785799514261,0.809733055667,0.833470773634,
    0.857142857143,0.880814940652,0.904552658619,0.928486200025,
0.952419741431,0.976327916491,1.),.UNSPECIFIED.) CURVE() 
GEOMETRIC_REPRESENTATION_ITEM() RATIONAL_B_SPLINE_CURVE((1.,
    1.000000000024,0.999999999989,1.000000000003,0.999999999999,1.,1.,1.
    ,1.,1.,1.,1.,1.,1.,1.,1.,1.,1.,1.,1.,1.,1.,1.,1.,1.,1.,1.,1.,1.,1.,
    1.,1.,1.,1.,1.,1.,1.,1.,1.,1.,1.000000000002,0.999999999993,
1.000000000024,0.999999999948,1.)) REPRESENTATION_ITEM('') );
#3135 = CARTESIAN_POINT('',(-1.52574220643,3.683467527447,-1.));
#3136 = CARTESIAN_POINT('',(-1.512424091468,3.651314753694,
    -0.945915960696));
#3137 = CARTESIAN_POINT('',(-1.421972990578,3.432946479177,
    -0.832465754706));
#3138 = CARTESIAN_POINT('',(-1.30887858526,3.159912432037,
    -0.666031992455));
#3139 = CARTESIAN_POINT('',(-1.297701146501,3.13292770779,
    -0.500065658372));
#3140 = CARTESIAN_POINT('',(-1.307024985966,3.15543744748,
    -0.333310426054));
#3141 = CARTESIAN_POINT('',(-1.281047417945,3.092722050446,
    -0.167651462254));
#3142 = CARTESIAN_POINT('',(-1.374747145767,3.318933204145,
    -9.481367651137E-07));
#3143 = CARTESIAN_POINT('',(-1.475968012979,3.563301994564,
    0.167655273713));
#3144 = CARTESIAN_POINT('',(-1.57874045703,3.811416622829,0.333296937213
    ));
#3145 = CARTESIAN_POINT('',(-1.663586610598,4.016253357489,
    0.500115802373));
#3146 = CARTESIAN_POINT('',(-1.640239490629,3.959888423817,
    0.665845574726));
#3147 = CARTESIAN_POINT('',(-1.648820584371,3.980605016709,
    0.833154316416));
#3148 = CARTESIAN_POINT('',(-1.518285118074,3.665464523604,
    0.999999999649));
#3149 = CARTESIAN_POINT('',(-1.432533533737,3.458441885701,1.16684568499
    ));
#3150 = CARTESIAN_POINT('',(-1.306019547122,3.153010103387,
    1.334154420322));
#3151 = CARTESIAN_POINT('',(-1.298469927182,3.134783708536,
    1.499884216189));
#3152 = CARTESIAN_POINT('',(-1.306819167108,3.154940556802,
    1.666702993586));
#3153 = CARTESIAN_POINT('',(-1.281101935219,3.092853666787,
    1.832344983153));
#3154 = CARTESIAN_POINT('',(-1.374732604067,3.318898097375,2.));
#3155 = CARTESIAN_POINT('',(-1.475971952569,3.563311505574,
    2.167655016847));
#3156 = CARTESIAN_POINT('',(-1.578739395723,3.811414060607,
    2.333297006412));
#3157 = CARTESIAN_POINT('',(-1.663586895182,4.016254044534,
    2.500115783817));
#3158 = CARTESIAN_POINT('',(-1.640239415063,3.959888241383,
    2.665845579653));
#3159 = CARTESIAN_POINT('',(-1.648820604486,3.980605065271,
    2.833154315104));
#3160 = CARTESIAN_POINT('',(-1.518285112691,3.665464510609,3.));
#3161 = CARTESIAN_POINT('',(-1.432533535182,3.458441889192,
    3.166845684896));
#3162 = CARTESIAN_POINT('',(-1.306019546733,3.153010102447,
    3.334154420345));
#3163 = CARTESIAN_POINT('',(-1.298469927278,3.134783708767,3.49988421619
    ));
#3164 = CARTESIAN_POINT('',(-1.306819167116,3.15494055682,3.666702993561
    ));
#3165 = CARTESIAN_POINT('',(-1.281101935094,3.092853666487,
    3.832344983253));
#3166 = CARTESIAN_POINT('',(-1.374732604551,3.318898098545,
    3.999999999629));
#3167 = CARTESIAN_POINT('',(-1.475971950745,3.563311501172,
    4.167655018238));
#3168 = CARTESIAN_POINT('',(-1.57873940261,3.811414077233,4.333297001163
    ));
#3169 = CARTESIAN_POINT('',(-1.663586869458,4.016253982431,
    4.500115803424));
#3170 = CARTESIAN_POINT('',(-1.640239510729,3.959888472341,
    4.665845506737));
#3171 = CARTESIAN_POINT('',(-1.648820251121,3.980604212172,
    4.833154584436));
#3172 = CARTESIAN_POINT('',(-1.518286427769,3.665467685487,
    4.999998997659));
#3173 = CARTESIAN_POINT('',(-1.432528620944,3.458430025171,
    5.166849430487));
#3174 = CARTESIAN_POINT('',(-1.306038007849,3.153054671521,
    5.334140349441));
#3175 = CARTESIAN_POINT('',(-1.298400402825,3.134615861897,
    5.499937207133));
#3176 = CARTESIAN_POINT('',(-1.307078446986,3.155566513774,
    5.666505372662));
#3177 = CARTESIAN_POINT('',(-1.280139483886,3.090530103815,
    5.833078555327));
#3178 = CARTESIAN_POINT('',(-1.345678346507,3.248754914542,
    5.942735729628));
#3179 = CARTESIAN_POINT('',(-1.375996515504,3.321949449508,6.));
#3180 = ORIENTED_EDGE('',*,*,#1017,.T.);
#3181 = ( BOUNDED_SURFACE() B_SPLINE_SURFACE(1,3,(
    (#3182,#3183,#3184,#3185,#3186,#3187,#3188,#3189,#3190,#3191,#3192
      ,#3193,#3194,#3195,#3196,#3197,#3198,#3199,#3200,#3201,#3202,#3203
      ,#3204,#3205,#3206,#3207,#3208,#3209,#3210,#3211,#3212,#3213,#3214
      ,#3215,#3216,#3217,#3218,#3219,#3220,#3221,#3222,#3223,#3224,#3225
      ,#3226)
    ,(#3227,#3228,#3229,#3230,#3231,#3232,#3233,#3234,#3235,#3236,#3237
      ,#3238,#3239,#3240,#3241,#3242,#3243,#3244,#3245,#3246,#3247,#3248
      ,#3249,#3250,#3251,#3252,#3253,#3254,#3255,#3256,#3257,#3258,#3259
      ,#3260,#3261,#3262,#3263,#3264,#3265,#3266,#3267,#3268,#3269,#3270
,#3271
    )),.UNSPECIFIED.,.F.,.F.,.F.) B_SPLINE_SURFACE_WITH_KNOTS((2,2),(4,1
    ,1,1,1,1,1,1,1,1,1,1,1,1,1,1,1,1,1,1,1,1,1,1,1,1,1,1,1,1,1,1,1,1,1,1
    ,1,1,1,1,1,1,4),(14.,15.),(0.,2.367208350872E-02,4.740980147591E-02,
    7.134334288179E-02,9.527688428768E-02,0.119185059348,0.142857142857,
    0.166529226366,0.190437401427,0.214370942832,0.238304484238,
    0.262042202206,0.285714285714,0.309386369223,0.33312408719,
    0.357057628596,0.380991170002,0.404899345063,0.428571428571,
    0.45224351208,0.476151687141,0.500085228547,0.524018769953,
    0.54775648792,0.571428571429,0.595100654937,0.618838372904,
    0.64277191431,0.666705455716,0.690613630777,0.714285714286,
    0.737957797794,0.761865972855,0.785799514261,0.809733055667,
    0.833470773634,0.857142857143,0.880814940652,0.904552658619,
    0.928486200025,0.952419741431,0.976327916491,1.),.UNSPECIFIED.) 
GEOMETRIC_REPRESENTATION_ITEM() RATIONAL_B_SPLINE_SURFACE((
    (1.,1.000000000024,0.999999999989,1.000000000003,0.999999999999,1.
      ,1.,1.,1.,1.,1.,1.,1.,1.,1.,1.,1.,1.,1.,1.,1.,1.,1.,1.,1.,1.,1.,1.
      ,1.,1.,1.,1.,1.,1.,1.,1.,1.,1.,1.,1.,1.000000000002,0.999999999993
      ,1.000000000024,0.999999999948,1.)
    ,(1.,1.000000000024,0.999999999989,1.000000000003,0.999999999999,1.
      ,1.,1.,1.,1.,1.,1.,1.,1.,1.,1.,1.,1.,1.,1.,1.,1.,1.,1.,1.,1.,1.,1.
      ,1.,1.,1.,1.,1.,1.,1.,1.,1.,1.,1.,1.,1.000000000002,0.999999999993
,1.000000000024,0.999999999948,1.
  ))) REPRESENTATION_ITEM('') SURFACE() );
#3182 = CARTESIAN_POINT('',(-1.01502077688,3.788109110055,-1.));
#3183 = CARTESIAN_POINT('',(-1.034736291087,3.861688410812,
    -0.945915960696));
#3184 = CARTESIAN_POINT('',(-0.933186943761,3.482701087057,
    -0.832465754706));
#3185 = CARTESIAN_POINT('',(-0.865934789371,3.231712629978,
    -0.666031992455));
#3186 = CARTESIAN_POINT('',(-0.882430950913,3.293277142977,
    -0.500065658372));
#3187 = CARTESIAN_POINT('',(-0.884294381894,3.300231562077,
    -0.333310426054));
#3188 = CARTESIAN_POINT('',(-0.860406263135,3.21107988917,
    -0.167651462254));
#3189 = CARTESIAN_POINT('',(-0.953194627812,3.557370780498,
    -9.481367651137E-07));
#3190 = CARTESIAN_POINT('',(-1.011718281666,3.775784030122,
    0.167655273713));
#3191 = CARTESIAN_POINT('',(-1.091687475191,4.074233123399,
    0.333296937213));
#3192 = CARTESIAN_POINT('',(-1.117159357247,4.169295481398,
    0.500115802373));
#3193 = CARTESIAN_POINT('',(-1.117215308557,4.169504294529,
    0.665845574726));
#3194 = CARTESIAN_POINT('',(-1.091778436413,4.074572595302,
    0.833154316416));
#3195 = CARTESIAN_POINT('',(-1.011315545424,3.774280998006,
    0.999999999649));
#3196 = CARTESIAN_POINT('',(-0.953104589811,3.557034754102,1.16684568499
    ));
#3197 = CARTESIAN_POINT('',(-0.86054251846,3.211588400965,1.334154420322
    ));
#3198 = CARTESIAN_POINT('',(-0.883880904884,3.298688444865,
    1.499884216189));
#3199 = CARTESIAN_POINT('',(-0.883906198531,3.298782842043,
    1.666702993586));
#3200 = CARTESIAN_POINT('',(-0.860509085096,3.211463625952,
    1.832344983153));
#3201 = CARTESIAN_POINT('',(-0.95316720153,3.557268424217,2.));
#3202 = CARTESIAN_POINT('',(-1.011725711903,3.775811760148,
    2.167655016847));
#3203 = CARTESIAN_POINT('',(-1.091685473519,4.074225653059,
    2.333297006412));
#3204 = CARTESIAN_POINT('',(-1.117159893984,4.169297484528,
    2.500115783817));
#3205 = CARTESIAN_POINT('',(-1.117215166035,4.169503762631,
    2.665845579653));
#3206 = CARTESIAN_POINT('',(-1.091778474351,4.074572736888,
    2.833154315104));
#3207 = CARTESIAN_POINT('',(-1.011315535273,3.774280960124,3.));
#3208 = CARTESIAN_POINT('',(-0.953104592531,3.557034764255,
    3.166845684896));
#3209 = CARTESIAN_POINT('',(-0.86054251775,3.211588398317,3.334154420345
    ));
#3210 = CARTESIAN_POINT('',(-0.883880904973,3.2986884452,3.49988421619)
  );
#3211 = CARTESIAN_POINT('',(-0.883906198884,3.298782843361,
    3.666702993561));
#3212 = CARTESIAN_POINT('',(-0.860509083601,3.211463620374,
    3.832344983253));
#3213 = CARTESIAN_POINT('',(-0.953167207095,3.557268444986,
    3.999999999629));
#3214 = CARTESIAN_POINT('',(-1.011725691026,3.775811682232,
    4.167655018238));
#3215 = CARTESIAN_POINT('',(-1.091685552341,4.074225947227,
    4.333297001163));
#3216 = CARTESIAN_POINT('',(-1.117159599565,4.169296385741,
    4.500115803424));
#3217 = CARTESIAN_POINT('',(-1.117216260958,4.169507848938,
    4.665845506737));
#3218 = CARTESIAN_POINT('',(-1.091774429991,4.074557643131,
    4.833154584436));
#3219 = CARTESIAN_POINT('',(-1.011330586685,3.774337132758,
    4.999998997659));
#3220 = CARTESIAN_POINT('',(-0.953048347781,3.556824855979,
    5.166849430487));
#3221 = CARTESIAN_POINT('',(-0.860753810066,3.212376952011,
    5.334140349441));
#3222 = CARTESIAN_POINT('',(-0.883085179353,3.295718756622,
    5.499937207133));
#3223 = CARTESIAN_POINT('',(-0.88687372509,3.30985780244,5.666505372662)
  );
#3224 = CARTESIAN_POINT('',(-0.849493576748,3.170353187254,
    5.833078555327));
#3225 = CARTESIAN_POINT('',(-0.945875495135,3.530055409474,
    5.942735729628));
#3226 = CARTESIAN_POINT('',(-0.947502765114,3.536128459719,6.));
#3227 = CARTESIAN_POINT('',(-1.52574220643,3.683467527447,-1.));
#3228 = CARTESIAN_POINT('',(-1.512424091468,3.651314753694,
    -0.945915960696));
#3229 = CARTESIAN_POINT('',(-1.421972990578,3.432946479177,
    -0.832465754706));
#3230 = CARTESIAN_POINT('',(-1.30887858526,3.159912432037,
    -0.666031992455));
#3231 = CARTESIAN_POINT('',(-1.297701146501,3.13292770779,
    -0.500065658372));
#3232 = CARTESIAN_POINT('',(-1.307024985966,3.15543744748,
    -0.333310426054));
#3233 = CARTESIAN_POINT('',(-1.281047417945,3.092722050446,
    -0.167651462254));
#3234 = CARTESIAN_POINT('',(-1.374747145767,3.318933204145,
    -9.481367651137E-07));
#3235 = CARTESIAN_POINT('',(-1.475968012979,3.563301994564,
    0.167655273713));
#3236 = CARTESIAN_POINT('',(-1.57874045703,3.811416622829,0.333296937213
    ));
#3237 = CARTESIAN_POINT('',(-1.663586610598,4.016253357489,
    0.500115802373));
#3238 = CARTESIAN_POINT('',(-1.640239490629,3.959888423817,
    0.665845574726));
#3239 = CARTESIAN_POINT('',(-1.648820584371,3.980605016709,
    0.833154316416));
#3240 = CARTESIAN_POINT('',(-1.518285118074,3.665464523604,
    0.999999999649));
#3241 = CARTESIAN_POINT('',(-1.432533533737,3.458441885701,1.16684568499
    ));
#3242 = CARTESIAN_POINT('',(-1.306019547122,3.153010103387,
    1.334154420322));
#3243 = CARTESIAN_POINT('',(-1.298469927182,3.134783708536,
    1.499884216189));
#3244 = CARTESIAN_POINT('',(-1.306819167108,3.154940556802,
    1.666702993586));
#3245 = CARTESIAN_POINT('',(-1.281101935219,3.092853666787,
    1.832344983153));
#3246 = CARTESIAN_POINT('',(-1.374732604067,3.318898097375,2.));
#3247 = CARTESIAN_POINT('',(-1.475971952569,3.563311505574,
    2.167655016847));
#3248 = CARTESIAN_POINT('',(-1.578739395723,3.811414060607,
    2.333297006412));
#3249 = CARTESIAN_POINT('',(-1.663586895182,4.016254044534,
    2.500115783817));
#3250 = CARTESIAN_POINT('',(-1.640239415063,3.959888241383,
    2.665845579653));
#3251 = CARTESIAN_POINT('',(-1.648820604486,3.980605065271,
    2.833154315104));
#3252 = CARTESIAN_POINT('',(-1.518285112691,3.665464510609,3.));
#3253 = CARTESIAN_POINT('',(-1.432533535182,3.458441889192,
    3.166845684896));
#3254 = CARTESIAN_POINT('',(-1.306019546733,3.153010102447,
    3.334154420345));
#3255 = CARTESIAN_POINT('',(-1.298469927278,3.134783708767,3.49988421619
    ));
#3256 = CARTESIAN_POINT('',(-1.306819167116,3.15494055682,3.666702993561
    ));
#3257 = CARTESIAN_POINT('',(-1.281101935094,3.092853666487,
    3.832344983253));
#3258 = CARTESIAN_POINT('',(-1.374732604551,3.318898098545,
    3.999999999629));
#3259 = CARTESIAN_POINT('',(-1.475971950745,3.563311501172,
    4.167655018238));
#3260 = CARTESIAN_POINT('',(-1.57873940261,3.811414077233,4.333297001163
    ));
#3261 = CARTESIAN_POINT('',(-1.663586869458,4.016253982431,
    4.500115803424));
#3262 = CARTESIAN_POINT('',(-1.640239510729,3.959888472341,
    4.665845506737));
#3263 = CARTESIAN_POINT('',(-1.648820251121,3.980604212172,
    4.833154584436));
#3264 = CARTESIAN_POINT('',(-1.518286427769,3.665467685487,
    4.999998997659));
#3265 = CARTESIAN_POINT('',(-1.432528620944,3.458430025171,
    5.166849430487));
#3266 = CARTESIAN_POINT('',(-1.306038007849,3.153054671521,
    5.334140349441));
#3267 = CARTESIAN_POINT('',(-1.298400402825,3.134615861897,
    5.499937207133));
#3268 = CARTESIAN_POINT('',(-1.307078446986,3.155566513774,
    5.666505372662));
#3269 = CARTESIAN_POINT('',(-1.280139483886,3.090530103815,
    5.833078555327));
#3270 = CARTESIAN_POINT('',(-1.345678346507,3.248754914542,
    5.942735729628));
#3271 = CARTESIAN_POINT('',(-1.375996515504,3.321949449508,6.));
#3272 = ADVANCED_FACE('',(#3273),#3326,.F.);
#3273 = FACE_BOUND('',#3274,.F.);
#3274 = EDGE_LOOP('',(#3275,#3276,#3277,#3325));
#3275 = ORIENTED_EDGE('',*,*,#3133,.F.);
#3276 = ORIENTED_EDGE('',*,*,#492,.F.);
#3277 = ORIENTED_EDGE('',*,*,#3278,.T.);
#3278 = EDGE_CURVE('',#483,#998,#3279,.T.);
#3279 = ( BOUNDED_CURVE() B_SPLINE_CURVE(3,(#3280,#3281,#3282,#3283,
    #3284,#3285,#3286,#3287,#3288,#3289,#3290,#3291,#3292,#3293,#3294,
    #3295,#3296,#3297,#3298,#3299,#3300,#3301,#3302,#3303,#3304,#3305,
    #3306,#3307,#3308,#3309,#3310,#3311,#3312,#3313,#3314,#3315,#3316,
    #3317,#3318,#3319,#3320,#3321,#3322,#3323,#3324),.UNSPECIFIED.,.F.,
.F.) B_SPLINE_CURVE_WITH_KNOTS((4,1,1,1,1,1,1,1,1,1,1,1,1,1,1,1,1,1,1,1,
    1,1,1,1,1,1,1,1,1,1,1,1,1,1,1,1,1,1,1,1,1,1,4),(0.,
    2.367208350872E-02,4.740980147591E-02,7.134334288179E-02,
    9.527688428768E-02,0.119185059348,0.142857142857,0.166529226366,
    0.190437401427,0.214370942832,0.238304484238,0.262042202206,
    0.285714285714,0.309386369223,0.33312408719,0.357057628596,
    0.380991170002,0.404899345063,0.428571428571,0.45224351208,
    0.476151687141,0.500085228547,0.524018769953,0.54775648792,
    0.571428571429,0.595100654937,0.618838372904,0.64277191431,
    0.666705455716,0.690613630777,0.714285714286,0.737957797794,
    0.761865972855,0.785799514261,0.809733055667,0.833470773634,
    0.857142857143,0.880814940652,0.904552658619,0.928486200025,
0.952419741431,0.976327916491,1.),.UNSPECIFIED.) CURVE() 
GEOMETRIC_REPRESENTATION_ITEM() RATIONAL_B_SPLINE_CURVE((1.,
    1.000000000024,0.999999999989,1.000000000003,0.999999999999,1.,1.,1.
    ,1.,1.,1.,1.,1.,1.,1.,1.,1.,1.,1.,1.,1.,1.,1.,1.,1.,1.,1.,1.,1.,1.,
    1.,1.,1.,1.,1.,1.,1.,1.,1.,1.,1.000000000002,0.999999999993,
1.000000000024,0.999999999948,1.)) REPRESENTATION_ITEM('') );
#3280 = CARTESIAN_POINT('',(-2.026086956522,3.509285549248,-1.));
#3281 = CARTESIAN_POINT('',(-1.953197596308,3.383037474031,
    -0.945915960696));
#3282 = CARTESIAN_POINT('',(-1.913015730549,3.313440440988,
    -0.832465754706));
#3283 = CARTESIAN_POINT('',(-1.747407097398,3.026597874201,
    -0.666031992455));
#3284 = CARTESIAN_POINT('',(-1.686330519761,2.92081013858,
    -0.500065658372));
#3285 = CARTESIAN_POINT('',(-1.707096453541,2.956777790954,
    -0.333310426054));
#3286 = CARTESIAN_POINT('',(-1.685356751064,2.919123521723,
    -0.167651462254));
#3287 = CARTESIAN_POINT('',(-1.750972346205,3.032773066275,
    -9.481367651137E-07));
#3288 = CARTESIAN_POINT('',(-1.902342355481,3.294953613084,
    0.167655273713));
#3289 = CARTESIAN_POINT('',(-2.016689457527,3.493008603526,
    0.333296937213));
#3290 = CARTESIAN_POINT('',(-2.188153086474,3.789992320512,
    0.500115802373));
#3291 = CARTESIAN_POINT('',(-2.130915326867,3.690853612762,
    0.665845574726));
#3292 = CARTESIAN_POINT('',(-2.188129259331,3.789951050689,
    0.833154316416));
#3293 = CARTESIAN_POINT('',(-2.016780568082,3.493166411636,
    0.999999999649));
#3294 = CARTESIAN_POINT('',(-1.901321814231,3.293185983787,1.16684568499
    ));
#3295 = CARTESIAN_POINT('',(-1.750572971751,3.032081329429,
    1.334154420322));
#3296 = CARTESIAN_POINT('',(-1.685479232397,2.919335665614,
    1.499884216189));
#3297 = CARTESIAN_POINT('',(-1.707324361184,2.957172538571,
    1.666702993586));
#3298 = CARTESIAN_POINT('',(-1.685296382916,2.919018961023,
    1.832344983153));
#3299 = CARTESIAN_POINT('',(-1.750988448543,3.032800956342,2.));
#3300 = CARTESIAN_POINT('',(-1.902337993089,3.294946057199,
    2.167655016847));
#3301 = CARTESIAN_POINT('',(-2.016690632735,3.493010639046,
    2.333297006412));
#3302 = CARTESIAN_POINT('',(-2.188152771349,3.789991774698,
    2.500115783817));
#3303 = CARTESIAN_POINT('',(-2.130915410544,3.690853757693,
    2.665845579653));
#3304 = CARTESIAN_POINT('',(-2.188129237058,3.789951012111,
    2.833154315104));
#3305 = CARTESIAN_POINT('',(-2.016780574039,3.493166421954,3.));
#3306 = CARTESIAN_POINT('',(-1.901321812642,3.293185981035,
    3.166845684896));
#3307 = CARTESIAN_POINT('',(-1.750572972135,3.032081330094,
    3.334154420345));
#3308 = CARTESIAN_POINT('',(-1.685479232468,2.919335665737,3.49988421619
    ));
#3309 = CARTESIAN_POINT('',(-1.707324360516,2.957172537414,
    3.666702993561));
#3310 = CARTESIAN_POINT('',(-1.685296385503,2.919018965503,
    3.832344983253));
#3311 = CARTESIAN_POINT('',(-1.750988438966,3.032800939755,
    3.999999999629));
#3312 = CARTESIAN_POINT('',(-1.902338028999,3.294946119396,
    4.167655018238));
#3313 = CARTESIAN_POINT('',(-2.016690497165,3.493010404231,
    4.333297001163));
#3314 = CARTESIAN_POINT('',(-2.188153277736,3.789992651787,
    4.500115803424));
#3315 = CARTESIAN_POINT('',(-2.130913527327,3.690850495867,
    4.665845506737));
#3316 = CARTESIAN_POINT('',(-2.188136193169,3.789963060449,
    4.833154584436));
#3317 = CARTESIAN_POINT('',(-2.016754686309,3.493121583091,
    4.999998997659));
#3318 = CARTESIAN_POINT('',(-1.901418551006,3.293353536796,
    5.166849430487));
#3319 = CARTESIAN_POINT('',(-1.750209559144,3.031451880329,
    5.334140349441));
#3320 = CARTESIAN_POINT('',(-1.686847843655,2.921706169853,
    5.499937207133));
#3321 = CARTESIAN_POINT('',(-1.702220352979,2.948332137018,
    5.666505372662));
#3322 = CARTESIAN_POINT('',(-1.70424254675,2.951834679466,5.833078555327
    ));
#3323 = CARTESIAN_POINT('',(-1.68875851035,2.925015541483,5.942735729628
    ));
#3324 = CARTESIAN_POINT('',(-1.765217391304,3.057446208143,6.));
#3325 = ORIENTED_EDGE('',*,*,#1007,.T.);
#3326 = ( BOUNDED_SURFACE() B_SPLINE_SURFACE(1,3,(
    (#3327,#3328,#3329,#3330,#3331,#3332,#3333,#3334,#3335,#3336,#3337
      ,#3338,#3339,#3340,#3341,#3342,#3343,#3344,#3345,#3346,#3347,#3348
      ,#3349,#3350,#3351,#3352,#3353,#3354,#3355,#3356,#3357,#3358,#3359
      ,#3360,#3361,#3362,#3363,#3364,#3365,#3366,#3367,#3368,#3369,#3370
      ,#3371)
    ,(#3372,#3373,#3374,#3375,#3376,#3377,#3378,#3379,#3380,#3381,#3382
      ,#3383,#3384,#3385,#3386,#3387,#3388,#3389,#3390,#3391,#3392,#3393
      ,#3394,#3395,#3396,#3397,#3398,#3399,#3400,#3401,#3402,#3403,#3404
      ,#3405,#3406,#3407,#3408,#3409,#3410,#3411,#3412,#3413,#3414,#3415
,#3416
    )),.UNSPECIFIED.,.F.,.F.,.F.) B_SPLINE_SURFACE_WITH_KNOTS((2,2),(4,1
    ,1,1,1,1,1,1,1,1,1,1,1,1,1,1,1,1,1,1,1,1,1,1,1,1,1,1,1,1,1,1,1,1,1,1
    ,1,1,1,1,1,1,4),(15.,16.),(0.,2.367208350872E-02,4.740980147591E-02,
    7.134334288179E-02,9.527688428768E-02,0.119185059348,0.142857142857,
    0.166529226366,0.190437401427,0.214370942832,0.238304484238,
    0.262042202206,0.285714285714,0.309386369223,0.33312408719,
    0.357057628596,0.380991170002,0.404899345063,0.428571428571,
    0.45224351208,0.476151687141,0.500085228547,0.524018769953,
    0.54775648792,0.571428571429,0.595100654937,0.618838372904,
    0.64277191431,0.666705455716,0.690613630777,0.714285714286,
    0.737957797794,0.761865972855,0.785799514261,0.809733055667,
    0.833470773634,0.857142857143,0.880814940652,0.904552658619,
    0.928486200025,0.952419741431,0.976327916491,1.),.UNSPECIFIED.) 
GEOMETRIC_REPRESENTATION_ITEM() RATIONAL_B_SPLINE_SURFACE((
    (1.,1.000000000024,0.999999999989,1.000000000003,0.999999999999,1.
      ,1.,1.,1.,1.,1.,1.,1.,1.,1.,1.,1.,1.,1.,1.,1.,1.,1.,1.,1.,1.,1.,1.
      ,1.,1.,1.,1.,1.,1.,1.,1.,1.,1.,1.,1.,1.000000000002,0.999999999993
      ,1.000000000024,0.999999999948,1.)
    ,(1.,1.000000000024,0.999999999989,1.000000000003,0.999999999999,1.
      ,1.,1.,1.,1.,1.,1.,1.,1.,1.,1.,1.,1.,1.,1.,1.,1.,1.,1.,1.,1.,1.,1.
      ,1.,1.,1.,1.,1.,1.,1.,1.,1.,1.,1.,1.,1.000000000002,0.999999999993
,1.000000000024,0.999999999948,1.
  ))) REPRESENTATION_ITEM('') SURFACE() );
#3327 = CARTESIAN_POINT('',(-1.52574220643,3.683467527447,-1.));
#3328 = CARTESIAN_POINT('',(-1.512424091468,3.651314753694,
    -0.945915960696));
#3329 = CARTESIAN_POINT('',(-1.421972990578,3.432946479177,
    -0.832465754706));
#3330 = CARTESIAN_POINT('',(-1.30887858526,3.159912432037,
    -0.666031992455));
#3331 = CARTESIAN_POINT('',(-1.297701146501,3.13292770779,
    -0.500065658372));
#3332 = CARTESIAN_POINT('',(-1.307024985966,3.15543744748,
    -0.333310426054));
#3333 = CARTESIAN_POINT('',(-1.281047417945,3.092722050446,
    -0.167651462254));
#3334 = CARTESIAN_POINT('',(-1.374747145767,3.318933204145,
    -9.481367651137E-07));
#3335 = CARTESIAN_POINT('',(-1.475968012979,3.563301994564,
    0.167655273713));
#3336 = CARTESIAN_POINT('',(-1.57874045703,3.811416622829,0.333296937213
    ));
#3337 = CARTESIAN_POINT('',(-1.663586610598,4.016253357489,
    0.500115802373));
#3338 = CARTESIAN_POINT('',(-1.640239490629,3.959888423817,
    0.665845574726));
#3339 = CARTESIAN_POINT('',(-1.648820584371,3.980605016709,
    0.833154316416));
#3340 = CARTESIAN_POINT('',(-1.518285118074,3.665464523604,
    0.999999999649));
#3341 = CARTESIAN_POINT('',(-1.432533533737,3.458441885701,1.16684568499
    ));
#3342 = CARTESIAN_POINT('',(-1.306019547122,3.153010103387,
    1.334154420322));
#3343 = CARTESIAN_POINT('',(-1.298469927182,3.134783708536,
    1.499884216189));
#3344 = CARTESIAN_POINT('',(-1.306819167108,3.154940556802,
    1.666702993586));
#3345 = CARTESIAN_POINT('',(-1.281101935219,3.092853666787,
    1.832344983153));
#3346 = CARTESIAN_POINT('',(-1.374732604067,3.318898097375,2.));
#3347 = CARTESIAN_POINT('',(-1.475971952569,3.563311505574,
    2.167655016847));
#3348 = CARTESIAN_POINT('',(-1.578739395723,3.811414060607,
    2.333297006412));
#3349 = CARTESIAN_POINT('',(-1.663586895182,4.016254044534,
    2.500115783817));
#3350 = CARTESIAN_POINT('',(-1.640239415063,3.959888241383,
    2.665845579653));
#3351 = CARTESIAN_POINT('',(-1.648820604486,3.980605065271,
    2.833154315104));
#3352 = CARTESIAN_POINT('',(-1.518285112691,3.665464510609,3.));
#3353 = CARTESIAN_POINT('',(-1.432533535182,3.458441889192,
    3.166845684896));
#3354 = CARTESIAN_POINT('',(-1.306019546733,3.153010102447,
    3.334154420345));
#3355 = CARTESIAN_POINT('',(-1.298469927278,3.134783708767,3.49988421619
    ));
#3356 = CARTESIAN_POINT('',(-1.306819167116,3.15494055682,3.666702993561
    ));
#3357 = CARTESIAN_POINT('',(-1.281101935094,3.092853666487,
    3.832344983253));
#3358 = CARTESIAN_POINT('',(-1.374732604551,3.318898098545,
    3.999999999629));
#3359 = CARTESIAN_POINT('',(-1.475971950745,3.563311501172,
    4.167655018238));
#3360 = CARTESIAN_POINT('',(-1.57873940261,3.811414077233,4.333297001163
    ));
#3361 = CARTESIAN_POINT('',(-1.663586869458,4.016253982431,
    4.500115803424));
#3362 = CARTESIAN_POINT('',(-1.640239510729,3.959888472341,
    4.665845506737));
#3363 = CARTESIAN_POINT('',(-1.648820251121,3.980604212172,
    4.833154584436));
#3364 = CARTESIAN_POINT('',(-1.518286427769,3.665467685487,
    4.999998997659));
#3365 = CARTESIAN_POINT('',(-1.432528620944,3.458430025171,
    5.166849430487));
#3366 = CARTESIAN_POINT('',(-1.306038007849,3.153054671521,
    5.334140349441));
#3367 = CARTESIAN_POINT('',(-1.298400402825,3.134615861897,
    5.499937207133));
#3368 = CARTESIAN_POINT('',(-1.307078446986,3.155566513774,
    5.666505372662));
#3369 = CARTESIAN_POINT('',(-1.280139483886,3.090530103815,
    5.833078555327));
#3370 = CARTESIAN_POINT('',(-1.345678346507,3.248754914542,
    5.942735729628));
#3371 = CARTESIAN_POINT('',(-1.375996515504,3.321949449508,6.));
#3372 = CARTESIAN_POINT('',(-2.026086956522,3.509285549248,-1.));
#3373 = CARTESIAN_POINT('',(-1.953197596308,3.383037474031,
    -0.945915960696));
#3374 = CARTESIAN_POINT('',(-1.913015730549,3.313440440988,
    -0.832465754706));
#3375 = CARTESIAN_POINT('',(-1.747407097398,3.026597874201,
    -0.666031992455));
#3376 = CARTESIAN_POINT('',(-1.686330519761,2.92081013858,
    -0.500065658372));
#3377 = CARTESIAN_POINT('',(-1.707096453541,2.956777790954,
    -0.333310426054));
#3378 = CARTESIAN_POINT('',(-1.685356751064,2.919123521723,
    -0.167651462254));
#3379 = CARTESIAN_POINT('',(-1.750972346205,3.032773066275,
    -9.481367651137E-07));
#3380 = CARTESIAN_POINT('',(-1.902342355481,3.294953613084,
    0.167655273713));
#3381 = CARTESIAN_POINT('',(-2.016689457527,3.493008603526,
    0.333296937213));
#3382 = CARTESIAN_POINT('',(-2.188153086474,3.789992320512,
    0.500115802373));
#3383 = CARTESIAN_POINT('',(-2.130915326867,3.690853612762,
    0.665845574726));
#3384 = CARTESIAN_POINT('',(-2.188129259331,3.789951050689,
    0.833154316416));
#3385 = CARTESIAN_POINT('',(-2.016780568082,3.493166411636,
    0.999999999649));
#3386 = CARTESIAN_POINT('',(-1.901321814231,3.293185983787,1.16684568499
    ));
#3387 = CARTESIAN_POINT('',(-1.750572971751,3.032081329429,
    1.334154420322));
#3388 = CARTESIAN_POINT('',(-1.685479232397,2.919335665614,
    1.499884216189));
#3389 = CARTESIAN_POINT('',(-1.707324361184,2.957172538571,
    1.666702993586));
#3390 = CARTESIAN_POINT('',(-1.685296382916,2.919018961023,
    1.832344983153));
#3391 = CARTESIAN_POINT('',(-1.750988448543,3.032800956342,2.));
#3392 = CARTESIAN_POINT('',(-1.902337993089,3.294946057199,
    2.167655016847));
#3393 = CARTESIAN_POINT('',(-2.016690632735,3.493010639046,
    2.333297006412));
#3394 = CARTESIAN_POINT('',(-2.188152771349,3.789991774698,
    2.500115783817));
#3395 = CARTESIAN_POINT('',(-2.130915410544,3.690853757693,
    2.665845579653));
#3396 = CARTESIAN_POINT('',(-2.188129237058,3.789951012111,
    2.833154315104));
#3397 = CARTESIAN_POINT('',(-2.016780574039,3.493166421954,3.));
#3398 = CARTESIAN_POINT('',(-1.901321812642,3.293185981035,
    3.166845684896));
#3399 = CARTESIAN_POINT('',(-1.750572972135,3.032081330094,
    3.334154420345));
#3400 = CARTESIAN_POINT('',(-1.685479232468,2.919335665737,3.49988421619
    ));
#3401 = CARTESIAN_POINT('',(-1.707324360516,2.957172537414,
    3.666702993561));
#3402 = CARTESIAN_POINT('',(-1.685296385503,2.919018965503,
    3.832344983253));
#3403 = CARTESIAN_POINT('',(-1.750988438966,3.032800939755,
    3.999999999629));
#3404 = CARTESIAN_POINT('',(-1.902338028999,3.294946119396,
    4.167655018238));
#3405 = CARTESIAN_POINT('',(-2.016690497165,3.493010404231,
    4.333297001163));
#3406 = CARTESIAN_POINT('',(-2.188153277736,3.789992651787,
    4.500115803424));
#3407 = CARTESIAN_POINT('',(-2.130913527327,3.690850495867,
    4.665845506737));
#3408 = CARTESIAN_POINT('',(-2.188136193169,3.789963060449,
    4.833154584436));
#3409 = CARTESIAN_POINT('',(-2.016754686309,3.493121583091,
    4.999998997659));
#3410 = CARTESIAN_POINT('',(-1.901418551006,3.293353536796,
    5.166849430487));
#3411 = CARTESIAN_POINT('',(-1.750209559144,3.031451880329,
    5.334140349441));
#3412 = CARTESIAN_POINT('',(-1.686847843655,2.921706169853,
    5.499937207133));
#3413 = CARTESIAN_POINT('',(-1.702220352979,2.948332137018,
    5.666505372662));
#3414 = CARTESIAN_POINT('',(-1.70424254675,2.951834679466,5.833078555327
    ));
#3415 = CARTESIAN_POINT('',(-1.68875851035,2.925015541483,5.942735729628
    ));
#3416 = CARTESIAN_POINT('',(-1.765217391304,3.057446208143,6.));
#3417 = ADVANCED_FACE('',(#3418),#3471,.F.);
#3418 = FACE_BOUND('',#3419,.F.);
#3419 = EDGE_LOOP('',(#3420,#3421,#3422,#3470));
#3420 = ORIENTED_EDGE('',*,*,#3278,.F.);
#3421 = ORIENTED_EDGE('',*,*,#482,.F.);
#3422 = ORIENTED_EDGE('',*,*,#3423,.T.);
#3423 = EDGE_CURVE('',#473,#988,#3424,.T.);
#3424 = ( BOUNDED_CURVE() B_SPLINE_CURVE(3,(#3425,#3426,#3427,#3428,
    #3429,#3430,#3431,#3432,#3433,#3434,#3435,#3436,#3437,#3438,#3439,
    #3440,#3441,#3442,#3443,#3444,#3445,#3446,#3447,#3448,#3449,#3450,
    #3451,#3452,#3453,#3454,#3455,#3456,#3457,#3458,#3459,#3460,#3461,
    #3462,#3463,#3464,#3465,#3466,#3467,#3468,#3469),.UNSPECIFIED.,.F.,
.F.) B_SPLINE_CURVE_WITH_KNOTS((4,1,1,1,1,1,1,1,1,1,1,1,1,1,1,1,1,1,1,1,
    1,1,1,1,1,1,1,1,1,1,1,1,1,1,1,1,1,1,1,1,1,1,4),(0.,
    2.367208350872E-02,4.740980147591E-02,7.134334288179E-02,
    9.527688428768E-02,0.119185059348,0.142857142857,0.166529226366,
    0.190437401427,0.214370942832,0.238304484238,0.262042202206,
    0.285714285714,0.309386369223,0.33312408719,0.357057628596,
    0.380991170002,0.404899345063,0.428571428571,0.45224351208,
    0.476151687141,0.500085228547,0.524018769953,0.54775648792,
    0.571428571429,0.595100654937,0.618838372904,0.64277191431,
    0.666705455716,0.690613630777,0.714285714286,0.737957797794,
    0.761865972855,0.785799514261,0.809733055667,0.833470773634,
    0.857142857143,0.880814940652,0.904552658619,0.928486200025,
0.952419741431,0.976327916491,1.),.UNSPECIFIED.) CURVE() 
GEOMETRIC_REPRESENTATION_ITEM() RATIONAL_B_SPLINE_CURVE((1.,
    1.000000000024,0.999999999989,1.000000000003,0.999999999999,1.,1.,1.
    ,1.,1.,1.,1.,1.,1.,1.,1.,1.,1.,1.,1.,1.,1.,1.,1.,1.,1.,1.,1.,1.,1.,
    1.,1.,1.,1.,1.,1.,1.,1.,1.,1.,1.000000000002,0.999999999993,
1.000000000024,0.999999999948,1.)) REPRESENTATION_ITEM('') );
#3425 = CARTESIAN_POINT('',(-2.506509014223,3.26654614459,-1.));
#3426 = CARTESIAN_POINT('',(-2.35020615131,3.06284828777,-0.945915960696
    ));
#3427 = CARTESIAN_POINT('',(-2.396246738085,3.122849548672,
    -0.832465754706));
#3428 = CARTESIAN_POINT('',(-2.172896852425,2.831774310644,
    -0.666031992455));
#3429 = CARTESIAN_POINT('',(-2.041925636238,2.6610892986,-0.500065658372
    ));
#3430 = CARTESIAN_POINT('',(-2.07776291145,2.70779334495,-0.333310426054
    ));
#3431 = CARTESIAN_POINT('',(-2.065766053847,2.692158735728,
    -0.167651462254));
#3432 = CARTESIAN_POINT('',(-2.0779075006,2.707981777199,
    -9.481367651137E-07));
#3433 = CARTESIAN_POINT('',(-2.280178074123,2.971585920793,
    0.167655273713));
#3434 = CARTESIAN_POINT('',(-2.415122860868,3.147449390812,
    0.333296937213));
#3435 = CARTESIAN_POINT('',(-2.622832514213,3.418141881235,
    0.500115802373));
#3436 = CARTESIAN_POINT('',(-2.609134025299,3.400289662913,
    0.665845574726));
#3437 = CARTESIAN_POINT('',(-2.646414070697,3.448873963976,
    0.833154316416));
#3438 = CARTESIAN_POINT('',(-2.511468637942,3.273009652062,
    0.999999999649));
#3439 = CARTESIAN_POINT('',(-2.346737960246,3.058328453202,1.16684568499
    ));
#3440 = CARTESIAN_POINT('',(-2.186300280816,2.849241998609,
    1.334154420322));
#3441 = CARTESIAN_POINT('',(-2.03832152314,2.656392326965,1.499884216189
    ));
#3442 = CARTESIAN_POINT('',(-2.0787278088,2.709050823659,1.666702993586)
  );
#3443 = CARTESIAN_POINT('',(-2.065510471957,2.691825654924,
    1.832344983153));
#3444 = CARTESIAN_POINT('',(-2.077975673403,2.708070621725,2.));
#3445 = CARTESIAN_POINT('',(-2.280159604973,2.971561851328,
    2.167655016847));
#3446 = CARTESIAN_POINT('',(-2.415127836371,3.147455875013,
    2.333297006412));
#3447 = CARTESIAN_POINT('',(-2.62283118006,3.418140142533,2.500115783817
    ));
#3448 = CARTESIAN_POINT('',(-2.609134379562,3.400290124597,
    2.665845579653));
#3449 = CARTESIAN_POINT('',(-2.646413976397,3.448873841082,
    2.833154315104));
#3450 = CARTESIAN_POINT('',(-2.511468663169,3.273009684938,3.));
#3451 = CARTESIAN_POINT('',(-2.346737953499,3.058328444409,
    3.166845684896));
#3452 = CARTESIAN_POINT('',(-2.186300282524,2.849242000835,
    3.334154420345));
#3453 = CARTESIAN_POINT('',(-2.03832152313,2.656392326951,3.49988421619)
  );
#3454 = CARTESIAN_POINT('',(-2.078727807131,2.709050821483,
    3.666702993561));
#3455 = CARTESIAN_POINT('',(-2.06551047861,2.691825663594,3.832344983253
    ));
#3456 = CARTESIAN_POINT('',(-2.077975648726,2.708070589566,
    3.999999999629));
#3457 = CARTESIAN_POINT('',(-2.280159697518,2.971561971935,
    4.167655018238));
#3458 = CARTESIAN_POINT('',(-2.415127486976,3.147455419673,
    4.333297001163));
#3459 = CARTESIAN_POINT('',(-2.622832485131,3.418141843335,
    4.500115803424));
#3460 = CARTESIAN_POINT('',(-2.609129526098,3.400283799441,
    4.665845506737));
#3461 = CARTESIAN_POINT('',(-2.646431903827,3.448897204563,
    4.833154584436));
#3462 = CARTESIAN_POINT('',(-2.511401944789,3.272922735857,
    4.999998997659));
#3463 = CARTESIAN_POINT('',(-2.346987269564,3.058653359411,
    5.166849430487));
#3464 = CARTESIAN_POINT('',(-2.185363687222,2.84802140615,5.334140349441
    ));
#3465 = CARTESIAN_POINT('',(-2.041848735529,2.660989079358,
    5.499937207133));
#3466 = CARTESIAN_POINT('',(-2.06557365579,2.691907998769,5.666505372662
    ));
#3467 = CARTESIAN_POINT('',(-2.114338908142,2.7554601079,5.833078555327)
  );
#3468 = CARTESIAN_POINT('',(-1.969701433553,2.566964893606,
    5.942735729628));
#3469 = CARTESIAN_POINT('',(-2.109490690956,2.749141792227,6.));
#3470 = ORIENTED_EDGE('',*,*,#997,.T.);
#3471 = ( BOUNDED_SURFACE() B_SPLINE_SURFACE(1,3,(
    (#3472,#3473,#3474,#3475,#3476,#3477,#3478,#3479,#3480,#3481,#3482
      ,#3483,#3484,#3485,#3486,#3487,#3488,#3489,#3490,#3491,#3492,#3493
      ,#3494,#3495,#3496,#3497,#3498,#3499,#3500,#3501,#3502,#3503,#3504
      ,#3505,#3506,#3507,#3508,#3509,#3510,#3511,#3512,#3513,#3514,#3515
      ,#3516)
    ,(#3517,#3518,#3519,#3520,#3521,#3522,#3523,#3524,#3525,#3526,#3527
      ,#3528,#3529,#3530,#3531,#3532,#3533,#3534,#3535,#3536,#3537,#3538
      ,#3539,#3540,#3541,#3542,#3543,#3544,#3545,#3546,#3547,#3548,#3549
      ,#3550,#3551,#3552,#3553,#3554,#3555,#3556,#3557,#3558,#3559,#3560
,#3561
    )),.UNSPECIFIED.,.F.,.F.,.F.) B_SPLINE_SURFACE_WITH_KNOTS((2,2),(4,1
    ,1,1,1,1,1,1,1,1,1,1,1,1,1,1,1,1,1,1,1,1,1,1,1,1,1,1,1,1,1,1,1,1,1,1
    ,1,1,1,1,1,1,4),(16.,17.),(0.,2.367208350872E-02,4.740980147591E-02,
    7.134334288179E-02,9.527688428768E-02,0.119185059348,0.142857142857,
    0.166529226366,0.190437401427,0.214370942832,0.238304484238,
    0.262042202206,0.285714285714,0.309386369223,0.33312408719,
    0.357057628596,0.380991170002,0.404899345063,0.428571428571,
    0.45224351208,0.476151687141,0.500085228547,0.524018769953,
    0.54775648792,0.571428571429,0.595100654937,0.618838372904,
    0.64277191431,0.666705455716,0.690613630777,0.714285714286,
    0.737957797794,0.761865972855,0.785799514261,0.809733055667,
    0.833470773634,0.857142857143,0.880814940652,0.904552658619,
    0.928486200025,0.952419741431,0.976327916491,1.),.UNSPECIFIED.) 
GEOMETRIC_REPRESENTATION_ITEM() RATIONAL_B_SPLINE_SURFACE((
    (1.,1.000000000024,0.999999999989,1.000000000003,0.999999999999,1.
      ,1.,1.,1.,1.,1.,1.,1.,1.,1.,1.,1.,1.,1.,1.,1.,1.,1.,1.,1.,1.,1.,1.
      ,1.,1.,1.,1.,1.,1.,1.,1.,1.,1.,1.,1.,1.000000000002,0.999999999993
      ,1.000000000024,0.999999999948,1.)
    ,(1.,1.000000000024,0.999999999989,1.000000000003,0.999999999999,1.
      ,1.,1.,1.,1.,1.,1.,1.,1.,1.,1.,1.,1.,1.,1.,1.,1.,1.,1.,1.,1.,1.,1.
      ,1.,1.,1.,1.,1.,1.,1.,1.,1.,1.,1.,1.,1.000000000002,0.999999999993
,1.000000000024,0.999999999948,1.
  ))) REPRESENTATION_ITEM('') SURFACE() );
#3472 = CARTESIAN_POINT('',(-2.026086956522,3.509285549248,-1.));
#3473 = CARTESIAN_POINT('',(-1.953197596308,3.383037474031,
    -0.945915960696));
#3474 = CARTESIAN_POINT('',(-1.913015730549,3.313440440988,
    -0.832465754706));
#3475 = CARTESIAN_POINT('',(-1.747407097398,3.026597874201,
    -0.666031992455));
#3476 = CARTESIAN_POINT('',(-1.686330519761,2.92081013858,
    -0.500065658372));
#3477 = CARTESIAN_POINT('',(-1.707096453541,2.956777790954,
    -0.333310426054));
#3478 = CARTESIAN_POINT('',(-1.685356751064,2.919123521723,
    -0.167651462254));
#3479 = CARTESIAN_POINT('',(-1.750972346205,3.032773066275,
    -9.481367651137E-07));
#3480 = CARTESIAN_POINT('',(-1.902342355481,3.294953613084,
    0.167655273713));
#3481 = CARTESIAN_POINT('',(-2.016689457527,3.493008603526,
    0.333296937213));
#3482 = CARTESIAN_POINT('',(-2.188153086474,3.789992320512,
    0.500115802373));
#3483 = CARTESIAN_POINT('',(-2.130915326867,3.690853612762,
    0.665845574726));
#3484 = CARTESIAN_POINT('',(-2.188129259331,3.789951050689,
    0.833154316416));
#3485 = CARTESIAN_POINT('',(-2.016780568082,3.493166411636,
    0.999999999649));
#3486 = CARTESIAN_POINT('',(-1.901321814231,3.293185983787,1.16684568499
    ));
#3487 = CARTESIAN_POINT('',(-1.750572971751,3.032081329429,
    1.334154420322));
#3488 = CARTESIAN_POINT('',(-1.685479232397,2.919335665614,
    1.499884216189));
#3489 = CARTESIAN_POINT('',(-1.707324361184,2.957172538571,
    1.666702993586));
#3490 = CARTESIAN_POINT('',(-1.685296382916,2.919018961023,
    1.832344983153));
#3491 = CARTESIAN_POINT('',(-1.750988448543,3.032800956342,2.));
#3492 = CARTESIAN_POINT('',(-1.902337993089,3.294946057199,
    2.167655016847));
#3493 = CARTESIAN_POINT('',(-2.016690632735,3.493010639046,
    2.333297006412));
#3494 = CARTESIAN_POINT('',(-2.188152771349,3.789991774698,
    2.500115783817));
#3495 = CARTESIAN_POINT('',(-2.130915410544,3.690853757693,
    2.665845579653));
#3496 = CARTESIAN_POINT('',(-2.188129237058,3.789951012111,
    2.833154315104));
#3497 = CARTESIAN_POINT('',(-2.016780574039,3.493166421954,3.));
#3498 = CARTESIAN_POINT('',(-1.901321812642,3.293185981035,
    3.166845684896));
#3499 = CARTESIAN_POINT('',(-1.750572972135,3.032081330094,
    3.334154420345));
#3500 = CARTESIAN_POINT('',(-1.685479232468,2.919335665737,3.49988421619
    ));
#3501 = CARTESIAN_POINT('',(-1.707324360516,2.957172537414,
    3.666702993561));
#3502 = CARTESIAN_POINT('',(-1.685296385503,2.919018965503,
    3.832344983253));
#3503 = CARTESIAN_POINT('',(-1.750988438966,3.032800939755,
    3.999999999629));
#3504 = CARTESIAN_POINT('',(-1.902338028999,3.294946119396,
    4.167655018238));
#3505 = CARTESIAN_POINT('',(-2.016690497165,3.493010404231,
    4.333297001163));
#3506 = CARTESIAN_POINT('',(-2.188153277736,3.789992651787,
    4.500115803424));
#3507 = CARTESIAN_POINT('',(-2.130913527327,3.690850495867,
    4.665845506737));
#3508 = CARTESIAN_POINT('',(-2.188136193169,3.789963060449,
    4.833154584436));
#3509 = CARTESIAN_POINT('',(-2.016754686309,3.493121583091,
    4.999998997659));
#3510 = CARTESIAN_POINT('',(-1.901418551006,3.293353536796,
    5.166849430487));
#3511 = CARTESIAN_POINT('',(-1.750209559144,3.031451880329,
    5.334140349441));
#3512 = CARTESIAN_POINT('',(-1.686847843655,2.921706169853,
    5.499937207133));
#3513 = CARTESIAN_POINT('',(-1.702220352979,2.948332137018,
    5.666505372662));
#3514 = CARTESIAN_POINT('',(-1.70424254675,2.951834679466,5.833078555327
    ));
#3515 = CARTESIAN_POINT('',(-1.68875851035,2.925015541483,5.942735729628
    ));
#3516 = CARTESIAN_POINT('',(-1.765217391304,3.057446208143,6.));
#3517 = CARTESIAN_POINT('',(-2.506509014223,3.26654614459,-1.));
#3518 = CARTESIAN_POINT('',(-2.35020615131,3.06284828777,-0.945915960696
    ));
#3519 = CARTESIAN_POINT('',(-2.396246738085,3.122849548672,
    -0.832465754706));
#3520 = CARTESIAN_POINT('',(-2.172896852425,2.831774310644,
    -0.666031992455));
#3521 = CARTESIAN_POINT('',(-2.041925636238,2.6610892986,-0.500065658372
    ));
#3522 = CARTESIAN_POINT('',(-2.07776291145,2.70779334495,-0.333310426054
    ));
#3523 = CARTESIAN_POINT('',(-2.065766053847,2.692158735728,
    -0.167651462254));
#3524 = CARTESIAN_POINT('',(-2.0779075006,2.707981777199,
    -9.481367651137E-07));
#3525 = CARTESIAN_POINT('',(-2.280178074123,2.971585920793,
    0.167655273713));
#3526 = CARTESIAN_POINT('',(-2.415122860868,3.147449390812,
    0.333296937213));
#3527 = CARTESIAN_POINT('',(-2.622832514213,3.418141881235,
    0.500115802373));
#3528 = CARTESIAN_POINT('',(-2.609134025299,3.400289662913,
    0.665845574726));
#3529 = CARTESIAN_POINT('',(-2.646414070697,3.448873963976,
    0.833154316416));
#3530 = CARTESIAN_POINT('',(-2.511468637942,3.273009652062,
    0.999999999649));
#3531 = CARTESIAN_POINT('',(-2.346737960246,3.058328453202,1.16684568499
    ));
#3532 = CARTESIAN_POINT('',(-2.186300280816,2.849241998609,
    1.334154420322));
#3533 = CARTESIAN_POINT('',(-2.03832152314,2.656392326965,1.499884216189
    ));
#3534 = CARTESIAN_POINT('',(-2.0787278088,2.709050823659,1.666702993586)
  );
#3535 = CARTESIAN_POINT('',(-2.065510471957,2.691825654924,
    1.832344983153));
#3536 = CARTESIAN_POINT('',(-2.077975673403,2.708070621725,2.));
#3537 = CARTESIAN_POINT('',(-2.280159604973,2.971561851328,
    2.167655016847));
#3538 = CARTESIAN_POINT('',(-2.415127836371,3.147455875013,
    2.333297006412));
#3539 = CARTESIAN_POINT('',(-2.62283118006,3.418140142533,2.500115783817
    ));
#3540 = CARTESIAN_POINT('',(-2.609134379562,3.400290124597,
    2.665845579653));
#3541 = CARTESIAN_POINT('',(-2.646413976397,3.448873841082,
    2.833154315104));
#3542 = CARTESIAN_POINT('',(-2.511468663169,3.273009684938,3.));
#3543 = CARTESIAN_POINT('',(-2.346737953499,3.058328444409,
    3.166845684896));
#3544 = CARTESIAN_POINT('',(-2.186300282524,2.849242000835,
    3.334154420345));
#3545 = CARTESIAN_POINT('',(-2.03832152313,2.656392326951,3.49988421619)
  );
#3546 = CARTESIAN_POINT('',(-2.078727807131,2.709050821483,
    3.666702993561));
#3547 = CARTESIAN_POINT('',(-2.06551047861,2.691825663594,3.832344983253
    ));
#3548 = CARTESIAN_POINT('',(-2.077975648726,2.708070589566,
    3.999999999629));
#3549 = CARTESIAN_POINT('',(-2.280159697518,2.971561971935,
    4.167655018238));
#3550 = CARTESIAN_POINT('',(-2.415127486976,3.147455419673,
    4.333297001163));
#3551 = CARTESIAN_POINT('',(-2.622832485131,3.418141843335,
    4.500115803424));
#3552 = CARTESIAN_POINT('',(-2.609129526098,3.400283799441,
    4.665845506737));
#3553 = CARTESIAN_POINT('',(-2.646431903827,3.448897204563,
    4.833154584436));
#3554 = CARTESIAN_POINT('',(-2.511401944789,3.272922735857,
    4.999998997659));
#3555 = CARTESIAN_POINT('',(-2.346987269564,3.058653359411,
    5.166849430487));
#3556 = CARTESIAN_POINT('',(-2.185363687222,2.84802140615,5.334140349441
    ));
#3557 = CARTESIAN_POINT('',(-2.041848735529,2.660989079358,
    5.499937207133));
#3558 = CARTESIAN_POINT('',(-2.06557365579,2.691907998769,5.666505372662
    ));
#3559 = CARTESIAN_POINT('',(-2.114338908142,2.7554601079,5.833078555327)
  );
#3560 = CARTESIAN_POINT('',(-1.969701433553,2.566964893606,
    5.942735729628));
#3561 = CARTESIAN_POINT('',(-2.109490690956,2.749141792227,6.));
#3562 = ADVANCED_FACE('',(#3563),#3616,.F.);
#3563 = FACE_BOUND('',#3564,.F.);
#3564 = EDGE_LOOP('',(#3565,#3566,#3567,#3615));
#3565 = ORIENTED_EDGE('',*,*,#3423,.F.);
#3566 = ORIENTED_EDGE('',*,*,#472,.F.);
#3567 = ORIENTED_EDGE('',*,*,#3568,.T.);
#3568 = EDGE_CURVE('',#463,#978,#3569,.T.);
#3569 = ( BOUNDED_CURVE() B_SPLINE_CURVE(3,(#3570,#3571,#3572,#3573,
    #3574,#3575,#3576,#3577,#3578,#3579,#3580,#3581,#3582,#3583,#3584,
    #3585,#3586,#3587,#3588,#3589,#3590,#3591,#3592,#3593,#3594,#3595,
    #3596,#3597,#3598,#3599,#3600,#3601,#3602,#3603,#3604,#3605,#3606,
    #3607,#3608,#3609,#3610,#3611,#3612,#3613,#3614),.UNSPECIFIED.,.F.,
.F.) B_SPLINE_CURVE_WITH_KNOTS((4,1,1,1,1,1,1,1,1,1,1,1,1,1,1,1,1,1,1,1,
    1,1,1,1,1,1,1,1,1,1,1,1,1,1,1,1,1,1,1,1,1,1,4),(0.,
    2.367208350872E-02,4.740980147591E-02,7.134334288179E-02,
    9.527688428768E-02,0.119185059348,0.142857142857,0.166529226366,
    0.190437401427,0.214370942832,0.238304484238,0.262042202206,
    0.285714285714,0.309386369223,0.33312408719,0.357057628596,
    0.380991170002,0.404899345063,0.428571428571,0.45224351208,
    0.476151687141,0.500085228547,0.524018769953,0.54775648792,
    0.571428571429,0.595100654937,0.618838372904,0.64277191431,
    0.666705455716,0.690613630777,0.714285714286,0.737957797794,
    0.761865972855,0.785799514261,0.809733055667,0.833470773634,
    0.857142857143,0.880814940652,0.904552658619,0.928486200025,
0.952419741431,0.976327916491,1.),.UNSPECIFIED.) CURVE() 
GEOMETRIC_REPRESENTATION_ITEM() RATIONAL_B_SPLINE_CURVE((1.,
    1.000000000024,0.999999999989,1.000000000003,0.999999999999,1.,1.,1.
    ,1.,1.,1.,1.,1.,1.,1.,1.,1.,1.,1.,1.,1.,1.,1.,1.,1.,1.,1.,1.,1.,1.,
    1.,1.,1.,1.,1.,1.,1.,1.,1.,1.,1.000000000002,0.999999999993,
1.000000000024,0.999999999948,1.)) REPRESENTATION_ITEM('') );
#3570 = CARTESIAN_POINT('',(-2.957550971745,2.957550971745,-1.));
#3571 = CARTESIAN_POINT('',(-2.69752494173,2.69752494166,-0.945915960696
    ));
#3572 = CARTESIAN_POINT('',(-2.861307111681,2.861307111714,
    -0.832465754706));
#3573 = CARTESIAN_POINT('',(-2.576651036076,2.576651036068,
    -0.666031992455));
#3574 = CARTESIAN_POINT('',(-2.358759655754,2.358759655756,
    -0.500065658372));
#3575 = CARTESIAN_POINT('',(-2.412673737971,2.41267373797,
    -0.333310426054));
#3576 = CARTESIAN_POINT('',(-2.415444467162,2.415444467162,
    -0.167651462254));
#3577 = CARTESIAN_POINT('',(-2.351239969227,2.351239969227,
    -9.481367651137E-07));
#3578 = CARTESIAN_POINT('',(-2.605629640127,2.605629640127,
    0.167655273713));
#3579 = CARTESIAN_POINT('',(-2.762820278164,2.762820278164,
    0.333296937213));
#3580 = CARTESIAN_POINT('',(-2.982605178705,2.982605178705,
    0.500115802373));
#3581 = CARTESIAN_POINT('',(-3.051952861724,3.051952861724,
    0.665845574726));
#3582 = CARTESIAN_POINT('',(-3.052272351466,3.052272351466,
    0.833154316416));
#3583 = CARTESIAN_POINT('',(-2.982536286899,2.982536286899,
    0.999999999649));
#3584 = CARTESIAN_POINT('',(-2.762749780226,2.762749780226,1.16684568499
    ));
#3585 = CARTESIAN_POINT('',(-2.603333297127,2.603333297127,
    1.334154420322));
#3586 = CARTESIAN_POINT('',(-2.351584932712,2.351584932712,
    1.499884216189));
#3587 = CARTESIAN_POINT('',(-2.414594563167,2.414594563167,
    1.666702993586));
#3588 = CARTESIAN_POINT('',(-2.414935679223,2.414935679223,
    1.832344983153));
#3589 = CARTESIAN_POINT('',(-2.35137568111,2.35137568111,2.));
#3590 = CARTESIAN_POINT('',(-2.605592873512,2.605592873512,
    2.167655016847));
#3591 = CARTESIAN_POINT('',(-2.762830182919,2.762830182919,
    2.333297006412));
#3592 = CARTESIAN_POINT('',(-2.9826025228,2.9826025228,2.500115783817));
#3593 = CARTESIAN_POINT('',(-3.051953566957,3.051953566957,
    2.665845579653));
#3594 = CARTESIAN_POINT('',(-3.052272163741,3.052272163741,
    2.833154315104));
#3595 = CARTESIAN_POINT('',(-2.98253633712,2.98253633712,3.));
#3596 = CARTESIAN_POINT('',(-2.762749766788,2.762749766788,
    3.166845684896));
#3597 = CARTESIAN_POINT('',(-2.603333300554,2.603333300554,
    3.334154420345));
#3598 = CARTESIAN_POINT('',(-2.351584932587,2.351584932587,3.49988421619
    ));
#3599 = CARTESIAN_POINT('',(-2.414594560231,2.414594560231,
    3.666702993561));
#3600 = CARTESIAN_POINT('',(-2.414935691031,2.414935691031,
    3.832344983253));
#3601 = CARTESIAN_POINT('',(-2.351375637286,2.351375637286,
    3.999999999629));
#3602 = CARTESIAN_POINT('',(-2.605593037875,2.605593037875,
    4.167655018238));
#3603 = CARTESIAN_POINT('',(-2.76282956238,2.76282956238,4.333297001163)
  );
#3604 = CARTESIAN_POINT('',(-2.982604840659,2.982604840659,
    4.500115803424));
#3605 = CARTESIAN_POINT('',(-3.051944947011,3.05194494701,4.665845506737
    ));
#3606 = CARTESIAN_POINT('',(-3.05230400358,3.052304003581,4.833154584436
    ));
#3607 = CARTESIAN_POINT('',(-2.982417842592,2.982417842588,
    4.999998997659));
#3608 = CARTESIAN_POINT('',(-2.76319256215,2.763192562163,5.166849430487
    ));
#3609 = CARTESIAN_POINT('',(-2.601669869615,2.601669869568,
    5.334140349441));
#3610 = CARTESIAN_POINT('',(-2.357849403726,2.357849403901,
    5.499937207133));
#3611 = CARTESIAN_POINT('',(-2.391232258194,2.39123225754,5.666505372662
    ));
#3612 = CARTESIAN_POINT('',(-2.501656946488,2.501656948914,
    5.833078555327));
#3613 = CARTESIAN_POINT('',(-2.187547854222,2.187547849049,
    5.942735729628));
#3614 = CARTESIAN_POINT('',(-2.404163056034,2.404163056034,6.));
#3615 = ORIENTED_EDGE('',*,*,#987,.T.);
#3616 = ( BOUNDED_SURFACE() B_SPLINE_SURFACE(1,3,(
    (#3617,#3618,#3619,#3620,#3621,#3622,#3623,#3624,#3625,#3626,#3627
      ,#3628,#3629,#3630,#3631,#3632,#3633,#3634,#3635,#3636,#3637,#3638
      ,#3639,#3640,#3641,#3642,#3643,#3644,#3645,#3646,#3647,#3648,#3649
      ,#3650,#3651,#3652,#3653,#3654,#3655,#3656,#3657,#3658,#3659,#3660
      ,#3661)
    ,(#3662,#3663,#3664,#3665,#3666,#3667,#3668,#3669,#3670,#3671,#3672
      ,#3673,#3674,#3675,#3676,#3677,#3678,#3679,#3680,#3681,#3682,#3683
      ,#3684,#3685,#3686,#3687,#3688,#3689,#3690,#3691,#3692,#3693,#3694
      ,#3695,#3696,#3697,#3698,#3699,#3700,#3701,#3702,#3703,#3704,#3705
,#3706
    )),.UNSPECIFIED.,.F.,.F.,.F.) B_SPLINE_SURFACE_WITH_KNOTS((2,2),(4,1
    ,1,1,1,1,1,1,1,1,1,1,1,1,1,1,1,1,1,1,1,1,1,1,1,1,1,1,1,1,1,1,1,1,1,1
    ,1,1,1,1,1,1,4),(17.,18.),(0.,2.367208350872E-02,4.740980147591E-02,
    7.134334288179E-02,9.527688428768E-02,0.119185059348,0.142857142857,
    0.166529226366,0.190437401427,0.214370942832,0.238304484238,
    0.262042202206,0.285714285714,0.309386369223,0.33312408719,
    0.357057628596,0.380991170002,0.404899345063,0.428571428571,
    0.45224351208,0.476151687141,0.500085228547,0.524018769953,
    0.54775648792,0.571428571429,0.595100654937,0.618838372904,
    0.64277191431,0.666705455716,0.690613630777,0.714285714286,
    0.737957797794,0.761865972855,0.785799514261,0.809733055667,
    0.833470773634,0.857142857143,0.880814940652,0.904552658619,
    0.928486200025,0.952419741431,0.976327916491,1.),.UNSPECIFIED.) 
GEOMETRIC_REPRESENTATION_ITEM() RATIONAL_B_SPLINE_SURFACE((
    (1.,1.000000000024,0.999999999989,1.000000000003,0.999999999999,1.
      ,1.,1.,1.,1.,1.,1.,1.,1.,1.,1.,1.,1.,1.,1.,1.,1.,1.,1.,1.,1.,1.,1.
      ,1.,1.,1.,1.,1.,1.,1.,1.,1.,1.,1.,1.,1.000000000002,0.999999999993
      ,1.000000000024,0.999999999948,1.)
    ,(1.,1.000000000024,0.999999999989,1.000000000003,0.999999999999,1.
      ,1.,1.,1.,1.,1.,1.,1.,1.,1.,1.,1.,1.,1.,1.,1.,1.,1.,1.,1.,1.,1.,1.
      ,1.,1.,1.,1.,1.,1.,1.,1.,1.,1.,1.,1.,1.000000000002,0.999999999993
,1.000000000024,0.999999999948,1.
  ))) REPRESENTATION_ITEM('') SURFACE() );
#3617 = CARTESIAN_POINT('',(-2.506509014223,3.26654614459,-1.));
#3618 = CARTESIAN_POINT('',(-2.35020615131,3.06284828777,-0.945915960696
    ));
#3619 = CARTESIAN_POINT('',(-2.396246738085,3.122849548672,
    -0.832465754706));
#3620 = CARTESIAN_POINT('',(-2.172896852425,2.831774310644,
    -0.666031992455));
#3621 = CARTESIAN_POINT('',(-2.041925636238,2.6610892986,-0.500065658372
    ));
#3622 = CARTESIAN_POINT('',(-2.07776291145,2.70779334495,-0.333310426054
    ));
#3623 = CARTESIAN_POINT('',(-2.065766053847,2.692158735728,
    -0.167651462254));
#3624 = CARTESIAN_POINT('',(-2.0779075006,2.707981777199,
    -9.481367651137E-07));
#3625 = CARTESIAN_POINT('',(-2.280178074123,2.971585920793,
    0.167655273713));
#3626 = CARTESIAN_POINT('',(-2.415122860868,3.147449390812,
    0.333296937213));
#3627 = CARTESIAN_POINT('',(-2.622832514213,3.418141881235,
    0.500115802373));
#3628 = CARTESIAN_POINT('',(-2.609134025299,3.400289662913,
    0.665845574726));
#3629 = CARTESIAN_POINT('',(-2.646414070697,3.448873963976,
    0.833154316416));
#3630 = CARTESIAN_POINT('',(-2.511468637942,3.273009652062,
    0.999999999649));
#3631 = CARTESIAN_POINT('',(-2.346737960246,3.058328453202,1.16684568499
    ));
#3632 = CARTESIAN_POINT('',(-2.186300280816,2.849241998609,
    1.334154420322));
#3633 = CARTESIAN_POINT('',(-2.03832152314,2.656392326965,1.499884216189
    ));
#3634 = CARTESIAN_POINT('',(-2.0787278088,2.709050823659,1.666702993586)
  );
#3635 = CARTESIAN_POINT('',(-2.065510471957,2.691825654924,
    1.832344983153));
#3636 = CARTESIAN_POINT('',(-2.077975673403,2.708070621725,2.));
#3637 = CARTESIAN_POINT('',(-2.280159604973,2.971561851328,
    2.167655016847));
#3638 = CARTESIAN_POINT('',(-2.415127836371,3.147455875013,
    2.333297006412));
#3639 = CARTESIAN_POINT('',(-2.62283118006,3.418140142533,2.500115783817
    ));
#3640 = CARTESIAN_POINT('',(-2.609134379562,3.400290124597,
    2.665845579653));
#3641 = CARTESIAN_POINT('',(-2.646413976397,3.448873841082,
    2.833154315104));
#3642 = CARTESIAN_POINT('',(-2.511468663169,3.273009684938,3.));
#3643 = CARTESIAN_POINT('',(-2.346737953499,3.058328444409,
    3.166845684896));
#3644 = CARTESIAN_POINT('',(-2.186300282524,2.849242000835,
    3.334154420345));
#3645 = CARTESIAN_POINT('',(-2.03832152313,2.656392326951,3.49988421619)
  );
#3646 = CARTESIAN_POINT('',(-2.078727807131,2.709050821483,
    3.666702993561));
#3647 = CARTESIAN_POINT('',(-2.06551047861,2.691825663594,3.832344983253
    ));
#3648 = CARTESIAN_POINT('',(-2.077975648726,2.708070589566,
    3.999999999629));
#3649 = CARTESIAN_POINT('',(-2.280159697518,2.971561971935,
    4.167655018238));
#3650 = CARTESIAN_POINT('',(-2.415127486976,3.147455419673,
    4.333297001163));
#3651 = CARTESIAN_POINT('',(-2.622832485131,3.418141843335,
    4.500115803424));
#3652 = CARTESIAN_POINT('',(-2.609129526098,3.400283799441,
    4.665845506737));
#3653 = CARTESIAN_POINT('',(-2.646431903827,3.448897204563,
    4.833154584436));
#3654 = CARTESIAN_POINT('',(-2.511401944789,3.272922735857,
    4.999998997659));
#3655 = CARTESIAN_POINT('',(-2.346987269564,3.058653359411,
    5.166849430487));
#3656 = CARTESIAN_POINT('',(-2.185363687222,2.84802140615,5.334140349441
    ));
#3657 = CARTESIAN_POINT('',(-2.041848735529,2.660989079358,
    5.499937207133));
#3658 = CARTESIAN_POINT('',(-2.06557365579,2.691907998769,5.666505372662
    ));
#3659 = CARTESIAN_POINT('',(-2.114338908142,2.7554601079,5.833078555327)
  );
#3660 = CARTESIAN_POINT('',(-1.969701433553,2.566964893606,
    5.942735729628));
#3661 = CARTESIAN_POINT('',(-2.109490690956,2.749141792227,6.));
#3662 = CARTESIAN_POINT('',(-2.957550971745,2.957550971745,-1.));
#3663 = CARTESIAN_POINT('',(-2.69752494173,2.69752494166,-0.945915960696
    ));
#3664 = CARTESIAN_POINT('',(-2.861307111681,2.861307111714,
    -0.832465754706));
#3665 = CARTESIAN_POINT('',(-2.576651036076,2.576651036068,
    -0.666031992455));
#3666 = CARTESIAN_POINT('',(-2.358759655754,2.358759655756,
    -0.500065658372));
#3667 = CARTESIAN_POINT('',(-2.412673737971,2.41267373797,
    -0.333310426054));
#3668 = CARTESIAN_POINT('',(-2.415444467162,2.415444467162,
    -0.167651462254));
#3669 = CARTESIAN_POINT('',(-2.351239969227,2.351239969227,
    -9.481367651137E-07));
#3670 = CARTESIAN_POINT('',(-2.605629640127,2.605629640127,
    0.167655273713));
#3671 = CARTESIAN_POINT('',(-2.762820278164,2.762820278164,
    0.333296937213));
#3672 = CARTESIAN_POINT('',(-2.982605178705,2.982605178705,
    0.500115802373));
#3673 = CARTESIAN_POINT('',(-3.051952861724,3.051952861724,
    0.665845574726));
#3674 = CARTESIAN_POINT('',(-3.052272351466,3.052272351466,
    0.833154316416));
#3675 = CARTESIAN_POINT('',(-2.982536286899,2.982536286899,
    0.999999999649));
#3676 = CARTESIAN_POINT('',(-2.762749780226,2.762749780226,1.16684568499
    ));
#3677 = CARTESIAN_POINT('',(-2.603333297127,2.603333297127,
    1.334154420322));
#3678 = CARTESIAN_POINT('',(-2.351584932712,2.351584932712,
    1.499884216189));
#3679 = CARTESIAN_POINT('',(-2.414594563167,2.414594563167,
    1.666702993586));
#3680 = CARTESIAN_POINT('',(-2.414935679223,2.414935679223,
    1.832344983153));
#3681 = CARTESIAN_POINT('',(-2.35137568111,2.35137568111,2.));
#3682 = CARTESIAN_POINT('',(-2.605592873512,2.605592873512,
    2.167655016847));
#3683 = CARTESIAN_POINT('',(-2.762830182919,2.762830182919,
    2.333297006412));
#3684 = CARTESIAN_POINT('',(-2.9826025228,2.9826025228,2.500115783817));
#3685 = CARTESIAN_POINT('',(-3.051953566957,3.051953566957,
    2.665845579653));
#3686 = CARTESIAN_POINT('',(-3.052272163741,3.052272163741,
    2.833154315104));
#3687 = CARTESIAN_POINT('',(-2.98253633712,2.98253633712,3.));
#3688 = CARTESIAN_POINT('',(-2.762749766788,2.762749766788,
    3.166845684896));
#3689 = CARTESIAN_POINT('',(-2.603333300554,2.603333300554,
    3.334154420345));
#3690 = CARTESIAN_POINT('',(-2.351584932587,2.351584932587,3.49988421619
    ));
#3691 = CARTESIAN_POINT('',(-2.414594560231,2.414594560231,
    3.666702993561));
#3692 = CARTESIAN_POINT('',(-2.414935691031,2.414935691031,
    3.832344983253));
#3693 = CARTESIAN_POINT('',(-2.351375637286,2.351375637286,
    3.999999999629));
#3694 = CARTESIAN_POINT('',(-2.605593037875,2.605593037875,
    4.167655018238));
#3695 = CARTESIAN_POINT('',(-2.76282956238,2.76282956238,4.333297001163)
  );
#3696 = CARTESIAN_POINT('',(-2.982604840659,2.982604840659,
    4.500115803424));
#3697 = CARTESIAN_POINT('',(-3.051944947011,3.05194494701,4.665845506737
    ));
#3698 = CARTESIAN_POINT('',(-3.05230400358,3.052304003581,4.833154584436
    ));
#3699 = CARTESIAN_POINT('',(-2.982417842592,2.982417842588,
    4.999998997659));
#3700 = CARTESIAN_POINT('',(-2.76319256215,2.763192562163,5.166849430487
    ));
#3701 = CARTESIAN_POINT('',(-2.601669869615,2.601669869568,
    5.334140349441));
#3702 = CARTESIAN_POINT('',(-2.357849403726,2.357849403901,
    5.499937207133));
#3703 = CARTESIAN_POINT('',(-2.391232258194,2.39123225754,5.666505372662
    ));
#3704 = CARTESIAN_POINT('',(-2.501656946488,2.501656948914,
    5.833078555327));
#3705 = CARTESIAN_POINT('',(-2.187547854222,2.187547849049,
    5.942735729628));
#3706 = CARTESIAN_POINT('',(-2.404163056034,2.404163056034,6.));
#3707 = ADVANCED_FACE('',(#3708),#3761,.F.);
#3708 = FACE_BOUND('',#3709,.F.);
#3709 = EDGE_LOOP('',(#3710,#3711,#3712,#3760));
#3710 = ORIENTED_EDGE('',*,*,#3568,.F.);
#3711 = ORIENTED_EDGE('',*,*,#462,.F.);
#3712 = ORIENTED_EDGE('',*,*,#3713,.T.);
#3713 = EDGE_CURVE('',#453,#968,#3714,.T.);
#3714 = ( BOUNDED_CURVE() B_SPLINE_CURVE(3,(#3715,#3716,#3717,#3718,
    #3719,#3720,#3721,#3722,#3723,#3724,#3725,#3726,#3727,#3728,#3729,
    #3730,#3731,#3732,#3733,#3734,#3735,#3736,#3737,#3738,#3739,#3740,
    #3741,#3742,#3743,#3744,#3745,#3746,#3747,#3748,#3749,#3750,#3751,
    #3752,#3753,#3754,#3755,#3756,#3757,#3758,#3759),.UNSPECIFIED.,.F.,
.F.) B_SPLINE_CURVE_WITH_KNOTS((4,1,1,1,1,1,1,1,1,1,1,1,1,1,1,1,1,1,1,1,
    1,1,1,1,1,1,1,1,1,1,1,1,1,1,1,1,1,1,1,1,1,1,4),(0.,
    2.367208350872E-02,4.740980147591E-02,7.134334288179E-02,
    9.527688428768E-02,0.119185059348,0.142857142857,0.166529226366,
    0.190437401427,0.214370942832,0.238304484238,0.262042202206,
    0.285714285714,0.309386369223,0.33312408719,0.357057628596,
    0.380991170002,0.404899345063,0.428571428571,0.45224351208,
    0.476151687141,0.500085228547,0.524018769953,0.54775648792,
    0.571428571429,0.595100654937,0.618838372904,0.64277191431,
    0.666705455716,0.690613630777,0.714285714286,0.737957797794,
    0.761865972855,0.785799514261,0.809733055667,0.833470773634,
    0.857142857143,0.880814940652,0.904552658619,0.928486200025,
0.952419741431,0.976327916491,1.),.UNSPECIFIED.) CURVE() 
GEOMETRIC_REPRESENTATION_ITEM() RATIONAL_B_SPLINE_CURVE((1.,
    1.000000000024,0.999999999989,1.000000000003,0.999999999999,1.,1.,1.
    ,1.,1.,1.,1.,1.,1.,1.,1.,1.,1.,1.,1.,1.,1.,1.,1.,1.,1.,1.,1.,1.,1.,
    1.,1.,1.,1.,1.,1.,1.,1.,1.,1.,1.000000000002,0.999999999993,
1.000000000024,0.999999999948,1.)) REPRESENTATION_ITEM('') );
#3715 = CARTESIAN_POINT('',(-3.370027015063,2.585912678876,-1.));
#3716 = CARTESIAN_POINT('',(-3.177056418499,2.437841132254,
    -0.945915960696));
#3717 = CARTESIAN_POINT('',(-3.217493542946,2.468869629147,
    -0.832465754706));
#3718 = CARTESIAN_POINT('',(-2.950153576228,2.263732457723,
    -0.666031992455));
#3719 = CARTESIAN_POINT('',(-2.713432758158,2.0820901854,-0.500065658372
    ));
#3720 = CARTESIAN_POINT('',(-2.690326930849,2.064360460527,
    -0.333310426054));
#3721 = CARTESIAN_POINT('',(-2.709608635977,2.079155833246,
    -0.167651462254));
#3722 = CARTESIAN_POINT('',(-2.6560400684,2.038051225637,
    -9.481367651137E-07));
#3723 = CARTESIAN_POINT('',(-2.851464259094,2.18800548126,0.167655273713
    ));
#3724 = CARTESIAN_POINT('',(-3.058571479241,2.346924440685,
    0.333296937213));
#3725 = CARTESIAN_POINT('',(-3.27296228329,2.511432290605,0.500115802373
    ));
#3726 = CARTESIAN_POINT('',(-3.448452097562,2.646090361212,
    0.665845574726));
#3727 = CARTESIAN_POINT('',(-3.400573538834,2.609351850955,
    0.833154316416));
#3728 = CARTESIAN_POINT('',(-3.417999069206,2.622722930689,
    0.999999999649));
#3729 = CARTESIAN_POINT('',(-3.147326255061,2.415028375483,1.16684568499
    ));
#3730 = CARTESIAN_POINT('',(-2.969149848397,2.278308810029,
    1.334154420322));
#3731 = CARTESIAN_POINT('',(-2.708324758075,2.078170679083,
    1.499884216189));
#3732 = CARTESIAN_POINT('',(-2.691694450572,2.065409795317,
    1.666702993586));
#3733 = CARTESIAN_POINT('',(-2.709246407523,2.078877885577,
    1.832344983153));
#3734 = CARTESIAN_POINT('',(-2.656136687643,2.038125364189,2.));
#3735 = CARTESIAN_POINT('',(-2.851438083328,2.187985395889,
    2.167655016847));
#3736 = CARTESIAN_POINT('',(-3.058578530871,2.34692985159,2.333297006412
    ));
#3737 = CARTESIAN_POINT('',(-3.272960392435,2.511430839701,
    2.500115783817));
#3738 = CARTESIAN_POINT('',(-3.448452599648,2.646090746476,
    2.665845579653));
#3739 = CARTESIAN_POINT('',(-3.400573405184,2.609351748402,
    2.833154315104));
#3740 = CARTESIAN_POINT('',(-3.417999104962,2.622722958126,3.));
#3741 = CARTESIAN_POINT('',(-3.147326245487,2.415028368137,
    3.166845684896));
#3742 = CARTESIAN_POINT('',(-2.969149850859,2.278308811918,
    3.334154420345));
#3743 = CARTESIAN_POINT('',(-2.708324757903,2.07817067895,3.49988421619)
  );
#3744 = CARTESIAN_POINT('',(-2.691694448794,2.065409793953,
    3.666702993561));
#3745 = CARTESIAN_POINT('',(-2.709246414769,2.078877891137,
    3.832344983253));
#3746 = CARTESIAN_POINT('',(-2.656136660728,2.038125343537,
    3.999999999629));
#3747 = CARTESIAN_POINT('',(-2.851438184279,2.187985473351,
    4.167655018238));
#3748 = CARTESIAN_POINT('',(-3.058578149736,2.346929559135,
    4.333297001163));
#3749 = CARTESIAN_POINT('',(-3.272961816062,2.511431932089,
    4.500115803424));
#3750 = CARTESIAN_POINT('',(-3.448447305283,2.646086683967,
    4.665845506737));
#3751 = CARTESIAN_POINT('',(-3.400592961192,2.609366754254,
    4.833154584436));
#3752 = CARTESIAN_POINT('',(-3.417926325702,2.622667112634,
    4.999998997659));
#3753 = CARTESIAN_POINT('',(-3.147598210104,2.41523705393,5.166849430487
    ));
#3754 = CARTESIAN_POINT('',(-2.968128172685,2.277524850672,
    5.334140349441));
#3755 = CARTESIAN_POINT('',(-2.712172391899,2.081123072394,
    5.499937207133));
#3756 = CARTESIAN_POINT('',(-2.677345338459,2.054399334194,
    5.666505372662));
#3757 = CARTESIAN_POINT('',(-2.762510552049,2.119748901703,
    5.833078555327));
#3758 = CARTESIAN_POINT('',(-2.560188607956,1.964501812051,
    5.942735729628));
#3759 = CARTESIAN_POINT('',(-2.69740135699,2.06978885863,6.));
#3760 = ORIENTED_EDGE('',*,*,#977,.T.);
#3761 = ( BOUNDED_SURFACE() B_SPLINE_SURFACE(1,3,(
    (#3762,#3763,#3764,#3765,#3766,#3767,#3768,#3769,#3770,#3771,#3772
      ,#3773,#3774,#3775,#3776,#3777,#3778,#3779,#3780,#3781,#3782,#3783
      ,#3784,#3785,#3786,#3787,#3788,#3789,#3790,#3791,#3792,#3793,#3794
      ,#3795,#3796,#3797,#3798,#3799,#3800,#3801,#3802,#3803,#3804,#3805
      ,#3806)
    ,(#3807,#3808,#3809,#3810,#3811,#3812,#3813,#3814,#3815,#3816,#3817
      ,#3818,#3819,#3820,#3821,#3822,#3823,#3824,#3825,#3826,#3827,#3828
      ,#3829,#3830,#3831,#3832,#3833,#3834,#3835,#3836,#3837,#3838,#3839
      ,#3840,#3841,#3842,#3843,#3844,#3845,#3846,#3847,#3848,#3849,#3850
,#3851
    )),.UNSPECIFIED.,.F.,.F.,.F.) B_SPLINE_SURFACE_WITH_KNOTS((2,2),(4,1
    ,1,1,1,1,1,1,1,1,1,1,1,1,1,1,1,1,1,1,1,1,1,1,1,1,1,1,1,1,1,1,1,1,1,1
    ,1,1,1,1,1,1,4),(18.,19.),(0.,2.367208350872E-02,4.740980147591E-02,
    7.134334288179E-02,9.527688428768E-02,0.119185059348,0.142857142857,
    0.166529226366,0.190437401427,0.214370942832,0.238304484238,
    0.262042202206,0.285714285714,0.309386369223,0.33312408719,
    0.357057628596,0.380991170002,0.404899345063,0.428571428571,
    0.45224351208,0.476151687141,0.500085228547,0.524018769953,
    0.54775648792,0.571428571429,0.595100654937,0.618838372904,
    0.64277191431,0.666705455716,0.690613630777,0.714285714286,
    0.737957797794,0.761865972855,0.785799514261,0.809733055667,
    0.833470773634,0.857142857143,0.880814940652,0.904552658619,
    0.928486200025,0.952419741431,0.976327916491,1.),.UNSPECIFIED.) 
GEOMETRIC_REPRESENTATION_ITEM() RATIONAL_B_SPLINE_SURFACE((
    (1.,1.000000000024,0.999999999989,1.000000000003,0.999999999999,1.
      ,1.,1.,1.,1.,1.,1.,1.,1.,1.,1.,1.,1.,1.,1.,1.,1.,1.,1.,1.,1.,1.,1.
      ,1.,1.,1.,1.,1.,1.,1.,1.,1.,1.,1.,1.,1.000000000002,0.999999999993
      ,1.000000000024,0.999999999948,1.)
    ,(1.,1.000000000024,0.999999999989,1.000000000003,0.999999999999,1.
      ,1.,1.,1.,1.,1.,1.,1.,1.,1.,1.,1.,1.,1.,1.,1.,1.,1.,1.,1.,1.,1.,1.
      ,1.,1.,1.,1.,1.,1.,1.,1.,1.,1.,1.,1.,1.000000000002,0.999999999993
,1.000000000024,0.999999999948,1.
  ))) REPRESENTATION_ITEM('') SURFACE() );
#3762 = CARTESIAN_POINT('',(-2.957550971745,2.957550971745,-1.));
#3763 = CARTESIAN_POINT('',(-2.69752494173,2.69752494166,-0.945915960696
    ));
#3764 = CARTESIAN_POINT('',(-2.861307111681,2.861307111714,
    -0.832465754706));
#3765 = CARTESIAN_POINT('',(-2.576651036076,2.576651036068,
    -0.666031992455));
#3766 = CARTESIAN_POINT('',(-2.358759655754,2.358759655756,
    -0.500065658372));
#3767 = CARTESIAN_POINT('',(-2.412673737971,2.41267373797,
    -0.333310426054));
#3768 = CARTESIAN_POINT('',(-2.415444467162,2.415444467162,
    -0.167651462254));
#3769 = CARTESIAN_POINT('',(-2.351239969227,2.351239969227,
    -9.481367651137E-07));
#3770 = CARTESIAN_POINT('',(-2.605629640127,2.605629640127,
    0.167655273713));
#3771 = CARTESIAN_POINT('',(-2.762820278164,2.762820278164,
    0.333296937213));
#3772 = CARTESIAN_POINT('',(-2.982605178705,2.982605178705,
    0.500115802373));
#3773 = CARTESIAN_POINT('',(-3.051952861724,3.051952861724,
    0.665845574726));
#3774 = CARTESIAN_POINT('',(-3.052272351466,3.052272351466,
    0.833154316416));
#3775 = CARTESIAN_POINT('',(-2.982536286899,2.982536286899,
    0.999999999649));
#3776 = CARTESIAN_POINT('',(-2.762749780226,2.762749780226,1.16684568499
    ));
#3777 = CARTESIAN_POINT('',(-2.603333297127,2.603333297127,
    1.334154420322));
#3778 = CARTESIAN_POINT('',(-2.351584932712,2.351584932712,
    1.499884216189));
#3779 = CARTESIAN_POINT('',(-2.414594563167,2.414594563167,
    1.666702993586));
#3780 = CARTESIAN_POINT('',(-2.414935679223,2.414935679223,
    1.832344983153));
#3781 = CARTESIAN_POINT('',(-2.35137568111,2.35137568111,2.));
#3782 = CARTESIAN_POINT('',(-2.605592873512,2.605592873512,
    2.167655016847));
#3783 = CARTESIAN_POINT('',(-2.762830182919,2.762830182919,
    2.333297006412));
#3784 = CARTESIAN_POINT('',(-2.9826025228,2.9826025228,2.500115783817));
#3785 = CARTESIAN_POINT('',(-3.051953566957,3.051953566957,
    2.665845579653));
#3786 = CARTESIAN_POINT('',(-3.052272163741,3.052272163741,
    2.833154315104));
#3787 = CARTESIAN_POINT('',(-2.98253633712,2.98253633712,3.));
#3788 = CARTESIAN_POINT('',(-2.762749766788,2.762749766788,
    3.166845684896));
#3789 = CARTESIAN_POINT('',(-2.603333300554,2.603333300554,
    3.334154420345));
#3790 = CARTESIAN_POINT('',(-2.351584932587,2.351584932587,3.49988421619
    ));
#3791 = CARTESIAN_POINT('',(-2.414594560231,2.414594560231,
    3.666702993561));
#3792 = CARTESIAN_POINT('',(-2.414935691031,2.414935691031,
    3.832344983253));
#3793 = CARTESIAN_POINT('',(-2.351375637286,2.351375637286,
    3.999999999629));
#3794 = CARTESIAN_POINT('',(-2.605593037875,2.605593037875,
    4.167655018238));
#3795 = CARTESIAN_POINT('',(-2.76282956238,2.76282956238,4.333297001163)
  );
#3796 = CARTESIAN_POINT('',(-2.982604840659,2.982604840659,
    4.500115803424));
#3797 = CARTESIAN_POINT('',(-3.051944947011,3.05194494701,4.665845506737
    ));
#3798 = CARTESIAN_POINT('',(-3.05230400358,3.052304003581,4.833154584436
    ));
#3799 = CARTESIAN_POINT('',(-2.982417842592,2.982417842588,
    4.999998997659));
#3800 = CARTESIAN_POINT('',(-2.76319256215,2.763192562163,5.166849430487
    ));
#3801 = CARTESIAN_POINT('',(-2.601669869615,2.601669869568,
    5.334140349441));
#3802 = CARTESIAN_POINT('',(-2.357849403726,2.357849403901,
    5.499937207133));
#3803 = CARTESIAN_POINT('',(-2.391232258194,2.39123225754,5.666505372662
    ));
#3804 = CARTESIAN_POINT('',(-2.501656946488,2.501656948914,
    5.833078555327));
#3805 = CARTESIAN_POINT('',(-2.187547854222,2.187547849049,
    5.942735729628));
#3806 = CARTESIAN_POINT('',(-2.404163056034,2.404163056034,6.));
#3807 = CARTESIAN_POINT('',(-3.370027015063,2.585912678876,-1.));
#3808 = CARTESIAN_POINT('',(-3.177056418499,2.437841132254,
    -0.945915960696));
#3809 = CARTESIAN_POINT('',(-3.217493542946,2.468869629147,
    -0.832465754706));
#3810 = CARTESIAN_POINT('',(-2.950153576228,2.263732457723,
    -0.666031992455));
#3811 = CARTESIAN_POINT('',(-2.713432758158,2.0820901854,-0.500065658372
    ));
#3812 = CARTESIAN_POINT('',(-2.690326930849,2.064360460527,
    -0.333310426054));
#3813 = CARTESIAN_POINT('',(-2.709608635977,2.079155833246,
    -0.167651462254));
#3814 = CARTESIAN_POINT('',(-2.6560400684,2.038051225637,
    -9.481367651137E-07));
#3815 = CARTESIAN_POINT('',(-2.851464259094,2.18800548126,0.167655273713
    ));
#3816 = CARTESIAN_POINT('',(-3.058571479241,2.346924440685,
    0.333296937213));
#3817 = CARTESIAN_POINT('',(-3.27296228329,2.511432290605,0.500115802373
    ));
#3818 = CARTESIAN_POINT('',(-3.448452097562,2.646090361212,
    0.665845574726));
#3819 = CARTESIAN_POINT('',(-3.400573538834,2.609351850955,
    0.833154316416));
#3820 = CARTESIAN_POINT('',(-3.417999069206,2.622722930689,
    0.999999999649));
#3821 = CARTESIAN_POINT('',(-3.147326255061,2.415028375483,1.16684568499
    ));
#3822 = CARTESIAN_POINT('',(-2.969149848397,2.278308810029,
    1.334154420322));
#3823 = CARTESIAN_POINT('',(-2.708324758075,2.078170679083,
    1.499884216189));
#3824 = CARTESIAN_POINT('',(-2.691694450572,2.065409795317,
    1.666702993586));
#3825 = CARTESIAN_POINT('',(-2.709246407523,2.078877885577,
    1.832344983153));
#3826 = CARTESIAN_POINT('',(-2.656136687643,2.038125364189,2.));
#3827 = CARTESIAN_POINT('',(-2.851438083328,2.187985395889,
    2.167655016847));
#3828 = CARTESIAN_POINT('',(-3.058578530871,2.34692985159,2.333297006412
    ));
#3829 = CARTESIAN_POINT('',(-3.272960392435,2.511430839701,
    2.500115783817));
#3830 = CARTESIAN_POINT('',(-3.448452599648,2.646090746476,
    2.665845579653));
#3831 = CARTESIAN_POINT('',(-3.400573405184,2.609351748402,
    2.833154315104));
#3832 = CARTESIAN_POINT('',(-3.417999104962,2.622722958126,3.));
#3833 = CARTESIAN_POINT('',(-3.147326245487,2.415028368137,
    3.166845684896));
#3834 = CARTESIAN_POINT('',(-2.969149850859,2.278308811918,
    3.334154420345));
#3835 = CARTESIAN_POINT('',(-2.708324757903,2.07817067895,3.49988421619)
  );
#3836 = CARTESIAN_POINT('',(-2.691694448794,2.065409793953,
    3.666702993561));
#3837 = CARTESIAN_POINT('',(-2.709246414769,2.078877891137,
    3.832344983253));
#3838 = CARTESIAN_POINT('',(-2.656136660728,2.038125343537,
    3.999999999629));
#3839 = CARTESIAN_POINT('',(-2.851438184279,2.187985473351,
    4.167655018238));
#3840 = CARTESIAN_POINT('',(-3.058578149736,2.346929559135,
    4.333297001163));
#3841 = CARTESIAN_POINT('',(-3.272961816062,2.511431932089,
    4.500115803424));
#3842 = CARTESIAN_POINT('',(-3.448447305283,2.646086683967,
    4.665845506737));
#3843 = CARTESIAN_POINT('',(-3.400592961192,2.609366754254,
    4.833154584436));
#3844 = CARTESIAN_POINT('',(-3.417926325702,2.622667112634,
    4.999998997659));
#3845 = CARTESIAN_POINT('',(-3.147598210104,2.41523705393,5.166849430487
    ));
#3846 = CARTESIAN_POINT('',(-2.968128172685,2.277524850672,
    5.334140349441));
#3847 = CARTESIAN_POINT('',(-2.712172391899,2.081123072394,
    5.499937207133));
#3848 = CARTESIAN_POINT('',(-2.677345338459,2.054399334194,
    5.666505372662));
#3849 = CARTESIAN_POINT('',(-2.762510552049,2.119748901703,
    5.833078555327));
#3850 = CARTESIAN_POINT('',(-2.560188607956,1.964501812051,
    5.942735729628));
#3851 = CARTESIAN_POINT('',(-2.69740135699,2.06978885863,6.));
#3852 = ADVANCED_FACE('',(#3853),#3906,.F.);
#3853 = FACE_BOUND('',#3854,.F.);
#3854 = EDGE_LOOP('',(#3855,#3856,#3857,#3905));
#3855 = ORIENTED_EDGE('',*,*,#3713,.F.);
#3856 = ORIENTED_EDGE('',*,*,#452,.F.);
#3857 = ORIENTED_EDGE('',*,*,#3858,.T.);
#3858 = EDGE_CURVE('',#443,#958,#3859,.T.);
#3859 = ( BOUNDED_CURVE() B_SPLINE_CURVE(3,(#3860,#3861,#3862,#3863,
    #3864,#3865,#3866,#3867,#3868,#3869,#3870,#3871,#3872,#3873,#3874,
    #3875,#3876,#3877,#3878,#3879,#3880,#3881,#3882,#3883,#3884,#3885,
    #3886,#3887,#3888,#3889,#3890,#3891,#3892,#3893,#3894,#3895,#3896,
    #3897,#3898,#3899,#3900,#3901,#3902,#3903,#3904),.UNSPECIFIED.,.F.,
.F.) B_SPLINE_CURVE_WITH_KNOTS((4,1,1,1,1,1,1,1,1,1,1,1,1,1,1,1,1,1,1,1,
    1,1,1,1,1,1,1,1,1,1,1,1,1,1,1,1,1,1,1,1,1,1,4),(0.,
    2.367208350872E-02,4.740980147591E-02,7.134334288179E-02,
    9.527688428768E-02,0.119185059348,0.142857142857,0.166529226366,
    0.190437401427,0.214370942832,0.238304484238,0.262042202206,
    0.285714285714,0.309386369223,0.33312408719,0.357057628596,
    0.380991170002,0.404899345063,0.428571428571,0.45224351208,
    0.476151687141,0.500085228547,0.524018769953,0.54775648792,
    0.571428571429,0.595100654937,0.618838372904,0.64277191431,
    0.666705455716,0.690613630777,0.714285714286,0.737957797794,
    0.761865972855,0.785799514261,0.809733055667,0.833470773634,
    0.857142857143,0.880814940652,0.904552658619,0.928486200025,
0.952419741431,0.976327916491,1.),.UNSPECIFIED.) CURVE() 
GEOMETRIC_REPRESENTATION_ITEM() RATIONAL_B_SPLINE_CURVE((1.,
    1.000000000024,0.999999999989,1.000000000003,0.999999999999,1.,1.,1.
    ,1.,1.,1.,1.,1.,1.,1.,1.,1.,1.,1.,1.,1.,1.,1.,1.,1.,1.,1.,1.,1.,1.,
    1.,1.,1.,1.,1.,1.,1.,1.,1.,1.,1.000000000002,0.999999999993,
1.000000000024,0.999999999948,1.)) REPRESENTATION_ITEM('') );
#3860 = CARTESIAN_POINT('',(-3.723909236273,2.15,-1.));
#3861 = CARTESIAN_POINT('',(-3.630907357762,2.096305340388,
    -0.945915960696));
#3862 = CARTESIAN_POINT('',(-3.520751764825,2.03270697918,
    -0.832465754706));
#3863 = CARTESIAN_POINT('',(-3.284856663967,1.896512879189,
    -0.666031992455));
#3864 = CARTESIAN_POINT('',(-3.035143665065,1.752341012055,
    -0.500065658372));
#3865 = CARTESIAN_POINT('',(-2.918604200922,1.68505692106,
    -0.333310426054));
#3866 = CARTESIAN_POINT('',(-2.957325972206,1.707412946135,
    -0.167651462254));
#3867 = CARTESIAN_POINT('',(-2.918995414238,1.685282788173,
    -9.481367651137E-07));
#3868 = CARTESIAN_POINT('',(-3.034119071949,1.751749462943,
    0.167655273713));
#3869 = CARTESIAN_POINT('',(-3.293627703103,1.901576840997,
    0.333296937213));
#3870 = CARTESIAN_POINT('',(-3.492990905717,2.016679239693,
    0.500115802373));
#3871 = CARTESIAN_POINT('',(-3.789381862849,2.187800638578,
    0.665845574726));
#3872 = CARTESIAN_POINT('',(-3.691140903459,2.131081194229,
    0.833154316416));
#3873 = CARTESIAN_POINT('',(-3.789776776427,2.188028642039,
    0.999999999649));
#3874 = CARTESIAN_POINT('',(-3.492842152887,2.016593357206,1.16684568499
    ));
#3875 = CARTESIAN_POINT('',(-3.292412586399,1.900875293041,
    1.334154420322));
#3876 = CARTESIAN_POINT('',(-3.033111916306,1.751167981362,
    1.499884216189));
#3877 = CARTESIAN_POINT('',(-2.919148143062,1.685370966201,
    1.666702993586));
#3878 = CARTESIAN_POINT('',(-2.95718189288,1.707329761897,1.832344983153
    ));
#3879 = CARTESIAN_POINT('',(-2.919033845331,1.685304976375,2.));
#3880 = CARTESIAN_POINT('',(-3.034108660324,1.751743451789,
    2.167655016847));
#3881 = CARTESIAN_POINT('',(-3.293630507946,1.901578460374,
    2.333297006412));
#3882 = CARTESIAN_POINT('',(-3.492990153614,2.016678805466,
    2.500115783817));
#3883 = CARTESIAN_POINT('',(-3.789382062558,2.18780075388,2.665845579653
    ));
#3884 = CARTESIAN_POINT('',(-3.691140850298,2.131081163537,
    2.833154315104));
#3885 = CARTESIAN_POINT('',(-3.789776790652,2.188028650252,3.));
#3886 = CARTESIAN_POINT('',(-3.49284214907,2.016593355002,3.166845684896
    ));
#3887 = CARTESIAN_POINT('',(-3.292412587414,1.900875293627,
    3.334154420345));
#3888 = CARTESIAN_POINT('',(-3.033111916104,1.751167981245,3.49988421619
    ));
#3889 = CARTESIAN_POINT('',(-2.919148142854,1.685370966081,
    3.666702993561));
#3890 = CARTESIAN_POINT('',(-2.957181893908,1.707329762491,
    3.832344983253));
#3891 = CARTESIAN_POINT('',(-2.919033841466,1.685304974144,
    3.999999999629));
#3892 = CARTESIAN_POINT('',(-3.034108674832,1.751743460165,
    4.167655018238));
#3893 = CARTESIAN_POINT('',(-3.29363045317,1.901578428749,4.333297001163
    ));
#3894 = CARTESIAN_POINT('',(-3.492990358217,2.016678923593,
    4.500115803424));
#3895 = CARTESIAN_POINT('',(-3.789381301656,2.187800314573,
    4.665845506737));
#3896 = CARTESIAN_POINT('',(-3.691143660876,2.131082786224,
    4.833154584436));
#3897 = CARTESIAN_POINT('',(-3.789766330863,2.188022611289,
    4.999998997659));
#3898 = CARTESIAN_POINT('',(-3.492881235654,2.016615921652,
    5.166849430487));
#3899 = CARTESIAN_POINT('',(-3.292265752468,1.900790518432,
    5.334140349441));
#3900 = CARTESIAN_POINT('',(-3.033664895648,1.751487244131,
    5.499937207133));
#3901 = CARTESIAN_POINT('',(-2.917085897719,1.684180328307,
    5.666505372662));
#3902 = CARTESIAN_POINT('',(-2.964836982301,1.7117494298,5.833078555327)
  );
#3903 = CARTESIAN_POINT('',(-2.915382261276,1.683196733413,
    5.942735729628));
#3904 = CARTESIAN_POINT('',(-2.944486372867,1.7,6.));
#3905 = ORIENTED_EDGE('',*,*,#967,.T.);
#3906 = ( BOUNDED_SURFACE() B_SPLINE_SURFACE(1,3,(
    (#3907,#3908,#3909,#3910,#3911,#3912,#3913,#3914,#3915,#3916,#3917
      ,#3918,#3919,#3920,#3921,#3922,#3923,#3924,#3925,#3926,#3927,#3928
      ,#3929,#3930,#3931,#3932,#3933,#3934,#3935,#3936,#3937,#3938,#3939
      ,#3940,#3941,#3942,#3943,#3944,#3945,#3946,#3947,#3948,#3949,#3950
      ,#3951)
    ,(#3952,#3953,#3954,#3955,#3956,#3957,#3958,#3959,#3960,#3961,#3962
      ,#3963,#3964,#3965,#3966,#3967,#3968,#3969,#3970,#3971,#3972,#3973
      ,#3974,#3975,#3976,#3977,#3978,#3979,#3980,#3981,#3982,#3983,#3984
      ,#3985,#3986,#3987,#3988,#3989,#3990,#3991,#3992,#3993,#3994,#3995
,#3996
    )),.UNSPECIFIED.,.F.,.F.,.F.) B_SPLINE_SURFACE_WITH_KNOTS((2,2),(4,1
    ,1,1,1,1,1,1,1,1,1,1,1,1,1,1,1,1,1,1,1,1,1,1,1,1,1,1,1,1,1,1,1,1,1,1
    ,1,1,1,1,1,1,4),(19.,20.),(0.,2.367208350872E-02,4.740980147591E-02,
    7.134334288179E-02,9.527688428768E-02,0.119185059348,0.142857142857,
    0.166529226366,0.190437401427,0.214370942832,0.238304484238,
    0.262042202206,0.285714285714,0.309386369223,0.33312408719,
    0.357057628596,0.380991170002,0.404899345063,0.428571428571,
    0.45224351208,0.476151687141,0.500085228547,0.524018769953,
    0.54775648792,0.571428571429,0.595100654937,0.618838372904,
    0.64277191431,0.666705455716,0.690613630777,0.714285714286,
    0.737957797794,0.761865972855,0.785799514261,0.809733055667,
    0.833470773634,0.857142857143,0.880814940652,0.904552658619,
    0.928486200025,0.952419741431,0.976327916491,1.),.UNSPECIFIED.) 
GEOMETRIC_REPRESENTATION_ITEM() RATIONAL_B_SPLINE_SURFACE((
    (1.,1.000000000024,0.999999999989,1.000000000003,0.999999999999,1.
      ,1.,1.,1.,1.,1.,1.,1.,1.,1.,1.,1.,1.,1.,1.,1.,1.,1.,1.,1.,1.,1.,1.
      ,1.,1.,1.,1.,1.,1.,1.,1.,1.,1.,1.,1.,1.000000000002,0.999999999993
      ,1.000000000024,0.999999999948,1.)
    ,(1.,1.000000000024,0.999999999989,1.000000000003,0.999999999999,1.
      ,1.,1.,1.,1.,1.,1.,1.,1.,1.,1.,1.,1.,1.,1.,1.,1.,1.,1.,1.,1.,1.,1.
      ,1.,1.,1.,1.,1.,1.,1.,1.,1.,1.,1.,1.,1.000000000002,0.999999999993
,1.000000000024,0.999999999948,1.
  ))) REPRESENTATION_ITEM('') SURFACE() );
#3907 = CARTESIAN_POINT('',(-3.370027015063,2.585912678876,-1.));
#3908 = CARTESIAN_POINT('',(-3.177056418499,2.437841132254,
    -0.945915960696));
#3909 = CARTESIAN_POINT('',(-3.217493542946,2.468869629147,
    -0.832465754706));
#3910 = CARTESIAN_POINT('',(-2.950153576228,2.263732457723,
    -0.666031992455));
#3911 = CARTESIAN_POINT('',(-2.713432758158,2.0820901854,-0.500065658372
    ));
#3912 = CARTESIAN_POINT('',(-2.690326930849,2.064360460527,
    -0.333310426054));
#3913 = CARTESIAN_POINT('',(-2.709608635977,2.079155833246,
    -0.167651462254));
#3914 = CARTESIAN_POINT('',(-2.6560400684,2.038051225637,
    -9.481367651137E-07));
#3915 = CARTESIAN_POINT('',(-2.851464259094,2.18800548126,0.167655273713
    ));
#3916 = CARTESIAN_POINT('',(-3.058571479241,2.346924440685,
    0.333296937213));
#3917 = CARTESIAN_POINT('',(-3.27296228329,2.511432290605,0.500115802373
    ));
#3918 = CARTESIAN_POINT('',(-3.448452097562,2.646090361212,
    0.665845574726));
#3919 = CARTESIAN_POINT('',(-3.400573538834,2.609351850955,
    0.833154316416));
#3920 = CARTESIAN_POINT('',(-3.417999069206,2.622722930689,
    0.999999999649));
#3921 = CARTESIAN_POINT('',(-3.147326255061,2.415028375483,1.16684568499
    ));
#3922 = CARTESIAN_POINT('',(-2.969149848397,2.278308810029,
    1.334154420322));
#3923 = CARTESIAN_POINT('',(-2.708324758075,2.078170679083,
    1.499884216189));
#3924 = CARTESIAN_POINT('',(-2.691694450572,2.065409795317,
    1.666702993586));
#3925 = CARTESIAN_POINT('',(-2.709246407523,2.078877885577,
    1.832344983153));
#3926 = CARTESIAN_POINT('',(-2.656136687643,2.038125364189,2.));
#3927 = CARTESIAN_POINT('',(-2.851438083328,2.187985395889,
    2.167655016847));
#3928 = CARTESIAN_POINT('',(-3.058578530871,2.34692985159,2.333297006412
    ));
#3929 = CARTESIAN_POINT('',(-3.272960392435,2.511430839701,
    2.500115783817));
#3930 = CARTESIAN_POINT('',(-3.448452599648,2.646090746476,
    2.665845579653));
#3931 = CARTESIAN_POINT('',(-3.400573405184,2.609351748402,
    2.833154315104));
#3932 = CARTESIAN_POINT('',(-3.417999104962,2.622722958126,3.));
#3933 = CARTESIAN_POINT('',(-3.147326245487,2.415028368137,
    3.166845684896));
#3934 = CARTESIAN_POINT('',(-2.969149850859,2.278308811918,
    3.334154420345));
#3935 = CARTESIAN_POINT('',(-2.708324757903,2.07817067895,3.49988421619)
  );
#3936 = CARTESIAN_POINT('',(-2.691694448794,2.065409793953,
    3.666702993561));
#3937 = CARTESIAN_POINT('',(-2.709246414769,2.078877891137,
    3.832344983253));
#3938 = CARTESIAN_POINT('',(-2.656136660728,2.038125343537,
    3.999999999629));
#3939 = CARTESIAN_POINT('',(-2.851438184279,2.187985473351,
    4.167655018238));
#3940 = CARTESIAN_POINT('',(-3.058578149736,2.346929559135,
    4.333297001163));
#3941 = CARTESIAN_POINT('',(-3.272961816062,2.511431932089,
    4.500115803424));
#3942 = CARTESIAN_POINT('',(-3.448447305283,2.646086683967,
    4.665845506737));
#3943 = CARTESIAN_POINT('',(-3.400592961192,2.609366754254,
    4.833154584436));
#3944 = CARTESIAN_POINT('',(-3.417926325702,2.622667112634,
    4.999998997659));
#3945 = CARTESIAN_POINT('',(-3.147598210104,2.41523705393,5.166849430487
    ));
#3946 = CARTESIAN_POINT('',(-2.968128172685,2.277524850672,
    5.334140349441));
#3947 = CARTESIAN_POINT('',(-2.712172391899,2.081123072394,
    5.499937207133));
#3948 = CARTESIAN_POINT('',(-2.677345338459,2.054399334194,
    5.666505372662));
#3949 = CARTESIAN_POINT('',(-2.762510552049,2.119748901703,
    5.833078555327));
#3950 = CARTESIAN_POINT('',(-2.560188607956,1.964501812051,
    5.942735729628));
#3951 = CARTESIAN_POINT('',(-2.69740135699,2.06978885863,6.));
#3952 = CARTESIAN_POINT('',(-3.723909236273,2.15,-1.));
#3953 = CARTESIAN_POINT('',(-3.630907357762,2.096305340388,
    -0.945915960696));
#3954 = CARTESIAN_POINT('',(-3.520751764825,2.03270697918,
    -0.832465754706));
#3955 = CARTESIAN_POINT('',(-3.284856663967,1.896512879189,
    -0.666031992455));
#3956 = CARTESIAN_POINT('',(-3.035143665065,1.752341012055,
    -0.500065658372));
#3957 = CARTESIAN_POINT('',(-2.918604200922,1.68505692106,
    -0.333310426054));
#3958 = CARTESIAN_POINT('',(-2.957325972206,1.707412946135,
    -0.167651462254));
#3959 = CARTESIAN_POINT('',(-2.918995414238,1.685282788173,
    -9.481367651137E-07));
#3960 = CARTESIAN_POINT('',(-3.034119071949,1.751749462943,
    0.167655273713));
#3961 = CARTESIAN_POINT('',(-3.293627703103,1.901576840997,
    0.333296937213));
#3962 = CARTESIAN_POINT('',(-3.492990905717,2.016679239693,
    0.500115802373));
#3963 = CARTESIAN_POINT('',(-3.789381862849,2.187800638578,
    0.665845574726));
#3964 = CARTESIAN_POINT('',(-3.691140903459,2.131081194229,
    0.833154316416));
#3965 = CARTESIAN_POINT('',(-3.789776776427,2.188028642039,
    0.999999999649));
#3966 = CARTESIAN_POINT('',(-3.492842152887,2.016593357206,1.16684568499
    ));
#3967 = CARTESIAN_POINT('',(-3.292412586399,1.900875293041,
    1.334154420322));
#3968 = CARTESIAN_POINT('',(-3.033111916306,1.751167981362,
    1.499884216189));
#3969 = CARTESIAN_POINT('',(-2.919148143062,1.685370966201,
    1.666702993586));
#3970 = CARTESIAN_POINT('',(-2.95718189288,1.707329761897,1.832344983153
    ));
#3971 = CARTESIAN_POINT('',(-2.919033845331,1.685304976375,2.));
#3972 = CARTESIAN_POINT('',(-3.034108660324,1.751743451789,
    2.167655016847));
#3973 = CARTESIAN_POINT('',(-3.293630507946,1.901578460374,
    2.333297006412));
#3974 = CARTESIAN_POINT('',(-3.492990153614,2.016678805466,
    2.500115783817));
#3975 = CARTESIAN_POINT('',(-3.789382062558,2.18780075388,2.665845579653
    ));
#3976 = CARTESIAN_POINT('',(-3.691140850298,2.131081163537,
    2.833154315104));
#3977 = CARTESIAN_POINT('',(-3.789776790652,2.188028650252,3.));
#3978 = CARTESIAN_POINT('',(-3.49284214907,2.016593355002,3.166845684896
    ));
#3979 = CARTESIAN_POINT('',(-3.292412587414,1.900875293627,
    3.334154420345));
#3980 = CARTESIAN_POINT('',(-3.033111916104,1.751167981245,3.49988421619
    ));
#3981 = CARTESIAN_POINT('',(-2.919148142854,1.685370966081,
    3.666702993561));
#3982 = CARTESIAN_POINT('',(-2.957181893908,1.707329762491,
    3.832344983253));
#3983 = CARTESIAN_POINT('',(-2.919033841466,1.685304974144,
    3.999999999629));
#3984 = CARTESIAN_POINT('',(-3.034108674832,1.751743460165,
    4.167655018238));
#3985 = CARTESIAN_POINT('',(-3.29363045317,1.901578428749,4.333297001163
    ));
#3986 = CARTESIAN_POINT('',(-3.492990358217,2.016678923593,
    4.500115803424));
#3987 = CARTESIAN_POINT('',(-3.789381301656,2.187800314573,
    4.665845506737));
#3988 = CARTESIAN_POINT('',(-3.691143660876,2.131082786224,
    4.833154584436));
#3989 = CARTESIAN_POINT('',(-3.789766330863,2.188022611289,
    4.999998997659));
#3990 = CARTESIAN_POINT('',(-3.492881235654,2.016615921652,
    5.166849430487));
#3991 = CARTESIAN_POINT('',(-3.292265752468,1.900790518432,
    5.334140349441));
#3992 = CARTESIAN_POINT('',(-3.033664895648,1.751487244131,
    5.499937207133));
#3993 = CARTESIAN_POINT('',(-2.917085897719,1.684180328307,
    5.666505372662));
#3994 = CARTESIAN_POINT('',(-2.964836982301,1.7117494298,5.833078555327)
  );
#3995 = CARTESIAN_POINT('',(-2.915382261276,1.683196733413,
    5.942735729628));
#3996 = CARTESIAN_POINT('',(-2.944486372867,1.7,6.));
#3997 = ADVANCED_FACE('',(#3998),#4051,.F.);
#3998 = FACE_BOUND('',#3999,.F.);
#3999 = EDGE_LOOP('',(#4000,#4001,#4002,#4050));
#4000 = ORIENTED_EDGE('',*,*,#3858,.F.);
#4001 = ORIENTED_EDGE('',*,*,#442,.F.);
#4002 = ORIENTED_EDGE('',*,*,#4003,.T.);
#4003 = EDGE_CURVE('',#433,#948,#4004,.T.);
#4004 = ( BOUNDED_CURVE() B_SPLINE_CURVE(3,(#4005,#4006,#4007,#4008,
    #4009,#4010,#4011,#4012,#4013,#4014,#4015,#4016,#4017,#4018,#4019,
    #4020,#4021,#4022,#4023,#4024,#4025,#4026,#4027,#4028,#4029,#4030,
    #4031,#4032,#4033,#4034,#4035,#4036,#4037,#4038,#4039,#4040,#4041,
    #4042,#4043,#4044,#4045,#4046,#4047,#4048,#4049),.UNSPECIFIED.,.F.,
.F.) B_SPLINE_CURVE_WITH_KNOTS((4,1,1,1,1,1,1,1,1,1,1,1,1,1,1,1,1,1,1,1,
    1,1,1,1,1,1,1,1,1,1,1,1,1,1,1,1,1,1,1,1,1,1,4),(0.,
    2.367208350872E-02,4.740980147591E-02,7.134334288179E-02,
    9.527688428768E-02,0.119185059348,0.142857142857,0.166529226366,
    0.190437401427,0.214370942832,0.238304484238,0.262042202206,
    0.285714285714,0.309386369223,0.33312408719,0.357057628596,
    0.380991170002,0.404899345063,0.428571428571,0.45224351208,
    0.476151687141,0.500085228547,0.524018769953,0.54775648792,
    0.571428571429,0.595100654937,0.618838372904,0.64277191431,
    0.666705455716,0.690613630777,0.714285714286,0.737957797794,
    0.761865972855,0.785799514261,0.809733055667,0.833470773634,
    0.857142857143,0.880814940652,0.904552658619,0.928486200025,
0.952419741431,0.976327916491,1.),.UNSPECIFIED.) CURVE() 
GEOMETRIC_REPRESENTATION_ITEM() RATIONAL_B_SPLINE_CURVE((1.,
    1.000000000024,0.999999999989,1.000000000003,0.999999999999,1.,1.,1.
    ,1.,1.,1.,1.,1.,1.,1.,1.,1.,1.,1.,1.,1.,1.,1.,1.,1.,1.,1.,1.,1.,1.,
    1.,1.,1.,1.,1.,1.,1.,1.,1.,1.,1.000000000002,0.999999999993,
1.000000000024,0.999999999948,1.)) REPRESENTATION_ITEM('') );
#4005 = CARTESIAN_POINT('',(-3.972681989799,1.64553875917,-1.));
#4006 = CARTESIAN_POINT('',(-4.040902875795,1.673796775393,
    -0.945915960696));
#4007 = CARTESIAN_POINT('',(-3.767973426119,1.560745695757,
    -0.832465754706));
#4008 = CARTESIAN_POINT('',(-3.572278802067,1.479686328395,
    -0.666031992455));
#4009 = CARTESIAN_POINT('',(-3.316169938198,1.373602563535,
    -0.500065658372));
#4010 = CARTESIAN_POINT('',(-3.094116217352,1.281624900786,
    -0.333310426054));
#4011 = CARTESIAN_POINT('',(-3.154507896856,1.306639953491,
    -0.167651462254));
#4012 = CARTESIAN_POINT('',(-3.134509331967,1.298356276686,
    -9.481367651137E-07));
#4013 = CARTESIAN_POINT('',(-3.154730504866,1.306732160748,
    0.167655273713));
#4014 = CARTESIAN_POINT('',(-3.459081354345,1.432798410321,
    0.333296937213));
#4015 = CARTESIAN_POINT('',(-3.665314667042,1.518223045454,
    0.500115802373));
#4016 = CARTESIAN_POINT('',(-3.979678312128,1.648436730765,
    0.665845574726));
#4017 = CARTESIAN_POINT('',(-3.960052779114,1.640307568822,
    0.833154316416));
#4018 = CARTESIAN_POINT('',(-4.016138170926,1.663538898762,
    0.999999999649));
#4019 = CARTESIAN_POINT('',(-3.811245498207,1.578669574891,1.16684568499
    ));
#4020 = CARTESIAN_POINT('',(-3.560563826563,1.474833826657,
    1.334154420322));
#4021 = CARTESIAN_POINT('',(-3.319320034981,1.374907376346,
    1.499884216189));
#4022 = CARTESIAN_POINT('',(-3.093272869778,1.281275574783,
    1.666702993586));
#4023 = CARTESIAN_POINT('',(-3.154731282656,1.306732482919,
    1.832344983153));
#4024 = CARTESIAN_POINT('',(-3.13444974701,1.298331595788,2.));
#4025 = CARTESIAN_POINT('',(-3.154746647426,1.306738847215,
    2.167655016847));
#4026 = CARTESIAN_POINT('',(-3.459077005614,1.432796609018,
    2.333297006412));
#4027 = CARTESIAN_POINT('',(-3.665315833129,1.518223528463,
    2.500115783817));
#4028 = CARTESIAN_POINT('',(-3.979678002493,1.64843660251,2.665845579653
    ));
#4029 = CARTESIAN_POINT('',(-3.960052861535,1.640307602962,
    2.833154315104));
#4030 = CARTESIAN_POINT('',(-4.016138148879,1.66353888963,3.));
#4031 = CARTESIAN_POINT('',(-3.811245504095,1.578669577329,
    3.166845684896));
#4032 = CARTESIAN_POINT('',(-3.560563825106,1.474833826054,
    3.334154420345));
#4033 = CARTESIAN_POINT('',(-3.319320034857,1.374907376294,3.49988421619
    ));
#4034 = CARTESIAN_POINT('',(-3.093272871734,1.281275575593,
    3.666702993561));
#4035 = CARTESIAN_POINT('',(-3.154731274998,1.306732479747,
    3.832344983253));
#4036 = CARTESIAN_POINT('',(-3.134449775382,1.29833160754,3.999999999629
    ));
#4037 = CARTESIAN_POINT('',(-3.154746541031,1.306738803145,
    4.167655018238));
#4038 = CARTESIAN_POINT('',(-3.459077407292,1.432796775399,
    4.333297001163));
#4039 = CARTESIAN_POINT('',(-3.665314332769,1.518222906993,
    4.500115803424));
#4040 = CARTESIAN_POINT('',(-3.979683582222,1.64843891371,4.665845506737
    ));
#4041 = CARTESIAN_POINT('',(-3.960032251464,1.640299065991,
    4.833154584436));
#4042 = CARTESIAN_POINT('',(-4.01621485092,1.663570660655,4.999998997659
    ));
#4043 = CARTESIAN_POINT('',(-3.810958880666,1.578550854019,
    5.166849430487));
#4044 = CARTESIAN_POINT('',(-3.56164057143,1.475279828982,5.334140349441
    ));
#4045 = CARTESIAN_POINT('',(-3.31526501453,1.373227731888,5.499937207133
    ));
#4046 = CARTESIAN_POINT('',(-3.108395394857,1.287539529734,
    5.666505372662));
#4047 = CARTESIAN_POINT('',(-3.098596216524,1.28348057733,5.833078555327
    ));
#4048 = CARTESIAN_POINT('',(-3.260903129655,1.350710301617,
    5.942735729628));
#4049 = CARTESIAN_POINT('',(-3.141190410538,1.301123670041,6.));
#4050 = ORIENTED_EDGE('',*,*,#957,.T.);
#4051 = ( BOUNDED_SURFACE() B_SPLINE_SURFACE(1,3,(
    (#4052,#4053,#4054,#4055,#4056,#4057,#4058,#4059,#4060,#4061,#4062
      ,#4063,#4064,#4065,#4066,#4067,#4068,#4069,#4070,#4071,#4072,#4073
      ,#4074,#4075,#4076,#4077,#4078,#4079,#4080,#4081,#4082,#4083,#4084
      ,#4085,#4086,#4087,#4088,#4089,#4090,#4091,#4092,#4093,#4094,#4095
      ,#4096)
    ,(#4097,#4098,#4099,#4100,#4101,#4102,#4103,#4104,#4105,#4106,#4107
      ,#4108,#4109,#4110,#4111,#4112,#4113,#4114,#4115,#4116,#4117,#4118
      ,#4119,#4120,#4121,#4122,#4123,#4124,#4125,#4126,#4127,#4128,#4129
      ,#4130,#4131,#4132,#4133,#4134,#4135,#4136,#4137,#4138,#4139,#4140
,#4141
    )),.UNSPECIFIED.,.F.,.F.,.F.) B_SPLINE_SURFACE_WITH_KNOTS((2,2),(4,1
    ,1,1,1,1,1,1,1,1,1,1,1,1,1,1,1,1,1,1,1,1,1,1,1,1,1,1,1,1,1,1,1,1,1,1
    ,1,1,1,1,1,1,4),(20.,21.),(0.,2.367208350872E-02,4.740980147591E-02,
    7.134334288179E-02,9.527688428768E-02,0.119185059348,0.142857142857,
    0.166529226366,0.190437401427,0.214370942832,0.238304484238,
    0.262042202206,0.285714285714,0.309386369223,0.33312408719,
    0.357057628596,0.380991170002,0.404899345063,0.428571428571,
    0.45224351208,0.476151687141,0.500085228547,0.524018769953,
    0.54775648792,0.571428571429,0.595100654937,0.618838372904,
    0.64277191431,0.666705455716,0.690613630777,0.714285714286,
    0.737957797794,0.761865972855,0.785799514261,0.809733055667,
    0.833470773634,0.857142857143,0.880814940652,0.904552658619,
    0.928486200025,0.952419741431,0.976327916491,1.),.UNSPECIFIED.) 
GEOMETRIC_REPRESENTATION_ITEM() RATIONAL_B_SPLINE_SURFACE((
    (1.,1.000000000024,0.999999999989,1.000000000003,0.999999999999,1.
      ,1.,1.,1.,1.,1.,1.,1.,1.,1.,1.,1.,1.,1.,1.,1.,1.,1.,1.,1.,1.,1.,1.
      ,1.,1.,1.,1.,1.,1.,1.,1.,1.,1.,1.,1.,1.000000000002,0.999999999993
      ,1.000000000024,0.999999999948,1.)
    ,(1.,1.000000000024,0.999999999989,1.000000000003,0.999999999999,1.
      ,1.,1.,1.,1.,1.,1.,1.,1.,1.,1.,1.,1.,1.,1.,1.,1.,1.,1.,1.,1.,1.,1.
      ,1.,1.,1.,1.,1.,1.,1.,1.,1.,1.,1.,1.,1.000000000002,0.999999999993
,1.000000000024,0.999999999948,1.
  ))) REPRESENTATION_ITEM('') SURFACE() );
#4052 = CARTESIAN_POINT('',(-3.723909236273,2.15,-1.));
#4053 = CARTESIAN_POINT('',(-3.630907357762,2.096305340388,
    -0.945915960696));
#4054 = CARTESIAN_POINT('',(-3.520751764825,2.03270697918,
    -0.832465754706));
#4055 = CARTESIAN_POINT('',(-3.284856663967,1.896512879189,
    -0.666031992455));
#4056 = CARTESIAN_POINT('',(-3.035143665065,1.752341012055,
    -0.500065658372));
#4057 = CARTESIAN_POINT('',(-2.918604200922,1.68505692106,
    -0.333310426054));
#4058 = CARTESIAN_POINT('',(-2.957325972206,1.707412946135,
    -0.167651462254));
#4059 = CARTESIAN_POINT('',(-2.918995414238,1.685282788173,
    -9.481367651137E-07));
#4060 = CARTESIAN_POINT('',(-3.034119071949,1.751749462943,
    0.167655273713));
#4061 = CARTESIAN_POINT('',(-3.293627703103,1.901576840997,
    0.333296937213));
#4062 = CARTESIAN_POINT('',(-3.492990905717,2.016679239693,
    0.500115802373));
#4063 = CARTESIAN_POINT('',(-3.789381862849,2.187800638578,
    0.665845574726));
#4064 = CARTESIAN_POINT('',(-3.691140903459,2.131081194229,
    0.833154316416));
#4065 = CARTESIAN_POINT('',(-3.789776776427,2.188028642039,
    0.999999999649));
#4066 = CARTESIAN_POINT('',(-3.492842152887,2.016593357206,1.16684568499
    ));
#4067 = CARTESIAN_POINT('',(-3.292412586399,1.900875293041,
    1.334154420322));
#4068 = CARTESIAN_POINT('',(-3.033111916306,1.751167981362,
    1.499884216189));
#4069 = CARTESIAN_POINT('',(-2.919148143062,1.685370966201,
    1.666702993586));
#4070 = CARTESIAN_POINT('',(-2.95718189288,1.707329761897,1.832344983153
    ));
#4071 = CARTESIAN_POINT('',(-2.919033845331,1.685304976375,2.));
#4072 = CARTESIAN_POINT('',(-3.034108660324,1.751743451789,
    2.167655016847));
#4073 = CARTESIAN_POINT('',(-3.293630507946,1.901578460374,
    2.333297006412));
#4074 = CARTESIAN_POINT('',(-3.492990153614,2.016678805466,
    2.500115783817));
#4075 = CARTESIAN_POINT('',(-3.789382062558,2.18780075388,2.665845579653
    ));
#4076 = CARTESIAN_POINT('',(-3.691140850298,2.131081163537,
    2.833154315104));
#4077 = CARTESIAN_POINT('',(-3.789776790652,2.188028650252,3.));
#4078 = CARTESIAN_POINT('',(-3.49284214907,2.016593355002,3.166845684896
    ));
#4079 = CARTESIAN_POINT('',(-3.292412587414,1.900875293627,
    3.334154420345));
#4080 = CARTESIAN_POINT('',(-3.033111916104,1.751167981245,3.49988421619
    ));
#4081 = CARTESIAN_POINT('',(-2.919148142854,1.685370966081,
    3.666702993561));
#4082 = CARTESIAN_POINT('',(-2.957181893908,1.707329762491,
    3.832344983253));
#4083 = CARTESIAN_POINT('',(-2.919033841466,1.685304974144,
    3.999999999629));
#4084 = CARTESIAN_POINT('',(-3.034108674832,1.751743460165,
    4.167655018238));
#4085 = CARTESIAN_POINT('',(-3.29363045317,1.901578428749,4.333297001163
    ));
#4086 = CARTESIAN_POINT('',(-3.492990358217,2.016678923593,
    4.500115803424));
#4087 = CARTESIAN_POINT('',(-3.789381301656,2.187800314573,
    4.665845506737));
#4088 = CARTESIAN_POINT('',(-3.691143660876,2.131082786224,
    4.833154584436));
#4089 = CARTESIAN_POINT('',(-3.789766330863,2.188022611289,
    4.999998997659));
#4090 = CARTESIAN_POINT('',(-3.492881235654,2.016615921652,
    5.166849430487));
#4091 = CARTESIAN_POINT('',(-3.292265752468,1.900790518432,
    5.334140349441));
#4092 = CARTESIAN_POINT('',(-3.033664895648,1.751487244131,
    5.499937207133));
#4093 = CARTESIAN_POINT('',(-2.917085897719,1.684180328307,
    5.666505372662));
#4094 = CARTESIAN_POINT('',(-2.964836982301,1.7117494298,5.833078555327)
  );
#4095 = CARTESIAN_POINT('',(-2.915382261276,1.683196733413,
    5.942735729628));
#4096 = CARTESIAN_POINT('',(-2.944486372867,1.7,6.));
#4097 = CARTESIAN_POINT('',(-3.972681989799,1.64553875917,-1.));
#4098 = CARTESIAN_POINT('',(-4.040902875795,1.673796775393,
    -0.945915960696));
#4099 = CARTESIAN_POINT('',(-3.767973426119,1.560745695757,
    -0.832465754706));
#4100 = CARTESIAN_POINT('',(-3.572278802067,1.479686328395,
    -0.666031992455));
#4101 = CARTESIAN_POINT('',(-3.316169938198,1.373602563535,
    -0.500065658372));
#4102 = CARTESIAN_POINT('',(-3.094116217352,1.281624900786,
    -0.333310426054));
#4103 = CARTESIAN_POINT('',(-3.154507896856,1.306639953491,
    -0.167651462254));
#4104 = CARTESIAN_POINT('',(-3.134509331967,1.298356276686,
    -9.481367651137E-07));
#4105 = CARTESIAN_POINT('',(-3.154730504866,1.306732160748,
    0.167655273713));
#4106 = CARTESIAN_POINT('',(-3.459081354345,1.432798410321,
    0.333296937213));
#4107 = CARTESIAN_POINT('',(-3.665314667042,1.518223045454,
    0.500115802373));
#4108 = CARTESIAN_POINT('',(-3.979678312128,1.648436730765,
    0.665845574726));
#4109 = CARTESIAN_POINT('',(-3.960052779114,1.640307568822,
    0.833154316416));
#4110 = CARTESIAN_POINT('',(-4.016138170926,1.663538898762,
    0.999999999649));
#4111 = CARTESIAN_POINT('',(-3.811245498207,1.578669574891,1.16684568499
    ));
#4112 = CARTESIAN_POINT('',(-3.560563826563,1.474833826657,
    1.334154420322));
#4113 = CARTESIAN_POINT('',(-3.319320034981,1.374907376346,
    1.499884216189));
#4114 = CARTESIAN_POINT('',(-3.093272869778,1.281275574783,
    1.666702993586));
#4115 = CARTESIAN_POINT('',(-3.154731282656,1.306732482919,
    1.832344983153));
#4116 = CARTESIAN_POINT('',(-3.13444974701,1.298331595788,2.));
#4117 = CARTESIAN_POINT('',(-3.154746647426,1.306738847215,
    2.167655016847));
#4118 = CARTESIAN_POINT('',(-3.459077005614,1.432796609018,
    2.333297006412));
#4119 = CARTESIAN_POINT('',(-3.665315833129,1.518223528463,
    2.500115783817));
#4120 = CARTESIAN_POINT('',(-3.979678002493,1.64843660251,2.665845579653
    ));
#4121 = CARTESIAN_POINT('',(-3.960052861535,1.640307602962,
    2.833154315104));
#4122 = CARTESIAN_POINT('',(-4.016138148879,1.66353888963,3.));
#4123 = CARTESIAN_POINT('',(-3.811245504095,1.578669577329,
    3.166845684896));
#4124 = CARTESIAN_POINT('',(-3.560563825106,1.474833826054,
    3.334154420345));
#4125 = CARTESIAN_POINT('',(-3.319320034857,1.374907376294,3.49988421619
    ));
#4126 = CARTESIAN_POINT('',(-3.093272871734,1.281275575593,
    3.666702993561));
#4127 = CARTESIAN_POINT('',(-3.154731274998,1.306732479747,
    3.832344983253));
#4128 = CARTESIAN_POINT('',(-3.134449775382,1.29833160754,3.999999999629
    ));
#4129 = CARTESIAN_POINT('',(-3.154746541031,1.306738803145,
    4.167655018238));
#4130 = CARTESIAN_POINT('',(-3.459077407292,1.432796775399,
    4.333297001163));
#4131 = CARTESIAN_POINT('',(-3.665314332769,1.518222906993,
    4.500115803424));
#4132 = CARTESIAN_POINT('',(-3.979683582222,1.64843891371,4.665845506737
    ));
#4133 = CARTESIAN_POINT('',(-3.960032251464,1.640299065991,
    4.833154584436));
#4134 = CARTESIAN_POINT('',(-4.01621485092,1.663570660655,4.999998997659
    ));
#4135 = CARTESIAN_POINT('',(-3.810958880666,1.578550854019,
    5.166849430487));
#4136 = CARTESIAN_POINT('',(-3.56164057143,1.475279828982,5.334140349441
    ));
#4137 = CARTESIAN_POINT('',(-3.31526501453,1.373227731888,5.499937207133
    ));
#4138 = CARTESIAN_POINT('',(-3.108395394857,1.287539529734,
    5.666505372662));
#4139 = CARTESIAN_POINT('',(-3.098596216524,1.28348057733,5.833078555327
    ));
#4140 = CARTESIAN_POINT('',(-3.260903129655,1.350710301617,
    5.942735729628));
#4141 = CARTESIAN_POINT('',(-3.141190410538,1.301123670041,6.));
#4142 = ADVANCED_FACE('',(#4143),#4196,.F.);
#4143 = FACE_BOUND('',#4144,.F.);
#4144 = EDGE_LOOP('',(#4145,#4146,#4147,#4195));
#4145 = ORIENTED_EDGE('',*,*,#4003,.F.);
#4146 = ORIENTED_EDGE('',*,*,#432,.F.);
#4147 = ORIENTED_EDGE('',*,*,#4148,.T.);
#4148 = EDGE_CURVE('',#423,#938,#4149,.T.);
#4149 = ( BOUNDED_CURVE() B_SPLINE_CURVE(3,(#4150,#4151,#4152,#4153,
    #4154,#4155,#4156,#4157,#4158,#4159,#4160,#4161,#4162,#4163,#4164,
    #4165,#4166,#4167,#4168,#4169,#4170,#4171,#4172,#4173,#4174,#4175,
    #4176,#4177,#4178,#4179,#4180,#4181,#4182,#4183,#4184,#4185,#4186,
    #4187,#4188,#4189,#4190,#4191,#4192,#4193,#4194),.UNSPECIFIED.,.F.,
.F.) B_SPLINE_CURVE_WITH_KNOTS((4,1,1,1,1,1,1,1,1,1,1,1,1,1,1,1,1,1,1,1,
    1,1,1,1,1,1,1,1,1,1,1,1,1,1,1,1,1,1,1,1,1,1,4),(0.,
    2.367208350872E-02,4.740980147591E-02,7.134334288179E-02,
    9.527688428768E-02,0.119185059348,0.142857142857,0.166529226366,
    0.190437401427,0.214370942832,0.238304484238,0.262042202206,
    0.285714285714,0.309386369223,0.33312408719,0.357057628596,
    0.380991170002,0.404899345063,0.428571428571,0.45224351208,
    0.476151687141,0.500085228547,0.524018769953,0.54775648792,
    0.571428571429,0.595100654937,0.618838372904,0.64277191431,
    0.666705455716,0.690613630777,0.714285714286,0.737957797794,
    0.761865972855,0.785799514261,0.809733055667,0.833470773634,
    0.857142857143,0.880814940652,0.904552658619,0.928486200025,
0.952419741431,0.976327916491,1.),.UNSPECIFIED.) CURVE() 
GEOMETRIC_REPRESENTATION_ITEM() RATIONAL_B_SPLINE_CURVE((1.,
    1.000000000024,0.999999999989,1.000000000003,0.999999999999,1.,1.,1.
    ,1.,1.,1.,1.,1.,1.,1.,1.,1.,1.,1.,1.,1.,1.,1.,1.,1.,1.,1.,1.,1.,1.,
    1.,1.,1.,1.,1.,1.,1.,1.,1.,1.,1.000000000002,0.999999999993,
1.000000000024,0.999999999948,1.)) REPRESENTATION_ITEM('') );
#4150 = CARTESIAN_POINT('',(-4.153481053043,1.112921893941,-1.));
#4151 = CARTESIAN_POINT('',(-4.399862485915,1.178939599967,
    -0.945915960696));
#4152 = CARTESIAN_POINT('',(-3.952023995402,1.058941638009,
    -0.832465754706));
#4153 = CARTESIAN_POINT('',(-3.805928447993,1.019795454098,
    -0.666031992455));
#4154 = CARTESIAN_POINT('',(-3.548920807016,0.95093046424,
    -0.500065658372));
#4155 = CARTESIAN_POINT('',(-3.214574385219,0.86134261053,
    -0.333310426054));
#4156 = CARTESIAN_POINT('',(-3.297704316203,0.883617208403,
    -0.167651462254));
#4157 = CARTESIAN_POINT('',(-3.298497996961,0.883829874521,
    -9.481367651137E-07));
#4158 = CARTESIAN_POINT('',(-3.212904311449,0.860895115611,
    0.167655273713));
#4159 = CARTESIAN_POINT('',(-3.557876804657,0.953330216577,
    0.333296937213));
#4160 = CARTESIAN_POINT('',(-3.774193982928,1.011292229804,
    0.500115802373));
#4161 = CARTESIAN_POINT('',(-4.07326049201,1.091426859396,0.665845574726
    ));
#4162 = CARTESIAN_POINT('',(-4.169431071992,1.117195688637,
    0.833154316416));
#4163 = CARTESIAN_POINT('',(-4.169328422044,1.117168183667,
    0.999999999649));
#4164 = CARTESIAN_POINT('',(-4.074053679598,1.091639393369,1.16684568499
    ));
#4165 = CARTESIAN_POINT('',(-3.772891556249,1.010943245627,
    1.334154420322));
#4166 = CARTESIAN_POINT('',(-3.557804257635,0.953310777661,
    1.499884216189));
#4167 = CARTESIAN_POINT('',(-3.212196097489,0.860705350252,
    1.666702993586));
#4168 = CARTESIAN_POINT('',(-3.298334276761,0.883786005826,
    1.832344983153));
#4169 = CARTESIAN_POINT('',(-3.298329964021,0.883784850231,2.));
#4170 = CARTESIAN_POINT('',(-3.212949834378,0.860907313443,
    2.167655016847));
#4171 = CARTESIAN_POINT('',(-3.557864540993,0.953326930538,
    2.333297006412));
#4172 = CARTESIAN_POINT('',(-3.774197271361,1.011293110937,
    2.500115783817));
#4173 = CARTESIAN_POINT('',(-4.073259618821,1.091426625425,
    2.665845579653));
#4174 = CARTESIAN_POINT('',(-4.169431304424,1.117195750917,
    2.833154315104));
#4175 = CARTESIAN_POINT('',(-4.169328359866,1.117168167006,3.));
#4176 = CARTESIAN_POINT('',(-4.074053696223,1.091639397824,
    3.166845684896));
#4177 = CARTESIAN_POINT('',(-3.772891552055,1.010943244503,
    3.334154420345));
#4178 = CARTESIAN_POINT('',(-3.557804257605,0.953310777653,3.49988421619
    ));
#4179 = CARTESIAN_POINT('',(-3.21219610181,0.86070535141,3.666702993561)
  );
#4180 = CARTESIAN_POINT('',(-3.298334259597,0.883786001227,
    3.832344983253));
#4181 = CARTESIAN_POINT('',(-3.298330027672,0.883784867286,
    3.999999999629));
#4182 = CARTESIAN_POINT('',(-3.212949595668,0.860907249481,
    4.167655018238));
#4183 = CARTESIAN_POINT('',(-3.557865442218,0.953327172021,
    4.333297001163));
#4184 = CARTESIAN_POINT('',(-3.774193905071,1.011292208942,
    4.500115803424));
#4185 = CARTESIAN_POINT('',(-4.073272137805,1.091429979877,
    4.665845506737));
#4186 = CARTESIAN_POINT('',(-4.169385062553,1.117183360446,
    4.833154584436));
#4187 = CARTESIAN_POINT('',(-4.16950045272,1.117214279145,4.999998997659
    ));
#4188 = CARTESIAN_POINT('',(-4.073410612374,1.091467084033,
    5.166849430487));
#4189 = CARTESIAN_POINT('',(-3.775307398431,1.011590568562,
    5.334140349441));
#4190 = CARTESIAN_POINT('',(-3.54870619436,0.950872959055,5.499937207133
    ));
#4191 = CARTESIAN_POINT('',(-3.246125813798,0.86979678996,5.666505372662
    ));
#4192 = CARTESIAN_POINT('',(-3.17238660186,0.850038429447,5.833078555327
    ));
#4193 = CARTESIAN_POINT('',(-3.566931064173,0.955756295117,
    5.942735729628));
#4194 = CARTESIAN_POINT('',(-3.284147809383,0.879984753349,6.));
#4195 = ORIENTED_EDGE('',*,*,#947,.T.);
#4196 = ( BOUNDED_SURFACE() B_SPLINE_SURFACE(1,3,(
    (#4197,#4198,#4199,#4200,#4201,#4202,#4203,#4204,#4205,#4206,#4207
      ,#4208,#4209,#4210,#4211,#4212,#4213,#4214,#4215,#4216,#4217,#4218
      ,#4219,#4220,#4221,#4222,#4223,#4224,#4225,#4226,#4227,#4228,#4229
      ,#4230,#4231,#4232,#4233,#4234,#4235,#4236,#4237,#4238,#4239,#4240
      ,#4241)
    ,(#4242,#4243,#4244,#4245,#4246,#4247,#4248,#4249,#4250,#4251,#4252
      ,#4253,#4254,#4255,#4256,#4257,#4258,#4259,#4260,#4261,#4262,#4263
      ,#4264,#4265,#4266,#4267,#4268,#4269,#4270,#4271,#4272,#4273,#4274
      ,#4275,#4276,#4277,#4278,#4279,#4280,#4281,#4282,#4283,#4284,#4285
,#4286
    )),.UNSPECIFIED.,.F.,.F.,.F.) B_SPLINE_SURFACE_WITH_KNOTS((2,2),(4,1
    ,1,1,1,1,1,1,1,1,1,1,1,1,1,1,1,1,1,1,1,1,1,1,1,1,1,1,1,1,1,1,1,1,1,1
    ,1,1,1,1,1,1,4),(21.,22.),(0.,2.367208350872E-02,4.740980147591E-02,
    7.134334288179E-02,9.527688428768E-02,0.119185059348,0.142857142857,
    0.166529226366,0.190437401427,0.214370942832,0.238304484238,
    0.262042202206,0.285714285714,0.309386369223,0.33312408719,
    0.357057628596,0.380991170002,0.404899345063,0.428571428571,
    0.45224351208,0.476151687141,0.500085228547,0.524018769953,
    0.54775648792,0.571428571429,0.595100654937,0.618838372904,
    0.64277191431,0.666705455716,0.690613630777,0.714285714286,
    0.737957797794,0.761865972855,0.785799514261,0.809733055667,
    0.833470773634,0.857142857143,0.880814940652,0.904552658619,
    0.928486200025,0.952419741431,0.976327916491,1.),.UNSPECIFIED.) 
GEOMETRIC_REPRESENTATION_ITEM() RATIONAL_B_SPLINE_SURFACE((
    (1.,1.000000000024,0.999999999989,1.000000000003,0.999999999999,1.
      ,1.,1.,1.,1.,1.,1.,1.,1.,1.,1.,1.,1.,1.,1.,1.,1.,1.,1.,1.,1.,1.,1.
      ,1.,1.,1.,1.,1.,1.,1.,1.,1.,1.,1.,1.,1.000000000002,0.999999999993
      ,1.000000000024,0.999999999948,1.)
    ,(1.,1.000000000024,0.999999999989,1.000000000003,0.999999999999,1.
      ,1.,1.,1.,1.,1.,1.,1.,1.,1.,1.,1.,1.,1.,1.,1.,1.,1.,1.,1.,1.,1.,1.
      ,1.,1.,1.,1.,1.,1.,1.,1.,1.,1.,1.,1.,1.000000000002,0.999999999993
,1.000000000024,0.999999999948,1.
  ))) REPRESENTATION_ITEM('') SURFACE() );
#4197 = CARTESIAN_POINT('',(-3.972681989799,1.64553875917,-1.));
#4198 = CARTESIAN_POINT('',(-4.040902875795,1.673796775393,
    -0.945915960696));
#4199 = CARTESIAN_POINT('',(-3.767973426119,1.560745695757,
    -0.832465754706));
#4200 = CARTESIAN_POINT('',(-3.572278802067,1.479686328395,
    -0.666031992455));
#4201 = CARTESIAN_POINT('',(-3.316169938198,1.373602563535,
    -0.500065658372));
#4202 = CARTESIAN_POINT('',(-3.094116217352,1.281624900786,
    -0.333310426054));
#4203 = CARTESIAN_POINT('',(-3.154507896856,1.306639953491,
    -0.167651462254));
#4204 = CARTESIAN_POINT('',(-3.134509331967,1.298356276686,
    -9.481367651137E-07));
#4205 = CARTESIAN_POINT('',(-3.154730504866,1.306732160748,
    0.167655273713));
#4206 = CARTESIAN_POINT('',(-3.459081354345,1.432798410321,
    0.333296937213));
#4207 = CARTESIAN_POINT('',(-3.665314667042,1.518223045454,
    0.500115802373));
#4208 = CARTESIAN_POINT('',(-3.979678312128,1.648436730765,
    0.665845574726));
#4209 = CARTESIAN_POINT('',(-3.960052779114,1.640307568822,
    0.833154316416));
#4210 = CARTESIAN_POINT('',(-4.016138170926,1.663538898762,
    0.999999999649));
#4211 = CARTESIAN_POINT('',(-3.811245498207,1.578669574891,1.16684568499
    ));
#4212 = CARTESIAN_POINT('',(-3.560563826563,1.474833826657,
    1.334154420322));
#4213 = CARTESIAN_POINT('',(-3.319320034981,1.374907376346,
    1.499884216189));
#4214 = CARTESIAN_POINT('',(-3.093272869778,1.281275574783,
    1.666702993586));
#4215 = CARTESIAN_POINT('',(-3.154731282656,1.306732482919,
    1.832344983153));
#4216 = CARTESIAN_POINT('',(-3.13444974701,1.298331595788,2.));
#4217 = CARTESIAN_POINT('',(-3.154746647426,1.306738847215,
    2.167655016847));
#4218 = CARTESIAN_POINT('',(-3.459077005614,1.432796609018,
    2.333297006412));
#4219 = CARTESIAN_POINT('',(-3.665315833129,1.518223528463,
    2.500115783817));
#4220 = CARTESIAN_POINT('',(-3.979678002493,1.64843660251,2.665845579653
    ));
#4221 = CARTESIAN_POINT('',(-3.960052861535,1.640307602962,
    2.833154315104));
#4222 = CARTESIAN_POINT('',(-4.016138148879,1.66353888963,3.));
#4223 = CARTESIAN_POINT('',(-3.811245504095,1.578669577329,
    3.166845684896));
#4224 = CARTESIAN_POINT('',(-3.560563825106,1.474833826054,
    3.334154420345));
#4225 = CARTESIAN_POINT('',(-3.319320034857,1.374907376294,3.49988421619
    ));
#4226 = CARTESIAN_POINT('',(-3.093272871734,1.281275575593,
    3.666702993561));
#4227 = CARTESIAN_POINT('',(-3.154731274998,1.306732479747,
    3.832344983253));
#4228 = CARTESIAN_POINT('',(-3.134449775382,1.29833160754,3.999999999629
    ));
#4229 = CARTESIAN_POINT('',(-3.154746541031,1.306738803145,
    4.167655018238));
#4230 = CARTESIAN_POINT('',(-3.459077407292,1.432796775399,
    4.333297001163));
#4231 = CARTESIAN_POINT('',(-3.665314332769,1.518222906993,
    4.500115803424));
#4232 = CARTESIAN_POINT('',(-3.979683582222,1.64843891371,4.665845506737
    ));
#4233 = CARTESIAN_POINT('',(-3.960032251464,1.640299065991,
    4.833154584436));
#4234 = CARTESIAN_POINT('',(-4.01621485092,1.663570660655,4.999998997659
    ));
#4235 = CARTESIAN_POINT('',(-3.810958880666,1.578550854019,
    5.166849430487));
#4236 = CARTESIAN_POINT('',(-3.56164057143,1.475279828982,5.334140349441
    ));
#4237 = CARTESIAN_POINT('',(-3.31526501453,1.373227731888,5.499937207133
    ));
#4238 = CARTESIAN_POINT('',(-3.108395394857,1.287539529734,
    5.666505372662));
#4239 = CARTESIAN_POINT('',(-3.098596216524,1.28348057733,5.833078555327
    ));
#4240 = CARTESIAN_POINT('',(-3.260903129655,1.350710301617,
    5.942735729628));
#4241 = CARTESIAN_POINT('',(-3.141190410538,1.301123670041,6.));
#4242 = CARTESIAN_POINT('',(-4.153481053043,1.112921893941,-1.));
#4243 = CARTESIAN_POINT('',(-4.399862485915,1.178939599967,
    -0.945915960696));
#4244 = CARTESIAN_POINT('',(-3.952023995402,1.058941638009,
    -0.832465754706));
#4245 = CARTESIAN_POINT('',(-3.805928447993,1.019795454098,
    -0.666031992455));
#4246 = CARTESIAN_POINT('',(-3.548920807016,0.95093046424,
    -0.500065658372));
#4247 = CARTESIAN_POINT('',(-3.214574385219,0.86134261053,
    -0.333310426054));
#4248 = CARTESIAN_POINT('',(-3.297704316203,0.883617208403,
    -0.167651462254));
#4249 = CARTESIAN_POINT('',(-3.298497996961,0.883829874521,
    -9.481367651137E-07));
#4250 = CARTESIAN_POINT('',(-3.212904311449,0.860895115611,
    0.167655273713));
#4251 = CARTESIAN_POINT('',(-3.557876804657,0.953330216577,
    0.333296937213));
#4252 = CARTESIAN_POINT('',(-3.774193982928,1.011292229804,
    0.500115802373));
#4253 = CARTESIAN_POINT('',(-4.07326049201,1.091426859396,0.665845574726
    ));
#4254 = CARTESIAN_POINT('',(-4.169431071992,1.117195688637,
    0.833154316416));
#4255 = CARTESIAN_POINT('',(-4.169328422044,1.117168183667,
    0.999999999649));
#4256 = CARTESIAN_POINT('',(-4.074053679598,1.091639393369,1.16684568499
    ));
#4257 = CARTESIAN_POINT('',(-3.772891556249,1.010943245627,
    1.334154420322));
#4258 = CARTESIAN_POINT('',(-3.557804257635,0.953310777661,
    1.499884216189));
#4259 = CARTESIAN_POINT('',(-3.212196097489,0.860705350252,
    1.666702993586));
#4260 = CARTESIAN_POINT('',(-3.298334276761,0.883786005826,
    1.832344983153));
#4261 = CARTESIAN_POINT('',(-3.298329964021,0.883784850231,2.));
#4262 = CARTESIAN_POINT('',(-3.212949834378,0.860907313443,
    2.167655016847));
#4263 = CARTESIAN_POINT('',(-3.557864540993,0.953326930538,
    2.333297006412));
#4264 = CARTESIAN_POINT('',(-3.774197271361,1.011293110937,
    2.500115783817));
#4265 = CARTESIAN_POINT('',(-4.073259618821,1.091426625425,
    2.665845579653));
#4266 = CARTESIAN_POINT('',(-4.169431304424,1.117195750917,
    2.833154315104));
#4267 = CARTESIAN_POINT('',(-4.169328359866,1.117168167006,3.));
#4268 = CARTESIAN_POINT('',(-4.074053696223,1.091639397824,
    3.166845684896));
#4269 = CARTESIAN_POINT('',(-3.772891552055,1.010943244503,
    3.334154420345));
#4270 = CARTESIAN_POINT('',(-3.557804257605,0.953310777653,3.49988421619
    ));
#4271 = CARTESIAN_POINT('',(-3.21219610181,0.86070535141,3.666702993561)
  );
#4272 = CARTESIAN_POINT('',(-3.298334259597,0.883786001227,
    3.832344983253));
#4273 = CARTESIAN_POINT('',(-3.298330027672,0.883784867286,
    3.999999999629));
#4274 = CARTESIAN_POINT('',(-3.212949595668,0.860907249481,
    4.167655018238));
#4275 = CARTESIAN_POINT('',(-3.557865442218,0.953327172021,
    4.333297001163));
#4276 = CARTESIAN_POINT('',(-3.774193905071,1.011292208942,
    4.500115803424));
#4277 = CARTESIAN_POINT('',(-4.073272137805,1.091429979877,
    4.665845506737));
#4278 = CARTESIAN_POINT('',(-4.169385062553,1.117183360446,
    4.833154584436));
#4279 = CARTESIAN_POINT('',(-4.16950045272,1.117214279145,4.999998997659
    ));
#4280 = CARTESIAN_POINT('',(-4.073410612374,1.091467084033,
    5.166849430487));
#4281 = CARTESIAN_POINT('',(-3.775307398431,1.011590568562,
    5.334140349441));
#4282 = CARTESIAN_POINT('',(-3.54870619436,0.950872959055,5.499937207133
    ));
#4283 = CARTESIAN_POINT('',(-3.246125813798,0.86979678996,5.666505372662
    ));
#4284 = CARTESIAN_POINT('',(-3.17238660186,0.850038429447,5.833078555327
    ));
#4285 = CARTESIAN_POINT('',(-3.566931064173,0.955756295117,
    5.942735729628));
#4286 = CARTESIAN_POINT('',(-3.284147809383,0.879984753349,6.));
#4287 = ADVANCED_FACE('',(#4288),#4341,.F.);
#4288 = FACE_BOUND('',#4289,.F.);
#4289 = EDGE_LOOP('',(#4290,#4291,#4292,#4340));
#4290 = ORIENTED_EDGE('',*,*,#4148,.F.);
#4291 = ORIENTED_EDGE('',*,*,#422,.F.);
#4292 = ORIENTED_EDGE('',*,*,#4293,.T.);
#4293 = EDGE_CURVE('',#413,#928,#4294,.T.);
#4294 = ( BOUNDED_CURVE() B_SPLINE_CURVE(3,(#4295,#4296,#4297,#4298,
    #4299,#4300,#4301,#4302,#4303,#4304,#4305,#4306,#4307,#4308,#4309,
    #4310,#4311,#4312,#4313,#4314,#4315,#4316,#4317,#4318,#4319,#4320,
    #4321,#4322,#4323,#4324,#4325,#4326,#4327,#4328,#4329,#4330,#4331,
    #4332,#4333,#4334,#4335,#4336,#4337,#4338,#4339),.UNSPECIFIED.,.F.,
.F.) B_SPLINE_CURVE_WITH_KNOTS((4,1,1,1,1,1,1,1,1,1,1,1,1,1,1,1,1,1,1,1,
    1,1,1,1,1,1,1,1,1,1,1,1,1,1,1,1,1,1,1,1,1,1,4),(0.,
    2.367208350872E-02,4.740980147591E-02,7.134334288179E-02,
    9.527688428768E-02,0.119185059348,0.142857142857,0.166529226366,
    0.190437401427,0.214370942832,0.238304484238,0.262042202206,
    0.285714285714,0.309386369223,0.33312408719,0.357057628596,
    0.380991170002,0.404899345063,0.428571428571,0.45224351208,
    0.476151687141,0.500085228547,0.524018769953,0.54775648792,
    0.571428571429,0.595100654937,0.618838372904,0.64277191431,
    0.666705455716,0.690613630777,0.714285714286,0.737957797794,
    0.761865972855,0.785799514261,0.809733055667,0.833470773634,
    0.857142857143,0.880814940652,0.904552658619,0.928486200025,
0.952419741431,0.976327916491,1.),.UNSPECIFIED.) CURVE() 
GEOMETRIC_REPRESENTATION_ITEM() RATIONAL_B_SPLINE_CURVE((1.,
    1.000000000024,0.999999999989,1.000000000003,0.999999999999,1.,1.,1.
    ,1.,1.,1.,1.,1.,1.,1.,1.,1.,1.,1.,1.,1.,1.,1.,1.,1.,1.,1.,1.,1.,1.,
    1.,1.,1.,1.,1.,1.,1.,1.,1.,1.,1.000000000002,0.999999999993,
1.000000000024,0.999999999948,1.)) REPRESENTATION_ITEM('') );
#4295 = CARTESIAN_POINT('',(-4.263212903907,0.561262626546,-1.));
#4296 = CARTESIAN_POINT('',(-4.497379419509,0.592091233234,
    -0.945915960696));
#4297 = CARTESIAN_POINT('',(-4.159418350092,0.547597814274,
    -0.832465754706));
#4298 = CARTESIAN_POINT('',(-3.962298732944,0.521646524387,
    -0.666031992455));
#4299 = CARTESIAN_POINT('',(-3.703924952186,0.48763097083,
    -0.500065658372));
#4300 = CARTESIAN_POINT('',(-3.386665582838,0.445862982474,
    -0.333310426054));
#4301 = CARTESIAN_POINT('',(-3.363342874568,0.442792489679,
    -0.167651462254));
#4302 = CARTESIAN_POINT('',(-3.385458257722,0.445704035107,
    -9.481367651137E-07));
#4303 = CARTESIAN_POINT('',(-3.320009125337,0.437087493364,
    0.167655273713));
#4304 = CARTESIAN_POINT('',(-3.562096952181,0.468958960403,
    0.333296937213));
#4305 = CARTESIAN_POINT('',(-3.822369991302,0.503224556058,
    0.500115802373));
#4306 = CARTESIAN_POINT('',(-4.088957973132,0.538321529693,
    0.665845574726));
#4307 = CARTESIAN_POINT('',(-4.309919848556,0.567411712464,
    0.833154316416));
#4308 = CARTESIAN_POINT('',(-4.249517821007,0.559459634678,
    0.999999999649));
#4309 = CARTESIAN_POINT('',(-4.271362234268,0.562335506242,1.16684568499
    ));
#4310 = CARTESIAN_POINT('',(-3.931992352925,0.517656613757,
    1.334154420322));
#4311 = CARTESIAN_POINT('',(-3.712074182217,0.488703837319,
    1.499884216189));
#4312 = CARTESIAN_POINT('',(-3.384483861497,0.44557575341,1.666702993586
    ));
#4313 = CARTESIAN_POINT('',(-3.363920768645,0.442868570878,
    1.832344983153));
#4314 = CARTESIAN_POINT('',(-3.385304112768,0.445683741539,2.));
#4315 = CARTESIAN_POINT('',(-3.320050885779,0.43709299123,2.167655016847
    ));
#4316 = CARTESIAN_POINT('',(-3.562085702113,0.468957479304,
    2.333297006412));
#4317 = CARTESIAN_POINT('',(-3.822373007944,0.503224953207,
    2.500115783817));
#4318 = CARTESIAN_POINT('',(-4.088957172111,0.538321424236,
    2.665845579653));
#4319 = CARTESIAN_POINT('',(-4.309920061778,0.567411740535,
    2.833154315104));
#4320 = CARTESIAN_POINT('',(-4.249517763965,0.559459627168,3.));
#4321 = CARTESIAN_POINT('',(-4.271362249531,0.562335508251,
    3.166845684896));
#4322 = CARTESIAN_POINT('',(-3.931992349036,0.517656613245,
    3.334154420345));
#4323 = CARTESIAN_POINT('',(-3.712074182347,0.488703837336,3.49988421619
    ));
#4324 = CARTESIAN_POINT('',(-3.384483864878,0.445575753855,
    3.666702993561));
#4325 = CARTESIAN_POINT('',(-3.363920755065,0.44286856909,3.832344983253
    ));
#4326 = CARTESIAN_POINT('',(-3.385304163166,0.445683748174,
    3.999999999629));
#4327 = CARTESIAN_POINT('',(-3.320050696761,0.437092966345,
    4.167655018238));
#4328 = CARTESIAN_POINT('',(-3.562086415729,0.468957573253,
    4.333297001163));
#4329 = CARTESIAN_POINT('',(-3.822370342417,0.503224602283,
    4.500115803424));
#4330 = CARTESIAN_POINT('',(-4.08896708501,0.538322729294,4.665845506737
    ));
#4331 = CARTESIAN_POINT('',(-4.309883446109,0.567406919991,
    4.833154584436));
#4332 = CARTESIAN_POINT('',(-4.249654032132,0.559477567213,
    4.999998997659));
#4333 = CARTESIAN_POINT('',(-4.270853036885,0.562268469134,
    5.166849430487));
#4334 = CARTESIAN_POINT('',(-3.933905287022,0.517908456312,
    5.334140349441));
#4335 = CARTESIAN_POINT('',(-3.704870069136,0.487755397826,
    5.499937207133));
#4336 = CARTESIAN_POINT('',(-3.411350405565,0.449112801084,
    5.666505372662));
#4337 = CARTESIAN_POINT('',(-3.264191707196,0.429738990687,
    5.833078555327));
#4338 = CARTESIAN_POINT('',(-3.590885040261,0.472748984462,
    5.942735729628));
#4339 = CARTESIAN_POINT('',(-3.370912528671,0.443789053548,6.));
#4340 = ORIENTED_EDGE('',*,*,#937,.T.);
#4341 = ( BOUNDED_SURFACE() B_SPLINE_SURFACE(1,3,(
    (#4342,#4343,#4344,#4345,#4346,#4347,#4348,#4349,#4350,#4351,#4352
      ,#4353,#4354,#4355,#4356,#4357,#4358,#4359,#4360,#4361,#4362,#4363
      ,#4364,#4365,#4366,#4367,#4368,#4369,#4370,#4371,#4372,#4373,#4374
      ,#4375,#4376,#4377,#4378,#4379,#4380,#4381,#4382,#4383,#4384,#4385
      ,#4386)
    ,(#4387,#4388,#4389,#4390,#4391,#4392,#4393,#4394,#4395,#4396,#4397
      ,#4398,#4399,#4400,#4401,#4402,#4403,#4404,#4405,#4406,#4407,#4408
      ,#4409,#4410,#4411,#4412,#4413,#4414,#4415,#4416,#4417,#4418,#4419
      ,#4420,#4421,#4422,#4423,#4424,#4425,#4426,#4427,#4428,#4429,#4430
,#4431
    )),.UNSPECIFIED.,.F.,.F.,.F.) B_SPLINE_SURFACE_WITH_KNOTS((2,2),(4,1
    ,1,1,1,1,1,1,1,1,1,1,1,1,1,1,1,1,1,1,1,1,1,1,1,1,1,1,1,1,1,1,1,1,1,1
    ,1,1,1,1,1,1,4),(22.,23.),(0.,2.367208350872E-02,4.740980147591E-02,
    7.134334288179E-02,9.527688428768E-02,0.119185059348,0.142857142857,
    0.166529226366,0.190437401427,0.214370942832,0.238304484238,
    0.262042202206,0.285714285714,0.309386369223,0.33312408719,
    0.357057628596,0.380991170002,0.404899345063,0.428571428571,
    0.45224351208,0.476151687141,0.500085228547,0.524018769953,
    0.54775648792,0.571428571429,0.595100654937,0.618838372904,
    0.64277191431,0.666705455716,0.690613630777,0.714285714286,
    0.737957797794,0.761865972855,0.785799514261,0.809733055667,
    0.833470773634,0.857142857143,0.880814940652,0.904552658619,
    0.928486200025,0.952419741431,0.976327916491,1.),.UNSPECIFIED.) 
GEOMETRIC_REPRESENTATION_ITEM() RATIONAL_B_SPLINE_SURFACE((
    (1.,1.000000000024,0.999999999989,1.000000000003,0.999999999999,1.
      ,1.,1.,1.,1.,1.,1.,1.,1.,1.,1.,1.,1.,1.,1.,1.,1.,1.,1.,1.,1.,1.,1.
      ,1.,1.,1.,1.,1.,1.,1.,1.,1.,1.,1.,1.,1.000000000002,0.999999999993
      ,1.000000000024,0.999999999948,1.)
    ,(1.,1.000000000024,0.999999999989,1.000000000003,0.999999999999,1.
      ,1.,1.,1.,1.,1.,1.,1.,1.,1.,1.,1.,1.,1.,1.,1.,1.,1.,1.,1.,1.,1.,1.
      ,1.,1.,1.,1.,1.,1.,1.,1.,1.,1.,1.,1.,1.000000000002,0.999999999993
,1.000000000024,0.999999999948,1.
  ))) REPRESENTATION_ITEM('') SURFACE() );
#4342 = CARTESIAN_POINT('',(-4.153481053043,1.112921893941,-1.));
#4343 = CARTESIAN_POINT('',(-4.399862485915,1.178939599967,
    -0.945915960696));
#4344 = CARTESIAN_POINT('',(-3.952023995402,1.058941638009,
    -0.832465754706));
#4345 = CARTESIAN_POINT('',(-3.805928447993,1.019795454098,
    -0.666031992455));
#4346 = CARTESIAN_POINT('',(-3.548920807016,0.95093046424,
    -0.500065658372));
#4347 = CARTESIAN_POINT('',(-3.214574385219,0.86134261053,
    -0.333310426054));
#4348 = CARTESIAN_POINT('',(-3.297704316203,0.883617208403,
    -0.167651462254));
#4349 = CARTESIAN_POINT('',(-3.298497996961,0.883829874521,
    -9.481367651137E-07));
#4350 = CARTESIAN_POINT('',(-3.212904311449,0.860895115611,
    0.167655273713));
#4351 = CARTESIAN_POINT('',(-3.557876804657,0.953330216577,
    0.333296937213));
#4352 = CARTESIAN_POINT('',(-3.774193982928,1.011292229804,
    0.500115802373));
#4353 = CARTESIAN_POINT('',(-4.07326049201,1.091426859396,0.665845574726
    ));
#4354 = CARTESIAN_POINT('',(-4.169431071992,1.117195688637,
    0.833154316416));
#4355 = CARTESIAN_POINT('',(-4.169328422044,1.117168183667,
    0.999999999649));
#4356 = CARTESIAN_POINT('',(-4.074053679598,1.091639393369,1.16684568499
    ));
#4357 = CARTESIAN_POINT('',(-3.772891556249,1.010943245627,
    1.334154420322));
#4358 = CARTESIAN_POINT('',(-3.557804257635,0.953310777661,
    1.499884216189));
#4359 = CARTESIAN_POINT('',(-3.212196097489,0.860705350252,
    1.666702993586));
#4360 = CARTESIAN_POINT('',(-3.298334276761,0.883786005826,
    1.832344983153));
#4361 = CARTESIAN_POINT('',(-3.298329964021,0.883784850231,2.));
#4362 = CARTESIAN_POINT('',(-3.212949834378,0.860907313443,
    2.167655016847));
#4363 = CARTESIAN_POINT('',(-3.557864540993,0.953326930538,
    2.333297006412));
#4364 = CARTESIAN_POINT('',(-3.774197271361,1.011293110937,
    2.500115783817));
#4365 = CARTESIAN_POINT('',(-4.073259618821,1.091426625425,
    2.665845579653));
#4366 = CARTESIAN_POINT('',(-4.169431304424,1.117195750917,
    2.833154315104));
#4367 = CARTESIAN_POINT('',(-4.169328359866,1.117168167006,3.));
#4368 = CARTESIAN_POINT('',(-4.074053696223,1.091639397824,
    3.166845684896));
#4369 = CARTESIAN_POINT('',(-3.772891552055,1.010943244503,
    3.334154420345));
#4370 = CARTESIAN_POINT('',(-3.557804257605,0.953310777653,3.49988421619
    ));
#4371 = CARTESIAN_POINT('',(-3.21219610181,0.86070535141,3.666702993561)
  );
#4372 = CARTESIAN_POINT('',(-3.298334259597,0.883786001227,
    3.832344983253));
#4373 = CARTESIAN_POINT('',(-3.298330027672,0.883784867286,
    3.999999999629));
#4374 = CARTESIAN_POINT('',(-3.212949595668,0.860907249481,
    4.167655018238));
#4375 = CARTESIAN_POINT('',(-3.557865442218,0.953327172021,
    4.333297001163));
#4376 = CARTESIAN_POINT('',(-3.774193905071,1.011292208942,
    4.500115803424));
#4377 = CARTESIAN_POINT('',(-4.073272137805,1.091429979877,
    4.665845506737));
#4378 = CARTESIAN_POINT('',(-4.169385062553,1.117183360446,
    4.833154584436));
#4379 = CARTESIAN_POINT('',(-4.16950045272,1.117214279145,4.999998997659
    ));
#4380 = CARTESIAN_POINT('',(-4.073410612374,1.091467084033,
    5.166849430487));
#4381 = CARTESIAN_POINT('',(-3.775307398431,1.011590568562,
    5.334140349441));
#4382 = CARTESIAN_POINT('',(-3.54870619436,0.950872959055,5.499937207133
    ));
#4383 = CARTESIAN_POINT('',(-3.246125813798,0.86979678996,5.666505372662
    ));
#4384 = CARTESIAN_POINT('',(-3.17238660186,0.850038429447,5.833078555327
    ));
#4385 = CARTESIAN_POINT('',(-3.566931064173,0.955756295117,
    5.942735729628));
#4386 = CARTESIAN_POINT('',(-3.284147809383,0.879984753349,6.));
#4387 = CARTESIAN_POINT('',(-4.263212903907,0.561262626546,-1.));
#4388 = CARTESIAN_POINT('',(-4.497379419509,0.592091233234,
    -0.945915960696));
#4389 = CARTESIAN_POINT('',(-4.159418350092,0.547597814274,
    -0.832465754706));
#4390 = CARTESIAN_POINT('',(-3.962298732944,0.521646524387,
    -0.666031992455));
#4391 = CARTESIAN_POINT('',(-3.703924952186,0.48763097083,
    -0.500065658372));
#4392 = CARTESIAN_POINT('',(-3.386665582838,0.445862982474,
    -0.333310426054));
#4393 = CARTESIAN_POINT('',(-3.363342874568,0.442792489679,
    -0.167651462254));
#4394 = CARTESIAN_POINT('',(-3.385458257722,0.445704035107,
    -9.481367651137E-07));
#4395 = CARTESIAN_POINT('',(-3.320009125337,0.437087493364,
    0.167655273713));
#4396 = CARTESIAN_POINT('',(-3.562096952181,0.468958960403,
    0.333296937213));
#4397 = CARTESIAN_POINT('',(-3.822369991302,0.503224556058,
    0.500115802373));
#4398 = CARTESIAN_POINT('',(-4.088957973132,0.538321529693,
    0.665845574726));
#4399 = CARTESIAN_POINT('',(-4.309919848556,0.567411712464,
    0.833154316416));
#4400 = CARTESIAN_POINT('',(-4.249517821007,0.559459634678,
    0.999999999649));
#4401 = CARTESIAN_POINT('',(-4.271362234268,0.562335506242,1.16684568499
    ));
#4402 = CARTESIAN_POINT('',(-3.931992352925,0.517656613757,
    1.334154420322));
#4403 = CARTESIAN_POINT('',(-3.712074182217,0.488703837319,
    1.499884216189));
#4404 = CARTESIAN_POINT('',(-3.384483861497,0.44557575341,1.666702993586
    ));
#4405 = CARTESIAN_POINT('',(-3.363920768645,0.442868570878,
    1.832344983153));
#4406 = CARTESIAN_POINT('',(-3.385304112768,0.445683741539,2.));
#4407 = CARTESIAN_POINT('',(-3.320050885779,0.43709299123,2.167655016847
    ));
#4408 = CARTESIAN_POINT('',(-3.562085702113,0.468957479304,
    2.333297006412));
#4409 = CARTESIAN_POINT('',(-3.822373007944,0.503224953207,
    2.500115783817));
#4410 = CARTESIAN_POINT('',(-4.088957172111,0.538321424236,
    2.665845579653));
#4411 = CARTESIAN_POINT('',(-4.309920061778,0.567411740535,
    2.833154315104));
#4412 = CARTESIAN_POINT('',(-4.249517763965,0.559459627168,3.));
#4413 = CARTESIAN_POINT('',(-4.271362249531,0.562335508251,
    3.166845684896));
#4414 = CARTESIAN_POINT('',(-3.931992349036,0.517656613245,
    3.334154420345));
#4415 = CARTESIAN_POINT('',(-3.712074182347,0.488703837336,3.49988421619
    ));
#4416 = CARTESIAN_POINT('',(-3.384483864878,0.445575753855,
    3.666702993561));
#4417 = CARTESIAN_POINT('',(-3.363920755065,0.44286856909,3.832344983253
    ));
#4418 = CARTESIAN_POINT('',(-3.385304163166,0.445683748174,
    3.999999999629));
#4419 = CARTESIAN_POINT('',(-3.320050696761,0.437092966345,
    4.167655018238));
#4420 = CARTESIAN_POINT('',(-3.562086415729,0.468957573253,
    4.333297001163));
#4421 = CARTESIAN_POINT('',(-3.822370342417,0.503224602283,
    4.500115803424));
#4422 = CARTESIAN_POINT('',(-4.08896708501,0.538322729294,4.665845506737
    ));
#4423 = CARTESIAN_POINT('',(-4.309883446109,0.567406919991,
    4.833154584436));
#4424 = CARTESIAN_POINT('',(-4.249654032132,0.559477567213,
    4.999998997659));
#4425 = CARTESIAN_POINT('',(-4.270853036885,0.562268469134,
    5.166849430487));
#4426 = CARTESIAN_POINT('',(-3.933905287022,0.517908456312,
    5.334140349441));
#4427 = CARTESIAN_POINT('',(-3.704870069136,0.487755397826,
    5.499937207133));
#4428 = CARTESIAN_POINT('',(-3.411350405565,0.449112801084,
    5.666505372662));
#4429 = CARTESIAN_POINT('',(-3.264191707196,0.429738990687,
    5.833078555327));
#4430 = CARTESIAN_POINT('',(-3.590885040261,0.472748984462,
    5.942735729628));
#4431 = CARTESIAN_POINT('',(-3.370912528671,0.443789053548,6.));
#4432 = ADVANCED_FACE('',(#4433),#4486,.F.);
#4433 = FACE_BOUND('',#4434,.F.);
#4434 = EDGE_LOOP('',(#4435,#4436,#4437,#4485));
#4435 = ORIENTED_EDGE('',*,*,#4293,.F.);
#4436 = ORIENTED_EDGE('',*,*,#412,.F.);
#4437 = ORIENTED_EDGE('',*,*,#4438,.T.);
#4438 = EDGE_CURVE('',#403,#918,#4439,.T.);
#4439 = ( BOUNDED_CURVE() B_SPLINE_CURVE(3,(#4440,#4441,#4442,#4443,
    #4444,#4445,#4446,#4447,#4448,#4449,#4450,#4451,#4452,#4453,#4454,
    #4455,#4456,#4457,#4458,#4459,#4460,#4461,#4462,#4463,#4464,#4465,
    #4466,#4467,#4468,#4469,#4470,#4471,#4472,#4473,#4474,#4475,#4476,
    #4477,#4478,#4479,#4480,#4481,#4482,#4483,#4484),.UNSPECIFIED.,.F.,
.F.) B_SPLINE_CURVE_WITH_KNOTS((4,1,1,1,1,1,1,1,1,1,1,1,1,1,1,1,1,1,1,1,
    1,1,1,1,1,1,1,1,1,1,1,1,1,1,1,1,1,1,1,1,1,1,4),(0.,
    2.367208350872E-02,4.740980147591E-02,7.134334288179E-02,
    9.527688428768E-02,0.119185059348,0.142857142857,0.166529226366,
    0.190437401427,0.214370942832,0.238304484238,0.262042202206,
    0.285714285714,0.309386369223,0.33312408719,0.357057628596,
    0.380991170002,0.404899345063,0.428571428571,0.45224351208,
    0.476151687141,0.500085228547,0.524018769953,0.54775648792,
    0.571428571429,0.595100654937,0.618838372904,0.64277191431,
    0.666705455716,0.690613630777,0.714285714286,0.737957797794,
    0.761865972855,0.785799514261,0.809733055667,0.833470773634,
    0.857142857143,0.880814940652,0.904552658619,0.928486200025,
0.952419741431,0.976327916491,1.),.UNSPECIFIED.) CURVE() 
GEOMETRIC_REPRESENTATION_ITEM() RATIONAL_B_SPLINE_CURVE((1.,
    1.000000000024,0.999999999989,1.000000000003,0.999999999999,1.,1.,1.
    ,1.,1.,1.,1.,1.,1.,1.,1.,1.,1.,1.,1.,1.,1.,1.,1.,1.,1.,1.,1.,1.,1.,
    1.,1.,1.,1.,1.,1.,1.,1.,1.,1.,1.000000000002,0.999999999993,
1.000000000024,0.999999999948,1.)) REPRESENTATION_ITEM('') );
#4440 = CARTESIAN_POINT('',(-4.3,5.265981236334E-16,-1.));
#4441 = CARTESIAN_POINT('',(-4.486421527713,5.494281763299E-16,
    -0.945915960696));
#4442 = CARTESIAN_POINT('',(-4.289342382003,5.25292941868E-16,
    -0.832465754706));
#4443 = CARTESIAN_POINT('',(-4.055455666466,4.966500800991E-16,
    -0.666031992455));
#4444 = CARTESIAN_POINT('',(-3.796942333646,4.649913275455E-16,
    -0.500065658372));
#4445 = CARTESIAN_POINT('',(-3.503997639199,4.291159493063E-16,
    -0.333310426054));
#4446 = CARTESIAN_POINT('',(-3.370643918527,4.127848285891E-16,
    -0.167651462254));
#4447 = CARTESIAN_POINT('',(-3.414501866806,4.181558781866E-16,
    -9.481367651137E-07));
#4448 = CARTESIAN_POINT('',(-3.371059347929,4.128357040177E-16,
    0.167655273713));
#4449 = CARTESIAN_POINT('',(-3.502315824216,4.289099863729E-16,
    0.333296937213));
#4450 = CARTESIAN_POINT('',(-3.803254522112,4.657643476847E-16,
    0.500115802373));
#4451 = CARTESIAN_POINT('',(-4.03197303508,4.93774287166E-16,
    0.665845574726));
#4452 = CARTESIAN_POINT('',(-4.376083241202,5.359156334141E-16,
    0.833154316416));
#4453 = CARTESIAN_POINT('',(-4.2620110062,5.219458136674E-16,
    0.999999999649));
#4454 = CARTESIAN_POINT('',(-4.376083394544,5.35915652193E-16,
    1.16684568499));
#4455 = CARTESIAN_POINT('',(-4.031972417616,4.937742115483E-16,
    1.334154420322));
#4456 = CARTESIAN_POINT('',(-3.803256858728,4.657646338376E-16,
    1.499884216189));
#4457 = CARTESIAN_POINT('',(-3.502307107201,4.289089188465E-16,
    1.666702993586));
#4458 = CARTESIAN_POINT('',(-3.371091706433,4.128396667915E-16,
    1.832344983153));
#4459 = CARTESIAN_POINT('',(-3.414382425807,4.181412508829E-16,2.));
#4460 = CARTESIAN_POINT('',(-3.37109170649,4.128396667985E-16,
    2.167655016847));
#4461 = CARTESIAN_POINT('',(-3.502307106971,4.289089188183E-16,
    2.333297006412));
#4462 = CARTESIAN_POINT('',(-3.803256859592,4.657646339435E-16,
    2.500115783817));
#4463 = CARTESIAN_POINT('',(-4.0319724144,4.937742111546E-16,
    2.665845579653));
#4464 = CARTESIAN_POINT('',(-4.376083406421,5.359156536475E-16,
    2.833154315104));
#4465 = CARTESIAN_POINT('',(-4.262010961998,5.219458082541E-16,3.));
#4466 = CARTESIAN_POINT('',(-4.376083406381,5.359156536427E-16,
    3.166845684896));
#4467 = CARTESIAN_POINT('',(-4.03197241456,4.937742111741E-16,
    3.334154420345));
#4468 = CARTESIAN_POINT('',(-3.803256858988,4.657646338695E-16,
    3.49988421619));
#4469 = CARTESIAN_POINT('',(-3.502307109224,4.289089190942E-16,
    3.666702993561));
#4470 = CARTESIAN_POINT('',(-3.371091698125,4.128396657741E-16,
    3.832344983253));
#4471 = CARTESIAN_POINT('',(-3.414382456682,4.18141254664E-16,
    3.999999999629));
#4472 = CARTESIAN_POINT('',(-3.371091590682,4.128396526161E-16,
    4.167655018238));
#4473 = CARTESIAN_POINT('',(-3.502307544194,4.289089723626E-16,
    4.333297001163));
#4474 = CARTESIAN_POINT('',(-3.80325522646,4.657644339424E-16,
    4.500115803424));
#4475 = CARTESIAN_POINT('',(-4.0319784879,4.937749549438E-16,
    4.665845506737));
#4476 = CARTESIAN_POINT('',(-4.376060972492,5.359129062837E-16,
    4.833154584436));
#4477 = CARTESIAN_POINT('',(-4.262094451675,5.219560327903E-16,
    4.999998997659));
#4478 = CARTESIAN_POINT('',(-4.375771418627,5.358774461635E-16,
    5.166849430487));
#4479 = CARTESIAN_POINT('',(-4.033144445993,4.939177436233E-16,
    5.334140349441));
#4480 = CARTESIAN_POINT('',(-3.798842995502,4.652240915097E-16,
    5.499937207133));
#4481 = CARTESIAN_POINT('',(-3.518767878157,4.309247818215E-16,
    5.666505372662));
#4482 = CARTESIAN_POINT('',(-3.30998904885,4.053567496535E-16,
    5.833078555327));
#4483 = CARTESIAN_POINT('',(-3.530309301202,4.323381980072E-16,
    5.942735729628));
#4484 = CARTESIAN_POINT('',(-3.4,4.163799117101E-16,6.));
#4485 = ORIENTED_EDGE('',*,*,#927,.T.);
#4486 = ( BOUNDED_SURFACE() B_SPLINE_SURFACE(1,3,(
    (#4487,#4488,#4489,#4490,#4491,#4492,#4493,#4494,#4495,#4496,#4497
      ,#4498,#4499,#4500,#4501,#4502,#4503,#4504,#4505,#4506,#4507,#4508
      ,#4509,#4510,#4511,#4512,#4513,#4514,#4515,#4516,#4517,#4518,#4519
      ,#4520,#4521,#4522,#4523,#4524,#4525,#4526,#4527,#4528,#4529,#4530
      ,#4531)
    ,(#4532,#4533,#4534,#4535,#4536,#4537,#4538,#4539,#4540,#4541,#4542
      ,#4543,#4544,#4545,#4546,#4547,#4548,#4549,#4550,#4551,#4552,#4553
      ,#4554,#4555,#4556,#4557,#4558,#4559,#4560,#4561,#4562,#4563,#4564
      ,#4565,#4566,#4567,#4568,#4569,#4570,#4571,#4572,#4573,#4574,#4575
,#4576
    )),.UNSPECIFIED.,.F.,.F.,.F.) B_SPLINE_SURFACE_WITH_KNOTS((2,2),(4,1
    ,1,1,1,1,1,1,1,1,1,1,1,1,1,1,1,1,1,1,1,1,1,1,1,1,1,1,1,1,1,1,1,1,1,1
    ,1,1,1,1,1,1,4),(23.,24.),(0.,2.367208350872E-02,4.740980147591E-02,
    7.134334288179E-02,9.527688428768E-02,0.119185059348,0.142857142857,
    0.166529226366,0.190437401427,0.214370942832,0.238304484238,
    0.262042202206,0.285714285714,0.309386369223,0.33312408719,
    0.357057628596,0.380991170002,0.404899345063,0.428571428571,
    0.45224351208,0.476151687141,0.500085228547,0.524018769953,
    0.54775648792,0.571428571429,0.595100654937,0.618838372904,
    0.64277191431,0.666705455716,0.690613630777,0.714285714286,
    0.737957797794,0.761865972855,0.785799514261,0.809733055667,
    0.833470773634,0.857142857143,0.880814940652,0.904552658619,
    0.928486200025,0.952419741431,0.976327916491,1.),.UNSPECIFIED.) 
GEOMETRIC_REPRESENTATION_ITEM() RATIONAL_B_SPLINE_SURFACE((
    (1.,1.000000000024,0.999999999989,1.000000000003,0.999999999999,1.
      ,1.,1.,1.,1.,1.,1.,1.,1.,1.,1.,1.,1.,1.,1.,1.,1.,1.,1.,1.,1.,1.,1.
      ,1.,1.,1.,1.,1.,1.,1.,1.,1.,1.,1.,1.,1.000000000002,0.999999999993
      ,1.000000000024,0.999999999948,1.)
    ,(1.,1.000000000024,0.999999999989,1.000000000003,0.999999999999,1.
      ,1.,1.,1.,1.,1.,1.,1.,1.,1.,1.,1.,1.,1.,1.,1.,1.,1.,1.,1.,1.,1.,1.
      ,1.,1.,1.,1.,1.,1.,1.,1.,1.,1.,1.,1.,1.000000000002,0.999999999993
,1.000000000024,0.999999999948,1.
  ))) REPRESENTATION_ITEM('') SURFACE() );
#4487 = CARTESIAN_POINT('',(-4.263212903907,0.561262626546,-1.));
#4488 = CARTESIAN_POINT('',(-4.497379419509,0.592091233234,
    -0.945915960696));
#4489 = CARTESIAN_POINT('',(-4.159418350092,0.547597814274,
    -0.832465754706));
#4490 = CARTESIAN_POINT('',(-3.962298732944,0.521646524387,
    -0.666031992455));
#4491 = CARTESIAN_POINT('',(-3.703924952186,0.48763097083,
    -0.500065658372));
#4492 = CARTESIAN_POINT('',(-3.386665582838,0.445862982474,
    -0.333310426054));
#4493 = CARTESIAN_POINT('',(-3.363342874568,0.442792489679,
    -0.167651462254));
#4494 = CARTESIAN_POINT('',(-3.385458257722,0.445704035107,
    -9.481367651137E-07));
#4495 = CARTESIAN_POINT('',(-3.320009125337,0.437087493364,
    0.167655273713));
#4496 = CARTESIAN_POINT('',(-3.562096952181,0.468958960403,
    0.333296937213));
#4497 = CARTESIAN_POINT('',(-3.822369991302,0.503224556058,
    0.500115802373));
#4498 = CARTESIAN_POINT('',(-4.088957973132,0.538321529693,
    0.665845574726));
#4499 = CARTESIAN_POINT('',(-4.309919848556,0.567411712464,
    0.833154316416));
#4500 = CARTESIAN_POINT('',(-4.249517821007,0.559459634678,
    0.999999999649));
#4501 = CARTESIAN_POINT('',(-4.271362234268,0.562335506242,1.16684568499
    ));
#4502 = CARTESIAN_POINT('',(-3.931992352925,0.517656613757,
    1.334154420322));
#4503 = CARTESIAN_POINT('',(-3.712074182217,0.488703837319,
    1.499884216189));
#4504 = CARTESIAN_POINT('',(-3.384483861497,0.44557575341,1.666702993586
    ));
#4505 = CARTESIAN_POINT('',(-3.363920768645,0.442868570878,
    1.832344983153));
#4506 = CARTESIAN_POINT('',(-3.385304112768,0.445683741539,2.));
#4507 = CARTESIAN_POINT('',(-3.320050885779,0.43709299123,2.167655016847
    ));
#4508 = CARTESIAN_POINT('',(-3.562085702113,0.468957479304,
    2.333297006412));
#4509 = CARTESIAN_POINT('',(-3.822373007944,0.503224953207,
    2.500115783817));
#4510 = CARTESIAN_POINT('',(-4.088957172111,0.538321424236,
    2.665845579653));
#4511 = CARTESIAN_POINT('',(-4.309920061778,0.567411740535,
    2.833154315104));
#4512 = CARTESIAN_POINT('',(-4.249517763965,0.559459627168,3.));
#4513 = CARTESIAN_POINT('',(-4.271362249531,0.562335508251,
    3.166845684896));
#4514 = CARTESIAN_POINT('',(-3.931992349036,0.517656613245,
    3.334154420345));
#4515 = CARTESIAN_POINT('',(-3.712074182347,0.488703837336,3.49988421619
    ));
#4516 = CARTESIAN_POINT('',(-3.384483864878,0.445575753855,
    3.666702993561));
#4517 = CARTESIAN_POINT('',(-3.363920755065,0.44286856909,3.832344983253
    ));
#4518 = CARTESIAN_POINT('',(-3.385304163166,0.445683748174,
    3.999999999629));
#4519 = CARTESIAN_POINT('',(-3.320050696761,0.437092966345,
    4.167655018238));
#4520 = CARTESIAN_POINT('',(-3.562086415729,0.468957573253,
    4.333297001163));
#4521 = CARTESIAN_POINT('',(-3.822370342417,0.503224602283,
    4.500115803424));
#4522 = CARTESIAN_POINT('',(-4.08896708501,0.538322729294,4.665845506737
    ));
#4523 = CARTESIAN_POINT('',(-4.309883446109,0.567406919991,
    4.833154584436));
#4524 = CARTESIAN_POINT('',(-4.249654032132,0.559477567213,
    4.999998997659));
#4525 = CARTESIAN_POINT('',(-4.270853036885,0.562268469134,
    5.166849430487));
#4526 = CARTESIAN_POINT('',(-3.933905287022,0.517908456312,
    5.334140349441));
#4527 = CARTESIAN_POINT('',(-3.704870069136,0.487755397826,
    5.499937207133));
#4528 = CARTESIAN_POINT('',(-3.411350405565,0.449112801084,
    5.666505372662));
#4529 = CARTESIAN_POINT('',(-3.264191707196,0.429738990687,
    5.833078555327));
#4530 = CARTESIAN_POINT('',(-3.590885040261,0.472748984462,
    5.942735729628));
#4531 = CARTESIAN_POINT('',(-3.370912528671,0.443789053548,6.));
#4532 = CARTESIAN_POINT('',(-4.3,5.265981236334E-16,-1.));
#4533 = CARTESIAN_POINT('',(-4.486421527713,5.494281763299E-16,
    -0.945915960696));
#4534 = CARTESIAN_POINT('',(-4.289342382003,5.25292941868E-16,
    -0.832465754706));
#4535 = CARTESIAN_POINT('',(-4.055455666466,4.966500800991E-16,
    -0.666031992455));
#4536 = CARTESIAN_POINT('',(-3.796942333646,4.649913275455E-16,
    -0.500065658372));
#4537 = CARTESIAN_POINT('',(-3.503997639199,4.291159493063E-16,
    -0.333310426054));
#4538 = CARTESIAN_POINT('',(-3.370643918527,4.127848285891E-16,
    -0.167651462254));
#4539 = CARTESIAN_POINT('',(-3.414501866806,4.181558781866E-16,
    -9.481367651137E-07));
#4540 = CARTESIAN_POINT('',(-3.371059347929,4.128357040177E-16,
    0.167655273713));
#4541 = CARTESIAN_POINT('',(-3.502315824216,4.289099863729E-16,
    0.333296937213));
#4542 = CARTESIAN_POINT('',(-3.803254522112,4.657643476847E-16,
    0.500115802373));
#4543 = CARTESIAN_POINT('',(-4.03197303508,4.93774287166E-16,
    0.665845574726));
#4544 = CARTESIAN_POINT('',(-4.376083241202,5.359156334141E-16,
    0.833154316416));
#4545 = CARTESIAN_POINT('',(-4.2620110062,5.219458136674E-16,
    0.999999999649));
#4546 = CARTESIAN_POINT('',(-4.376083394544,5.35915652193E-16,
    1.16684568499));
#4547 = CARTESIAN_POINT('',(-4.031972417616,4.937742115483E-16,
    1.334154420322));
#4548 = CARTESIAN_POINT('',(-3.803256858728,4.657646338376E-16,
    1.499884216189));
#4549 = CARTESIAN_POINT('',(-3.502307107201,4.289089188465E-16,
    1.666702993586));
#4550 = CARTESIAN_POINT('',(-3.371091706433,4.128396667915E-16,
    1.832344983153));
#4551 = CARTESIAN_POINT('',(-3.414382425807,4.181412508829E-16,2.));
#4552 = CARTESIAN_POINT('',(-3.37109170649,4.128396667985E-16,
    2.167655016847));
#4553 = CARTESIAN_POINT('',(-3.502307106971,4.289089188183E-16,
    2.333297006412));
#4554 = CARTESIAN_POINT('',(-3.803256859592,4.657646339435E-16,
    2.500115783817));
#4555 = CARTESIAN_POINT('',(-4.0319724144,4.937742111546E-16,
    2.665845579653));
#4556 = CARTESIAN_POINT('',(-4.376083406421,5.359156536475E-16,
    2.833154315104));
#4557 = CARTESIAN_POINT('',(-4.262010961998,5.219458082541E-16,3.));
#4558 = CARTESIAN_POINT('',(-4.376083406381,5.359156536427E-16,
    3.166845684896));
#4559 = CARTESIAN_POINT('',(-4.03197241456,4.937742111741E-16,
    3.334154420345));
#4560 = CARTESIAN_POINT('',(-3.803256858988,4.657646338695E-16,
    3.49988421619));
#4561 = CARTESIAN_POINT('',(-3.502307109224,4.289089190942E-16,
    3.666702993561));
#4562 = CARTESIAN_POINT('',(-3.371091698125,4.128396657741E-16,
    3.832344983253));
#4563 = CARTESIAN_POINT('',(-3.414382456682,4.18141254664E-16,
    3.999999999629));
#4564 = CARTESIAN_POINT('',(-3.371091590682,4.128396526161E-16,
    4.167655018238));
#4565 = CARTESIAN_POINT('',(-3.502307544194,4.289089723626E-16,
    4.333297001163));
#4566 = CARTESIAN_POINT('',(-3.80325522646,4.657644339424E-16,
    4.500115803424));
#4567 = CARTESIAN_POINT('',(-4.0319784879,4.937749549438E-16,
    4.665845506737));
#4568 = CARTESIAN_POINT('',(-4.376060972492,5.359129062837E-16,
    4.833154584436));
#4569 = CARTESIAN_POINT('',(-4.262094451675,5.219560327903E-16,
    4.999998997659));
#4570 = CARTESIAN_POINT('',(-4.375771418627,5.358774461635E-16,
    5.166849430487));
#4571 = CARTESIAN_POINT('',(-4.033144445993,4.939177436233E-16,
    5.334140349441));
#4572 = CARTESIAN_POINT('',(-3.798842995502,4.652240915097E-16,
    5.499937207133));
#4573 = CARTESIAN_POINT('',(-3.518767878157,4.309247818215E-16,
    5.666505372662));
#4574 = CARTESIAN_POINT('',(-3.30998904885,4.053567496535E-16,
    5.833078555327));
#4575 = CARTESIAN_POINT('',(-3.530309301202,4.323381980072E-16,
    5.942735729628));
#4576 = CARTESIAN_POINT('',(-3.4,4.163799117101E-16,6.));
#4577 = ADVANCED_FACE('',(#4578),#4631,.F.);
#4578 = FACE_BOUND('',#4579,.F.);
#4579 = EDGE_LOOP('',(#4580,#4581,#4582,#4630));
#4580 = ORIENTED_EDGE('',*,*,#4438,.F.);
#4581 = ORIENTED_EDGE('',*,*,#402,.F.);
#4582 = ORIENTED_EDGE('',*,*,#4583,.T.);
#4583 = EDGE_CURVE('',#393,#908,#4584,.T.);
#4584 = ( BOUNDED_CURVE() B_SPLINE_CURVE(3,(#4585,#4586,#4587,#4588,
    #4589,#4590,#4591,#4592,#4593,#4594,#4595,#4596,#4597,#4598,#4599,
    #4600,#4601,#4602,#4603,#4604,#4605,#4606,#4607,#4608,#4609,#4610,
    #4611,#4612,#4613,#4614,#4615,#4616,#4617,#4618,#4619,#4620,#4621,
    #4622,#4623,#4624,#4625,#4626,#4627,#4628,#4629),.UNSPECIFIED.,.F.,
.F.) B_SPLINE_CURVE_WITH_KNOTS((4,1,1,1,1,1,1,1,1,1,1,1,1,1,1,1,1,1,1,1,
    1,1,1,1,1,1,1,1,1,1,1,1,1,1,1,1,1,1,1,1,1,1,4),(0.,
    2.367208350872E-02,4.740980147591E-02,7.134334288179E-02,
    9.527688428768E-02,0.119185059348,0.142857142857,0.166529226366,
    0.190437401427,0.214370942832,0.238304484238,0.262042202206,
    0.285714285714,0.309386369223,0.33312408719,0.357057628596,
    0.380991170002,0.404899345063,0.428571428571,0.45224351208,
    0.476151687141,0.500085228547,0.524018769953,0.54775648792,
    0.571428571429,0.595100654937,0.618838372904,0.64277191431,
    0.666705455716,0.690613630777,0.714285714286,0.737957797794,
    0.761865972855,0.785799514261,0.809733055667,0.833470773634,
    0.857142857143,0.880814940652,0.904552658619,0.928486200025,
0.952419741431,0.976327916491,1.),.UNSPECIFIED.) CURVE() 
GEOMETRIC_REPRESENTATION_ITEM() RATIONAL_B_SPLINE_CURVE((1.,
    1.000000000024,0.999999999989,1.000000000003,0.999999999999,1.,1.,1.
    ,1.,1.,1.,1.,1.,1.,1.,1.,1.,1.,1.,1.,1.,1.,1.,1.,1.,1.,1.,1.,1.,1.,
    1.,1.,1.,1.,1.,1.,1.,1.,1.,1.,1.000000000002,0.999999999993,
1.000000000024,0.999999999948,1.)) REPRESENTATION_ITEM('') );
#4585 = CARTESIAN_POINT('',(-4.263212903907,-0.561262626546,-1.));
#4586 = CARTESIAN_POINT('',(-4.276236836788,-0.562977259835,
    -0.945915960696));
#4587 = CARTESIAN_POINT('',(-4.306847455465,-0.567007224242,
    -0.832465754706));
#4588 = CARTESIAN_POINT('',(-4.089789013666,-0.538430938254,
    -0.666031992455));
#4589 = CARTESIAN_POINT('',(-3.82214933002,-0.503195505449,
    -0.500065658372));
#4590 = CARTESIAN_POINT('',(-3.562145585425,-0.468965363091,
    -0.333310426054));
#4591 = CARTESIAN_POINT('',(-3.320035023899,-0.437090902974,
    -0.167651462254));
#4592 = CARTESIAN_POINT('',(-3.385308343677,-0.445684298549,
    -9.481367651137E-07));
#4593 = CARTESIAN_POINT('',(-3.363919622495,-0.442868419985,
    0.167655273713));
#4594 = CARTESIAN_POINT('',(-3.384484169987,-0.445575794024,
    0.333296937213));
#4595 = CARTESIAN_POINT('',(-3.712074100533,-0.488703826565,
    0.500115802373));
#4596 = CARTESIAN_POINT('',(-3.93199237076,-0.517656616105,
    0.665845574726));
#4597 = CARTESIAN_POINT('',(-4.271362243748,-0.56233550749,
    0.833154316416));
#4598 = CARTESIAN_POINT('',(-4.249517765512,-0.559459627372,
    0.999999999649));
#4599 = CARTESIAN_POINT('',(-4.309920061363,-0.56741174048,1.16684568499
    ));
#4600 = CARTESIAN_POINT('',(-4.088957172224,-0.538321424251,
    1.334154420322));
#4601 = CARTESIAN_POINT('',(-3.822373007914,-0.503224953203,
    1.499884216189));
#4602 = CARTESIAN_POINT('',(-3.562085702119,-0.468957479304,
    1.666702993586));
#4603 = CARTESIAN_POINT('',(-3.320050885782,-0.43709299123,
    1.832344983153));
#4604 = CARTESIAN_POINT('',(-3.385304112748,-0.445683741536,2.));
#4605 = CARTESIAN_POINT('',(-3.363920768724,-0.442868570889,
    2.167655016847));
#4606 = CARTESIAN_POINT('',(-3.384483861198,-0.445575753371,
    2.333297006412));
#4607 = CARTESIAN_POINT('',(-3.712074183334,-0.488703837466,
    2.500115783817));
#4608 = CARTESIAN_POINT('',(-3.931992348774,-0.517656613211,
    2.665845579653));
#4609 = CARTESIAN_POINT('',(-4.271362249601,-0.562335508261,
    2.833154315104));
#4610 = CARTESIAN_POINT('',(-4.249517763943,-0.559459627165,3.));
#4611 = CARTESIAN_POINT('',(-4.309920061796,-0.567411740538,
    3.166845684896));
#4612 = CARTESIAN_POINT('',(-4.088957172062,-0.53832142423,
    3.334154420345));
#4613 = CARTESIAN_POINT('',(-3.822373008127,-0.503224953231,
    3.49988421619));
#4614 = CARTESIAN_POINT('',(-3.562085701432,-0.468957479214,
    3.666702993561));
#4615 = CARTESIAN_POINT('',(-3.320050888307,-0.437092991563,
    3.832344983253));
#4616 = CARTESIAN_POINT('',(-3.385304103437,-0.44568374031,
    3.999999999629));
#4617 = CARTESIAN_POINT('',(-3.363920803629,-0.442868575484,
    4.167655018238));
#4618 = CARTESIAN_POINT('',(-3.384483729421,-0.445575736022,
    4.333297001163));
#4619 = CARTESIAN_POINT('',(-3.71207467555,-0.488703902267,
    4.500115803424));
#4620 = CARTESIAN_POINT('',(-3.931990518257,-0.517656372219,
    4.665845506737));
#4621 = CARTESIAN_POINT('',(-4.271369011051,-0.562336398422,
    4.833154584436));
#4622 = CARTESIAN_POINT('',(-4.24949260066,-0.559456314356,
    4.999998997659));
#4623 = CARTESIAN_POINT('',(-4.310014093014,-0.567424119982,
    5.166849430487));
#4624 = CARTESIAN_POINT('',(-4.088603928894,-0.538274918885,
    5.334140349441));
#4625 = CARTESIAN_POINT('',(-3.823703319819,-0.503400092087,
    5.499937207133));
#4626 = CARTESIAN_POINT('',(-3.55712452548,-0.468304328011,
    5.666505372662));
#4627 = CARTESIAN_POINT('',(-3.338466856327,-0.439517499741,
    5.833078555327));
#4628 = CARTESIAN_POINT('',(-3.324350675038,-0.43765906924,
    5.942735729628));
#4629 = CARTESIAN_POINT('',(-3.370912528671,-0.443789053548,6.));
#4630 = ORIENTED_EDGE('',*,*,#917,.T.);
#4631 = ( BOUNDED_SURFACE() B_SPLINE_SURFACE(1,3,(
    (#4632,#4633,#4634,#4635,#4636,#4637,#4638,#4639,#4640,#4641,#4642
      ,#4643,#4644,#4645,#4646,#4647,#4648,#4649,#4650,#4651,#4652,#4653
      ,#4654,#4655,#4656,#4657,#4658,#4659,#4660,#4661,#4662,#4663,#4664
      ,#4665,#4666,#4667,#4668,#4669,#4670,#4671,#4672,#4673,#4674,#4675
      ,#4676)
    ,(#4677,#4678,#4679,#4680,#4681,#4682,#4683,#4684,#4685,#4686,#4687
      ,#4688,#4689,#4690,#4691,#4692,#4693,#4694,#4695,#4696,#4697,#4698
      ,#4699,#4700,#4701,#4702,#4703,#4704,#4705,#4706,#4707,#4708,#4709
      ,#4710,#4711,#4712,#4713,#4714,#4715,#4716,#4717,#4718,#4719,#4720
,#4721
    )),.UNSPECIFIED.,.F.,.F.,.F.) B_SPLINE_SURFACE_WITH_KNOTS((2,2),(4,1
    ,1,1,1,1,1,1,1,1,1,1,1,1,1,1,1,1,1,1,1,1,1,1,1,1,1,1,1,1,1,1,1,1,1,1
    ,1,1,1,1,1,1,4),(24.,25.),(0.,2.367208350872E-02,4.740980147591E-02,
    7.134334288179E-02,9.527688428768E-02,0.119185059348,0.142857142857,
    0.166529226366,0.190437401427,0.214370942832,0.238304484238,
    0.262042202206,0.285714285714,0.309386369223,0.33312408719,
    0.357057628596,0.380991170002,0.404899345063,0.428571428571,
    0.45224351208,0.476151687141,0.500085228547,0.524018769953,
    0.54775648792,0.571428571429,0.595100654937,0.618838372904,
    0.64277191431,0.666705455716,0.690613630777,0.714285714286,
    0.737957797794,0.761865972855,0.785799514261,0.809733055667,
    0.833470773634,0.857142857143,0.880814940652,0.904552658619,
    0.928486200025,0.952419741431,0.976327916491,1.),.UNSPECIFIED.) 
GEOMETRIC_REPRESENTATION_ITEM() RATIONAL_B_SPLINE_SURFACE((
    (1.,1.000000000024,0.999999999989,1.000000000003,0.999999999999,1.
      ,1.,1.,1.,1.,1.,1.,1.,1.,1.,1.,1.,1.,1.,1.,1.,1.,1.,1.,1.,1.,1.,1.
      ,1.,1.,1.,1.,1.,1.,1.,1.,1.,1.,1.,1.,1.000000000002,0.999999999993
      ,1.000000000024,0.999999999948,1.)
    ,(1.,1.000000000024,0.999999999989,1.000000000003,0.999999999999,1.
      ,1.,1.,1.,1.,1.,1.,1.,1.,1.,1.,1.,1.,1.,1.,1.,1.,1.,1.,1.,1.,1.,1.
      ,1.,1.,1.,1.,1.,1.,1.,1.,1.,1.,1.,1.,1.000000000002,0.999999999993
,1.000000000024,0.999999999948,1.
  ))) REPRESENTATION_ITEM('') SURFACE() );
#4632 = CARTESIAN_POINT('',(-4.3,5.265981236334E-16,-1.));
#4633 = CARTESIAN_POINT('',(-4.486421527713,5.494281763299E-16,
    -0.945915960696));
#4634 = CARTESIAN_POINT('',(-4.289342382003,5.25292941868E-16,
    -0.832465754706));
#4635 = CARTESIAN_POINT('',(-4.055455666466,4.966500800991E-16,
    -0.666031992455));
#4636 = CARTESIAN_POINT('',(-3.796942333646,4.649913275455E-16,
    -0.500065658372));
#4637 = CARTESIAN_POINT('',(-3.503997639199,4.291159493063E-16,
    -0.333310426054));
#4638 = CARTESIAN_POINT('',(-3.370643918527,4.127848285891E-16,
    -0.167651462254));
#4639 = CARTESIAN_POINT('',(-3.414501866806,4.181558781866E-16,
    -9.481367651137E-07));
#4640 = CARTESIAN_POINT('',(-3.371059347929,4.128357040177E-16,
    0.167655273713));
#4641 = CARTESIAN_POINT('',(-3.502315824216,4.289099863729E-16,
    0.333296937213));
#4642 = CARTESIAN_POINT('',(-3.803254522112,4.657643476847E-16,
    0.500115802373));
#4643 = CARTESIAN_POINT('',(-4.03197303508,4.93774287166E-16,
    0.665845574726));
#4644 = CARTESIAN_POINT('',(-4.376083241202,5.359156334141E-16,
    0.833154316416));
#4645 = CARTESIAN_POINT('',(-4.2620110062,5.219458136674E-16,
    0.999999999649));
#4646 = CARTESIAN_POINT('',(-4.376083394544,5.35915652193E-16,
    1.16684568499));
#4647 = CARTESIAN_POINT('',(-4.031972417616,4.937742115483E-16,
    1.334154420322));
#4648 = CARTESIAN_POINT('',(-3.803256858728,4.657646338376E-16,
    1.499884216189));
#4649 = CARTESIAN_POINT('',(-3.502307107201,4.289089188465E-16,
    1.666702993586));
#4650 = CARTESIAN_POINT('',(-3.371091706433,4.128396667915E-16,
    1.832344983153));
#4651 = CARTESIAN_POINT('',(-3.414382425807,4.181412508829E-16,2.));
#4652 = CARTESIAN_POINT('',(-3.37109170649,4.128396667985E-16,
    2.167655016847));
#4653 = CARTESIAN_POINT('',(-3.502307106971,4.289089188183E-16,
    2.333297006412));
#4654 = CARTESIAN_POINT('',(-3.803256859592,4.657646339435E-16,
    2.500115783817));
#4655 = CARTESIAN_POINT('',(-4.0319724144,4.937742111546E-16,
    2.665845579653));
#4656 = CARTESIAN_POINT('',(-4.376083406421,5.359156536475E-16,
    2.833154315104));
#4657 = CARTESIAN_POINT('',(-4.262010961998,5.219458082541E-16,3.));
#4658 = CARTESIAN_POINT('',(-4.376083406381,5.359156536427E-16,
    3.166845684896));
#4659 = CARTESIAN_POINT('',(-4.03197241456,4.937742111741E-16,
    3.334154420345));
#4660 = CARTESIAN_POINT('',(-3.803256858988,4.657646338695E-16,
    3.49988421619));
#4661 = CARTESIAN_POINT('',(-3.502307109224,4.289089190942E-16,
    3.666702993561));
#4662 = CARTESIAN_POINT('',(-3.371091698125,4.128396657741E-16,
    3.832344983253));
#4663 = CARTESIAN_POINT('',(-3.414382456682,4.18141254664E-16,
    3.999999999629));
#4664 = CARTESIAN_POINT('',(-3.371091590682,4.128396526161E-16,
    4.167655018238));
#4665 = CARTESIAN_POINT('',(-3.502307544194,4.289089723626E-16,
    4.333297001163));
#4666 = CARTESIAN_POINT('',(-3.80325522646,4.657644339424E-16,
    4.500115803424));
#4667 = CARTESIAN_POINT('',(-4.0319784879,4.937749549438E-16,
    4.665845506737));
#4668 = CARTESIAN_POINT('',(-4.376060972492,5.359129062837E-16,
    4.833154584436));
#4669 = CARTESIAN_POINT('',(-4.262094451675,5.219560327903E-16,
    4.999998997659));
#4670 = CARTESIAN_POINT('',(-4.375771418627,5.358774461635E-16,
    5.166849430487));
#4671 = CARTESIAN_POINT('',(-4.033144445993,4.939177436233E-16,
    5.334140349441));
#4672 = CARTESIAN_POINT('',(-3.798842995502,4.652240915097E-16,
    5.499937207133));
#4673 = CARTESIAN_POINT('',(-3.518767878157,4.309247818215E-16,
    5.666505372662));
#4674 = CARTESIAN_POINT('',(-3.30998904885,4.053567496535E-16,
    5.833078555327));
#4675 = CARTESIAN_POINT('',(-3.530309301202,4.323381980072E-16,
    5.942735729628));
#4676 = CARTESIAN_POINT('',(-3.4,4.163799117101E-16,6.));
#4677 = CARTESIAN_POINT('',(-4.263212903907,-0.561262626546,-1.));
#4678 = CARTESIAN_POINT('',(-4.276236836788,-0.562977259835,
    -0.945915960696));
#4679 = CARTESIAN_POINT('',(-4.306847455465,-0.567007224242,
    -0.832465754706));
#4680 = CARTESIAN_POINT('',(-4.089789013666,-0.538430938254,
    -0.666031992455));
#4681 = CARTESIAN_POINT('',(-3.82214933002,-0.503195505449,
    -0.500065658372));
#4682 = CARTESIAN_POINT('',(-3.562145585425,-0.468965363091,
    -0.333310426054));
#4683 = CARTESIAN_POINT('',(-3.320035023899,-0.437090902974,
    -0.167651462254));
#4684 = CARTESIAN_POINT('',(-3.385308343677,-0.445684298549,
    -9.481367651137E-07));
#4685 = CARTESIAN_POINT('',(-3.363919622495,-0.442868419985,
    0.167655273713));
#4686 = CARTESIAN_POINT('',(-3.384484169987,-0.445575794024,
    0.333296937213));
#4687 = CARTESIAN_POINT('',(-3.712074100533,-0.488703826565,
    0.500115802373));
#4688 = CARTESIAN_POINT('',(-3.93199237076,-0.517656616105,
    0.665845574726));
#4689 = CARTESIAN_POINT('',(-4.271362243748,-0.56233550749,
    0.833154316416));
#4690 = CARTESIAN_POINT('',(-4.249517765512,-0.559459627372,
    0.999999999649));
#4691 = CARTESIAN_POINT('',(-4.309920061363,-0.56741174048,1.16684568499
    ));
#4692 = CARTESIAN_POINT('',(-4.088957172224,-0.538321424251,
    1.334154420322));
#4693 = CARTESIAN_POINT('',(-3.822373007914,-0.503224953203,
    1.499884216189));
#4694 = CARTESIAN_POINT('',(-3.562085702119,-0.468957479304,
    1.666702993586));
#4695 = CARTESIAN_POINT('',(-3.320050885782,-0.43709299123,
    1.832344983153));
#4696 = CARTESIAN_POINT('',(-3.385304112748,-0.445683741536,2.));
#4697 = CARTESIAN_POINT('',(-3.363920768724,-0.442868570889,
    2.167655016847));
#4698 = CARTESIAN_POINT('',(-3.384483861198,-0.445575753371,
    2.333297006412));
#4699 = CARTESIAN_POINT('',(-3.712074183334,-0.488703837466,
    2.500115783817));
#4700 = CARTESIAN_POINT('',(-3.931992348774,-0.517656613211,
    2.665845579653));
#4701 = CARTESIAN_POINT('',(-4.271362249601,-0.562335508261,
    2.833154315104));
#4702 = CARTESIAN_POINT('',(-4.249517763943,-0.559459627165,3.));
#4703 = CARTESIAN_POINT('',(-4.309920061796,-0.567411740538,
    3.166845684896));
#4704 = CARTESIAN_POINT('',(-4.088957172062,-0.53832142423,
    3.334154420345));
#4705 = CARTESIAN_POINT('',(-3.822373008127,-0.503224953231,
    3.49988421619));
#4706 = CARTESIAN_POINT('',(-3.562085701432,-0.468957479214,
    3.666702993561));
#4707 = CARTESIAN_POINT('',(-3.320050888307,-0.437092991563,
    3.832344983253));
#4708 = CARTESIAN_POINT('',(-3.385304103437,-0.44568374031,
    3.999999999629));
#4709 = CARTESIAN_POINT('',(-3.363920803629,-0.442868575484,
    4.167655018238));
#4710 = CARTESIAN_POINT('',(-3.384483729421,-0.445575736022,
    4.333297001163));
#4711 = CARTESIAN_POINT('',(-3.71207467555,-0.488703902267,
    4.500115803424));
#4712 = CARTESIAN_POINT('',(-3.931990518257,-0.517656372219,
    4.665845506737));
#4713 = CARTESIAN_POINT('',(-4.271369011051,-0.562336398422,
    4.833154584436));
#4714 = CARTESIAN_POINT('',(-4.24949260066,-0.559456314356,
    4.999998997659));
#4715 = CARTESIAN_POINT('',(-4.310014093014,-0.567424119982,
    5.166849430487));
#4716 = CARTESIAN_POINT('',(-4.088603928894,-0.538274918885,
    5.334140349441));
#4717 = CARTESIAN_POINT('',(-3.823703319819,-0.503400092087,
    5.499937207133));
#4718 = CARTESIAN_POINT('',(-3.55712452548,-0.468304328011,
    5.666505372662));
#4719 = CARTESIAN_POINT('',(-3.338466856327,-0.439517499741,
    5.833078555327));
#4720 = CARTESIAN_POINT('',(-3.324350675038,-0.43765906924,
    5.942735729628));
#4721 = CARTESIAN_POINT('',(-3.370912528671,-0.443789053548,6.));
#4722 = ADVANCED_FACE('',(#4723),#4776,.F.);
#4723 = FACE_BOUND('',#4724,.F.);
#4724 = EDGE_LOOP('',(#4725,#4726,#4727,#4775));
#4725 = ORIENTED_EDGE('',*,*,#4583,.F.);
#4726 = ORIENTED_EDGE('',*,*,#392,.F.);
#4727 = ORIENTED_EDGE('',*,*,#4728,.T.);
#4728 = EDGE_CURVE('',#383,#898,#4729,.T.);
#4729 = ( BOUNDED_CURVE() B_SPLINE_CURVE(3,(#4730,#4731,#4732,#4733,
    #4734,#4735,#4736,#4737,#4738,#4739,#4740,#4741,#4742,#4743,#4744,
    #4745,#4746,#4747,#4748,#4749,#4750,#4751,#4752,#4753,#4754,#4755,
    #4756,#4757,#4758,#4759,#4760,#4761,#4762,#4763,#4764,#4765,#4766,
    #4767,#4768,#4769,#4770,#4771,#4772,#4773,#4774),.UNSPECIFIED.,.F.,
.F.) B_SPLINE_CURVE_WITH_KNOTS((4,1,1,1,1,1,1,1,1,1,1,1,1,1,1,1,1,1,1,1,
    1,1,1,1,1,1,1,1,1,1,1,1,1,1,1,1,1,1,1,1,1,1,4),(0.,
    2.367208350872E-02,4.740980147591E-02,7.134334288179E-02,
    9.527688428768E-02,0.119185059348,0.142857142857,0.166529226366,
    0.190437401427,0.214370942832,0.238304484238,0.262042202206,
    0.285714285714,0.309386369223,0.33312408719,0.357057628596,
    0.380991170002,0.404899345063,0.428571428571,0.45224351208,
    0.476151687141,0.500085228547,0.524018769953,0.54775648792,
    0.571428571429,0.595100654937,0.618838372904,0.64277191431,
    0.666705455716,0.690613630777,0.714285714286,0.737957797794,
    0.761865972855,0.785799514261,0.809733055667,0.833470773634,
    0.857142857143,0.880814940652,0.904552658619,0.928486200025,
0.952419741431,0.976327916491,1.),.UNSPECIFIED.) CURVE() 
GEOMETRIC_REPRESENTATION_ITEM() RATIONAL_B_SPLINE_CURVE((1.,
    1.000000000024,0.999999999989,1.000000000003,0.999999999999,1.,1.,1.
    ,1.,1.,1.,1.,1.,1.,1.,1.,1.,1.,1.,1.,1.,1.,1.,1.,1.,1.,1.,1.,1.,1.,
    1.,1.,1.,1.,1.,1.,1.,1.,1.,1.,1.000000000002,0.999999999993,
1.000000000024,0.999999999948,1.)) REPRESENTATION_ITEM('') );
#4730 = CARTESIAN_POINT('',(-4.153481053043,-1.112921893941,-1.));
#4731 = CARTESIAN_POINT('',(-3.998789098451,-1.071472309663,
    -0.945915960696));
#4732 = CARTESIAN_POINT('',(-4.248798339861,-1.138462083954,
    -0.832465754706));
#4733 = CARTESIAN_POINT('',(-4.051772714426,-1.085669226749,
    -0.666031992455));
#4734 = CARTESIAN_POINT('',(-3.779974989665,-1.01284124589,
    -0.500065658372));
#4735 = CARTESIAN_POINT('',(-3.556317723528,-0.952912462048,
    -0.333310426054));
#4736 = CARTESIAN_POINT('',(-3.213359555202,-0.861017097807,
    -0.167651462254));
#4737 = CARTESIAN_POINT('',(-3.298220676848,-0.883755566821,
    -9.481367651137E-07));
#4738 = CARTESIAN_POINT('',(-3.298363884561,-0.883793939212,
    0.167655273713));
#4739 = CARTESIAN_POINT('',(-3.212188120983,-0.860703212954,
    0.333296937213));
#4740 = CARTESIAN_POINT('',(-3.55780639762,-0.953311351068,
    0.500115802373));
#4741 = CARTESIAN_POINT('',(-3.772890983808,-1.010943092242,
    0.665845574726));
#4742 = CARTESIAN_POINT('',(-4.074053847487,-1.091639438355,
    0.833154316416));
#4743 = CARTESIAN_POINT('',(-4.169328319387,-1.11716815616,
    0.999999999649));
#4744 = CARTESIAN_POINT('',(-4.169431315301,-1.117195753832,
    1.16684568499));
#4745 = CARTESIAN_POINT('',(-4.073259615876,-1.091426624636,
    1.334154420322));
#4746 = CARTESIAN_POINT('',(-3.774197272153,-1.011293111149,
    1.499884216189));
#4747 = CARTESIAN_POINT('',(-3.557864540779,-0.953326930481,
    1.666702993586));
#4748 = CARTESIAN_POINT('',(-3.212949834441,-0.86090731346,
    1.832344983153));
#4749 = CARTESIAN_POINT('',(-3.298329963983,-0.883784850221,2.));
#4750 = CARTESIAN_POINT('',(-3.298334276852,-0.88378600585,
    2.167655016847));
#4751 = CARTESIAN_POINT('',(-3.212196097162,-0.860705350165,
    2.333297006412));
#4752 = CARTESIAN_POINT('',(-3.557804258852,-0.953310777987,
    2.500115783817));
#4753 = CARTESIAN_POINT('',(-3.772891551723,-1.010943244414,
    2.665845579653));
#4754 = CARTESIAN_POINT('',(-4.074053696316,-1.091639397849,
    2.833154315104));
#4755 = CARTESIAN_POINT('',(-4.169328359825,-1.117168166995,3.));
#4756 = CARTESIAN_POINT('',(-4.169431304497,-1.117195750937,
    3.166845684896));
#4757 = CARTESIAN_POINT('',(-4.073259618568,-1.091426625358,
    3.334154420345));
#4758 = CARTESIAN_POINT('',(-3.774197272304,-1.01129311119,3.49988421619
    ));
#4759 = CARTESIAN_POINT('',(-3.557864537476,-0.953326929596,
    3.666702993561));
#4760 = CARTESIAN_POINT('',(-3.212949847431,-0.860907316941,
    3.832344983253));
#4761 = CARTESIAN_POINT('',(-3.298329915841,-0.883784837321,
    3.999999999629));
#4762 = CARTESIAN_POINT('',(-3.298334457389,-0.883786054225,
    4.167655018238));
#4763 = CARTESIAN_POINT('',(-3.212195415567,-0.860705167532,
    4.333297001163));
#4764 = CARTESIAN_POINT('',(-3.557806804769,-0.953311460164,
    4.500115803424));
#4765 = CARTESIAN_POINT('',(-3.772882083647,-1.010940707451,
    4.665845506737));
#4766 = CARTESIAN_POINT('',(-4.074088668927,-1.091648768731,
    4.833154584436));
#4767 = CARTESIAN_POINT('',(-4.169198206433,-1.117133292501,
    4.999998997659));
#4768 = CARTESIAN_POINT('',(-4.169917667195,-1.117326071423,
    5.166849430487));
#4769 = CARTESIAN_POINT('',(-4.071432520032,-1.090937055803,
    5.334140349441));
#4770 = CARTESIAN_POINT('',(-3.781078114652,-1.013136827253,
    5.499937207133));
#4771 = CARTESIAN_POINT('',(-3.532203581639,-0.946451097527,
    5.666505372662));
#4772 = CARTESIAN_POINT('',(-3.308203744206,-0.886430520454,
    5.833078555327));
#4773 = CARTESIAN_POINT('',(-3.06682296908,-0.82175274046,5.942735729628
    ));
#4774 = CARTESIAN_POINT('',(-3.284147809383,-0.879984753349,6.));
#4775 = ORIENTED_EDGE('',*,*,#907,.T.);
#4776 = ( BOUNDED_SURFACE() B_SPLINE_SURFACE(1,3,(
    (#4777,#4778,#4779,#4780,#4781,#4782,#4783,#4784,#4785,#4786,#4787
      ,#4788,#4789,#4790,#4791,#4792,#4793,#4794,#4795,#4796,#4797,#4798
      ,#4799,#4800,#4801,#4802,#4803,#4804,#4805,#4806,#4807,#4808,#4809
      ,#4810,#4811,#4812,#4813,#4814,#4815,#4816,#4817,#4818,#4819,#4820
      ,#4821)
    ,(#4822,#4823,#4824,#4825,#4826,#4827,#4828,#4829,#4830,#4831,#4832
      ,#4833,#4834,#4835,#4836,#4837,#4838,#4839,#4840,#4841,#4842,#4843
      ,#4844,#4845,#4846,#4847,#4848,#4849,#4850,#4851,#4852,#4853,#4854
      ,#4855,#4856,#4857,#4858,#4859,#4860,#4861,#4862,#4863,#4864,#4865
,#4866
    )),.UNSPECIFIED.,.F.,.F.,.F.) B_SPLINE_SURFACE_WITH_KNOTS((2,2),(4,1
    ,1,1,1,1,1,1,1,1,1,1,1,1,1,1,1,1,1,1,1,1,1,1,1,1,1,1,1,1,1,1,1,1,1,1
    ,1,1,1,1,1,1,4),(25.,26.),(0.,2.367208350872E-02,4.740980147591E-02,
    7.134334288179E-02,9.527688428768E-02,0.119185059348,0.142857142857,
    0.166529226366,0.190437401427,0.214370942832,0.238304484238,
    0.262042202206,0.285714285714,0.309386369223,0.33312408719,
    0.357057628596,0.380991170002,0.404899345063,0.428571428571,
    0.45224351208,0.476151687141,0.500085228547,0.524018769953,
    0.54775648792,0.571428571429,0.595100654937,0.618838372904,
    0.64277191431,0.666705455716,0.690613630777,0.714285714286,
    0.737957797794,0.761865972855,0.785799514261,0.809733055667,
    0.833470773634,0.857142857143,0.880814940652,0.904552658619,
    0.928486200025,0.952419741431,0.976327916491,1.),.UNSPECIFIED.) 
GEOMETRIC_REPRESENTATION_ITEM() RATIONAL_B_SPLINE_SURFACE((
    (1.,1.000000000024,0.999999999989,1.000000000003,0.999999999999,1.
      ,1.,1.,1.,1.,1.,1.,1.,1.,1.,1.,1.,1.,1.,1.,1.,1.,1.,1.,1.,1.,1.,1.
      ,1.,1.,1.,1.,1.,1.,1.,1.,1.,1.,1.,1.,1.000000000002,0.999999999993
      ,1.000000000024,0.999999999948,1.)
    ,(1.,1.000000000024,0.999999999989,1.000000000003,0.999999999999,1.
      ,1.,1.,1.,1.,1.,1.,1.,1.,1.,1.,1.,1.,1.,1.,1.,1.,1.,1.,1.,1.,1.,1.
      ,1.,1.,1.,1.,1.,1.,1.,1.,1.,1.,1.,1.,1.000000000002,0.999999999993
,1.000000000024,0.999999999948,1.
  ))) REPRESENTATION_ITEM('') SURFACE() );
#4777 = CARTESIAN_POINT('',(-4.263212903907,-0.561262626546,-1.));
#4778 = CARTESIAN_POINT('',(-4.276236836788,-0.562977259835,
    -0.945915960696));
#4779 = CARTESIAN_POINT('',(-4.306847455465,-0.567007224242,
    -0.832465754706));
#4780 = CARTESIAN_POINT('',(-4.089789013666,-0.538430938254,
    -0.666031992455));
#4781 = CARTESIAN_POINT('',(-3.82214933002,-0.503195505449,
    -0.500065658372));
#4782 = CARTESIAN_POINT('',(-3.562145585425,-0.468965363091,
    -0.333310426054));
#4783 = CARTESIAN_POINT('',(-3.320035023899,-0.437090902974,
    -0.167651462254));
#4784 = CARTESIAN_POINT('',(-3.385308343677,-0.445684298549,
    -9.481367651137E-07));
#4785 = CARTESIAN_POINT('',(-3.363919622495,-0.442868419985,
    0.167655273713));
#4786 = CARTESIAN_POINT('',(-3.384484169987,-0.445575794024,
    0.333296937213));
#4787 = CARTESIAN_POINT('',(-3.712074100533,-0.488703826565,
    0.500115802373));
#4788 = CARTESIAN_POINT('',(-3.93199237076,-0.517656616105,
    0.665845574726));
#4789 = CARTESIAN_POINT('',(-4.271362243748,-0.56233550749,
    0.833154316416));
#4790 = CARTESIAN_POINT('',(-4.249517765512,-0.559459627372,
    0.999999999649));
#4791 = CARTESIAN_POINT('',(-4.309920061363,-0.56741174048,1.16684568499
    ));
#4792 = CARTESIAN_POINT('',(-4.088957172224,-0.538321424251,
    1.334154420322));
#4793 = CARTESIAN_POINT('',(-3.822373007914,-0.503224953203,
    1.499884216189));
#4794 = CARTESIAN_POINT('',(-3.562085702119,-0.468957479304,
    1.666702993586));
#4795 = CARTESIAN_POINT('',(-3.320050885782,-0.43709299123,
    1.832344983153));
#4796 = CARTESIAN_POINT('',(-3.385304112748,-0.445683741536,2.));
#4797 = CARTESIAN_POINT('',(-3.363920768724,-0.442868570889,
    2.167655016847));
#4798 = CARTESIAN_POINT('',(-3.384483861198,-0.445575753371,
    2.333297006412));
#4799 = CARTESIAN_POINT('',(-3.712074183334,-0.488703837466,
    2.500115783817));
#4800 = CARTESIAN_POINT('',(-3.931992348774,-0.517656613211,
    2.665845579653));
#4801 = CARTESIAN_POINT('',(-4.271362249601,-0.562335508261,
    2.833154315104));
#4802 = CARTESIAN_POINT('',(-4.249517763943,-0.559459627165,3.));
#4803 = CARTESIAN_POINT('',(-4.309920061796,-0.567411740538,
    3.166845684896));
#4804 = CARTESIAN_POINT('',(-4.088957172062,-0.53832142423,
    3.334154420345));
#4805 = CARTESIAN_POINT('',(-3.822373008127,-0.503224953231,
    3.49988421619));
#4806 = CARTESIAN_POINT('',(-3.562085701432,-0.468957479214,
    3.666702993561));
#4807 = CARTESIAN_POINT('',(-3.320050888307,-0.437092991563,
    3.832344983253));
#4808 = CARTESIAN_POINT('',(-3.385304103437,-0.44568374031,
    3.999999999629));
#4809 = CARTESIAN_POINT('',(-3.363920803629,-0.442868575484,
    4.167655018238));
#4810 = CARTESIAN_POINT('',(-3.384483729421,-0.445575736022,
    4.333297001163));
#4811 = CARTESIAN_POINT('',(-3.71207467555,-0.488703902267,
    4.500115803424));
#4812 = CARTESIAN_POINT('',(-3.931990518257,-0.517656372219,
    4.665845506737));
#4813 = CARTESIAN_POINT('',(-4.271369011051,-0.562336398422,
    4.833154584436));
#4814 = CARTESIAN_POINT('',(-4.24949260066,-0.559456314356,
    4.999998997659));
#4815 = CARTESIAN_POINT('',(-4.310014093014,-0.567424119982,
    5.166849430487));
#4816 = CARTESIAN_POINT('',(-4.088603928894,-0.538274918885,
    5.334140349441));
#4817 = CARTESIAN_POINT('',(-3.823703319819,-0.503400092087,
    5.499937207133));
#4818 = CARTESIAN_POINT('',(-3.55712452548,-0.468304328011,
    5.666505372662));
#4819 = CARTESIAN_POINT('',(-3.338466856327,-0.439517499741,
    5.833078555327));
#4820 = CARTESIAN_POINT('',(-3.324350675038,-0.43765906924,
    5.942735729628));
#4821 = CARTESIAN_POINT('',(-3.370912528671,-0.443789053548,6.));
#4822 = CARTESIAN_POINT('',(-4.153481053043,-1.112921893941,-1.));
#4823 = CARTESIAN_POINT('',(-3.998789098451,-1.071472309663,
    -0.945915960696));
#4824 = CARTESIAN_POINT('',(-4.248798339861,-1.138462083954,
    -0.832465754706));
#4825 = CARTESIAN_POINT('',(-4.051772714426,-1.085669226749,
    -0.666031992455));
#4826 = CARTESIAN_POINT('',(-3.779974989665,-1.01284124589,
    -0.500065658372));
#4827 = CARTESIAN_POINT('',(-3.556317723528,-0.952912462048,
    -0.333310426054));
#4828 = CARTESIAN_POINT('',(-3.213359555202,-0.861017097807,
    -0.167651462254));
#4829 = CARTESIAN_POINT('',(-3.298220676848,-0.883755566821,
    -9.481367651137E-07));
#4830 = CARTESIAN_POINT('',(-3.298363884561,-0.883793939212,
    0.167655273713));
#4831 = CARTESIAN_POINT('',(-3.212188120983,-0.860703212954,
    0.333296937213));
#4832 = CARTESIAN_POINT('',(-3.55780639762,-0.953311351068,
    0.500115802373));
#4833 = CARTESIAN_POINT('',(-3.772890983808,-1.010943092242,
    0.665845574726));
#4834 = CARTESIAN_POINT('',(-4.074053847487,-1.091639438355,
    0.833154316416));
#4835 = CARTESIAN_POINT('',(-4.169328319387,-1.11716815616,
    0.999999999649));
#4836 = CARTESIAN_POINT('',(-4.169431315301,-1.117195753832,
    1.16684568499));
#4837 = CARTESIAN_POINT('',(-4.073259615876,-1.091426624636,
    1.334154420322));
#4838 = CARTESIAN_POINT('',(-3.774197272153,-1.011293111149,
    1.499884216189));
#4839 = CARTESIAN_POINT('',(-3.557864540779,-0.953326930481,
    1.666702993586));
#4840 = CARTESIAN_POINT('',(-3.212949834441,-0.86090731346,
    1.832344983153));
#4841 = CARTESIAN_POINT('',(-3.298329963983,-0.883784850221,2.));
#4842 = CARTESIAN_POINT('',(-3.298334276852,-0.88378600585,
    2.167655016847));
#4843 = CARTESIAN_POINT('',(-3.212196097162,-0.860705350165,
    2.333297006412));
#4844 = CARTESIAN_POINT('',(-3.557804258852,-0.953310777987,
    2.500115783817));
#4845 = CARTESIAN_POINT('',(-3.772891551723,-1.010943244414,
    2.665845579653));
#4846 = CARTESIAN_POINT('',(-4.074053696316,-1.091639397849,
    2.833154315104));
#4847 = CARTESIAN_POINT('',(-4.169328359825,-1.117168166995,3.));
#4848 = CARTESIAN_POINT('',(-4.169431304497,-1.117195750937,
    3.166845684896));
#4849 = CARTESIAN_POINT('',(-4.073259618568,-1.091426625358,
    3.334154420345));
#4850 = CARTESIAN_POINT('',(-3.774197272304,-1.01129311119,3.49988421619
    ));
#4851 = CARTESIAN_POINT('',(-3.557864537476,-0.953326929596,
    3.666702993561));
#4852 = CARTESIAN_POINT('',(-3.212949847431,-0.860907316941,
    3.832344983253));
#4853 = CARTESIAN_POINT('',(-3.298329915841,-0.883784837321,
    3.999999999629));
#4854 = CARTESIAN_POINT('',(-3.298334457389,-0.883786054225,
    4.167655018238));
#4855 = CARTESIAN_POINT('',(-3.212195415567,-0.860705167532,
    4.333297001163));
#4856 = CARTESIAN_POINT('',(-3.557806804769,-0.953311460164,
    4.500115803424));
#4857 = CARTESIAN_POINT('',(-3.772882083647,-1.010940707451,
    4.665845506737));
#4858 = CARTESIAN_POINT('',(-4.074088668927,-1.091648768731,
    4.833154584436));
#4859 = CARTESIAN_POINT('',(-4.169198206433,-1.117133292501,
    4.999998997659));
#4860 = CARTESIAN_POINT('',(-4.169917667195,-1.117326071423,
    5.166849430487));
#4861 = CARTESIAN_POINT('',(-4.071432520032,-1.090937055803,
    5.334140349441));
#4862 = CARTESIAN_POINT('',(-3.781078114652,-1.013136827253,
    5.499937207133));
#4863 = CARTESIAN_POINT('',(-3.532203581639,-0.946451097527,
    5.666505372662));
#4864 = CARTESIAN_POINT('',(-3.308203744206,-0.886430520454,
    5.833078555327));
#4865 = CARTESIAN_POINT('',(-3.06682296908,-0.82175274046,5.942735729628
    ));
#4866 = CARTESIAN_POINT('',(-3.284147809383,-0.879984753349,6.));
#4867 = ADVANCED_FACE('',(#4868),#4921,.F.);
#4868 = FACE_BOUND('',#4869,.F.);
#4869 = EDGE_LOOP('',(#4870,#4871,#4872,#4920));
#4870 = ORIENTED_EDGE('',*,*,#4728,.F.);
#4871 = ORIENTED_EDGE('',*,*,#382,.F.);
#4872 = ORIENTED_EDGE('',*,*,#4873,.T.);
#4873 = EDGE_CURVE('',#373,#888,#4874,.T.);
#4874 = ( BOUNDED_CURVE() B_SPLINE_CURVE(3,(#4875,#4876,#4877,#4878,
    #4879,#4880,#4881,#4882,#4883,#4884,#4885,#4886,#4887,#4888,#4889,
    #4890,#4891,#4892,#4893,#4894,#4895,#4896,#4897,#4898,#4899,#4900,
    #4901,#4902,#4903,#4904,#4905,#4906,#4907,#4908,#4909,#4910,#4911,
    #4912,#4913,#4914,#4915,#4916,#4917,#4918,#4919),.UNSPECIFIED.,.F.,
.F.) B_SPLINE_CURVE_WITH_KNOTS((4,1,1,1,1,1,1,1,1,1,1,1,1,1,1,1,1,1,1,1,
    1,1,1,1,1,1,1,1,1,1,1,1,1,1,1,1,1,1,1,1,1,1,4),(0.,
    2.367208350872E-02,4.740980147591E-02,7.134334288179E-02,
    9.527688428768E-02,0.119185059348,0.142857142857,0.166529226366,
    0.190437401427,0.214370942832,0.238304484238,0.262042202206,
    0.285714285714,0.309386369223,0.33312408719,0.357057628596,
    0.380991170002,0.404899345063,0.428571428571,0.45224351208,
    0.476151687141,0.500085228547,0.524018769953,0.54775648792,
    0.571428571429,0.595100654937,0.618838372904,0.64277191431,
    0.666705455716,0.690613630777,0.714285714286,0.737957797794,
    0.761865972855,0.785799514261,0.809733055667,0.833470773634,
    0.857142857143,0.880814940652,0.904552658619,0.928486200025,
0.952419741431,0.976327916491,1.),.UNSPECIFIED.) CURVE() 
GEOMETRIC_REPRESENTATION_ITEM() RATIONAL_B_SPLINE_CURVE((1.,
    1.000000000024,0.999999999989,1.000000000003,0.999999999999,1.,1.,1.
    ,1.,1.,1.,1.,1.,1.,1.,1.,1.,1.,1.,1.,1.,1.,1.,1.,1.,1.,1.,1.,1.,1.,
    1.,1.,1.,1.,1.,1.,1.,1.,1.,1.,1.000000000002,0.999999999993,
1.000000000024,0.999999999948,1.)) REPRESENTATION_ITEM('') );
#4875 = CARTESIAN_POINT('',(-3.972681989799,-1.64553875917,-1.));
#4876 = CARTESIAN_POINT('',(-3.758154998262,-1.556678769767,
    -0.945915960696));
#4877 = CARTESIAN_POINT('',(-4.071400454376,-1.686429286061,
    -0.832465754706));
#4878 = CARTESIAN_POINT('',(-3.949533055427,-1.635950156597,
    -0.666031992455));
#4879 = CARTESIAN_POINT('',(-3.673421654668,-1.521581069679,
    -0.500065658372));
#4880 = CARTESIAN_POINT('',(-3.456906905645,-1.431897724179,
    -0.333310426054));
#4881 = CARTESIAN_POINT('',(-3.155321463237,-1.30697694372,
    -0.167651462254));
#4882 = CARTESIAN_POINT('',(-3.134296423132,-1.298268086959,
    -9.481367651137E-07));
#4883 = CARTESIAN_POINT('',(-3.154772820683,-1.306749688533,
    0.167655273713));
#4884 = CARTESIAN_POINT('',(-3.09326167952,-1.281270939626,
    0.333296937213));
#4885 = CARTESIAN_POINT('',(-3.319323035987,-1.374908619403,
    0.500115802373));
#4886 = CARTESIAN_POINT('',(-3.560563028203,-1.474833495966,
    0.665845574726));
#4887 = CARTESIAN_POINT('',(-3.811245716225,-1.578669665197,
    0.833154316416));
#4888 = CARTESIAN_POINT('',(-4.016138092112,-1.663538866116,
    0.999999999649));
#4889 = CARTESIAN_POINT('',(-3.960052876788,-1.64030760928,1.16684568499
    ));
#4890 = CARTESIAN_POINT('',(-3.979677998363,-1.6484366008,1.334154420322
    ));
#4891 = CARTESIAN_POINT('',(-3.66531583424,-1.518223528923,
    1.499884216189));
#4892 = CARTESIAN_POINT('',(-3.459077005316,-1.432796608895,
    1.666702993586));
#4893 = CARTESIAN_POINT('',(-3.154746647507,-1.306738847248,
    1.832344983153));
#4894 = CARTESIAN_POINT('',(-3.134449746981,-1.298331595776,2.));
#4895 = CARTESIAN_POINT('',(-3.154731282692,-1.306732482934,
    2.167655016847));
#4896 = CARTESIAN_POINT('',(-3.093272869661,-1.281275574734,
    2.333297006412));
#4897 = CARTESIAN_POINT('',(-3.319320035413,-1.374907376525,
    2.500115783817));
#4898 = CARTESIAN_POINT('',(-3.560563824957,-1.474833825992,
    2.665845579653));
#4899 = CARTESIAN_POINT('',(-3.811245504139,-1.578669577348,
    2.833154315104));
#4900 = CARTESIAN_POINT('',(-4.016138148849,-1.663538889617,3.));
#4901 = CARTESIAN_POINT('',(-3.960052861613,-1.640307602994,
    3.166845684896));
#4902 = CARTESIAN_POINT('',(-3.979678002208,-1.648436602392,
    3.334154420345));
#4903 = CARTESIAN_POINT('',(-3.665315834199,-1.518223528906,
    3.49988421619));
#4904 = CARTESIAN_POINT('',(-3.459077001626,-1.432796607367,
    3.666702993561));
#4905 = CARTESIAN_POINT('',(-3.154746662229,-1.306738853346,
    3.832344983253));
#4906 = CARTESIAN_POINT('',(-3.13444969237,-1.298331573156,
    3.999999999629));
#4907 = CARTESIAN_POINT('',(-3.154731487504,-1.30673256777,
    4.167655018238));
#4908 = CARTESIAN_POINT('',(-3.093272096417,-1.281275254446,
    4.333297001163));
#4909 = CARTESIAN_POINT('',(-3.319322923664,-1.374908572877,
    4.500115803424));
#4910 = CARTESIAN_POINT('',(-3.560553083765,-1.474829376845,
    4.665845506737));
#4911 = CARTESIAN_POINT('',(-3.811285179306,-1.57868601134,
    4.833154584436));
#4912 = CARTESIAN_POINT('',(-4.015990494515,-1.663477729189,
    4.999998997659));
#4913 = CARTESIAN_POINT('',(-3.960604622567,-1.640536149869,
    5.166849430487));
#4914 = CARTESIAN_POINT('',(-3.977605224759,-1.647578029844,
    5.334140349441));
#4915 = CARTESIAN_POINT('',(-3.673121901886,-1.521456908074,
    5.499937207133));
#4916 = CARTESIAN_POINT('',(-3.429965571943,-1.420738258136,
    5.666505372662));
#4917 = CARTESIAN_POINT('',(-3.262808775562,-1.351499647143,
    5.833078555327));
#4918 = CARTESIAN_POINT('',(-2.910736531871,-1.205666546129,
    5.942735729628));
#4919 = CARTESIAN_POINT('',(-3.141190410538,-1.301123670041,6.));
#4920 = ORIENTED_EDGE('',*,*,#897,.T.);
#4921 = ( BOUNDED_SURFACE() B_SPLINE_SURFACE(1,3,(
    (#4922,#4923,#4924,#4925,#4926,#4927,#4928,#4929,#4930,#4931,#4932
      ,#4933,#4934,#4935,#4936,#4937,#4938,#4939,#4940,#4941,#4942,#4943
      ,#4944,#4945,#4946,#4947,#4948,#4949,#4950,#4951,#4952,#4953,#4954
      ,#4955,#4956,#4957,#4958,#4959,#4960,#4961,#4962,#4963,#4964,#4965
      ,#4966)
    ,(#4967,#4968,#4969,#4970,#4971,#4972,#4973,#4974,#4975,#4976,#4977
      ,#4978,#4979,#4980,#4981,#4982,#4983,#4984,#4985,#4986,#4987,#4988
      ,#4989,#4990,#4991,#4992,#4993,#4994,#4995,#4996,#4997,#4998,#4999
      ,#5000,#5001,#5002,#5003,#5004,#5005,#5006,#5007,#5008,#5009,#5010
,#5011
    )),.UNSPECIFIED.,.F.,.F.,.F.) B_SPLINE_SURFACE_WITH_KNOTS((2,2),(4,1
    ,1,1,1,1,1,1,1,1,1,1,1,1,1,1,1,1,1,1,1,1,1,1,1,1,1,1,1,1,1,1,1,1,1,1
    ,1,1,1,1,1,1,4),(26.,27.),(0.,2.367208350872E-02,4.740980147591E-02,
    7.134334288179E-02,9.527688428768E-02,0.119185059348,0.142857142857,
    0.166529226366,0.190437401427,0.214370942832,0.238304484238,
    0.262042202206,0.285714285714,0.309386369223,0.33312408719,
    0.357057628596,0.380991170002,0.404899345063,0.428571428571,
    0.45224351208,0.476151687141,0.500085228547,0.524018769953,
    0.54775648792,0.571428571429,0.595100654937,0.618838372904,
    0.64277191431,0.666705455716,0.690613630777,0.714285714286,
    0.737957797794,0.761865972855,0.785799514261,0.809733055667,
    0.833470773634,0.857142857143,0.880814940652,0.904552658619,
    0.928486200025,0.952419741431,0.976327916491,1.),.UNSPECIFIED.) 
GEOMETRIC_REPRESENTATION_ITEM() RATIONAL_B_SPLINE_SURFACE((
    (1.,1.000000000024,0.999999999989,1.000000000003,0.999999999999,1.
      ,1.,1.,1.,1.,1.,1.,1.,1.,1.,1.,1.,1.,1.,1.,1.,1.,1.,1.,1.,1.,1.,1.
      ,1.,1.,1.,1.,1.,1.,1.,1.,1.,1.,1.,1.,1.000000000002,0.999999999993
      ,1.000000000024,0.999999999948,1.)
    ,(1.,1.000000000024,0.999999999989,1.000000000003,0.999999999999,1.
      ,1.,1.,1.,1.,1.,1.,1.,1.,1.,1.,1.,1.,1.,1.,1.,1.,1.,1.,1.,1.,1.,1.
      ,1.,1.,1.,1.,1.,1.,1.,1.,1.,1.,1.,1.,1.000000000002,0.999999999993
,1.000000000024,0.999999999948,1.
  ))) REPRESENTATION_ITEM('') SURFACE() );
#4922 = CARTESIAN_POINT('',(-4.153481053043,-1.112921893941,-1.));
#4923 = CARTESIAN_POINT('',(-3.998789098451,-1.071472309663,
    -0.945915960696));
#4924 = CARTESIAN_POINT('',(-4.248798339861,-1.138462083954,
    -0.832465754706));
#4925 = CARTESIAN_POINT('',(-4.051772714426,-1.085669226749,
    -0.666031992455));
#4926 = CARTESIAN_POINT('',(-3.779974989665,-1.01284124589,
    -0.500065658372));
#4927 = CARTESIAN_POINT('',(-3.556317723528,-0.952912462048,
    -0.333310426054));
#4928 = CARTESIAN_POINT('',(-3.213359555202,-0.861017097807,
    -0.167651462254));
#4929 = CARTESIAN_POINT('',(-3.298220676848,-0.883755566821,
    -9.481367651137E-07));
#4930 = CARTESIAN_POINT('',(-3.298363884561,-0.883793939212,
    0.167655273713));
#4931 = CARTESIAN_POINT('',(-3.212188120983,-0.860703212954,
    0.333296937213));
#4932 = CARTESIAN_POINT('',(-3.55780639762,-0.953311351068,
    0.500115802373));
#4933 = CARTESIAN_POINT('',(-3.772890983808,-1.010943092242,
    0.665845574726));
#4934 = CARTESIAN_POINT('',(-4.074053847487,-1.091639438355,
    0.833154316416));
#4935 = CARTESIAN_POINT('',(-4.169328319387,-1.11716815616,
    0.999999999649));
#4936 = CARTESIAN_POINT('',(-4.169431315301,-1.117195753832,
    1.16684568499));
#4937 = CARTESIAN_POINT('',(-4.073259615876,-1.091426624636,
    1.334154420322));
#4938 = CARTESIAN_POINT('',(-3.774197272153,-1.011293111149,
    1.499884216189));
#4939 = CARTESIAN_POINT('',(-3.557864540779,-0.953326930481,
    1.666702993586));
#4940 = CARTESIAN_POINT('',(-3.212949834441,-0.86090731346,
    1.832344983153));
#4941 = CARTESIAN_POINT('',(-3.298329963983,-0.883784850221,2.));
#4942 = CARTESIAN_POINT('',(-3.298334276852,-0.88378600585,
    2.167655016847));
#4943 = CARTESIAN_POINT('',(-3.212196097162,-0.860705350165,
    2.333297006412));
#4944 = CARTESIAN_POINT('',(-3.557804258852,-0.953310777987,
    2.500115783817));
#4945 = CARTESIAN_POINT('',(-3.772891551723,-1.010943244414,
    2.665845579653));
#4946 = CARTESIAN_POINT('',(-4.074053696316,-1.091639397849,
    2.833154315104));
#4947 = CARTESIAN_POINT('',(-4.169328359825,-1.117168166995,3.));
#4948 = CARTESIAN_POINT('',(-4.169431304497,-1.117195750937,
    3.166845684896));
#4949 = CARTESIAN_POINT('',(-4.073259618568,-1.091426625358,
    3.334154420345));
#4950 = CARTESIAN_POINT('',(-3.774197272304,-1.01129311119,3.49988421619
    ));
#4951 = CARTESIAN_POINT('',(-3.557864537476,-0.953326929596,
    3.666702993561));
#4952 = CARTESIAN_POINT('',(-3.212949847431,-0.860907316941,
    3.832344983253));
#4953 = CARTESIAN_POINT('',(-3.298329915841,-0.883784837321,
    3.999999999629));
#4954 = CARTESIAN_POINT('',(-3.298334457389,-0.883786054225,
    4.167655018238));
#4955 = CARTESIAN_POINT('',(-3.212195415567,-0.860705167532,
    4.333297001163));
#4956 = CARTESIAN_POINT('',(-3.557806804769,-0.953311460164,
    4.500115803424));
#4957 = CARTESIAN_POINT('',(-3.772882083647,-1.010940707451,
    4.665845506737));
#4958 = CARTESIAN_POINT('',(-4.074088668927,-1.091648768731,
    4.833154584436));
#4959 = CARTESIAN_POINT('',(-4.169198206433,-1.117133292501,
    4.999998997659));
#4960 = CARTESIAN_POINT('',(-4.169917667195,-1.117326071423,
    5.166849430487));
#4961 = CARTESIAN_POINT('',(-4.071432520032,-1.090937055803,
    5.334140349441));
#4962 = CARTESIAN_POINT('',(-3.781078114652,-1.013136827253,
    5.499937207133));
#4963 = CARTESIAN_POINT('',(-3.532203581639,-0.946451097527,
    5.666505372662));
#4964 = CARTESIAN_POINT('',(-3.308203744206,-0.886430520454,
    5.833078555327));
#4965 = CARTESIAN_POINT('',(-3.06682296908,-0.82175274046,5.942735729628
    ));
#4966 = CARTESIAN_POINT('',(-3.284147809383,-0.879984753349,6.));
#4967 = CARTESIAN_POINT('',(-3.972681989799,-1.64553875917,-1.));
#4968 = CARTESIAN_POINT('',(-3.758154998262,-1.556678769767,
    -0.945915960696));
#4969 = CARTESIAN_POINT('',(-4.071400454376,-1.686429286061,
    -0.832465754706));
#4970 = CARTESIAN_POINT('',(-3.949533055427,-1.635950156597,
    -0.666031992455));
#4971 = CARTESIAN_POINT('',(-3.673421654668,-1.521581069679,
    -0.500065658372));
#4972 = CARTESIAN_POINT('',(-3.456906905645,-1.431897724179,
    -0.333310426054));
#4973 = CARTESIAN_POINT('',(-3.155321463237,-1.30697694372,
    -0.167651462254));
#4974 = CARTESIAN_POINT('',(-3.134296423132,-1.298268086959,
    -9.481367651137E-07));
#4975 = CARTESIAN_POINT('',(-3.154772820683,-1.306749688533,
    0.167655273713));
#4976 = CARTESIAN_POINT('',(-3.09326167952,-1.281270939626,
    0.333296937213));
#4977 = CARTESIAN_POINT('',(-3.319323035987,-1.374908619403,
    0.500115802373));
#4978 = CARTESIAN_POINT('',(-3.560563028203,-1.474833495966,
    0.665845574726));
#4979 = CARTESIAN_POINT('',(-3.811245716225,-1.578669665197,
    0.833154316416));
#4980 = CARTESIAN_POINT('',(-4.016138092112,-1.663538866116,
    0.999999999649));
#4981 = CARTESIAN_POINT('',(-3.960052876788,-1.64030760928,1.16684568499
    ));
#4982 = CARTESIAN_POINT('',(-3.979677998363,-1.6484366008,1.334154420322
    ));
#4983 = CARTESIAN_POINT('',(-3.66531583424,-1.518223528923,
    1.499884216189));
#4984 = CARTESIAN_POINT('',(-3.459077005316,-1.432796608895,
    1.666702993586));
#4985 = CARTESIAN_POINT('',(-3.154746647507,-1.306738847248,
    1.832344983153));
#4986 = CARTESIAN_POINT('',(-3.134449746981,-1.298331595776,2.));
#4987 = CARTESIAN_POINT('',(-3.154731282692,-1.306732482934,
    2.167655016847));
#4988 = CARTESIAN_POINT('',(-3.093272869661,-1.281275574734,
    2.333297006412));
#4989 = CARTESIAN_POINT('',(-3.319320035413,-1.374907376525,
    2.500115783817));
#4990 = CARTESIAN_POINT('',(-3.560563824957,-1.474833825992,
    2.665845579653));
#4991 = CARTESIAN_POINT('',(-3.811245504139,-1.578669577348,
    2.833154315104));
#4992 = CARTESIAN_POINT('',(-4.016138148849,-1.663538889617,3.));
#4993 = CARTESIAN_POINT('',(-3.960052861613,-1.640307602994,
    3.166845684896));
#4994 = CARTESIAN_POINT('',(-3.979678002208,-1.648436602392,
    3.334154420345));
#4995 = CARTESIAN_POINT('',(-3.665315834199,-1.518223528906,
    3.49988421619));
#4996 = CARTESIAN_POINT('',(-3.459077001626,-1.432796607367,
    3.666702993561));
#4997 = CARTESIAN_POINT('',(-3.154746662229,-1.306738853346,
    3.832344983253));
#4998 = CARTESIAN_POINT('',(-3.13444969237,-1.298331573156,
    3.999999999629));
#4999 = CARTESIAN_POINT('',(-3.154731487504,-1.30673256777,
    4.167655018238));
#5000 = CARTESIAN_POINT('',(-3.093272096417,-1.281275254446,
    4.333297001163));
#5001 = CARTESIAN_POINT('',(-3.319322923664,-1.374908572877,
    4.500115803424));
#5002 = CARTESIAN_POINT('',(-3.560553083765,-1.474829376845,
    4.665845506737));
#5003 = CARTESIAN_POINT('',(-3.811285179306,-1.57868601134,
    4.833154584436));
#5004 = CARTESIAN_POINT('',(-4.015990494515,-1.663477729189,
    4.999998997659));
#5005 = CARTESIAN_POINT('',(-3.960604622567,-1.640536149869,
    5.166849430487));
#5006 = CARTESIAN_POINT('',(-3.977605224759,-1.647578029844,
    5.334140349441));
#5007 = CARTESIAN_POINT('',(-3.673121901886,-1.521456908074,
    5.499937207133));
#5008 = CARTESIAN_POINT('',(-3.429965571943,-1.420738258136,
    5.666505372662));
#5009 = CARTESIAN_POINT('',(-3.262808775562,-1.351499647143,
    5.833078555327));
#5010 = CARTESIAN_POINT('',(-2.910736531871,-1.205666546129,
    5.942735729628));
#5011 = CARTESIAN_POINT('',(-3.141190410538,-1.301123670041,6.));
#5012 = ADVANCED_FACE('',(#5013),#5066,.F.);
#5013 = FACE_BOUND('',#5014,.F.);
#5014 = EDGE_LOOP('',(#5015,#5016,#5017,#5065));
#5015 = ORIENTED_EDGE('',*,*,#4873,.F.);
#5016 = ORIENTED_EDGE('',*,*,#372,.F.);
#5017 = ORIENTED_EDGE('',*,*,#5018,.T.);
#5018 = EDGE_CURVE('',#363,#878,#5019,.T.);
#5019 = ( BOUNDED_CURVE() B_SPLINE_CURVE(3,(#5020,#5021,#5022,#5023,
    #5024,#5025,#5026,#5027,#5028,#5029,#5030,#5031,#5032,#5033,#5034,
    #5035,#5036,#5037,#5038,#5039,#5040,#5041,#5042,#5043,#5044,#5045,
    #5046,#5047,#5048,#5049,#5050,#5051,#5052,#5053,#5054,#5055,#5056,
    #5057,#5058,#5059,#5060,#5061,#5062,#5063,#5064),.UNSPECIFIED.,.F.,
.F.) B_SPLINE_CURVE_WITH_KNOTS((4,1,1,1,1,1,1,1,1,1,1,1,1,1,1,1,1,1,1,1,
    1,1,1,1,1,1,1,1,1,1,1,1,1,1,1,1,1,1,1,1,1,1,4),(0.,
    2.367208350872E-02,4.740980147591E-02,7.134334288179E-02,
    9.527688428768E-02,0.119185059348,0.142857142857,0.166529226366,
    0.190437401427,0.214370942832,0.238304484238,0.262042202206,
    0.285714285714,0.309386369223,0.33312408719,0.357057628596,
    0.380991170002,0.404899345063,0.428571428571,0.45224351208,
    0.476151687141,0.500085228547,0.524018769953,0.54775648792,
    0.571428571429,0.595100654937,0.618838372904,0.64277191431,
    0.666705455716,0.690613630777,0.714285714286,0.737957797794,
    0.761865972855,0.785799514261,0.809733055667,0.833470773634,
    0.857142857143,0.880814940652,0.904552658619,0.928486200025,
0.952419741431,0.976327916491,1.),.UNSPECIFIED.) CURVE() 
GEOMETRIC_REPRESENTATION_ITEM() RATIONAL_B_SPLINE_CURVE((1.,
    1.000000000024,0.999999999989,1.000000000003,0.999999999999,1.,1.,1.
    ,1.,1.,1.,1.,1.,1.,1.,1.,1.,1.,1.,1.,1.,1.,1.,1.,1.,1.,1.,1.,1.,1.,
    1.,1.,1.,1.,1.,1.,1.,1.,1.,1.,1.000000000002,0.999999999993,
1.000000000024,0.999999999948,1.)) REPRESENTATION_ITEM('') );
#5020 = CARTESIAN_POINT('',(-3.723909236273,-2.15,-1.));
#5021 = CARTESIAN_POINT('',(-3.500990442195,-2.021297774277,
    -0.945915960696));
#5022 = CARTESIAN_POINT('',(-3.810227577245,-2.199835917374,
    -0.832465754706));
#5023 = CARTESIAN_POINT('',(-3.757141912696,-2.169186894684,
    -0.666031992455));
#5024 = CARTESIAN_POINT('',(-3.50165936443,-2.021683976662,
    -0.500065658372));
#5025 = CARTESIAN_POINT('',(-3.291309576745,-1.900238470121,
    -0.333310426054));
#5026 = CARTESIAN_POINT('',(-3.034723428291,-1.75209838824,
    -0.167651462254));
#5027 = CARTESIAN_POINT('',(-2.918869864801,-1.685210302172,
    -9.481367651137E-07));
#5028 = CARTESIAN_POINT('',(-2.957226317925,-1.707355410709,
    0.167655273713));
#5029 = CARTESIAN_POINT('',(-2.919136175231,-1.685364056571,
    0.333296937213));
#5030 = CARTESIAN_POINT('',(-3.033115125155,-1.751169833991,
    0.500115802373));
#5031 = CARTESIAN_POINT('',(-3.292411735301,-1.900874801659,
    0.665845574726));
#5032 = CARTESIAN_POINT('',(-3.492842375897,-2.016593485961,
    0.833154316416));
#5033 = CARTESIAN_POINT('',(-3.789776729952,-2.188028615206,
    0.999999999649));
#5034 = CARTESIAN_POINT('',(-3.691140866609,-2.131081172953,
    1.16684568499));
#5035 = CARTESIAN_POINT('',(-3.789382058143,-2.187800751331,
    1.334154420322));
#5036 = CARTESIAN_POINT('',(-3.492990154801,-2.016678806151,
    1.499884216189));
#5037 = CARTESIAN_POINT('',(-3.293630507628,-1.90157846019,
    1.666702993586));
#5038 = CARTESIAN_POINT('',(-3.034108660407,-1.751743451837,
    1.832344983153));
#5039 = CARTESIAN_POINT('',(-2.919033845313,-1.685304976365,2.));
#5040 = CARTESIAN_POINT('',(-2.957181892866,-1.707329761889,
    2.167655016847));
#5041 = CARTESIAN_POINT('',(-2.919148143135,-1.685370966243,
    2.333297006412));
#5042 = CARTESIAN_POINT('',(-3.033111916029,-1.751167981201,
    2.500115783817));
#5043 = CARTESIAN_POINT('',(-3.292412587432,-1.900875293637,
    2.665845579653));
#5044 = CARTESIAN_POINT('',(-3.49284214907,-2.016593355002,
    2.833154315104));
#5045 = CARTESIAN_POINT('',(-3.789776790635,-2.188028650242,3.));
#5046 = CARTESIAN_POINT('',(-3.691140850368,-2.131081163577,
    3.166845684896));
#5047 = CARTESIAN_POINT('',(-3.789382062295,-2.187800753728,
    3.334154420345));
#5048 = CARTESIAN_POINT('',(-3.492990154607,-2.016678806039,
    3.49988421619));
#5049 = CARTESIAN_POINT('',(-3.293630504242,-1.901578458235,
    3.666702993561));
#5050 = CARTESIAN_POINT('',(-3.034108674075,-1.751743459728,
    3.832344983253));
#5051 = CARTESIAN_POINT('',(-2.919033794574,-1.685304947071,
    3.999999999629));
#5052 = CARTESIAN_POINT('',(-2.957182083168,-1.70732987176,
    4.167655018238));
#5053 = CARTESIAN_POINT('',(-2.919147424667,-1.685370551435,
    4.333297001163));
#5054 = CARTESIAN_POINT('',(-3.03311459968,-1.751169530608,
    4.500115803424));
#5055 = CARTESIAN_POINT('',(-3.292402607133,-1.900869531508,
    4.665845506737));
#5056 = CARTESIAN_POINT('',(-3.492879013701,-2.016614638808,
    4.833154584436));
#5057 = CARTESIAN_POINT('',(-3.789639595936,-2.18794944084,
    4.999998997659));
#5058 = CARTESIAN_POINT('',(-3.691653525318,-2.131377156617,
    5.166849430487));
#5059 = CARTESIAN_POINT('',(-3.787456117613,-2.186688808975,
    5.334140349441));
#5060 = CARTESIAN_POINT('',(-3.500243250955,-2.020866383444,
    5.499937207133));
#5061 = CARTESIAN_POINT('',(-3.266581289098,-1.885961585561,
    5.666505372662));
#5062 = CARTESIAN_POINT('',(-3.134515812586,-1.809713551995,
    5.833078555327));
#5063 = CARTESIAN_POINT('',(-2.743133811279,-1.58374903622,
    5.942735729628));
#5064 = CARTESIAN_POINT('',(-2.944486372867,-1.7,6.));
#5065 = ORIENTED_EDGE('',*,*,#887,.T.);
#5066 = ( BOUNDED_SURFACE() B_SPLINE_SURFACE(1,3,(
    (#5067,#5068,#5069,#5070,#5071,#5072,#5073,#5074,#5075,#5076,#5077
      ,#5078,#5079,#5080,#5081,#5082,#5083,#5084,#5085,#5086,#5087,#5088
      ,#5089,#5090,#5091,#5092,#5093,#5094,#5095,#5096,#5097,#5098,#5099
      ,#5100,#5101,#5102,#5103,#5104,#5105,#5106,#5107,#5108,#5109,#5110
      ,#5111)
    ,(#5112,#5113,#5114,#5115,#5116,#5117,#5118,#5119,#5120,#5121,#5122
      ,#5123,#5124,#5125,#5126,#5127,#5128,#5129,#5130,#5131,#5132,#5133
      ,#5134,#5135,#5136,#5137,#5138,#5139,#5140,#5141,#5142,#5143,#5144
      ,#5145,#5146,#5147,#5148,#5149,#5150,#5151,#5152,#5153,#5154,#5155
,#5156
    )),.UNSPECIFIED.,.F.,.F.,.F.) B_SPLINE_SURFACE_WITH_KNOTS((2,2),(4,1
    ,1,1,1,1,1,1,1,1,1,1,1,1,1,1,1,1,1,1,1,1,1,1,1,1,1,1,1,1,1,1,1,1,1,1
    ,1,1,1,1,1,1,4),(27.,28.),(0.,2.367208350872E-02,4.740980147591E-02,
    7.134334288179E-02,9.527688428768E-02,0.119185059348,0.142857142857,
    0.166529226366,0.190437401427,0.214370942832,0.238304484238,
    0.262042202206,0.285714285714,0.309386369223,0.33312408719,
    0.357057628596,0.380991170002,0.404899345063,0.428571428571,
    0.45224351208,0.476151687141,0.500085228547,0.524018769953,
    0.54775648792,0.571428571429,0.595100654937,0.618838372904,
    0.64277191431,0.666705455716,0.690613630777,0.714285714286,
    0.737957797794,0.761865972855,0.785799514261,0.809733055667,
    0.833470773634,0.857142857143,0.880814940652,0.904552658619,
    0.928486200025,0.952419741431,0.976327916491,1.),.UNSPECIFIED.) 
GEOMETRIC_REPRESENTATION_ITEM() RATIONAL_B_SPLINE_SURFACE((
    (1.,1.000000000024,0.999999999989,1.000000000003,0.999999999999,1.
      ,1.,1.,1.,1.,1.,1.,1.,1.,1.,1.,1.,1.,1.,1.,1.,1.,1.,1.,1.,1.,1.,1.
      ,1.,1.,1.,1.,1.,1.,1.,1.,1.,1.,1.,1.,1.000000000002,0.999999999993
      ,1.000000000024,0.999999999948,1.)
    ,(1.,1.000000000024,0.999999999989,1.000000000003,0.999999999999,1.
      ,1.,1.,1.,1.,1.,1.,1.,1.,1.,1.,1.,1.,1.,1.,1.,1.,1.,1.,1.,1.,1.,1.
      ,1.,1.,1.,1.,1.,1.,1.,1.,1.,1.,1.,1.,1.000000000002,0.999999999993
,1.000000000024,0.999999999948,1.
  ))) REPRESENTATION_ITEM('') SURFACE() );
#5067 = CARTESIAN_POINT('',(-3.972681989799,-1.64553875917,-1.));
#5068 = CARTESIAN_POINT('',(-3.758154998262,-1.556678769767,
    -0.945915960696));
#5069 = CARTESIAN_POINT('',(-4.071400454376,-1.686429286061,
    -0.832465754706));
#5070 = CARTESIAN_POINT('',(-3.949533055427,-1.635950156597,
    -0.666031992455));
#5071 = CARTESIAN_POINT('',(-3.673421654668,-1.521581069679,
    -0.500065658372));
#5072 = CARTESIAN_POINT('',(-3.456906905645,-1.431897724179,
    -0.333310426054));
#5073 = CARTESIAN_POINT('',(-3.155321463237,-1.30697694372,
    -0.167651462254));
#5074 = CARTESIAN_POINT('',(-3.134296423132,-1.298268086959,
    -9.481367651137E-07));
#5075 = CARTESIAN_POINT('',(-3.154772820683,-1.306749688533,
    0.167655273713));
#5076 = CARTESIAN_POINT('',(-3.09326167952,-1.281270939626,
    0.333296937213));
#5077 = CARTESIAN_POINT('',(-3.319323035987,-1.374908619403,
    0.500115802373));
#5078 = CARTESIAN_POINT('',(-3.560563028203,-1.474833495966,
    0.665845574726));
#5079 = CARTESIAN_POINT('',(-3.811245716225,-1.578669665197,
    0.833154316416));
#5080 = CARTESIAN_POINT('',(-4.016138092112,-1.663538866116,
    0.999999999649));
#5081 = CARTESIAN_POINT('',(-3.960052876788,-1.64030760928,1.16684568499
    ));
#5082 = CARTESIAN_POINT('',(-3.979677998363,-1.6484366008,1.334154420322
    ));
#5083 = CARTESIAN_POINT('',(-3.66531583424,-1.518223528923,
    1.499884216189));
#5084 = CARTESIAN_POINT('',(-3.459077005316,-1.432796608895,
    1.666702993586));
#5085 = CARTESIAN_POINT('',(-3.154746647507,-1.306738847248,
    1.832344983153));
#5086 = CARTESIAN_POINT('',(-3.134449746981,-1.298331595776,2.));
#5087 = CARTESIAN_POINT('',(-3.154731282692,-1.306732482934,
    2.167655016847));
#5088 = CARTESIAN_POINT('',(-3.093272869661,-1.281275574734,
    2.333297006412));
#5089 = CARTESIAN_POINT('',(-3.319320035413,-1.374907376525,
    2.500115783817));
#5090 = CARTESIAN_POINT('',(-3.560563824957,-1.474833825992,
    2.665845579653));
#5091 = CARTESIAN_POINT('',(-3.811245504139,-1.578669577348,
    2.833154315104));
#5092 = CARTESIAN_POINT('',(-4.016138148849,-1.663538889617,3.));
#5093 = CARTESIAN_POINT('',(-3.960052861613,-1.640307602994,
    3.166845684896));
#5094 = CARTESIAN_POINT('',(-3.979678002208,-1.648436602392,
    3.334154420345));
#5095 = CARTESIAN_POINT('',(-3.665315834199,-1.518223528906,
    3.49988421619));
#5096 = CARTESIAN_POINT('',(-3.459077001626,-1.432796607367,
    3.666702993561));
#5097 = CARTESIAN_POINT('',(-3.154746662229,-1.306738853346,
    3.832344983253));
#5098 = CARTESIAN_POINT('',(-3.13444969237,-1.298331573156,
    3.999999999629));
#5099 = CARTESIAN_POINT('',(-3.154731487504,-1.30673256777,
    4.167655018238));
#5100 = CARTESIAN_POINT('',(-3.093272096417,-1.281275254446,
    4.333297001163));
#5101 = CARTESIAN_POINT('',(-3.319322923664,-1.374908572877,
    4.500115803424));
#5102 = CARTESIAN_POINT('',(-3.560553083765,-1.474829376845,
    4.665845506737));
#5103 = CARTESIAN_POINT('',(-3.811285179306,-1.57868601134,
    4.833154584436));
#5104 = CARTESIAN_POINT('',(-4.015990494515,-1.663477729189,
    4.999998997659));
#5105 = CARTESIAN_POINT('',(-3.960604622567,-1.640536149869,
    5.166849430487));
#5106 = CARTESIAN_POINT('',(-3.977605224759,-1.647578029844,
    5.334140349441));
#5107 = CARTESIAN_POINT('',(-3.673121901886,-1.521456908074,
    5.499937207133));
#5108 = CARTESIAN_POINT('',(-3.429965571943,-1.420738258136,
    5.666505372662));
#5109 = CARTESIAN_POINT('',(-3.262808775562,-1.351499647143,
    5.833078555327));
#5110 = CARTESIAN_POINT('',(-2.910736531871,-1.205666546129,
    5.942735729628));
#5111 = CARTESIAN_POINT('',(-3.141190410538,-1.301123670041,6.));
#5112 = CARTESIAN_POINT('',(-3.723909236273,-2.15,-1.));
#5113 = CARTESIAN_POINT('',(-3.500990442195,-2.021297774277,
    -0.945915960696));
#5114 = CARTESIAN_POINT('',(-3.810227577245,-2.199835917374,
    -0.832465754706));
#5115 = CARTESIAN_POINT('',(-3.757141912696,-2.169186894684,
    -0.666031992455));
#5116 = CARTESIAN_POINT('',(-3.50165936443,-2.021683976662,
    -0.500065658372));
#5117 = CARTESIAN_POINT('',(-3.291309576745,-1.900238470121,
    -0.333310426054));
#5118 = CARTESIAN_POINT('',(-3.034723428291,-1.75209838824,
    -0.167651462254));
#5119 = CARTESIAN_POINT('',(-2.918869864801,-1.685210302172,
    -9.481367651137E-07));
#5120 = CARTESIAN_POINT('',(-2.957226317925,-1.707355410709,
    0.167655273713));
#5121 = CARTESIAN_POINT('',(-2.919136175231,-1.685364056571,
    0.333296937213));
#5122 = CARTESIAN_POINT('',(-3.033115125155,-1.751169833991,
    0.500115802373));
#5123 = CARTESIAN_POINT('',(-3.292411735301,-1.900874801659,
    0.665845574726));
#5124 = CARTESIAN_POINT('',(-3.492842375897,-2.016593485961,
    0.833154316416));
#5125 = CARTESIAN_POINT('',(-3.789776729952,-2.188028615206,
    0.999999999649));
#5126 = CARTESIAN_POINT('',(-3.691140866609,-2.131081172953,
    1.16684568499));
#5127 = CARTESIAN_POINT('',(-3.789382058143,-2.187800751331,
    1.334154420322));
#5128 = CARTESIAN_POINT('',(-3.492990154801,-2.016678806151,
    1.499884216189));
#5129 = CARTESIAN_POINT('',(-3.293630507628,-1.90157846019,
    1.666702993586));
#5130 = CARTESIAN_POINT('',(-3.034108660407,-1.751743451837,
    1.832344983153));
#5131 = CARTESIAN_POINT('',(-2.919033845313,-1.685304976365,2.));
#5132 = CARTESIAN_POINT('',(-2.957181892866,-1.707329761889,
    2.167655016847));
#5133 = CARTESIAN_POINT('',(-2.919148143135,-1.685370966243,
    2.333297006412));
#5134 = CARTESIAN_POINT('',(-3.033111916029,-1.751167981201,
    2.500115783817));
#5135 = CARTESIAN_POINT('',(-3.292412587432,-1.900875293637,
    2.665845579653));
#5136 = CARTESIAN_POINT('',(-3.49284214907,-2.016593355002,
    2.833154315104));
#5137 = CARTESIAN_POINT('',(-3.789776790635,-2.188028650242,3.));
#5138 = CARTESIAN_POINT('',(-3.691140850368,-2.131081163577,
    3.166845684896));
#5139 = CARTESIAN_POINT('',(-3.789382062295,-2.187800753728,
    3.334154420345));
#5140 = CARTESIAN_POINT('',(-3.492990154607,-2.016678806039,
    3.49988421619));
#5141 = CARTESIAN_POINT('',(-3.293630504242,-1.901578458235,
    3.666702993561));
#5142 = CARTESIAN_POINT('',(-3.034108674075,-1.751743459728,
    3.832344983253));
#5143 = CARTESIAN_POINT('',(-2.919033794574,-1.685304947071,
    3.999999999629));
#5144 = CARTESIAN_POINT('',(-2.957182083168,-1.70732987176,
    4.167655018238));
#5145 = CARTESIAN_POINT('',(-2.919147424667,-1.685370551435,
    4.333297001163));
#5146 = CARTESIAN_POINT('',(-3.03311459968,-1.751169530608,
    4.500115803424));
#5147 = CARTESIAN_POINT('',(-3.292402607133,-1.900869531508,
    4.665845506737));
#5148 = CARTESIAN_POINT('',(-3.492879013701,-2.016614638808,
    4.833154584436));
#5149 = CARTESIAN_POINT('',(-3.789639595936,-2.18794944084,
    4.999998997659));
#5150 = CARTESIAN_POINT('',(-3.691653525318,-2.131377156617,
    5.166849430487));
#5151 = CARTESIAN_POINT('',(-3.787456117613,-2.186688808975,
    5.334140349441));
#5152 = CARTESIAN_POINT('',(-3.500243250955,-2.020866383444,
    5.499937207133));
#5153 = CARTESIAN_POINT('',(-3.266581289098,-1.885961585561,
    5.666505372662));
#5154 = CARTESIAN_POINT('',(-3.134515812586,-1.809713551995,
    5.833078555327));
#5155 = CARTESIAN_POINT('',(-2.743133811279,-1.58374903622,
    5.942735729628));
#5156 = CARTESIAN_POINT('',(-2.944486372867,-1.7,6.));
#5157 = ADVANCED_FACE('',(#5158),#5211,.F.);
#5158 = FACE_BOUND('',#5159,.F.);
#5159 = EDGE_LOOP('',(#5160,#5161,#5162,#5210));
#5160 = ORIENTED_EDGE('',*,*,#5018,.F.);
#5161 = ORIENTED_EDGE('',*,*,#362,.F.);
#5162 = ORIENTED_EDGE('',*,*,#5163,.T.);
#5163 = EDGE_CURVE('',#353,#868,#5164,.T.);
#5164 = ( BOUNDED_CURVE() B_SPLINE_CURVE(3,(#5165,#5166,#5167,#5168,
    #5169,#5170,#5171,#5172,#5173,#5174,#5175,#5176,#5177,#5178,#5179,
    #5180,#5181,#5182,#5183,#5184,#5185,#5186,#5187,#5188,#5189,#5190,
    #5191,#5192,#5193,#5194,#5195,#5196,#5197,#5198,#5199,#5200,#5201,
    #5202,#5203,#5204,#5205,#5206,#5207,#5208,#5209),.UNSPECIFIED.,.F.,
.F.) B_SPLINE_CURVE_WITH_KNOTS((4,1,1,1,1,1,1,1,1,1,1,1,1,1,1,1,1,1,1,1,
    1,1,1,1,1,1,1,1,1,1,1,1,1,1,1,1,1,1,1,1,1,1,4),(0.,
    2.367208350872E-02,4.740980147591E-02,7.134334288179E-02,
    9.527688428768E-02,0.119185059348,0.142857142857,0.166529226366,
    0.190437401427,0.214370942832,0.238304484238,0.262042202206,
    0.285714285714,0.309386369223,0.33312408719,0.357057628596,
    0.380991170002,0.404899345063,0.428571428571,0.45224351208,
    0.476151687141,0.500085228547,0.524018769953,0.54775648792,
    0.571428571429,0.595100654937,0.618838372904,0.64277191431,
    0.666705455716,0.690613630777,0.714285714286,0.737957797794,
    0.761865972855,0.785799514261,0.809733055667,0.833470773634,
    0.857142857143,0.880814940652,0.904552658619,0.928486200025,
0.952419741431,0.976327916491,1.),.UNSPECIFIED.) CURVE() 
GEOMETRIC_REPRESENTATION_ITEM() RATIONAL_B_SPLINE_CURVE((1.,
    1.000000000024,0.999999999989,1.000000000003,0.999999999999,1.,1.,1.
    ,1.,1.,1.,1.,1.,1.,1.,1.,1.,1.,1.,1.,1.,1.,1.,1.,1.,1.,1.,1.,1.,1.,
    1.,1.,1.,1.,1.,1.,1.,1.,1.,1.,1.000000000002,0.999999999993,
1.000000000024,0.999999999948,1.)) REPRESENTATION_ITEM('') );
#5165 = CARTESIAN_POINT('',(-3.370027015063,-2.585912678876,-1.));
#5166 = CARTESIAN_POINT('',(-3.330506173093,-2.555587270432,
    -0.945915960696));
#5167 = CARTESIAN_POINT('',(-3.438583236125,-2.638517717403,
    -0.832465754706));
#5168 = CARTESIAN_POINT('',(-3.438162261865,-2.638194692603,
    -0.666031992455));
#5169 = CARTESIAN_POINT('',(-3.275727411446,-2.513554048059,
    -0.500065658372));
#5170 = CARTESIAN_POINT('',(-3.057837741324,-2.34636142378,
    -0.333310426054));
#5171 = CARTESIAN_POINT('',(-2.851634303568,-2.188135960973,
    -0.167651462254));
#5172 = CARTESIAN_POINT('',(-2.656084348722,-2.038085203123,
    -9.481367651137E-07));
#5173 = CARTESIAN_POINT('',(-2.709260586965,-2.078888765846,
    0.167655273713));
#5174 = CARTESIAN_POINT('',(-2.69169063087,-2.065406864357,
    0.333296937213));
#5175 = CARTESIAN_POINT('',(-2.708325781658,-2.078171464505,
    0.500115802373));
#5176 = CARTESIAN_POINT('',(-2.969149579017,-2.278308603326,
    0.665845574726));
#5177 = CARTESIAN_POINT('',(-3.14732631785,-2.415028423663,
    0.833154316416));
#5178 = CARTESIAN_POINT('',(-3.417999085598,-2.622722943267,
    0.999999999649));
#5179 = CARTESIAN_POINT('',(-3.400573410388,-2.609351752394,
    1.16684568499));
#5180 = CARTESIAN_POINT('',(-3.44845259824,-2.646090745395,
    1.334154420322));
#5181 = CARTESIAN_POINT('',(-3.272960392813,-2.511430839992,
    1.499884216189));
#5182 = CARTESIAN_POINT('',(-3.05857853077,-2.346929851513,
    1.666702993586));
#5183 = CARTESIAN_POINT('',(-2.851438083351,-2.187985395906,
    1.832344983153));
#5184 = CARTESIAN_POINT('',(-2.656136687649,-2.038125364194,2.));
#5185 = CARTESIAN_POINT('',(-2.709246407475,-2.078877885541,
    2.167655016847));
#5186 = CARTESIAN_POINT('',(-2.691694450758,-2.06540979546,
    2.333297006412));
#5187 = CARTESIAN_POINT('',(-2.708324757376,-2.078170678546,
    2.500115783817));
#5188 = CARTESIAN_POINT('',(-2.969149850998,-2.278308812025,
    2.665845579653));
#5189 = CARTESIAN_POINT('',(-3.147326245451,-2.415028368109,
    2.833154315104));
#5190 = CARTESIAN_POINT('',(-3.417999104968,-2.62272295813,3.));
#5191 = CARTESIAN_POINT('',(-3.400573405196,-2.609351748411,
    3.166845684896));
#5192 = CARTESIAN_POINT('',(-3.448452599594,-2.646090746435,
    3.334154420345));
#5193 = CARTESIAN_POINT('',(-3.27296039264,-2.511430839859,3.49988421619
    ));
#5194 = CARTESIAN_POINT('',(-3.058578530104,-2.346929851002,
    3.666702993561));
#5195 = CARTESIAN_POINT('',(-2.851438086175,-2.187985398073,
    3.832344983253));
#5196 = CARTESIAN_POINT('',(-2.656136677136,-2.038125356127,
    3.999999999629));
#5197 = CARTESIAN_POINT('',(-2.709246446916,-2.078877915804,
    4.167655018238));
#5198 = CARTESIAN_POINT('',(-2.691694301853,-2.065409681201,
    4.333297001163));
#5199 = CARTESIAN_POINT('',(-2.708325313573,-2.078171105331,
    4.500115803424));
#5200 = CARTESIAN_POINT('',(-2.969147782541,-2.278307224841,
    4.665845506737));
#5201 = CARTESIAN_POINT('',(-3.147333885797,-2.415034230752,
    4.833154584436));
#5202 = CARTESIAN_POINT('',(-3.417970670807,-2.622701139831,
    4.999998997659));
#5203 = CARTESIAN_POINT('',(-3.400679659172,-2.609433279953,
    5.166849430487));
#5204 = CARTESIAN_POINT('',(-3.448053439698,-2.645784460278,
    5.334140349441));
#5205 = CARTESIAN_POINT('',(-3.274463626462,-2.512584311724,
    5.499937207133));
#5206 = CARTESIAN_POINT('',(-3.052972469861,-2.34262816974,
    5.666505372662));
#5207 = CARTESIAN_POINT('',(-2.872247875458,-2.203953310783,
    5.833078555327));
#5208 = CARTESIAN_POINT('',(-2.676641878587,-2.053859551066,
    5.942735729628));
#5209 = CARTESIAN_POINT('',(-2.69740135699,-2.06978885863,6.));
#5210 = ORIENTED_EDGE('',*,*,#877,.T.);
#5211 = ( BOUNDED_SURFACE() B_SPLINE_SURFACE(1,3,(
    (#5212,#5213,#5214,#5215,#5216,#5217,#5218,#5219,#5220,#5221,#5222
      ,#5223,#5224,#5225,#5226,#5227,#5228,#5229,#5230,#5231,#5232,#5233
      ,#5234,#5235,#5236,#5237,#5238,#5239,#5240,#5241,#5242,#5243,#5244
      ,#5245,#5246,#5247,#5248,#5249,#5250,#5251,#5252,#5253,#5254,#5255
      ,#5256)
    ,(#5257,#5258,#5259,#5260,#5261,#5262,#5263,#5264,#5265,#5266,#5267
      ,#5268,#5269,#5270,#5271,#5272,#5273,#5274,#5275,#5276,#5277,#5278
      ,#5279,#5280,#5281,#5282,#5283,#5284,#5285,#5286,#5287,#5288,#5289
      ,#5290,#5291,#5292,#5293,#5294,#5295,#5296,#5297,#5298,#5299,#5300
,#5301
    )),.UNSPECIFIED.,.F.,.F.,.F.) B_SPLINE_SURFACE_WITH_KNOTS((2,2),(4,1
    ,1,1,1,1,1,1,1,1,1,1,1,1,1,1,1,1,1,1,1,1,1,1,1,1,1,1,1,1,1,1,1,1,1,1
    ,1,1,1,1,1,1,4),(28.,29.),(0.,2.367208350872E-02,4.740980147591E-02,
    7.134334288179E-02,9.527688428768E-02,0.119185059348,0.142857142857,
    0.166529226366,0.190437401427,0.214370942832,0.238304484238,
    0.262042202206,0.285714285714,0.309386369223,0.33312408719,
    0.357057628596,0.380991170002,0.404899345063,0.428571428571,
    0.45224351208,0.476151687141,0.500085228547,0.524018769953,
    0.54775648792,0.571428571429,0.595100654937,0.618838372904,
    0.64277191431,0.666705455716,0.690613630777,0.714285714286,
    0.737957797794,0.761865972855,0.785799514261,0.809733055667,
    0.833470773634,0.857142857143,0.880814940652,0.904552658619,
    0.928486200025,0.952419741431,0.976327916491,1.),.UNSPECIFIED.) 
GEOMETRIC_REPRESENTATION_ITEM() RATIONAL_B_SPLINE_SURFACE((
    (1.,1.000000000024,0.999999999989,1.000000000003,0.999999999999,1.
      ,1.,1.,1.,1.,1.,1.,1.,1.,1.,1.,1.,1.,1.,1.,1.,1.,1.,1.,1.,1.,1.,1.
      ,1.,1.,1.,1.,1.,1.,1.,1.,1.,1.,1.,1.,1.000000000002,0.999999999993
      ,1.000000000024,0.999999999948,1.)
    ,(1.,1.000000000024,0.999999999989,1.000000000003,0.999999999999,1.
      ,1.,1.,1.,1.,1.,1.,1.,1.,1.,1.,1.,1.,1.,1.,1.,1.,1.,1.,1.,1.,1.,1.
      ,1.,1.,1.,1.,1.,1.,1.,1.,1.,1.,1.,1.,1.000000000002,0.999999999993
,1.000000000024,0.999999999948,1.
  ))) REPRESENTATION_ITEM('') SURFACE() );
#5212 = CARTESIAN_POINT('',(-3.723909236273,-2.15,-1.));
#5213 = CARTESIAN_POINT('',(-3.500990442195,-2.021297774277,
    -0.945915960696));
#5214 = CARTESIAN_POINT('',(-3.810227577245,-2.199835917374,
    -0.832465754706));
#5215 = CARTESIAN_POINT('',(-3.757141912696,-2.169186894684,
    -0.666031992455));
#5216 = CARTESIAN_POINT('',(-3.50165936443,-2.021683976662,
    -0.500065658372));
#5217 = CARTESIAN_POINT('',(-3.291309576745,-1.900238470121,
    -0.333310426054));
#5218 = CARTESIAN_POINT('',(-3.034723428291,-1.75209838824,
    -0.167651462254));
#5219 = CARTESIAN_POINT('',(-2.918869864801,-1.685210302172,
    -9.481367651137E-07));
#5220 = CARTESIAN_POINT('',(-2.957226317925,-1.707355410709,
    0.167655273713));
#5221 = CARTESIAN_POINT('',(-2.919136175231,-1.685364056571,
    0.333296937213));
#5222 = CARTESIAN_POINT('',(-3.033115125155,-1.751169833991,
    0.500115802373));
#5223 = CARTESIAN_POINT('',(-3.292411735301,-1.900874801659,
    0.665845574726));
#5224 = CARTESIAN_POINT('',(-3.492842375897,-2.016593485961,
    0.833154316416));
#5225 = CARTESIAN_POINT('',(-3.789776729952,-2.188028615206,
    0.999999999649));
#5226 = CARTESIAN_POINT('',(-3.691140866609,-2.131081172953,
    1.16684568499));
#5227 = CARTESIAN_POINT('',(-3.789382058143,-2.187800751331,
    1.334154420322));
#5228 = CARTESIAN_POINT('',(-3.492990154801,-2.016678806151,
    1.499884216189));
#5229 = CARTESIAN_POINT('',(-3.293630507628,-1.90157846019,
    1.666702993586));
#5230 = CARTESIAN_POINT('',(-3.034108660407,-1.751743451837,
    1.832344983153));
#5231 = CARTESIAN_POINT('',(-2.919033845313,-1.685304976365,2.));
#5232 = CARTESIAN_POINT('',(-2.957181892866,-1.707329761889,
    2.167655016847));
#5233 = CARTESIAN_POINT('',(-2.919148143135,-1.685370966243,
    2.333297006412));
#5234 = CARTESIAN_POINT('',(-3.033111916029,-1.751167981201,
    2.500115783817));
#5235 = CARTESIAN_POINT('',(-3.292412587432,-1.900875293637,
    2.665845579653));
#5236 = CARTESIAN_POINT('',(-3.49284214907,-2.016593355002,
    2.833154315104));
#5237 = CARTESIAN_POINT('',(-3.789776790635,-2.188028650242,3.));
#5238 = CARTESIAN_POINT('',(-3.691140850368,-2.131081163577,
    3.166845684896));
#5239 = CARTESIAN_POINT('',(-3.789382062295,-2.187800753728,
    3.334154420345));
#5240 = CARTESIAN_POINT('',(-3.492990154607,-2.016678806039,
    3.49988421619));
#5241 = CARTESIAN_POINT('',(-3.293630504242,-1.901578458235,
    3.666702993561));
#5242 = CARTESIAN_POINT('',(-3.034108674075,-1.751743459728,
    3.832344983253));
#5243 = CARTESIAN_POINT('',(-2.919033794574,-1.685304947071,
    3.999999999629));
#5244 = CARTESIAN_POINT('',(-2.957182083168,-1.70732987176,
    4.167655018238));
#5245 = CARTESIAN_POINT('',(-2.919147424667,-1.685370551435,
    4.333297001163));
#5246 = CARTESIAN_POINT('',(-3.03311459968,-1.751169530608,
    4.500115803424));
#5247 = CARTESIAN_POINT('',(-3.292402607133,-1.900869531508,
    4.665845506737));
#5248 = CARTESIAN_POINT('',(-3.492879013701,-2.016614638808,
    4.833154584436));
#5249 = CARTESIAN_POINT('',(-3.789639595936,-2.18794944084,
    4.999998997659));
#5250 = CARTESIAN_POINT('',(-3.691653525318,-2.131377156617,
    5.166849430487));
#5251 = CARTESIAN_POINT('',(-3.787456117613,-2.186688808975,
    5.334140349441));
#5252 = CARTESIAN_POINT('',(-3.500243250955,-2.020866383444,
    5.499937207133));
#5253 = CARTESIAN_POINT('',(-3.266581289098,-1.885961585561,
    5.666505372662));
#5254 = CARTESIAN_POINT('',(-3.134515812586,-1.809713551995,
    5.833078555327));
#5255 = CARTESIAN_POINT('',(-2.743133811279,-1.58374903622,
    5.942735729628));
#5256 = CARTESIAN_POINT('',(-2.944486372867,-1.7,6.));
#5257 = CARTESIAN_POINT('',(-3.370027015063,-2.585912678876,-1.));
#5258 = CARTESIAN_POINT('',(-3.330506173093,-2.555587270432,
    -0.945915960696));
#5259 = CARTESIAN_POINT('',(-3.438583236125,-2.638517717403,
    -0.832465754706));
#5260 = CARTESIAN_POINT('',(-3.438162261865,-2.638194692603,
    -0.666031992455));
#5261 = CARTESIAN_POINT('',(-3.275727411446,-2.513554048059,
    -0.500065658372));
#5262 = CARTESIAN_POINT('',(-3.057837741324,-2.34636142378,
    -0.333310426054));
#5263 = CARTESIAN_POINT('',(-2.851634303568,-2.188135960973,
    -0.167651462254));
#5264 = CARTESIAN_POINT('',(-2.656084348722,-2.038085203123,
    -9.481367651137E-07));
#5265 = CARTESIAN_POINT('',(-2.709260586965,-2.078888765846,
    0.167655273713));
#5266 = CARTESIAN_POINT('',(-2.69169063087,-2.065406864357,
    0.333296937213));
#5267 = CARTESIAN_POINT('',(-2.708325781658,-2.078171464505,
    0.500115802373));
#5268 = CARTESIAN_POINT('',(-2.969149579017,-2.278308603326,
    0.665845574726));
#5269 = CARTESIAN_POINT('',(-3.14732631785,-2.415028423663,
    0.833154316416));
#5270 = CARTESIAN_POINT('',(-3.417999085598,-2.622722943267,
    0.999999999649));
#5271 = CARTESIAN_POINT('',(-3.400573410388,-2.609351752394,
    1.16684568499));
#5272 = CARTESIAN_POINT('',(-3.44845259824,-2.646090745395,
    1.334154420322));
#5273 = CARTESIAN_POINT('',(-3.272960392813,-2.511430839992,
    1.499884216189));
#5274 = CARTESIAN_POINT('',(-3.05857853077,-2.346929851513,
    1.666702993586));
#5275 = CARTESIAN_POINT('',(-2.851438083351,-2.187985395906,
    1.832344983153));
#5276 = CARTESIAN_POINT('',(-2.656136687649,-2.038125364194,2.));
#5277 = CARTESIAN_POINT('',(-2.709246407475,-2.078877885541,
    2.167655016847));
#5278 = CARTESIAN_POINT('',(-2.691694450758,-2.06540979546,
    2.333297006412));
#5279 = CARTESIAN_POINT('',(-2.708324757376,-2.078170678546,
    2.500115783817));
#5280 = CARTESIAN_POINT('',(-2.969149850998,-2.278308812025,
    2.665845579653));
#5281 = CARTESIAN_POINT('',(-3.147326245451,-2.415028368109,
    2.833154315104));
#5282 = CARTESIAN_POINT('',(-3.417999104968,-2.62272295813,3.));
#5283 = CARTESIAN_POINT('',(-3.400573405196,-2.609351748411,
    3.166845684896));
#5284 = CARTESIAN_POINT('',(-3.448452599594,-2.646090746435,
    3.334154420345));
#5285 = CARTESIAN_POINT('',(-3.27296039264,-2.511430839859,3.49988421619
    ));
#5286 = CARTESIAN_POINT('',(-3.058578530104,-2.346929851002,
    3.666702993561));
#5287 = CARTESIAN_POINT('',(-2.851438086175,-2.187985398073,
    3.832344983253));
#5288 = CARTESIAN_POINT('',(-2.656136677136,-2.038125356127,
    3.999999999629));
#5289 = CARTESIAN_POINT('',(-2.709246446916,-2.078877915804,
    4.167655018238));
#5290 = CARTESIAN_POINT('',(-2.691694301853,-2.065409681201,
    4.333297001163));
#5291 = CARTESIAN_POINT('',(-2.708325313573,-2.078171105331,
    4.500115803424));
#5292 = CARTESIAN_POINT('',(-2.969147782541,-2.278307224841,
    4.665845506737));
#5293 = CARTESIAN_POINT('',(-3.147333885797,-2.415034230752,
    4.833154584436));
#5294 = CARTESIAN_POINT('',(-3.417970670807,-2.622701139831,
    4.999998997659));
#5295 = CARTESIAN_POINT('',(-3.400679659172,-2.609433279953,
    5.166849430487));
#5296 = CARTESIAN_POINT('',(-3.448053439698,-2.645784460278,
    5.334140349441));
#5297 = CARTESIAN_POINT('',(-3.274463626462,-2.512584311724,
    5.499937207133));
#5298 = CARTESIAN_POINT('',(-3.052972469861,-2.34262816974,
    5.666505372662));
#5299 = CARTESIAN_POINT('',(-2.872247875458,-2.203953310783,
    5.833078555327));
#5300 = CARTESIAN_POINT('',(-2.676641878587,-2.053859551066,
    5.942735729628));
#5301 = CARTESIAN_POINT('',(-2.69740135699,-2.06978885863,6.));
#5302 = ADVANCED_FACE('',(#5303),#5356,.F.);
#5303 = FACE_BOUND('',#5304,.F.);
#5304 = EDGE_LOOP('',(#5305,#5306,#5307,#5355));
#5305 = ORIENTED_EDGE('',*,*,#5163,.F.);
#5306 = ORIENTED_EDGE('',*,*,#352,.F.);
#5307 = ORIENTED_EDGE('',*,*,#5308,.T.);
#5308 = EDGE_CURVE('',#343,#858,#5309,.T.);
#5309 = ( BOUNDED_CURVE() B_SPLINE_CURVE(3,(#5310,#5311,#5312,#5313,
    #5314,#5315,#5316,#5317,#5318,#5319,#5320,#5321,#5322,#5323,#5324,
    #5325,#5326,#5327,#5328,#5329,#5330,#5331,#5332,#5333,#5334,#5335,
    #5336,#5337,#5338,#5339,#5340,#5341,#5342,#5343,#5344,#5345,#5346,
    #5347,#5348,#5349,#5350,#5351,#5352,#5353,#5354),.UNSPECIFIED.,.F.,
.F.) B_SPLINE_CURVE_WITH_KNOTS((4,1,1,1,1,1,1,1,1,1,1,1,1,1,1,1,1,1,1,1,
    1,1,1,1,1,1,1,1,1,1,1,1,1,1,1,1,1,1,1,1,1,1,4),(0.,
    2.367208350872E-02,4.740980147591E-02,7.134334288179E-02,
    9.527688428768E-02,0.119185059348,0.142857142857,0.166529226366,
    0.190437401427,0.214370942832,0.238304484238,0.262042202206,
    0.285714285714,0.309386369223,0.33312408719,0.357057628596,
    0.380991170002,0.404899345063,0.428571428571,0.45224351208,
    0.476151687141,0.500085228547,0.524018769953,0.54775648792,
    0.571428571429,0.595100654937,0.618838372904,0.64277191431,
    0.666705455716,0.690613630777,0.714285714286,0.737957797794,
    0.761865972855,0.785799514261,0.809733055667,0.833470773634,
    0.857142857143,0.880814940652,0.904552658619,0.928486200025,
0.952419741431,0.976327916491,1.),.UNSPECIFIED.) CURVE() 
GEOMETRIC_REPRESENTATION_ITEM() RATIONAL_B_SPLINE_CURVE((1.,
    1.000000000024,0.999999999989,1.000000000003,0.999999999999,1.,1.,1.
    ,1.,1.,1.,1.,1.,1.,1.,1.,1.,1.,1.,1.,1.,1.,1.,1.,1.,1.,1.,1.,1.,1.,
    1.,1.,1.,1.,1.,1.,1.,1.,1.,1.,1.000000000002,0.999999999993,
1.000000000024,0.999999999948,1.)) REPRESENTATION_ITEM('') );
#5310 = CARTESIAN_POINT('',(-2.957550971745,-2.957550971745,-1.));
#5311 = CARTESIAN_POINT('',(-3.07713769046,-3.077137690541,
    -0.945915960696));
#5312 = CARTESIAN_POINT('',(-3.019060542962,-3.019060542924,
    -0.832465754706));
#5313 = CARTESIAN_POINT('',(-3.06094489335,-3.06094489336,
    -0.666031992455));
#5314 = CARTESIAN_POINT('',(-2.980184801283,-2.98018480128,
    -0.500065658372));
#5315 = CARTESIAN_POINT('',(-2.763477458136,-2.763477458137,
    -0.333310426054));
#5316 = CARTESIAN_POINT('',(-2.605421423328,-2.605421423328,
    -0.167651462254));
#5317 = CARTESIAN_POINT('',(-2.351421413004,-2.351421413004,
    -9.481367651137E-07));
#5318 = CARTESIAN_POINT('',(-2.414923289625,-2.414923289624,
    0.167655273713));
#5319 = CARTESIAN_POINT('',(-2.414597901112,-2.414597901112,
    0.333296937213));
#5320 = CARTESIAN_POINT('',(-2.351584036749,-2.351584036749,
    0.500115802373));
#5321 = CARTESIAN_POINT('',(-2.60333353843,-2.60333353843,0.665845574726
    ));
#5322 = CARTESIAN_POINT('',(-2.762749703466,-2.762749703466,
    0.833154316416));
#5323 = CARTESIAN_POINT('',(-2.982536354065,-2.982536354065,
    0.999999999649));
#5324 = CARTESIAN_POINT('',(-3.052272159188,-3.052272159188,
    1.16684568499));
#5325 = CARTESIAN_POINT('',(-3.051953568189,-3.051953568189,
    1.334154420322));
#5326 = CARTESIAN_POINT('',(-2.982602522468,-2.982602522468,
    1.499884216189));
#5327 = CARTESIAN_POINT('',(-2.762830183009,-2.762830183009,
    1.666702993586));
#5328 = CARTESIAN_POINT('',(-2.605592873483,-2.605592873483,
    1.832344983153));
#5329 = CARTESIAN_POINT('',(-2.351375681135,-2.351375681135,2.));
#5330 = CARTESIAN_POINT('',(-2.414935679151,-2.414935679151,
    2.167655016847));
#5331 = CARTESIAN_POINT('',(-2.414594563431,-2.414594563431,
    2.333297006412));
#5332 = CARTESIAN_POINT('',(-2.351584931729,-2.351584931729,
    2.500115783817));
#5333 = CARTESIAN_POINT('',(-2.603333300783,-2.603333300783,
    2.665845579653));
#5334 = CARTESIAN_POINT('',(-2.762749766725,-2.762749766725,
    2.833154315104));
#5335 = CARTESIAN_POINT('',(-2.982536337145,-2.982536337145,3.));
#5336 = CARTESIAN_POINT('',(-3.052272163704,-3.052272163704,
    3.166845684896));
#5337 = CARTESIAN_POINT('',(-3.051953567081,-3.051953567081,
    3.334154420345));
#5338 = CARTESIAN_POINT('',(-2.982602522336,-2.982602522336,
    3.49988421619));
#5339 = CARTESIAN_POINT('',(-2.76283018465,-2.76283018465,3.666702993561
    ));
#5340 = CARTESIAN_POINT('',(-2.605592867088,-2.605592867088,
    3.832344983253));
#5341 = CARTESIAN_POINT('',(-2.351375704821,-2.351375704821,
    3.999999999629));
#5342 = CARTESIAN_POINT('',(-2.414935590331,-2.414935590331,
    4.167655018238));
#5343 = CARTESIAN_POINT('',(-2.414594898761,-2.414594898761,
    4.333297001163));
#5344 = CARTESIAN_POINT('',(-2.351583679193,-2.351583679193,
    4.500115803424));
#5345 = CARTESIAN_POINT('',(-2.603337958871,-2.603337958871,
    4.665845506737));
#5346 = CARTESIAN_POINT('',(-2.762732560957,-2.762732560956,
    4.833154584436));
#5347 = CARTESIAN_POINT('',(-2.982600369799,-2.9826003698,4.999998997659
    ));
#5348 = CARTESIAN_POINT('',(-3.052032883776,-3.052032883772,
    5.166849430487));
#5349 = CARTESIAN_POINT('',(-3.052852460042,-3.05285246006,
    5.334140349441));
#5350 = CARTESIAN_POINT('',(-2.979217296729,-2.979217296664,
    5.499937207133));
#5351 = CARTESIAN_POINT('',(-2.775454819887,-2.775454820132,
    5.666505372662));
#5352 = CARTESIAN_POINT('',(-2.558730010179,-2.55873000927,
    5.833078555327));
#5353 = CARTESIAN_POINT('',(-2.535775068554,-2.535775070495,
    5.942735729628));
#5354 = CARTESIAN_POINT('',(-2.404163056034,-2.404163056034,6.));
#5355 = ORIENTED_EDGE('',*,*,#867,.T.);
#5356 = ( BOUNDED_SURFACE() B_SPLINE_SURFACE(1,3,(
    (#5357,#5358,#5359,#5360,#5361,#5362,#5363,#5364,#5365,#5366,#5367
      ,#5368,#5369,#5370,#5371,#5372,#5373,#5374,#5375,#5376,#5377,#5378
      ,#5379,#5380,#5381,#5382,#5383,#5384,#5385,#5386,#5387,#5388,#5389
      ,#5390,#5391,#5392,#5393,#5394,#5395,#5396,#5397,#5398,#5399,#5400
      ,#5401)
    ,(#5402,#5403,#5404,#5405,#5406,#5407,#5408,#5409,#5410,#5411,#5412
      ,#5413,#5414,#5415,#5416,#5417,#5418,#5419,#5420,#5421,#5422,#5423
      ,#5424,#5425,#5426,#5427,#5428,#5429,#5430,#5431,#5432,#5433,#5434
      ,#5435,#5436,#5437,#5438,#5439,#5440,#5441,#5442,#5443,#5444,#5445
,#5446
    )),.UNSPECIFIED.,.F.,.F.,.F.) B_SPLINE_SURFACE_WITH_KNOTS((2,2),(4,1
    ,1,1,1,1,1,1,1,1,1,1,1,1,1,1,1,1,1,1,1,1,1,1,1,1,1,1,1,1,1,1,1,1,1,1
    ,1,1,1,1,1,1,4),(29.,30.),(0.,2.367208350872E-02,4.740980147591E-02,
    7.134334288179E-02,9.527688428768E-02,0.119185059348,0.142857142857,
    0.166529226366,0.190437401427,0.214370942832,0.238304484238,
    0.262042202206,0.285714285714,0.309386369223,0.33312408719,
    0.357057628596,0.380991170002,0.404899345063,0.428571428571,
    0.45224351208,0.476151687141,0.500085228547,0.524018769953,
    0.54775648792,0.571428571429,0.595100654937,0.618838372904,
    0.64277191431,0.666705455716,0.690613630777,0.714285714286,
    0.737957797794,0.761865972855,0.785799514261,0.809733055667,
    0.833470773634,0.857142857143,0.880814940652,0.904552658619,
    0.928486200025,0.952419741431,0.976327916491,1.),.UNSPECIFIED.) 
GEOMETRIC_REPRESENTATION_ITEM() RATIONAL_B_SPLINE_SURFACE((
    (1.,1.000000000024,0.999999999989,1.000000000003,0.999999999999,1.
      ,1.,1.,1.,1.,1.,1.,1.,1.,1.,1.,1.,1.,1.,1.,1.,1.,1.,1.,1.,1.,1.,1.
      ,1.,1.,1.,1.,1.,1.,1.,1.,1.,1.,1.,1.,1.000000000002,0.999999999993
      ,1.000000000024,0.999999999948,1.)
    ,(1.,1.000000000024,0.999999999989,1.000000000003,0.999999999999,1.
      ,1.,1.,1.,1.,1.,1.,1.,1.,1.,1.,1.,1.,1.,1.,1.,1.,1.,1.,1.,1.,1.,1.
      ,1.,1.,1.,1.,1.,1.,1.,1.,1.,1.,1.,1.,1.000000000002,0.999999999993
,1.000000000024,0.999999999948,1.
  ))) REPRESENTATION_ITEM('') SURFACE() );
#5357 = CARTESIAN_POINT('',(-3.370027015063,-2.585912678876,-1.));
#5358 = CARTESIAN_POINT('',(-3.330506173093,-2.555587270432,
    -0.945915960696));
#5359 = CARTESIAN_POINT('',(-3.438583236125,-2.638517717403,
    -0.832465754706));
#5360 = CARTESIAN_POINT('',(-3.438162261865,-2.638194692603,
    -0.666031992455));
#5361 = CARTESIAN_POINT('',(-3.275727411446,-2.513554048059,
    -0.500065658372));
#5362 = CARTESIAN_POINT('',(-3.057837741324,-2.34636142378,
    -0.333310426054));
#5363 = CARTESIAN_POINT('',(-2.851634303568,-2.188135960973,
    -0.167651462254));
#5364 = CARTESIAN_POINT('',(-2.656084348722,-2.038085203123,
    -9.481367651137E-07));
#5365 = CARTESIAN_POINT('',(-2.709260586965,-2.078888765846,
    0.167655273713));
#5366 = CARTESIAN_POINT('',(-2.69169063087,-2.065406864357,
    0.333296937213));
#5367 = CARTESIAN_POINT('',(-2.708325781658,-2.078171464505,
    0.500115802373));
#5368 = CARTESIAN_POINT('',(-2.969149579017,-2.278308603326,
    0.665845574726));
#5369 = CARTESIAN_POINT('',(-3.14732631785,-2.415028423663,
    0.833154316416));
#5370 = CARTESIAN_POINT('',(-3.417999085598,-2.622722943267,
    0.999999999649));
#5371 = CARTESIAN_POINT('',(-3.400573410388,-2.609351752394,
    1.16684568499));
#5372 = CARTESIAN_POINT('',(-3.44845259824,-2.646090745395,
    1.334154420322));
#5373 = CARTESIAN_POINT('',(-3.272960392813,-2.511430839992,
    1.499884216189));
#5374 = CARTESIAN_POINT('',(-3.05857853077,-2.346929851513,
    1.666702993586));
#5375 = CARTESIAN_POINT('',(-2.851438083351,-2.187985395906,
    1.832344983153));
#5376 = CARTESIAN_POINT('',(-2.656136687649,-2.038125364194,2.));
#5377 = CARTESIAN_POINT('',(-2.709246407475,-2.078877885541,
    2.167655016847));
#5378 = CARTESIAN_POINT('',(-2.691694450758,-2.06540979546,
    2.333297006412));
#5379 = CARTESIAN_POINT('',(-2.708324757376,-2.078170678546,
    2.500115783817));
#5380 = CARTESIAN_POINT('',(-2.969149850998,-2.278308812025,
    2.665845579653));
#5381 = CARTESIAN_POINT('',(-3.147326245451,-2.415028368109,
    2.833154315104));
#5382 = CARTESIAN_POINT('',(-3.417999104968,-2.62272295813,3.));
#5383 = CARTESIAN_POINT('',(-3.400573405196,-2.609351748411,
    3.166845684896));
#5384 = CARTESIAN_POINT('',(-3.448452599594,-2.646090746435,
    3.334154420345));
#5385 = CARTESIAN_POINT('',(-3.27296039264,-2.511430839859,3.49988421619
    ));
#5386 = CARTESIAN_POINT('',(-3.058578530104,-2.346929851002,
    3.666702993561));
#5387 = CARTESIAN_POINT('',(-2.851438086175,-2.187985398073,
    3.832344983253));
#5388 = CARTESIAN_POINT('',(-2.656136677136,-2.038125356127,
    3.999999999629));
#5389 = CARTESIAN_POINT('',(-2.709246446916,-2.078877915804,
    4.167655018238));
#5390 = CARTESIAN_POINT('',(-2.691694301853,-2.065409681201,
    4.333297001163));
#5391 = CARTESIAN_POINT('',(-2.708325313573,-2.078171105331,
    4.500115803424));
#5392 = CARTESIAN_POINT('',(-2.969147782541,-2.278307224841,
    4.665845506737));
#5393 = CARTESIAN_POINT('',(-3.147333885797,-2.415034230752,
    4.833154584436));
#5394 = CARTESIAN_POINT('',(-3.417970670807,-2.622701139831,
    4.999998997659));
#5395 = CARTESIAN_POINT('',(-3.400679659172,-2.609433279953,
    5.166849430487));
#5396 = CARTESIAN_POINT('',(-3.448053439698,-2.645784460278,
    5.334140349441));
#5397 = CARTESIAN_POINT('',(-3.274463626462,-2.512584311724,
    5.499937207133));
#5398 = CARTESIAN_POINT('',(-3.052972469861,-2.34262816974,
    5.666505372662));
#5399 = CARTESIAN_POINT('',(-2.872247875458,-2.203953310783,
    5.833078555327));
#5400 = CARTESIAN_POINT('',(-2.676641878587,-2.053859551066,
    5.942735729628));
#5401 = CARTESIAN_POINT('',(-2.69740135699,-2.06978885863,6.));
#5402 = CARTESIAN_POINT('',(-2.957550971745,-2.957550971745,-1.));
#5403 = CARTESIAN_POINT('',(-3.07713769046,-3.077137690541,
    -0.945915960696));
#5404 = CARTESIAN_POINT('',(-3.019060542962,-3.019060542924,
    -0.832465754706));
#5405 = CARTESIAN_POINT('',(-3.06094489335,-3.06094489336,
    -0.666031992455));
#5406 = CARTESIAN_POINT('',(-2.980184801283,-2.98018480128,
    -0.500065658372));
#5407 = CARTESIAN_POINT('',(-2.763477458136,-2.763477458137,
    -0.333310426054));
#5408 = CARTESIAN_POINT('',(-2.605421423328,-2.605421423328,
    -0.167651462254));
#5409 = CARTESIAN_POINT('',(-2.351421413004,-2.351421413004,
    -9.481367651137E-07));
#5410 = CARTESIAN_POINT('',(-2.414923289625,-2.414923289624,
    0.167655273713));
#5411 = CARTESIAN_POINT('',(-2.414597901112,-2.414597901112,
    0.333296937213));
#5412 = CARTESIAN_POINT('',(-2.351584036749,-2.351584036749,
    0.500115802373));
#5413 = CARTESIAN_POINT('',(-2.60333353843,-2.60333353843,0.665845574726
    ));
#5414 = CARTESIAN_POINT('',(-2.762749703466,-2.762749703466,
    0.833154316416));
#5415 = CARTESIAN_POINT('',(-2.982536354065,-2.982536354065,
    0.999999999649));
#5416 = CARTESIAN_POINT('',(-3.052272159188,-3.052272159188,
    1.16684568499));
#5417 = CARTESIAN_POINT('',(-3.051953568189,-3.051953568189,
    1.334154420322));
#5418 = CARTESIAN_POINT('',(-2.982602522468,-2.982602522468,
    1.499884216189));
#5419 = CARTESIAN_POINT('',(-2.762830183009,-2.762830183009,
    1.666702993586));
#5420 = CARTESIAN_POINT('',(-2.605592873483,-2.605592873483,
    1.832344983153));
#5421 = CARTESIAN_POINT('',(-2.351375681135,-2.351375681135,2.));
#5422 = CARTESIAN_POINT('',(-2.414935679151,-2.414935679151,
    2.167655016847));
#5423 = CARTESIAN_POINT('',(-2.414594563431,-2.414594563431,
    2.333297006412));
#5424 = CARTESIAN_POINT('',(-2.351584931729,-2.351584931729,
    2.500115783817));
#5425 = CARTESIAN_POINT('',(-2.603333300783,-2.603333300783,
    2.665845579653));
#5426 = CARTESIAN_POINT('',(-2.762749766725,-2.762749766725,
    2.833154315104));
#5427 = CARTESIAN_POINT('',(-2.982536337145,-2.982536337145,3.));
#5428 = CARTESIAN_POINT('',(-3.052272163704,-3.052272163704,
    3.166845684896));
#5429 = CARTESIAN_POINT('',(-3.051953567081,-3.051953567081,
    3.334154420345));
#5430 = CARTESIAN_POINT('',(-2.982602522336,-2.982602522336,
    3.49988421619));
#5431 = CARTESIAN_POINT('',(-2.76283018465,-2.76283018465,3.666702993561
    ));
#5432 = CARTESIAN_POINT('',(-2.605592867088,-2.605592867088,
    3.832344983253));
#5433 = CARTESIAN_POINT('',(-2.351375704821,-2.351375704821,
    3.999999999629));
#5434 = CARTESIAN_POINT('',(-2.414935590331,-2.414935590331,
    4.167655018238));
#5435 = CARTESIAN_POINT('',(-2.414594898761,-2.414594898761,
    4.333297001163));
#5436 = CARTESIAN_POINT('',(-2.351583679193,-2.351583679193,
    4.500115803424));
#5437 = CARTESIAN_POINT('',(-2.603337958871,-2.603337958871,
    4.665845506737));
#5438 = CARTESIAN_POINT('',(-2.762732560957,-2.762732560956,
    4.833154584436));
#5439 = CARTESIAN_POINT('',(-2.982600369799,-2.9826003698,4.999998997659
    ));
#5440 = CARTESIAN_POINT('',(-3.052032883776,-3.052032883772,
    5.166849430487));
#5441 = CARTESIAN_POINT('',(-3.052852460042,-3.05285246006,
    5.334140349441));
#5442 = CARTESIAN_POINT('',(-2.979217296729,-2.979217296664,
    5.499937207133));
#5443 = CARTESIAN_POINT('',(-2.775454819887,-2.775454820132,
    5.666505372662));
#5444 = CARTESIAN_POINT('',(-2.558730010179,-2.55873000927,
    5.833078555327));
#5445 = CARTESIAN_POINT('',(-2.535775068554,-2.535775070495,
    5.942735729628));
#5446 = CARTESIAN_POINT('',(-2.404163056034,-2.404163056034,6.));
#5447 = ADVANCED_FACE('',(#5448),#5501,.F.);
#5448 = FACE_BOUND('',#5449,.F.);
#5449 = EDGE_LOOP('',(#5450,#5451,#5452,#5500));
#5450 = ORIENTED_EDGE('',*,*,#5308,.F.);
#5451 = ORIENTED_EDGE('',*,*,#342,.F.);
#5452 = ORIENTED_EDGE('',*,*,#5453,.T.);
#5453 = EDGE_CURVE('',#333,#848,#5454,.T.);
#5454 = ( BOUNDED_CURVE() B_SPLINE_CURVE(3,(#5455,#5456,#5457,#5458,
    #5459,#5460,#5461,#5462,#5463,#5464,#5465,#5466,#5467,#5468,#5469,
    #5470,#5471,#5472,#5473,#5474,#5475,#5476,#5477,#5478,#5479,#5480,
    #5481,#5482,#5483,#5484,#5485,#5486,#5487,#5488,#5489,#5490,#5491,
    #5492,#5493,#5494,#5495,#5496,#5497,#5498,#5499),.UNSPECIFIED.,.F.,
.F.) B_SPLINE_CURVE_WITH_KNOTS((4,1,1,1,1,1,1,1,1,1,1,1,1,1,1,1,1,1,1,1,
    1,1,1,1,1,1,1,1,1,1,1,1,1,1,1,1,1,1,1,1,1,1,4),(0.,
    2.367208350872E-02,4.740980147591E-02,7.134334288179E-02,
    9.527688428768E-02,0.119185059348,0.142857142857,0.166529226366,
    0.190437401427,0.214370942832,0.238304484238,0.262042202206,
    0.285714285714,0.309386369223,0.33312408719,0.357057628596,
    0.380991170002,0.404899345063,0.428571428571,0.45224351208,
    0.476151687141,0.500085228547,0.524018769953,0.54775648792,
    0.571428571429,0.595100654937,0.618838372904,0.64277191431,
    0.666705455716,0.690613630777,0.714285714286,0.737957797794,
    0.761865972855,0.785799514261,0.809733055667,0.833470773634,
    0.857142857143,0.880814940652,0.904552658619,0.928486200025,
0.952419741431,0.976327916491,1.),.UNSPECIFIED.) CURVE() 
GEOMETRIC_REPRESENTATION_ITEM() RATIONAL_B_SPLINE_CURVE((1.,
    1.000000000024,0.999999999989,1.000000000003,0.999999999999,1.,1.,1.
    ,1.,1.,1.,1.,1.,1.,1.,1.,1.,1.,1.,1.,1.,1.,1.,1.,1.,1.,1.,1.,1.,1.,
    1.,1.,1.,1.,1.,1.,1.,1.,1.,1.,1.000000000002,0.999999999993,
1.000000000024,0.999999999948,1.)) REPRESENTATION_ITEM('') );
#5455 = CARTESIAN_POINT('',(-2.506509014223,-3.26654614459,-1.));
#5456 = CARTESIAN_POINT('',(-2.724884466168,-3.551138574372,
    -0.945915960696));
#5457 = CARTESIAN_POINT('',(-2.568023119906,-3.346712887904,
    -0.832465754706));
#5458 = CARTESIAN_POINT('',(-2.630357004668,-3.427947988114,
    -0.666031992455));
#5459 = CARTESIAN_POINT('',(-2.6171245251,-3.410703084995,
    -0.500065658372));
#5460 = CARTESIAN_POINT('',(-2.416655628674,-3.149446932707,
    -0.333310426054));
#5461 = CARTESIAN_POINT('',(-2.279754923535,-2.971034460211,
    -0.167651462254));
#5462 = CARTESIAN_POINT('',(-2.078083616378,-2.70821129575,
    -9.481367651137E-07));
#5463 = CARTESIAN_POINT('',(-2.065481228371,-2.69178754394,
    0.167655273713));
#5464 = CARTESIAN_POINT('',(-2.078735687009,-2.709061090741,
    0.333296937213));
#5465 = CARTESIAN_POINT('',(-2.038319410184,-2.656389573307,
    0.500115802373));
#5466 = CARTESIAN_POINT('',(-2.186300843583,-2.849242732021,
    0.665845574726));
#5467 = CARTESIAN_POINT('',(-2.346737804148,-3.058328249772,
    0.833154316416));
#5468 = CARTESIAN_POINT('',(-2.511468703136,-3.273009737024,
    0.999999999649));
#5469 = CARTESIAN_POINT('',(-2.646413965657,-3.448873827086,
    1.16684568499));
#5470 = CARTESIAN_POINT('',(-2.609134382469,-3.400290128386,
    1.334154420322));
#5471 = CARTESIAN_POINT('',(-2.622831179278,-3.418140141514,
    1.499884216189));
#5472 = CARTESIAN_POINT('',(-2.415127836581,-3.147455875287,
    1.666702993586));
#5473 = CARTESIAN_POINT('',(-2.280159604915,-2.971561851252,
    1.832344983153));
#5474 = CARTESIAN_POINT('',(-2.077975673427,-2.708070621756,2.));
#5475 = CARTESIAN_POINT('',(-2.065510471918,-2.691825654873,
    2.167655016847));
#5476 = CARTESIAN_POINT('',(-2.078727808934,-2.709050823833,
    2.333297006412));
#5477 = CARTESIAN_POINT('',(-2.038321522646,-2.65639232632,
    2.500115783817));
#5478 = CARTESIAN_POINT('',(-2.186300282653,-2.849242001003,
    2.665845579653));
#5479 = CARTESIAN_POINT('',(-2.346737953461,-3.058328444359,
    2.833154315104));
#5480 = CARTESIAN_POINT('',(-2.511468663194,-3.273009684969,3.));
#5481 = CARTESIAN_POINT('',(-2.646413976338,-3.448873841005,
    3.166845684896));
#5482 = CARTESIAN_POINT('',(-2.609134379775,-3.400290124875,
    3.334154420345));
#5483 = CARTESIAN_POINT('',(-2.622831179259,-3.41814014149,3.49988421619
    ));
#5484 = CARTESIAN_POINT('',(-2.415127839354,-3.147455878901,
    3.666702993561));
#5485 = CARTESIAN_POINT('',(-2.280159593898,-2.971561836896,
    3.832344983253));
#5486 = CARTESIAN_POINT('',(-2.077975714279,-2.708070674996,
    3.999999999629));
#5487 = CARTESIAN_POINT('',(-2.065510318711,-2.691825455209,
    4.167655018238));
#5488 = CARTESIAN_POINT('',(-2.078728387352,-2.709051577642,
    4.333297001163));
#5489 = CARTESIAN_POINT('',(-2.038319362118,-2.656389510665,
    4.500115803424));
#5490 = CARTESIAN_POINT('',(-2.186308317497,-2.849252472217,
    4.665845506737));
#5491 = CARTESIAN_POINT('',(-2.346708274836,-3.058289766421,
    4.833154584436));
#5492 = CARTESIAN_POINT('',(-2.511579114589,-3.273153628036,
    4.999998997659));
#5493 = CARTESIAN_POINT('',(-2.646001236893,-3.448335948467,
    5.166849430487));
#5494 = CARTESIAN_POINT('',(-2.610684900894,-3.40231080342,
    5.334140349441));
#5495 = CARTESIAN_POINT('',(-2.616991925841,-3.410530277969,
    5.499937207133));
#5496 = CARTESIAN_POINT('',(-2.436904362706,-3.175835597811,
    5.666505372662));
#5497 = CARTESIAN_POINT('',(-2.199324775417,-2.86621584619,
    5.833078555327));
#5498 = CARTESIAN_POINT('',(-2.317537711765,-3.020273957555,
    5.942735729628));
#5499 = CARTESIAN_POINT('',(-2.109490690956,-2.749141792227,6.));
#5500 = ORIENTED_EDGE('',*,*,#857,.T.);
#5501 = ( BOUNDED_SURFACE() B_SPLINE_SURFACE(1,3,(
    (#5502,#5503,#5504,#5505,#5506,#5507,#5508,#5509,#5510,#5511,#5512
      ,#5513,#5514,#5515,#5516,#5517,#5518,#5519,#5520,#5521,#5522,#5523
      ,#5524,#5525,#5526,#5527,#5528,#5529,#5530,#5531,#5532,#5533,#5534
      ,#5535,#5536,#5537,#5538,#5539,#5540,#5541,#5542,#5543,#5544,#5545
      ,#5546)
    ,(#5547,#5548,#5549,#5550,#5551,#5552,#5553,#5554,#5555,#5556,#5557
      ,#5558,#5559,#5560,#5561,#5562,#5563,#5564,#5565,#5566,#5567,#5568
      ,#5569,#5570,#5571,#5572,#5573,#5574,#5575,#5576,#5577,#5578,#5579
      ,#5580,#5581,#5582,#5583,#5584,#5585,#5586,#5587,#5588,#5589,#5590
,#5591
    )),.UNSPECIFIED.,.F.,.F.,.F.) B_SPLINE_SURFACE_WITH_KNOTS((2,2),(4,1
    ,1,1,1,1,1,1,1,1,1,1,1,1,1,1,1,1,1,1,1,1,1,1,1,1,1,1,1,1,1,1,1,1,1,1
    ,1,1,1,1,1,1,4),(30.,31.),(0.,2.367208350872E-02,4.740980147591E-02,
    7.134334288179E-02,9.527688428768E-02,0.119185059348,0.142857142857,
    0.166529226366,0.190437401427,0.214370942832,0.238304484238,
    0.262042202206,0.285714285714,0.309386369223,0.33312408719,
    0.357057628596,0.380991170002,0.404899345063,0.428571428571,
    0.45224351208,0.476151687141,0.500085228547,0.524018769953,
    0.54775648792,0.571428571429,0.595100654937,0.618838372904,
    0.64277191431,0.666705455716,0.690613630777,0.714285714286,
    0.737957797794,0.761865972855,0.785799514261,0.809733055667,
    0.833470773634,0.857142857143,0.880814940652,0.904552658619,
    0.928486200025,0.952419741431,0.976327916491,1.),.UNSPECIFIED.) 
GEOMETRIC_REPRESENTATION_ITEM() RATIONAL_B_SPLINE_SURFACE((
    (1.,1.000000000024,0.999999999989,1.000000000003,0.999999999999,1.
      ,1.,1.,1.,1.,1.,1.,1.,1.,1.,1.,1.,1.,1.,1.,1.,1.,1.,1.,1.,1.,1.,1.
      ,1.,1.,1.,1.,1.,1.,1.,1.,1.,1.,1.,1.,1.000000000002,0.999999999993
      ,1.000000000024,0.999999999948,1.)
    ,(1.,1.000000000024,0.999999999989,1.000000000003,0.999999999999,1.
      ,1.,1.,1.,1.,1.,1.,1.,1.,1.,1.,1.,1.,1.,1.,1.,1.,1.,1.,1.,1.,1.,1.
      ,1.,1.,1.,1.,1.,1.,1.,1.,1.,1.,1.,1.,1.000000000002,0.999999999993
,1.000000000024,0.999999999948,1.
  ))) REPRESENTATION_ITEM('') SURFACE() );
#5502 = CARTESIAN_POINT('',(-2.957550971745,-2.957550971745,-1.));
#5503 = CARTESIAN_POINT('',(-3.07713769046,-3.077137690541,
    -0.945915960696));
#5504 = CARTESIAN_POINT('',(-3.019060542962,-3.019060542924,
    -0.832465754706));
#5505 = CARTESIAN_POINT('',(-3.06094489335,-3.06094489336,
    -0.666031992455));
#5506 = CARTESIAN_POINT('',(-2.980184801283,-2.98018480128,
    -0.500065658372));
#5507 = CARTESIAN_POINT('',(-2.763477458136,-2.763477458137,
    -0.333310426054));
#5508 = CARTESIAN_POINT('',(-2.605421423328,-2.605421423328,
    -0.167651462254));
#5509 = CARTESIAN_POINT('',(-2.351421413004,-2.351421413004,
    -9.481367651137E-07));
#5510 = CARTESIAN_POINT('',(-2.414923289625,-2.414923289624,
    0.167655273713));
#5511 = CARTESIAN_POINT('',(-2.414597901112,-2.414597901112,
    0.333296937213));
#5512 = CARTESIAN_POINT('',(-2.351584036749,-2.351584036749,
    0.500115802373));
#5513 = CARTESIAN_POINT('',(-2.60333353843,-2.60333353843,0.665845574726
    ));
#5514 = CARTESIAN_POINT('',(-2.762749703466,-2.762749703466,
    0.833154316416));
#5515 = CARTESIAN_POINT('',(-2.982536354065,-2.982536354065,
    0.999999999649));
#5516 = CARTESIAN_POINT('',(-3.052272159188,-3.052272159188,
    1.16684568499));
#5517 = CARTESIAN_POINT('',(-3.051953568189,-3.051953568189,
    1.334154420322));
#5518 = CARTESIAN_POINT('',(-2.982602522468,-2.982602522468,
    1.499884216189));
#5519 = CARTESIAN_POINT('',(-2.762830183009,-2.762830183009,
    1.666702993586));
#5520 = CARTESIAN_POINT('',(-2.605592873483,-2.605592873483,
    1.832344983153));
#5521 = CARTESIAN_POINT('',(-2.351375681135,-2.351375681135,2.));
#5522 = CARTESIAN_POINT('',(-2.414935679151,-2.414935679151,
    2.167655016847));
#5523 = CARTESIAN_POINT('',(-2.414594563431,-2.414594563431,
    2.333297006412));
#5524 = CARTESIAN_POINT('',(-2.351584931729,-2.351584931729,
    2.500115783817));
#5525 = CARTESIAN_POINT('',(-2.603333300783,-2.603333300783,
    2.665845579653));
#5526 = CARTESIAN_POINT('',(-2.762749766725,-2.762749766725,
    2.833154315104));
#5527 = CARTESIAN_POINT('',(-2.982536337145,-2.982536337145,3.));
#5528 = CARTESIAN_POINT('',(-3.052272163704,-3.052272163704,
    3.166845684896));
#5529 = CARTESIAN_POINT('',(-3.051953567081,-3.051953567081,
    3.334154420345));
#5530 = CARTESIAN_POINT('',(-2.982602522336,-2.982602522336,
    3.49988421619));
#5531 = CARTESIAN_POINT('',(-2.76283018465,-2.76283018465,3.666702993561
    ));
#5532 = CARTESIAN_POINT('',(-2.605592867088,-2.605592867088,
    3.832344983253));
#5533 = CARTESIAN_POINT('',(-2.351375704821,-2.351375704821,
    3.999999999629));
#5534 = CARTESIAN_POINT('',(-2.414935590331,-2.414935590331,
    4.167655018238));
#5535 = CARTESIAN_POINT('',(-2.414594898761,-2.414594898761,
    4.333297001163));
#5536 = CARTESIAN_POINT('',(-2.351583679193,-2.351583679193,
    4.500115803424));
#5537 = CARTESIAN_POINT('',(-2.603337958871,-2.603337958871,
    4.665845506737));
#5538 = CARTESIAN_POINT('',(-2.762732560957,-2.762732560956,
    4.833154584436));
#5539 = CARTESIAN_POINT('',(-2.982600369799,-2.9826003698,4.999998997659
    ));
#5540 = CARTESIAN_POINT('',(-3.052032883776,-3.052032883772,
    5.166849430487));
#5541 = CARTESIAN_POINT('',(-3.052852460042,-3.05285246006,
    5.334140349441));
#5542 = CARTESIAN_POINT('',(-2.979217296729,-2.979217296664,
    5.499937207133));
#5543 = CARTESIAN_POINT('',(-2.775454819887,-2.775454820132,
    5.666505372662));
#5544 = CARTESIAN_POINT('',(-2.558730010179,-2.55873000927,
    5.833078555327));
#5545 = CARTESIAN_POINT('',(-2.535775068554,-2.535775070495,
    5.942735729628));
#5546 = CARTESIAN_POINT('',(-2.404163056034,-2.404163056034,6.));
#5547 = CARTESIAN_POINT('',(-2.506509014223,-3.26654614459,-1.));
#5548 = CARTESIAN_POINT('',(-2.724884466168,-3.551138574372,
    -0.945915960696));
#5549 = CARTESIAN_POINT('',(-2.568023119906,-3.346712887904,
    -0.832465754706));
#5550 = CARTESIAN_POINT('',(-2.630357004668,-3.427947988114,
    -0.666031992455));
#5551 = CARTESIAN_POINT('',(-2.6171245251,-3.410703084995,
    -0.500065658372));
#5552 = CARTESIAN_POINT('',(-2.416655628674,-3.149446932707,
    -0.333310426054));
#5553 = CARTESIAN_POINT('',(-2.279754923535,-2.971034460211,
    -0.167651462254));
#5554 = CARTESIAN_POINT('',(-2.078083616378,-2.70821129575,
    -9.481367651137E-07));
#5555 = CARTESIAN_POINT('',(-2.065481228371,-2.69178754394,
    0.167655273713));
#5556 = CARTESIAN_POINT('',(-2.078735687009,-2.709061090741,
    0.333296937213));
#5557 = CARTESIAN_POINT('',(-2.038319410184,-2.656389573307,
    0.500115802373));
#5558 = CARTESIAN_POINT('',(-2.186300843583,-2.849242732021,
    0.665845574726));
#5559 = CARTESIAN_POINT('',(-2.346737804148,-3.058328249772,
    0.833154316416));
#5560 = CARTESIAN_POINT('',(-2.511468703136,-3.273009737024,
    0.999999999649));
#5561 = CARTESIAN_POINT('',(-2.646413965657,-3.448873827086,
    1.16684568499));
#5562 = CARTESIAN_POINT('',(-2.609134382469,-3.400290128386,
    1.334154420322));
#5563 = CARTESIAN_POINT('',(-2.622831179278,-3.418140141514,
    1.499884216189));
#5564 = CARTESIAN_POINT('',(-2.415127836581,-3.147455875287,
    1.666702993586));
#5565 = CARTESIAN_POINT('',(-2.280159604915,-2.971561851252,
    1.832344983153));
#5566 = CARTESIAN_POINT('',(-2.077975673427,-2.708070621756,2.));
#5567 = CARTESIAN_POINT('',(-2.065510471918,-2.691825654873,
    2.167655016847));
#5568 = CARTESIAN_POINT('',(-2.078727808934,-2.709050823833,
    2.333297006412));
#5569 = CARTESIAN_POINT('',(-2.038321522646,-2.65639232632,
    2.500115783817));
#5570 = CARTESIAN_POINT('',(-2.186300282653,-2.849242001003,
    2.665845579653));
#5571 = CARTESIAN_POINT('',(-2.346737953461,-3.058328444359,
    2.833154315104));
#5572 = CARTESIAN_POINT('',(-2.511468663194,-3.273009684969,3.));
#5573 = CARTESIAN_POINT('',(-2.646413976338,-3.448873841005,
    3.166845684896));
#5574 = CARTESIAN_POINT('',(-2.609134379775,-3.400290124875,
    3.334154420345));
#5575 = CARTESIAN_POINT('',(-2.622831179259,-3.41814014149,3.49988421619
    ));
#5576 = CARTESIAN_POINT('',(-2.415127839354,-3.147455878901,
    3.666702993561));
#5577 = CARTESIAN_POINT('',(-2.280159593898,-2.971561836896,
    3.832344983253));
#5578 = CARTESIAN_POINT('',(-2.077975714279,-2.708070674996,
    3.999999999629));
#5579 = CARTESIAN_POINT('',(-2.065510318711,-2.691825455209,
    4.167655018238));
#5580 = CARTESIAN_POINT('',(-2.078728387352,-2.709051577642,
    4.333297001163));
#5581 = CARTESIAN_POINT('',(-2.038319362118,-2.656389510665,
    4.500115803424));
#5582 = CARTESIAN_POINT('',(-2.186308317497,-2.849252472217,
    4.665845506737));
#5583 = CARTESIAN_POINT('',(-2.346708274836,-3.058289766421,
    4.833154584436));
#5584 = CARTESIAN_POINT('',(-2.511579114589,-3.273153628036,
    4.999998997659));
#5585 = CARTESIAN_POINT('',(-2.646001236893,-3.448335948467,
    5.166849430487));
#5586 = CARTESIAN_POINT('',(-2.610684900894,-3.40231080342,
    5.334140349441));
#5587 = CARTESIAN_POINT('',(-2.616991925841,-3.410530277969,
    5.499937207133));
#5588 = CARTESIAN_POINT('',(-2.436904362706,-3.175835597811,
    5.666505372662));
#5589 = CARTESIAN_POINT('',(-2.199324775417,-2.86621584619,
    5.833078555327));
#5590 = CARTESIAN_POINT('',(-2.317537711765,-3.020273957555,
    5.942735729628));
#5591 = CARTESIAN_POINT('',(-2.109490690956,-2.749141792227,6.));
#5592 = ADVANCED_FACE('',(#5593),#5646,.F.);
#5593 = FACE_BOUND('',#5594,.F.);
#5594 = EDGE_LOOP('',(#5595,#5596,#5597,#5645));
#5595 = ORIENTED_EDGE('',*,*,#5453,.F.);
#5596 = ORIENTED_EDGE('',*,*,#332,.F.);
#5597 = ORIENTED_EDGE('',*,*,#5598,.T.);
#5598 = EDGE_CURVE('',#323,#838,#5599,.T.);
#5599 = ( BOUNDED_CURVE() B_SPLINE_CURVE(3,(#5600,#5601,#5602,#5603,
    #5604,#5605,#5606,#5607,#5608,#5609,#5610,#5611,#5612,#5613,#5614,
    #5615,#5616,#5617,#5618,#5619,#5620,#5621,#5622,#5623,#5624,#5625,
    #5626,#5627,#5628,#5629,#5630,#5631,#5632,#5633,#5634,#5635,#5636,
    #5637,#5638,#5639,#5640,#5641,#5642,#5643,#5644),.UNSPECIFIED.,.F.,
.F.) B_SPLINE_CURVE_WITH_KNOTS((4,1,1,1,1,1,1,1,1,1,1,1,1,1,1,1,1,1,1,1,
    1,1,1,1,1,1,1,1,1,1,1,1,1,1,1,1,1,1,1,1,1,1,4),(0.,
    2.367208350872E-02,4.740980147591E-02,7.134334288179E-02,
    9.527688428768E-02,0.119185059348,0.142857142857,0.166529226366,
    0.190437401427,0.214370942832,0.238304484238,0.262042202206,
    0.285714285714,0.309386369223,0.33312408719,0.357057628596,
    0.380991170002,0.404899345063,0.428571428571,0.45224351208,
    0.476151687141,0.500085228547,0.524018769953,0.54775648792,
    0.571428571429,0.595100654937,0.618838372904,0.64277191431,
    0.666705455716,0.690613630777,0.714285714286,0.737957797794,
    0.761865972855,0.785799514261,0.809733055667,0.833470773634,
    0.857142857143,0.880814940652,0.904552658619,0.928486200025,
0.952419741431,0.976327916491,1.),.UNSPECIFIED.) CURVE() 
GEOMETRIC_REPRESENTATION_ITEM() RATIONAL_B_SPLINE_CURVE((1.,
    1.000000000024,0.999999999989,1.000000000003,0.999999999999,1.,1.,1.
    ,1.,1.,1.,1.,1.,1.,1.,1.,1.,1.,1.,1.,1.,1.,1.,1.,1.,1.,1.,1.,1.,1.,
    1.,1.,1.,1.,1.,1.,1.,1.,1.,1.,1.000000000002,0.999999999993,
1.000000000024,0.999999999948,1.)) REPRESENTATION_ITEM('') );
#5600 = CARTESIAN_POINT('',(-2.026086956522,-3.509285549248,-1.));
#5601 = CARTESIAN_POINT('',(-2.273766146086,-3.938278489305,
    -0.945915960696));
#5602 = CARTESIAN_POINT('',(-2.095106467033,-3.628830848282,
    -0.832465754706));
#5603 = CARTESIAN_POINT('',(-2.156099309062,-3.734473549428,
    -0.666031992455));
#5604 = CARTESIAN_POINT('',(-2.181380950301,-3.778262636592,
    -0.500065658372));
#5605 = CARTESIAN_POINT('',(-2.018503592541,-3.49615077754,
    -0.333310426054));
#5606 = CARTESIAN_POINT('',(-1.901857776521,-3.294114297705,
    -0.167651462254));
#5607 = CARTESIAN_POINT('',(-1.751116539424,-3.033022816257,
    -9.481367651137E-07));
#5608 = CARTESIAN_POINT('',(-1.68526168095,-2.918958855455,
    0.167655273713));
#5609 = CARTESIAN_POINT('',(-1.707333709761,-2.957188730781,
    0.333296937213));
#5610 = CARTESIAN_POINT('',(-1.68547672552,-2.919331323576,
    0.500115802373));
#5611 = CARTESIAN_POINT('',(-1.750573637815,-3.032082483086,
    0.665845574726));
#5612 = CARTESIAN_POINT('',(-1.901321635442,-3.293185674116,
    0.833154316416));
#5613 = CARTESIAN_POINT('',(-2.016780621459,-3.493166504088,
    0.999999999649));
#5614 = CARTESIAN_POINT('',(-2.188129224316,-3.789950990041,
    1.16684568499));
#5615 = CARTESIAN_POINT('',(-2.130915413993,-3.690853763668,
    1.334154420322));
#5616 = CARTESIAN_POINT('',(-2.188152770421,-3.789991773092,
    1.499884216189));
#5617 = CARTESIAN_POINT('',(-2.016690632984,-3.493010639476,
    1.666702993586));
#5618 = CARTESIAN_POINT('',(-1.902337993023,-3.294946057084,
    1.832344983153));
#5619 = CARTESIAN_POINT('',(-1.750988448562,-3.032800956376,2.));
#5620 = CARTESIAN_POINT('',(-1.685296382903,-2.919018961001,
    2.167655016847));
#5621 = CARTESIAN_POINT('',(-1.707324361217,-2.957172538627,
    2.333297006412));
#5622 = CARTESIAN_POINT('',(-1.68547923228,-2.919335665411,
    2.500115783817));
#5623 = CARTESIAN_POINT('',(-1.750572972186,-3.032081330182,
    2.665845579653));
#5624 = CARTESIAN_POINT('',(-1.901321812625,-3.293185981005,
    2.833154315104));
#5625 = CARTESIAN_POINT('',(-2.016780574059,-3.493166421989,3.));
#5626 = CARTESIAN_POINT('',(-2.188129236996,-3.789951012003,
    3.166845684896));
#5627 = CARTESIAN_POINT('',(-2.130915410773,-3.690853758091,
    3.334154420345));
#5628 = CARTESIAN_POINT('',(-2.188152770486,-3.789991773204,
    3.49988421619));
#5629 = CARTESIAN_POINT('',(-2.016690635953,-3.493010644619,
    3.666702993561));
#5630 = CARTESIAN_POINT('',(-1.902337981146,-3.294946036512,
    3.832344983253));
#5631 = CARTESIAN_POINT('',(-1.750988492629,-3.032801032701,
    3.999999999629));
#5632 = CARTESIAN_POINT('',(-1.685296217636,-2.91901867475,
    4.167655018238));
#5633 = CARTESIAN_POINT('',(-1.707324985165,-2.957173619338,
    4.333297001163));
#5634 = CARTESIAN_POINT('',(-1.685476901684,-2.919331628701,
    4.500115803424));
#5635 = CARTESIAN_POINT('',(-1.750581639498,-3.032096342409,
    4.665845506737));
#5636 = CARTESIAN_POINT('',(-1.901289797826,-3.293130529744,
    4.833154584436));
#5637 = CARTESIAN_POINT('',(-2.016899719716,-3.493372788328,
    4.999998997659));
#5638 = CARTESIAN_POINT('',(-2.18768400847,-3.789179853542,
    5.166849430487));
#5639 = CARTESIAN_POINT('',(-2.132587982275,-3.693750737036,
    5.334140349441));
#5640 = CARTESIAN_POINT('',(-2.181853876042,-3.779081767528,
    5.499937207133));
#5641 = CARTESIAN_POINT('',(-2.040181313974,-3.533697694201,
    5.666505372662));
#5642 = CARTESIAN_POINT('',(-1.815140191894,-3.143915028741,
    5.833078555327));
#5643 = CARTESIAN_POINT('',(-1.987231695083,-3.441986276115,
    5.942735729628));
#5644 = CARTESIAN_POINT('',(-1.765217391304,-3.057446208143,6.));
#5645 = ORIENTED_EDGE('',*,*,#847,.T.);
#5646 = ( BOUNDED_SURFACE() B_SPLINE_SURFACE(1,3,(
    (#5647,#5648,#5649,#5650,#5651,#5652,#5653,#5654,#5655,#5656,#5657
      ,#5658,#5659,#5660,#5661,#5662,#5663,#5664,#5665,#5666,#5667,#5668
      ,#5669,#5670,#5671,#5672,#5673,#5674,#5675,#5676,#5677,#5678,#5679
      ,#5680,#5681,#5682,#5683,#5684,#5685,#5686,#5687,#5688,#5689,#5690
      ,#5691)
    ,(#5692,#5693,#5694,#5695,#5696,#5697,#5698,#5699,#5700,#5701,#5702
      ,#5703,#5704,#5705,#5706,#5707,#5708,#5709,#5710,#5711,#5712,#5713
      ,#5714,#5715,#5716,#5717,#5718,#5719,#5720,#5721,#5722,#5723,#5724
      ,#5725,#5726,#5727,#5728,#5729,#5730,#5731,#5732,#5733,#5734,#5735
,#5736
    )),.UNSPECIFIED.,.F.,.F.,.F.) B_SPLINE_SURFACE_WITH_KNOTS((2,2),(4,1
    ,1,1,1,1,1,1,1,1,1,1,1,1,1,1,1,1,1,1,1,1,1,1,1,1,1,1,1,1,1,1,1,1,1,1
    ,1,1,1,1,1,1,4),(31.,32.),(0.,2.367208350872E-02,4.740980147591E-02,
    7.134334288179E-02,9.527688428768E-02,0.119185059348,0.142857142857,
    0.166529226366,0.190437401427,0.214370942832,0.238304484238,
    0.262042202206,0.285714285714,0.309386369223,0.33312408719,
    0.357057628596,0.380991170002,0.404899345063,0.428571428571,
    0.45224351208,0.476151687141,0.500085228547,0.524018769953,
    0.54775648792,0.571428571429,0.595100654937,0.618838372904,
    0.64277191431,0.666705455716,0.690613630777,0.714285714286,
    0.737957797794,0.761865972855,0.785799514261,0.809733055667,
    0.833470773634,0.857142857143,0.880814940652,0.904552658619,
    0.928486200025,0.952419741431,0.976327916491,1.),.UNSPECIFIED.) 
GEOMETRIC_REPRESENTATION_ITEM() RATIONAL_B_SPLINE_SURFACE((
    (1.,1.000000000024,0.999999999989,1.000000000003,0.999999999999,1.
      ,1.,1.,1.,1.,1.,1.,1.,1.,1.,1.,1.,1.,1.,1.,1.,1.,1.,1.,1.,1.,1.,1.
      ,1.,1.,1.,1.,1.,1.,1.,1.,1.,1.,1.,1.,1.000000000002,0.999999999993
      ,1.000000000024,0.999999999948,1.)
    ,(1.,1.000000000024,0.999999999989,1.000000000003,0.999999999999,1.
      ,1.,1.,1.,1.,1.,1.,1.,1.,1.,1.,1.,1.,1.,1.,1.,1.,1.,1.,1.,1.,1.,1.
      ,1.,1.,1.,1.,1.,1.,1.,1.,1.,1.,1.,1.,1.000000000002,0.999999999993
,1.000000000024,0.999999999948,1.
  ))) REPRESENTATION_ITEM('') SURFACE() );
#5647 = CARTESIAN_POINT('',(-2.506509014223,-3.26654614459,-1.));
#5648 = CARTESIAN_POINT('',(-2.724884466168,-3.551138574372,
    -0.945915960696));
#5649 = CARTESIAN_POINT('',(-2.568023119906,-3.346712887904,
    -0.832465754706));
#5650 = CARTESIAN_POINT('',(-2.630357004668,-3.427947988114,
    -0.666031992455));
#5651 = CARTESIAN_POINT('',(-2.6171245251,-3.410703084995,
    -0.500065658372));
#5652 = CARTESIAN_POINT('',(-2.416655628674,-3.149446932707,
    -0.333310426054));
#5653 = CARTESIAN_POINT('',(-2.279754923535,-2.971034460211,
    -0.167651462254));
#5654 = CARTESIAN_POINT('',(-2.078083616378,-2.70821129575,
    -9.481367651137E-07));
#5655 = CARTESIAN_POINT('',(-2.065481228371,-2.69178754394,
    0.167655273713));
#5656 = CARTESIAN_POINT('',(-2.078735687009,-2.709061090741,
    0.333296937213));
#5657 = CARTESIAN_POINT('',(-2.038319410184,-2.656389573307,
    0.500115802373));
#5658 = CARTESIAN_POINT('',(-2.186300843583,-2.849242732021,
    0.665845574726));
#5659 = CARTESIAN_POINT('',(-2.346737804148,-3.058328249772,
    0.833154316416));
#5660 = CARTESIAN_POINT('',(-2.511468703136,-3.273009737024,
    0.999999999649));
#5661 = CARTESIAN_POINT('',(-2.646413965657,-3.448873827086,
    1.16684568499));
#5662 = CARTESIAN_POINT('',(-2.609134382469,-3.400290128386,
    1.334154420322));
#5663 = CARTESIAN_POINT('',(-2.622831179278,-3.418140141514,
    1.499884216189));
#5664 = CARTESIAN_POINT('',(-2.415127836581,-3.147455875287,
    1.666702993586));
#5665 = CARTESIAN_POINT('',(-2.280159604915,-2.971561851252,
    1.832344983153));
#5666 = CARTESIAN_POINT('',(-2.077975673427,-2.708070621756,2.));
#5667 = CARTESIAN_POINT('',(-2.065510471918,-2.691825654873,
    2.167655016847));
#5668 = CARTESIAN_POINT('',(-2.078727808934,-2.709050823833,
    2.333297006412));
#5669 = CARTESIAN_POINT('',(-2.038321522646,-2.65639232632,
    2.500115783817));
#5670 = CARTESIAN_POINT('',(-2.186300282653,-2.849242001003,
    2.665845579653));
#5671 = CARTESIAN_POINT('',(-2.346737953461,-3.058328444359,
    2.833154315104));
#5672 = CARTESIAN_POINT('',(-2.511468663194,-3.273009684969,3.));
#5673 = CARTESIAN_POINT('',(-2.646413976338,-3.448873841005,
    3.166845684896));
#5674 = CARTESIAN_POINT('',(-2.609134379775,-3.400290124875,
    3.334154420345));
#5675 = CARTESIAN_POINT('',(-2.622831179259,-3.41814014149,3.49988421619
    ));
#5676 = CARTESIAN_POINT('',(-2.415127839354,-3.147455878901,
    3.666702993561));
#5677 = CARTESIAN_POINT('',(-2.280159593898,-2.971561836896,
    3.832344983253));
#5678 = CARTESIAN_POINT('',(-2.077975714279,-2.708070674996,
    3.999999999629));
#5679 = CARTESIAN_POINT('',(-2.065510318711,-2.691825455209,
    4.167655018238));
#5680 = CARTESIAN_POINT('',(-2.078728387352,-2.709051577642,
    4.333297001163));
#5681 = CARTESIAN_POINT('',(-2.038319362118,-2.656389510665,
    4.500115803424));
#5682 = CARTESIAN_POINT('',(-2.186308317497,-2.849252472217,
    4.665845506737));
#5683 = CARTESIAN_POINT('',(-2.346708274836,-3.058289766421,
    4.833154584436));
#5684 = CARTESIAN_POINT('',(-2.511579114589,-3.273153628036,
    4.999998997659));
#5685 = CARTESIAN_POINT('',(-2.646001236893,-3.448335948467,
    5.166849430487));
#5686 = CARTESIAN_POINT('',(-2.610684900894,-3.40231080342,
    5.334140349441));
#5687 = CARTESIAN_POINT('',(-2.616991925841,-3.410530277969,
    5.499937207133));
#5688 = CARTESIAN_POINT('',(-2.436904362706,-3.175835597811,
    5.666505372662));
#5689 = CARTESIAN_POINT('',(-2.199324775417,-2.86621584619,
    5.833078555327));
#5690 = CARTESIAN_POINT('',(-2.317537711765,-3.020273957555,
    5.942735729628));
#5691 = CARTESIAN_POINT('',(-2.109490690956,-2.749141792227,6.));
#5692 = CARTESIAN_POINT('',(-2.026086956522,-3.509285549248,-1.));
#5693 = CARTESIAN_POINT('',(-2.273766146086,-3.938278489305,
    -0.945915960696));
#5694 = CARTESIAN_POINT('',(-2.095106467033,-3.628830848282,
    -0.832465754706));
#5695 = CARTESIAN_POINT('',(-2.156099309062,-3.734473549428,
    -0.666031992455));
#5696 = CARTESIAN_POINT('',(-2.181380950301,-3.778262636592,
    -0.500065658372));
#5697 = CARTESIAN_POINT('',(-2.018503592541,-3.49615077754,
    -0.333310426054));
#5698 = CARTESIAN_POINT('',(-1.901857776521,-3.294114297705,
    -0.167651462254));
#5699 = CARTESIAN_POINT('',(-1.751116539424,-3.033022816257,
    -9.481367651137E-07));
#5700 = CARTESIAN_POINT('',(-1.68526168095,-2.918958855455,
    0.167655273713));
#5701 = CARTESIAN_POINT('',(-1.707333709761,-2.957188730781,
    0.333296937213));
#5702 = CARTESIAN_POINT('',(-1.68547672552,-2.919331323576,
    0.500115802373));
#5703 = CARTESIAN_POINT('',(-1.750573637815,-3.032082483086,
    0.665845574726));
#5704 = CARTESIAN_POINT('',(-1.901321635442,-3.293185674116,
    0.833154316416));
#5705 = CARTESIAN_POINT('',(-2.016780621459,-3.493166504088,
    0.999999999649));
#5706 = CARTESIAN_POINT('',(-2.188129224316,-3.789950990041,
    1.16684568499));
#5707 = CARTESIAN_POINT('',(-2.130915413993,-3.690853763668,
    1.334154420322));
#5708 = CARTESIAN_POINT('',(-2.188152770421,-3.789991773092,
    1.499884216189));
#5709 = CARTESIAN_POINT('',(-2.016690632984,-3.493010639476,
    1.666702993586));
#5710 = CARTESIAN_POINT('',(-1.902337993023,-3.294946057084,
    1.832344983153));
#5711 = CARTESIAN_POINT('',(-1.750988448562,-3.032800956376,2.));
#5712 = CARTESIAN_POINT('',(-1.685296382903,-2.919018961001,
    2.167655016847));
#5713 = CARTESIAN_POINT('',(-1.707324361217,-2.957172538627,
    2.333297006412));
#5714 = CARTESIAN_POINT('',(-1.68547923228,-2.919335665411,
    2.500115783817));
#5715 = CARTESIAN_POINT('',(-1.750572972186,-3.032081330182,
    2.665845579653));
#5716 = CARTESIAN_POINT('',(-1.901321812625,-3.293185981005,
    2.833154315104));
#5717 = CARTESIAN_POINT('',(-2.016780574059,-3.493166421989,3.));
#5718 = CARTESIAN_POINT('',(-2.188129236996,-3.789951012003,
    3.166845684896));
#5719 = CARTESIAN_POINT('',(-2.130915410773,-3.690853758091,
    3.334154420345));
#5720 = CARTESIAN_POINT('',(-2.188152770486,-3.789991773204,
    3.49988421619));
#5721 = CARTESIAN_POINT('',(-2.016690635953,-3.493010644619,
    3.666702993561));
#5722 = CARTESIAN_POINT('',(-1.902337981146,-3.294946036512,
    3.832344983253));
#5723 = CARTESIAN_POINT('',(-1.750988492629,-3.032801032701,
    3.999999999629));
#5724 = CARTESIAN_POINT('',(-1.685296217636,-2.91901867475,
    4.167655018238));
#5725 = CARTESIAN_POINT('',(-1.707324985165,-2.957173619338,
    4.333297001163));
#5726 = CARTESIAN_POINT('',(-1.685476901684,-2.919331628701,
    4.500115803424));
#5727 = CARTESIAN_POINT('',(-1.750581639498,-3.032096342409,
    4.665845506737));
#5728 = CARTESIAN_POINT('',(-1.901289797826,-3.293130529744,
    4.833154584436));
#5729 = CARTESIAN_POINT('',(-2.016899719716,-3.493372788328,
    4.999998997659));
#5730 = CARTESIAN_POINT('',(-2.18768400847,-3.789179853542,
    5.166849430487));
#5731 = CARTESIAN_POINT('',(-2.132587982275,-3.693750737036,
    5.334140349441));
#5732 = CARTESIAN_POINT('',(-2.181853876042,-3.779081767528,
    5.499937207133));
#5733 = CARTESIAN_POINT('',(-2.040181313974,-3.533697694201,
    5.666505372662));
#5734 = CARTESIAN_POINT('',(-1.815140191894,-3.143915028741,
    5.833078555327));
#5735 = CARTESIAN_POINT('',(-1.987231695083,-3.441986276115,
    5.942735729628));
#5736 = CARTESIAN_POINT('',(-1.765217391304,-3.057446208143,6.));
#5737 = ADVANCED_FACE('',(#5738),#5791,.F.);
#5738 = FACE_BOUND('',#5739,.F.);
#5739 = EDGE_LOOP('',(#5740,#5741,#5742,#5790));
#5740 = ORIENTED_EDGE('',*,*,#5598,.F.);
#5741 = ORIENTED_EDGE('',*,*,#322,.F.);
#5742 = ORIENTED_EDGE('',*,*,#5743,.T.);
#5743 = EDGE_CURVE('',#313,#828,#5744,.T.);
#5744 = ( BOUNDED_CURVE() B_SPLINE_CURVE(3,(#5745,#5746,#5747,#5748,
    #5749,#5750,#5751,#5752,#5753,#5754,#5755,#5756,#5757,#5758,#5759,
    #5760,#5761,#5762,#5763,#5764,#5765,#5766,#5767,#5768,#5769,#5770,
    #5771,#5772,#5773,#5774,#5775,#5776,#5777,#5778,#5779,#5780,#5781,
    #5782,#5783,#5784,#5785,#5786,#5787,#5788,#5789),.UNSPECIFIED.,.F.,
.F.) B_SPLINE_CURVE_WITH_KNOTS((4,1,1,1,1,1,1,1,1,1,1,1,1,1,1,1,1,1,1,1,
    1,1,1,1,1,1,1,1,1,1,1,1,1,1,1,1,1,1,1,1,1,1,4),(0.,
    2.367208350872E-02,4.740980147591E-02,7.134334288179E-02,
    9.527688428768E-02,0.119185059348,0.142857142857,0.166529226366,
    0.190437401427,0.214370942832,0.238304484238,0.262042202206,
    0.285714285714,0.309386369223,0.33312408719,0.357057628596,
    0.380991170002,0.404899345063,0.428571428571,0.45224351208,
    0.476151687141,0.500085228547,0.524018769953,0.54775648792,
    0.571428571429,0.595100654937,0.618838372904,0.64277191431,
    0.666705455716,0.690613630777,0.714285714286,0.737957797794,
    0.761865972855,0.785799514261,0.809733055667,0.833470773634,
    0.857142857143,0.880814940652,0.904552658619,0.928486200025,
0.952419741431,0.976327916491,1.),.UNSPECIFIED.) CURVE() 
GEOMETRIC_REPRESENTATION_ITEM() RATIONAL_B_SPLINE_CURVE((1.,
    1.000000000024,0.999999999989,1.000000000003,0.999999999999,1.,1.,1.
    ,1.,1.,1.,1.,1.,1.,1.,1.,1.,1.,1.,1.,1.,1.,1.,1.,1.,1.,1.,1.,1.,1.,
    1.,1.,1.,1.,1.,1.,1.,1.,1.,1.,1.000000000002,0.999999999993,
1.000000000024,0.999999999948,1.)) REPRESENTATION_ITEM('') );
#5745 = CARTESIAN_POINT('',(-1.52574220643,-3.683467527447,-1.));
#5746 = CARTESIAN_POINT('',(-1.639256498419,-3.957515270819,
    -0.945915960696));
#5747 = CARTESIAN_POINT('',(-1.612760358322,-3.893547929859,
    -0.832465754706));
#5748 = CARTESIAN_POINT('',(-1.650001945029,-3.983457073647,
    -0.666031992455));
#5749 = CARTESIAN_POINT('',(-1.660961800983,-4.009916506512,
    -0.500065658372));
#5750 = CARTESIAN_POINT('',(-1.579442188994,-3.813110753656,
    -0.333310426054));
#5751 = CARTESIAN_POINT('',(-1.475785796775,-3.562862085732,
    -0.167651462254));
#5752 = CARTESIAN_POINT('',(-1.374782258452,-3.319017973665,
    -9.481367651137E-07));
#5753 = CARTESIAN_POINT('',(-1.281088483023,-3.092821190315,
    0.167655273713));
#5754 = CARTESIAN_POINT('',(-1.306822791041,-3.154949305749,
    0.333296937213));
#5755 = CARTESIAN_POINT('',(-1.298468955542,-3.13478136279,
    0.500115802373));
#5756 = CARTESIAN_POINT('',(-1.306019804762,-3.153010725384,
    0.665845574726));
#5757 = CARTESIAN_POINT('',(-1.432533466497,-3.45844172337,
    0.833154316416));
#5758 = CARTESIAN_POINT('',(-1.518285131072,-3.665464554984,
    0.999999999649));
#5759 = CARTESIAN_POINT('',(-1.648820599548,-3.980605053348,
    1.16684568499));
#5760 = CARTESIAN_POINT('',(-1.6402394164,-3.959888244611,1.334154420322
    ));
#5761 = CARTESIAN_POINT('',(-1.663586894822,-4.016254043666,
    1.499884216189));
#5762 = CARTESIAN_POINT('',(-1.578739395819,-3.811414060839,
    1.666702993586));
#5763 = CARTESIAN_POINT('',(-1.475971952544,-3.563311505514,
    1.832344983153));
#5764 = CARTESIAN_POINT('',(-1.374732604072,-3.318898097386,2.));
#5765 = CARTESIAN_POINT('',(-1.281101935224,-3.092853666801,
    2.167655016847));
#5766 = CARTESIAN_POINT('',(-1.306819167081,-3.154940556735,
    2.333297006412));
#5767 = CARTESIAN_POINT('',(-1.298469927287,-3.134783708789,
    2.500115783817));
#5768 = CARTESIAN_POINT('',(-1.306019546731,-3.153010102442,
    2.665845579653));
#5769 = CARTESIAN_POINT('',(-1.432533535182,-3.45844188919,
    2.833154315104));
#5770 = CARTESIAN_POINT('',(-1.518285112697,-3.665464510622,3.));
#5771 = CARTESIAN_POINT('',(-1.648820604466,-3.980605065221,
    3.166845684896));
#5772 = CARTESIAN_POINT('',(-1.640239415141,-3.959888241571,
    3.334154420345));
#5773 = CARTESIAN_POINT('',(-1.663586894888,-4.016254043825,
    3.49988421619));
#5774 = CARTESIAN_POINT('',(-1.578739396819,-3.811414063254,
    3.666702993561));
#5775 = CARTESIAN_POINT('',(-1.475971948499,-3.563311495749,
    3.832344983253));
#5776 = CARTESIAN_POINT('',(-1.374732619089,-3.318898133641,
    3.999999999629));
#5777 = CARTESIAN_POINT('',(-1.281101878901,-3.092853530825,
    4.167655018238));
#5778 = CARTESIAN_POINT('',(-1.306819379723,-3.1549410701,4.333297001163
    ));
#5779 = CARTESIAN_POINT('',(-1.298469133017,-3.134781791252,
    4.500115803424));
#5780 = CARTESIAN_POINT('',(-1.306022500562,-3.153017233622,
    4.665845506737));
#5781 = CARTESIAN_POINT('',(-1.432522624497,-3.458415548467,
    4.833154584436));
#5782 = CARTESIAN_POINT('',(-1.518325717691,-3.665562539745,
    4.999998997659));
#5783 = CARTESIAN_POINT('',(-1.648668870007,-3.980238745848,
    5.166849430487));
#5784 = CARTESIAN_POINT('',(-1.640809429678,-3.96126437834,
    5.334140349441));
#5785 = CARTESIAN_POINT('',(-1.661440223491,-4.011071520843,
    5.499937207133));
#5786 = CARTESIAN_POINT('',(-1.586745050359,-3.830741419791,
    5.666505372662));
#5787 = CARTESIAN_POINT('',(-1.446254828819,-3.4915680254,5.833078555327
    ));
#5788 = CARTESIAN_POINT('',(-1.471742836816,-3.553101510529,
    5.942735729628));
#5789 = CARTESIAN_POINT('',(-1.375996515504,-3.321949449508,6.));
#5790 = ORIENTED_EDGE('',*,*,#837,.T.);
#5791 = ( BOUNDED_SURFACE() B_SPLINE_SURFACE(1,3,(
    (#5792,#5793,#5794,#5795,#5796,#5797,#5798,#5799,#5800,#5801,#5802
      ,#5803,#5804,#5805,#5806,#5807,#5808,#5809,#5810,#5811,#5812,#5813
      ,#5814,#5815,#5816,#5817,#5818,#5819,#5820,#5821,#5822,#5823,#5824
      ,#5825,#5826,#5827,#5828,#5829,#5830,#5831,#5832,#5833,#5834,#5835
      ,#5836)
    ,(#5837,#5838,#5839,#5840,#5841,#5842,#5843,#5844,#5845,#5846,#5847
      ,#5848,#5849,#5850,#5851,#5852,#5853,#5854,#5855,#5856,#5857,#5858
      ,#5859,#5860,#5861,#5862,#5863,#5864,#5865,#5866,#5867,#5868,#5869
      ,#5870,#5871,#5872,#5873,#5874,#5875,#5876,#5877,#5878,#5879,#5880
,#5881
    )),.UNSPECIFIED.,.F.,.F.,.F.) B_SPLINE_SURFACE_WITH_KNOTS((2,2),(4,1
    ,1,1,1,1,1,1,1,1,1,1,1,1,1,1,1,1,1,1,1,1,1,1,1,1,1,1,1,1,1,1,1,1,1,1
    ,1,1,1,1,1,1,4),(32.,33.),(0.,2.367208350872E-02,4.740980147591E-02,
    7.134334288179E-02,9.527688428768E-02,0.119185059348,0.142857142857,
    0.166529226366,0.190437401427,0.214370942832,0.238304484238,
    0.262042202206,0.285714285714,0.309386369223,0.33312408719,
    0.357057628596,0.380991170002,0.404899345063,0.428571428571,
    0.45224351208,0.476151687141,0.500085228547,0.524018769953,
    0.54775648792,0.571428571429,0.595100654937,0.618838372904,
    0.64277191431,0.666705455716,0.690613630777,0.714285714286,
    0.737957797794,0.761865972855,0.785799514261,0.809733055667,
    0.833470773634,0.857142857143,0.880814940652,0.904552658619,
    0.928486200025,0.952419741431,0.976327916491,1.),.UNSPECIFIED.) 
GEOMETRIC_REPRESENTATION_ITEM() RATIONAL_B_SPLINE_SURFACE((
    (1.,1.000000000024,0.999999999989,1.000000000003,0.999999999999,1.
      ,1.,1.,1.,1.,1.,1.,1.,1.,1.,1.,1.,1.,1.,1.,1.,1.,1.,1.,1.,1.,1.,1.
      ,1.,1.,1.,1.,1.,1.,1.,1.,1.,1.,1.,1.,1.000000000002,0.999999999993
      ,1.000000000024,0.999999999948,1.)
    ,(1.,1.000000000024,0.999999999989,1.000000000003,0.999999999999,1.
      ,1.,1.,1.,1.,1.,1.,1.,1.,1.,1.,1.,1.,1.,1.,1.,1.,1.,1.,1.,1.,1.,1.
      ,1.,1.,1.,1.,1.,1.,1.,1.,1.,1.,1.,1.,1.000000000002,0.999999999993
,1.000000000024,0.999999999948,1.
  ))) REPRESENTATION_ITEM('') SURFACE() );
#5792 = CARTESIAN_POINT('',(-2.026086956522,-3.509285549248,-1.));
#5793 = CARTESIAN_POINT('',(-2.273766146086,-3.938278489305,
    -0.945915960696));
#5794 = CARTESIAN_POINT('',(-2.095106467033,-3.628830848282,
    -0.832465754706));
#5795 = CARTESIAN_POINT('',(-2.156099309062,-3.734473549428,
    -0.666031992455));
#5796 = CARTESIAN_POINT('',(-2.181380950301,-3.778262636592,
    -0.500065658372));
#5797 = CARTESIAN_POINT('',(-2.018503592541,-3.49615077754,
    -0.333310426054));
#5798 = CARTESIAN_POINT('',(-1.901857776521,-3.294114297705,
    -0.167651462254));
#5799 = CARTESIAN_POINT('',(-1.751116539424,-3.033022816257,
    -9.481367651137E-07));
#5800 = CARTESIAN_POINT('',(-1.68526168095,-2.918958855455,
    0.167655273713));
#5801 = CARTESIAN_POINT('',(-1.707333709761,-2.957188730781,
    0.333296937213));
#5802 = CARTESIAN_POINT('',(-1.68547672552,-2.919331323576,
    0.500115802373));
#5803 = CARTESIAN_POINT('',(-1.750573637815,-3.032082483086,
    0.665845574726));
#5804 = CARTESIAN_POINT('',(-1.901321635442,-3.293185674116,
    0.833154316416));
#5805 = CARTESIAN_POINT('',(-2.016780621459,-3.493166504088,
    0.999999999649));
#5806 = CARTESIAN_POINT('',(-2.188129224316,-3.789950990041,
    1.16684568499));
#5807 = CARTESIAN_POINT('',(-2.130915413993,-3.690853763668,
    1.334154420322));
#5808 = CARTESIAN_POINT('',(-2.188152770421,-3.789991773092,
    1.499884216189));
#5809 = CARTESIAN_POINT('',(-2.016690632984,-3.493010639476,
    1.666702993586));
#5810 = CARTESIAN_POINT('',(-1.902337993023,-3.294946057084,
    1.832344983153));
#5811 = CARTESIAN_POINT('',(-1.750988448562,-3.032800956376,2.));
#5812 = CARTESIAN_POINT('',(-1.685296382903,-2.919018961001,
    2.167655016847));
#5813 = CARTESIAN_POINT('',(-1.707324361217,-2.957172538627,
    2.333297006412));
#5814 = CARTESIAN_POINT('',(-1.68547923228,-2.919335665411,
    2.500115783817));
#5815 = CARTESIAN_POINT('',(-1.750572972186,-3.032081330182,
    2.665845579653));
#5816 = CARTESIAN_POINT('',(-1.901321812625,-3.293185981005,
    2.833154315104));
#5817 = CARTESIAN_POINT('',(-2.016780574059,-3.493166421989,3.));
#5818 = CARTESIAN_POINT('',(-2.188129236996,-3.789951012003,
    3.166845684896));
#5819 = CARTESIAN_POINT('',(-2.130915410773,-3.690853758091,
    3.334154420345));
#5820 = CARTESIAN_POINT('',(-2.188152770486,-3.789991773204,
    3.49988421619));
#5821 = CARTESIAN_POINT('',(-2.016690635953,-3.493010644619,
    3.666702993561));
#5822 = CARTESIAN_POINT('',(-1.902337981146,-3.294946036512,
    3.832344983253));
#5823 = CARTESIAN_POINT('',(-1.750988492629,-3.032801032701,
    3.999999999629));
#5824 = CARTESIAN_POINT('',(-1.685296217636,-2.91901867475,
    4.167655018238));
#5825 = CARTESIAN_POINT('',(-1.707324985165,-2.957173619338,
    4.333297001163));
#5826 = CARTESIAN_POINT('',(-1.685476901684,-2.919331628701,
    4.500115803424));
#5827 = CARTESIAN_POINT('',(-1.750581639498,-3.032096342409,
    4.665845506737));
#5828 = CARTESIAN_POINT('',(-1.901289797826,-3.293130529744,
    4.833154584436));
#5829 = CARTESIAN_POINT('',(-2.016899719716,-3.493372788328,
    4.999998997659));
#5830 = CARTESIAN_POINT('',(-2.18768400847,-3.789179853542,
    5.166849430487));
#5831 = CARTESIAN_POINT('',(-2.132587982275,-3.693750737036,
    5.334140349441));
#5832 = CARTESIAN_POINT('',(-2.181853876042,-3.779081767528,
    5.499937207133));
#5833 = CARTESIAN_POINT('',(-2.040181313974,-3.533697694201,
    5.666505372662));
#5834 = CARTESIAN_POINT('',(-1.815140191894,-3.143915028741,
    5.833078555327));
#5835 = CARTESIAN_POINT('',(-1.987231695083,-3.441986276115,
    5.942735729628));
#5836 = CARTESIAN_POINT('',(-1.765217391304,-3.057446208143,6.));
#5837 = CARTESIAN_POINT('',(-1.52574220643,-3.683467527447,-1.));
#5838 = CARTESIAN_POINT('',(-1.639256498419,-3.957515270819,
    -0.945915960696));
#5839 = CARTESIAN_POINT('',(-1.612760358322,-3.893547929859,
    -0.832465754706));
#5840 = CARTESIAN_POINT('',(-1.650001945029,-3.983457073647,
    -0.666031992455));
#5841 = CARTESIAN_POINT('',(-1.660961800983,-4.009916506512,
    -0.500065658372));
#5842 = CARTESIAN_POINT('',(-1.579442188994,-3.813110753656,
    -0.333310426054));
#5843 = CARTESIAN_POINT('',(-1.475785796775,-3.562862085732,
    -0.167651462254));
#5844 = CARTESIAN_POINT('',(-1.374782258452,-3.319017973665,
    -9.481367651137E-07));
#5845 = CARTESIAN_POINT('',(-1.281088483023,-3.092821190315,
    0.167655273713));
#5846 = CARTESIAN_POINT('',(-1.306822791041,-3.154949305749,
    0.333296937213));
#5847 = CARTESIAN_POINT('',(-1.298468955542,-3.13478136279,
    0.500115802373));
#5848 = CARTESIAN_POINT('',(-1.306019804762,-3.153010725384,
    0.665845574726));
#5849 = CARTESIAN_POINT('',(-1.432533466497,-3.45844172337,
    0.833154316416));
#5850 = CARTESIAN_POINT('',(-1.518285131072,-3.665464554984,
    0.999999999649));
#5851 = CARTESIAN_POINT('',(-1.648820599548,-3.980605053348,
    1.16684568499));
#5852 = CARTESIAN_POINT('',(-1.6402394164,-3.959888244611,1.334154420322
    ));
#5853 = CARTESIAN_POINT('',(-1.663586894822,-4.016254043666,
    1.499884216189));
#5854 = CARTESIAN_POINT('',(-1.578739395819,-3.811414060839,
    1.666702993586));
#5855 = CARTESIAN_POINT('',(-1.475971952544,-3.563311505514,
    1.832344983153));
#5856 = CARTESIAN_POINT('',(-1.374732604072,-3.318898097386,2.));
#5857 = CARTESIAN_POINT('',(-1.281101935224,-3.092853666801,
    2.167655016847));
#5858 = CARTESIAN_POINT('',(-1.306819167081,-3.154940556735,
    2.333297006412));
#5859 = CARTESIAN_POINT('',(-1.298469927287,-3.134783708789,
    2.500115783817));
#5860 = CARTESIAN_POINT('',(-1.306019546731,-3.153010102442,
    2.665845579653));
#5861 = CARTESIAN_POINT('',(-1.432533535182,-3.45844188919,
    2.833154315104));
#5862 = CARTESIAN_POINT('',(-1.518285112697,-3.665464510622,3.));
#5863 = CARTESIAN_POINT('',(-1.648820604466,-3.980605065221,
    3.166845684896));
#5864 = CARTESIAN_POINT('',(-1.640239415141,-3.959888241571,
    3.334154420345));
#5865 = CARTESIAN_POINT('',(-1.663586894888,-4.016254043825,
    3.49988421619));
#5866 = CARTESIAN_POINT('',(-1.578739396819,-3.811414063254,
    3.666702993561));
#5867 = CARTESIAN_POINT('',(-1.475971948499,-3.563311495749,
    3.832344983253));
#5868 = CARTESIAN_POINT('',(-1.374732619089,-3.318898133641,
    3.999999999629));
#5869 = CARTESIAN_POINT('',(-1.281101878901,-3.092853530825,
    4.167655018238));
#5870 = CARTESIAN_POINT('',(-1.306819379723,-3.1549410701,4.333297001163
    ));
#5871 = CARTESIAN_POINT('',(-1.298469133017,-3.134781791252,
    4.500115803424));
#5872 = CARTESIAN_POINT('',(-1.306022500562,-3.153017233622,
    4.665845506737));
#5873 = CARTESIAN_POINT('',(-1.432522624497,-3.458415548467,
    4.833154584436));
#5874 = CARTESIAN_POINT('',(-1.518325717691,-3.665562539745,
    4.999998997659));
#5875 = CARTESIAN_POINT('',(-1.648668870007,-3.980238745848,
    5.166849430487));
#5876 = CARTESIAN_POINT('',(-1.640809429678,-3.96126437834,
    5.334140349441));
#5877 = CARTESIAN_POINT('',(-1.661440223491,-4.011071520843,
    5.499937207133));
#5878 = CARTESIAN_POINT('',(-1.586745050359,-3.830741419791,
    5.666505372662));
#5879 = CARTESIAN_POINT('',(-1.446254828819,-3.4915680254,5.833078555327
    ));
#5880 = CARTESIAN_POINT('',(-1.471742836816,-3.553101510529,
    5.942735729628));
#5881 = CARTESIAN_POINT('',(-1.375996515504,-3.321949449508,6.));
#5882 = ADVANCED_FACE('',(#5883),#5936,.F.);
#5883 = FACE_BOUND('',#5884,.F.);
#5884 = EDGE_LOOP('',(#5885,#5886,#5887,#5935));
#5885 = ORIENTED_EDGE('',*,*,#5743,.F.);
#5886 = ORIENTED_EDGE('',*,*,#312,.F.);
#5887 = ORIENTED_EDGE('',*,*,#5888,.T.);
#5888 = EDGE_CURVE('',#303,#818,#5889,.T.);
#5889 = ( BOUNDED_CURVE() B_SPLINE_CURVE(3,(#5890,#5891,#5892,#5893,
    #5894,#5895,#5896,#5897,#5898,#5899,#5900,#5901,#5902,#5903,#5904,
    #5905,#5906,#5907,#5908,#5909,#5910,#5911,#5912,#5913,#5914,#5915,
    #5916,#5917,#5918,#5919,#5920,#5921,#5922,#5923,#5924,#5925,#5926,
    #5927,#5928,#5929,#5930,#5931,#5932,#5933,#5934),.UNSPECIFIED.,.F.,
.F.) B_SPLINE_CURVE_WITH_KNOTS((4,1,1,1,1,1,1,1,1,1,1,1,1,1,1,1,1,1,1,1,
    1,1,1,1,1,1,1,1,1,1,1,1,1,1,1,1,1,1,1,1,1,1,4),(0.,
    2.367208350872E-02,4.740980147591E-02,7.134334288179E-02,
    9.527688428768E-02,0.119185059348,0.142857142857,0.166529226366,
    0.190437401427,0.214370942832,0.238304484238,0.262042202206,
    0.285714285714,0.309386369223,0.33312408719,0.357057628596,
    0.380991170002,0.404899345063,0.428571428571,0.45224351208,
    0.476151687141,0.500085228547,0.524018769953,0.54775648792,
    0.571428571429,0.595100654937,0.618838372904,0.64277191431,
    0.666705455716,0.690613630777,0.714285714286,0.737957797794,
    0.761865972855,0.785799514261,0.809733055667,0.833470773634,
    0.857142857143,0.880814940652,0.904552658619,0.928486200025,
0.952419741431,0.976327916491,1.),.UNSPECIFIED.) CURVE() 
GEOMETRIC_REPRESENTATION_ITEM() RATIONAL_B_SPLINE_CURVE((1.,
    1.000000000024,0.999999999989,1.000000000003,0.999999999999,1.,1.,1.
    ,1.,1.,1.,1.,1.,1.,1.,1.,1.,1.,1.,1.,1.,1.,1.,1.,1.,1.,1.,1.,1.,1.,
    1.,1.,1.,1.,1.,1.,1.,1.,1.,1.,1.000000000002,0.999999999993,
1.000000000024,0.999999999948,1.)) REPRESENTATION_ITEM('') );
#5890 = CARTESIAN_POINT('',(-1.01502077688,-3.788109110055,-1.));
#5891 = CARTESIAN_POINT('',(-1.032365793521,-3.852841593688,
    -0.945915960696));
#5892 = CARTESIAN_POINT('',(-1.094452039516,-4.084550617796,
    -0.832465754706));
#5893 = CARTESIAN_POINT('',(-1.116491356222,-4.166802467666,
    -0.666031992455));
#5894 = CARTESIAN_POINT('',(-1.117354522728,-4.170023848879,
    -0.500065658372));
#5895 = CARTESIAN_POINT('',(-1.091633367286,-4.07403118995,
    -0.333310426054));
#5896 = CARTESIAN_POINT('',(-1.011739513797,-3.775863269515,
    -0.167651462254));
#5897 = CARTESIAN_POINT('',(-0.953163520069,-3.557254684819,
    -9.481367651137E-07));
#5898 = CARTESIAN_POINT('',(-0.860510082478,-3.211467348233,
    0.167655273713));
#5899 = CARTESIAN_POINT('',(-0.883905929792,-3.298781839093,
    0.333296937213));
#5900 = CARTESIAN_POINT('',(-0.883880977129,-3.298688714488,
    0.500115802373));
#5901 = CARTESIAN_POINT('',(-0.86054249859,-3.211588326812,
    0.665845574726));
#5902 = CARTESIAN_POINT('',(-0.953104597632,-3.557034783289,
    0.833154316416));
#5903 = CARTESIAN_POINT('',(-1.011315533908,-3.77428095503,
    0.999999999649));
#5904 = CARTESIAN_POINT('',(-1.091778474718,-4.074572738257,
    1.16684568499));
#5905 = CARTESIAN_POINT('',(-1.117215165936,-4.16950376226,
    1.334154420322));
#5906 = CARTESIAN_POINT('',(-1.117159894011,-4.169297484628,
    1.499884216189));
#5907 = CARTESIAN_POINT('',(-1.091685473512,-4.074225653032,
    1.666702993586));
#5908 = CARTESIAN_POINT('',(-1.011725711906,-3.775811760158,
    1.832344983153));
#5909 = CARTESIAN_POINT('',(-0.953167201525,-3.557268424201,2.));
#5910 = CARTESIAN_POINT('',(-0.86050908511,-3.211463626006,
    2.167655016847));
#5911 = CARTESIAN_POINT('',(-0.883906198478,-3.298782841844,
    2.333297006412));
#5912 = CARTESIAN_POINT('',(-0.883880905082,-3.298688445606,
    2.500115783817));
#5913 = CARTESIAN_POINT('',(-0.860542517721,-3.211588398208,
    2.665845579653));
#5914 = CARTESIAN_POINT('',(-0.95310459254,-3.557034764285,
    2.833154315104));
#5915 = CARTESIAN_POINT('',(-1.01131553527,-3.774280960111,3.));
#5916 = CARTESIAN_POINT('',(-1.091778474357,-4.07457273691,
    3.166845684896));
#5917 = CARTESIAN_POINT('',(-1.117215166016,-4.169503762557,
    3.334154420345));
#5918 = CARTESIAN_POINT('',(-1.117159894058,-4.169297484803,
    3.49988421619));
#5919 = CARTESIAN_POINT('',(-1.091685473244,-4.074225652033,
    3.666702993561));
#5920 = CARTESIAN_POINT('',(-1.011725712924,-3.775811763958,
    3.832344983253));
#5921 = CARTESIAN_POINT('',(-0.953167197761,-3.557268410152,
    3.999999999629));
#5922 = CARTESIAN_POINT('',(-0.860509099224,-3.211463678681,
    4.167655018238));
#5923 = CARTESIAN_POINT('',(-0.883906145191,-3.298782642977,
    4.333297001163));
#5924 = CARTESIAN_POINT('',(-0.883881104119,-3.298689188423,
    4.500115803424));
#5925 = CARTESIAN_POINT('',(-0.860541777517,-3.211585635731,
    4.665845506737));
#5926 = CARTESIAN_POINT('',(-0.953107326659,-3.557044968159,
    4.833154584436));
#5927 = CARTESIAN_POINT('',(-1.011305360023,-3.774242985571,
    4.999998997659));
#5928 = CARTESIAN_POINT('',(-1.091816497651,-4.074714641776,
    5.166849430487));
#5929 = CARTESIAN_POINT('',(-1.117072325486,-4.168970674445,
    5.334140349441));
#5930 = CARTESIAN_POINT('',(-1.117697830653,-4.171305091499,
    5.499937207133));
#5931 = CARTESIAN_POINT('',(-1.089679328283,-4.06673861714,
    5.666505372662));
#5932 = CARTESIAN_POINT('',(-1.019172556538,-3.803603762566,
    5.833078555327));
#5933 = CARTESIAN_POINT('',(-0.956740670942,-3.570604793867,
    5.942735729628));
#5934 = CARTESIAN_POINT('',(-0.947502765114,-3.536128459719,6.));
#5935 = ORIENTED_EDGE('',*,*,#827,.T.);
#5936 = ( BOUNDED_SURFACE() B_SPLINE_SURFACE(1,3,(
    (#5937,#5938,#5939,#5940,#5941,#5942,#5943,#5944,#5945,#5946,#5947
      ,#5948,#5949,#5950,#5951,#5952,#5953,#5954,#5955,#5956,#5957,#5958
      ,#5959,#5960,#5961,#5962,#5963,#5964,#5965,#5966,#5967,#5968,#5969
      ,#5970,#5971,#5972,#5973,#5974,#5975,#5976,#5977,#5978,#5979,#5980
      ,#5981)
    ,(#5982,#5983,#5984,#5985,#5986,#5987,#5988,#5989,#5990,#5991,#5992
      ,#5993,#5994,#5995,#5996,#5997,#5998,#5999,#6000,#6001,#6002,#6003
      ,#6004,#6005,#6006,#6007,#6008,#6009,#6010,#6011,#6012,#6013,#6014
      ,#6015,#6016,#6017,#6018,#6019,#6020,#6021,#6022,#6023,#6024,#6025
,#6026
    )),.UNSPECIFIED.,.F.,.F.,.F.) B_SPLINE_SURFACE_WITH_KNOTS((2,2),(4,1
    ,1,1,1,1,1,1,1,1,1,1,1,1,1,1,1,1,1,1,1,1,1,1,1,1,1,1,1,1,1,1,1,1,1,1
    ,1,1,1,1,1,1,4),(33.,34.),(0.,2.367208350872E-02,4.740980147591E-02,
    7.134334288179E-02,9.527688428768E-02,0.119185059348,0.142857142857,
    0.166529226366,0.190437401427,0.214370942832,0.238304484238,
    0.262042202206,0.285714285714,0.309386369223,0.33312408719,
    0.357057628596,0.380991170002,0.404899345063,0.428571428571,
    0.45224351208,0.476151687141,0.500085228547,0.524018769953,
    0.54775648792,0.571428571429,0.595100654937,0.618838372904,
    0.64277191431,0.666705455716,0.690613630777,0.714285714286,
    0.737957797794,0.761865972855,0.785799514261,0.809733055667,
    0.833470773634,0.857142857143,0.880814940652,0.904552658619,
    0.928486200025,0.952419741431,0.976327916491,1.),.UNSPECIFIED.) 
GEOMETRIC_REPRESENTATION_ITEM() RATIONAL_B_SPLINE_SURFACE((
    (1.,1.000000000024,0.999999999989,1.000000000003,0.999999999999,1.
      ,1.,1.,1.,1.,1.,1.,1.,1.,1.,1.,1.,1.,1.,1.,1.,1.,1.,1.,1.,1.,1.,1.
      ,1.,1.,1.,1.,1.,1.,1.,1.,1.,1.,1.,1.,1.000000000002,0.999999999993
      ,1.000000000024,0.999999999948,1.)
    ,(1.,1.000000000024,0.999999999989,1.000000000003,0.999999999999,1.
      ,1.,1.,1.,1.,1.,1.,1.,1.,1.,1.,1.,1.,1.,1.,1.,1.,1.,1.,1.,1.,1.,1.
      ,1.,1.,1.,1.,1.,1.,1.,1.,1.,1.,1.,1.,1.000000000002,0.999999999993
,1.000000000024,0.999999999948,1.
  ))) REPRESENTATION_ITEM('') SURFACE() );
#5937 = CARTESIAN_POINT('',(-1.52574220643,-3.683467527447,-1.));
#5938 = CARTESIAN_POINT('',(-1.639256498419,-3.957515270819,
    -0.945915960696));
#5939 = CARTESIAN_POINT('',(-1.612760358322,-3.893547929859,
    -0.832465754706));
#5940 = CARTESIAN_POINT('',(-1.650001945029,-3.983457073647,
    -0.666031992455));
#5941 = CARTESIAN_POINT('',(-1.660961800983,-4.009916506512,
    -0.500065658372));
#5942 = CARTESIAN_POINT('',(-1.579442188994,-3.813110753656,
    -0.333310426054));
#5943 = CARTESIAN_POINT('',(-1.475785796775,-3.562862085732,
    -0.167651462254));
#5944 = CARTESIAN_POINT('',(-1.374782258452,-3.319017973665,
    -9.481367651137E-07));
#5945 = CARTESIAN_POINT('',(-1.281088483023,-3.092821190315,
    0.167655273713));
#5946 = CARTESIAN_POINT('',(-1.306822791041,-3.154949305749,
    0.333296937213));
#5947 = CARTESIAN_POINT('',(-1.298468955542,-3.13478136279,
    0.500115802373));
#5948 = CARTESIAN_POINT('',(-1.306019804762,-3.153010725384,
    0.665845574726));
#5949 = CARTESIAN_POINT('',(-1.432533466497,-3.45844172337,
    0.833154316416));
#5950 = CARTESIAN_POINT('',(-1.518285131072,-3.665464554984,
    0.999999999649));
#5951 = CARTESIAN_POINT('',(-1.648820599548,-3.980605053348,
    1.16684568499));
#5952 = CARTESIAN_POINT('',(-1.6402394164,-3.959888244611,1.334154420322
    ));
#5953 = CARTESIAN_POINT('',(-1.663586894822,-4.016254043666,
    1.499884216189));
#5954 = CARTESIAN_POINT('',(-1.578739395819,-3.811414060839,
    1.666702993586));
#5955 = CARTESIAN_POINT('',(-1.475971952544,-3.563311505514,
    1.832344983153));
#5956 = CARTESIAN_POINT('',(-1.374732604072,-3.318898097386,2.));
#5957 = CARTESIAN_POINT('',(-1.281101935224,-3.092853666801,
    2.167655016847));
#5958 = CARTESIAN_POINT('',(-1.306819167081,-3.154940556735,
    2.333297006412));
#5959 = CARTESIAN_POINT('',(-1.298469927287,-3.134783708789,
    2.500115783817));
#5960 = CARTESIAN_POINT('',(-1.306019546731,-3.153010102442,
    2.665845579653));
#5961 = CARTESIAN_POINT('',(-1.432533535182,-3.45844188919,
    2.833154315104));
#5962 = CARTESIAN_POINT('',(-1.518285112697,-3.665464510622,3.));
#5963 = CARTESIAN_POINT('',(-1.648820604466,-3.980605065221,
    3.166845684896));
#5964 = CARTESIAN_POINT('',(-1.640239415141,-3.959888241571,
    3.334154420345));
#5965 = CARTESIAN_POINT('',(-1.663586894888,-4.016254043825,
    3.49988421619));
#5966 = CARTESIAN_POINT('',(-1.578739396819,-3.811414063254,
    3.666702993561));
#5967 = CARTESIAN_POINT('',(-1.475971948499,-3.563311495749,
    3.832344983253));
#5968 = CARTESIAN_POINT('',(-1.374732619089,-3.318898133641,
    3.999999999629));
#5969 = CARTESIAN_POINT('',(-1.281101878901,-3.092853530825,
    4.167655018238));
#5970 = CARTESIAN_POINT('',(-1.306819379723,-3.1549410701,4.333297001163
    ));
#5971 = CARTESIAN_POINT('',(-1.298469133017,-3.134781791252,
    4.500115803424));
#5972 = CARTESIAN_POINT('',(-1.306022500562,-3.153017233622,
    4.665845506737));
#5973 = CARTESIAN_POINT('',(-1.432522624497,-3.458415548467,
    4.833154584436));
#5974 = CARTESIAN_POINT('',(-1.518325717691,-3.665562539745,
    4.999998997659));
#5975 = CARTESIAN_POINT('',(-1.648668870007,-3.980238745848,
    5.166849430487));
#5976 = CARTESIAN_POINT('',(-1.640809429678,-3.96126437834,
    5.334140349441));
#5977 = CARTESIAN_POINT('',(-1.661440223491,-4.011071520843,
    5.499937207133));
#5978 = CARTESIAN_POINT('',(-1.586745050359,-3.830741419791,
    5.666505372662));
#5979 = CARTESIAN_POINT('',(-1.446254828819,-3.4915680254,5.833078555327
    ));
#5980 = CARTESIAN_POINT('',(-1.471742836816,-3.553101510529,
    5.942735729628));
#5981 = CARTESIAN_POINT('',(-1.375996515504,-3.321949449508,6.));
#5982 = CARTESIAN_POINT('',(-1.01502077688,-3.788109110055,-1.));
#5983 = CARTESIAN_POINT('',(-1.032365793521,-3.852841593688,
    -0.945915960696));
#5984 = CARTESIAN_POINT('',(-1.094452039516,-4.084550617796,
    -0.832465754706));
#5985 = CARTESIAN_POINT('',(-1.116491356222,-4.166802467666,
    -0.666031992455));
#5986 = CARTESIAN_POINT('',(-1.117354522728,-4.170023848879,
    -0.500065658372));
#5987 = CARTESIAN_POINT('',(-1.091633367286,-4.07403118995,
    -0.333310426054));
#5988 = CARTESIAN_POINT('',(-1.011739513797,-3.775863269515,
    -0.167651462254));
#5989 = CARTESIAN_POINT('',(-0.953163520069,-3.557254684819,
    -9.481367651137E-07));
#5990 = CARTESIAN_POINT('',(-0.860510082478,-3.211467348233,
    0.167655273713));
#5991 = CARTESIAN_POINT('',(-0.883905929792,-3.298781839093,
    0.333296937213));
#5992 = CARTESIAN_POINT('',(-0.883880977129,-3.298688714488,
    0.500115802373));
#5993 = CARTESIAN_POINT('',(-0.86054249859,-3.211588326812,
    0.665845574726));
#5994 = CARTESIAN_POINT('',(-0.953104597632,-3.557034783289,
    0.833154316416));
#5995 = CARTESIAN_POINT('',(-1.011315533908,-3.77428095503,
    0.999999999649));
#5996 = CARTESIAN_POINT('',(-1.091778474718,-4.074572738257,
    1.16684568499));
#5997 = CARTESIAN_POINT('',(-1.117215165936,-4.16950376226,
    1.334154420322));
#5998 = CARTESIAN_POINT('',(-1.117159894011,-4.169297484628,
    1.499884216189));
#5999 = CARTESIAN_POINT('',(-1.091685473512,-4.074225653032,
    1.666702993586));
#6000 = CARTESIAN_POINT('',(-1.011725711906,-3.775811760158,
    1.832344983153));
#6001 = CARTESIAN_POINT('',(-0.953167201525,-3.557268424201,2.));
#6002 = CARTESIAN_POINT('',(-0.86050908511,-3.211463626006,
    2.167655016847));
#6003 = CARTESIAN_POINT('',(-0.883906198478,-3.298782841844,
    2.333297006412));
#6004 = CARTESIAN_POINT('',(-0.883880905082,-3.298688445606,
    2.500115783817));
#6005 = CARTESIAN_POINT('',(-0.860542517721,-3.211588398208,
    2.665845579653));
#6006 = CARTESIAN_POINT('',(-0.95310459254,-3.557034764285,
    2.833154315104));
#6007 = CARTESIAN_POINT('',(-1.01131553527,-3.774280960111,3.));
#6008 = CARTESIAN_POINT('',(-1.091778474357,-4.07457273691,
    3.166845684896));
#6009 = CARTESIAN_POINT('',(-1.117215166016,-4.169503762557,
    3.334154420345));
#6010 = CARTESIAN_POINT('',(-1.117159894058,-4.169297484803,
    3.49988421619));
#6011 = CARTESIAN_POINT('',(-1.091685473244,-4.074225652033,
    3.666702993561));
#6012 = CARTESIAN_POINT('',(-1.011725712924,-3.775811763958,
    3.832344983253));
#6013 = CARTESIAN_POINT('',(-0.953167197761,-3.557268410152,
    3.999999999629));
#6014 = CARTESIAN_POINT('',(-0.860509099224,-3.211463678681,
    4.167655018238));
#6015 = CARTESIAN_POINT('',(-0.883906145191,-3.298782642977,
    4.333297001163));
#6016 = CARTESIAN_POINT('',(-0.883881104119,-3.298689188423,
    4.500115803424));
#6017 = CARTESIAN_POINT('',(-0.860541777517,-3.211585635731,
    4.665845506737));
#6018 = CARTESIAN_POINT('',(-0.953107326659,-3.557044968159,
    4.833154584436));
#6019 = CARTESIAN_POINT('',(-1.011305360023,-3.774242985571,
    4.999998997659));
#6020 = CARTESIAN_POINT('',(-1.091816497651,-4.074714641776,
    5.166849430487));
#6021 = CARTESIAN_POINT('',(-1.117072325486,-4.168970674445,
    5.334140349441));
#6022 = CARTESIAN_POINT('',(-1.117697830653,-4.171305091499,
    5.499937207133));
#6023 = CARTESIAN_POINT('',(-1.089679328283,-4.06673861714,
    5.666505372662));
#6024 = CARTESIAN_POINT('',(-1.019172556538,-3.803603762566,
    5.833078555327));
#6025 = CARTESIAN_POINT('',(-0.956740670942,-3.570604793867,
    5.942735729628));
#6026 = CARTESIAN_POINT('',(-0.947502765114,-3.536128459719,6.));
#6027 = ADVANCED_FACE('',(#6028),#6081,.F.);
#6028 = FACE_BOUND('',#6029,.F.);
#6029 = EDGE_LOOP('',(#6030,#6031,#6032,#6080));
#6030 = ORIENTED_EDGE('',*,*,#5888,.F.);
#6031 = ORIENTED_EDGE('',*,*,#302,.F.);
#6032 = ORIENTED_EDGE('',*,*,#6033,.T.);
#6033 = EDGE_CURVE('',#293,#808,#6034,.T.);
#6034 = ( BOUNDED_CURVE() B_SPLINE_CURVE(3,(#6035,#6036,#6037,#6038,
    #6039,#6040,#6041,#6042,#6043,#6044,#6045,#6046,#6047,#6048,#6049,
    #6050,#6051,#6052,#6053,#6054,#6055,#6056,#6057,#6058,#6059,#6060,
    #6061,#6062,#6063,#6064,#6065,#6066,#6067,#6068,#6069,#6070,#6071,
    #6072,#6073,#6074,#6075,#6076,#6077,#6078,#6079),.UNSPECIFIED.,.F.,
.F.) B_SPLINE_CURVE_WITH_KNOTS((4,1,1,1,1,1,1,1,1,1,1,1,1,1,1,1,1,1,1,1,
    1,1,1,1,1,1,1,1,1,1,1,1,1,1,1,1,1,1,1,1,1,1,4),(0.,
    2.367208350872E-02,4.740980147591E-02,7.134334288179E-02,
    9.527688428768E-02,0.119185059348,0.142857142857,0.166529226366,
    0.190437401427,0.214370942832,0.238304484238,0.262042202206,
    0.285714285714,0.309386369223,0.33312408719,0.357057628596,
    0.380991170002,0.404899345063,0.428571428571,0.45224351208,
    0.476151687141,0.500085228547,0.524018769953,0.54775648792,
    0.571428571429,0.595100654937,0.618838372904,0.64277191431,
    0.666705455716,0.690613630777,0.714285714286,0.737957797794,
    0.761865972855,0.785799514261,0.809733055667,0.833470773634,
    0.857142857143,0.880814940652,0.904552658619,0.928486200025,
0.952419741431,0.976327916491,1.),.UNSPECIFIED.) CURVE() 
GEOMETRIC_REPRESENTATION_ITEM() RATIONAL_B_SPLINE_CURVE((1.,
    1.000000000024,0.999999999989,1.000000000003,0.999999999999,1.,1.,1.
    ,1.,1.,1.,1.,1.,1.,1.,1.,1.,1.,1.,1.,1.,1.,1.,1.,1.,1.,1.,1.,1.,1.,
    1.,1.,1.,1.,1.,1.,1.,1.,1.,1.,1.000000000002,0.999999999993,
1.000000000024,0.999999999948,1.)) REPRESENTATION_ITEM('') );
#6035 = CARTESIAN_POINT('',(-0.503377097823,-3.823528661037,-1.));
#6036 = CARTESIAN_POINT('',(-0.482640138499,-3.666015816809,
    -0.945915960696));
#6037 = CARTESIAN_POINT('',(-0.553593101125,-4.204957074718,
    -0.832465754706));
#6038 = CARTESIAN_POINT('',(-0.563381646004,-4.279308454648,
    -0.666031992455));
#6039 = CARTESIAN_POINT('',(-0.560532054143,-4.257663655575,
    -0.500065658372));
#6040 = CARTESIAN_POINT('',(-0.562057564557,-4.269251057568,
    -0.333310426054));
#6041 = CARTESIAN_POINT('',(-0.518150660349,-3.935745009356,
    -0.167651462254));
#6042 = CARTESIAN_POINT('',(-0.488618357591,-3.711424899224,
    -9.481367651137E-07));
#6043 = CARTESIAN_POINT('',(-0.445442355374,-3.38347060281,
    0.167655273713));
#6044 = CARTESIAN_POINT('',(-0.44288989197,-3.364082718419,
    0.333296937213));
#6045 = CARTESIAN_POINT('',(-0.445724307178,-3.385612239385,
    0.500115802373));
#6046 = CARTESIAN_POINT('',(-0.436972137595,-3.319132911284,
    0.665845574726));
#6047 = CARTESIAN_POINT('',(-0.468868780912,-3.56141197094,
    0.833154316416));
#6048 = CARTESIAN_POINT('',(-0.503212209501,-3.822276209894,
    0.999999999649));
#6049 = CARTESIAN_POINT('',(-0.538545882374,-4.09066210093,1.16684568499
    ));
#6050 = CARTESIAN_POINT('',(-0.5674553543,-4.310251341215,1.334154420322
    ));
#6051 = CARTESIAN_POINT('',(-0.559436654891,-4.249343272201,
    1.499884216189));
#6052 = CARTESIAN_POINT('',(-0.562350826118,-4.271478600281,
    1.666702993586));
#6053 = CARTESIAN_POINT('',(-0.518072981263,-3.935154978119,
    1.832344983153));
#6054 = CARTESIAN_POINT('',(-0.488639077373,-3.711582281591,2.));
#6055 = CARTESIAN_POINT('',(-0.445436742039,-3.3834279653,2.167655016847
    ));
#6056 = CARTESIAN_POINT('',(-0.442891404177,-3.364094204765,
    2.333297006412));
#6057 = CARTESIAN_POINT('',(-0.445723901688,-3.385609159386,
    2.500115783817));
#6058 = CARTESIAN_POINT('',(-0.436972245266,-3.319133729127,
    2.665845579653));
#6059 = CARTESIAN_POINT('',(-0.468868752251,-3.561411753241,
    2.833154315104));
#6060 = CARTESIAN_POINT('',(-0.503212217168,-3.82227626813,3.));
#6061 = CARTESIAN_POINT('',(-0.538545880324,-4.090662085364,
    3.166845684896));
#6062 = CARTESIAN_POINT('',(-0.567455354815,-4.310251345122,
    3.334154420345));
#6063 = CARTESIAN_POINT('',(-0.559436654906,-4.249343272309,
    3.49988421619));
#6064 = CARTESIAN_POINT('',(-0.562350825546,-4.271478595933,
    3.666702993561));
#6065 = CARTESIAN_POINT('',(-0.518072983526,-3.93515499531,
    3.832344983253));
#6066 = CARTESIAN_POINT('',(-0.488639068982,-3.711582217859,
    3.999999999629));
#6067 = CARTESIAN_POINT('',(-0.445436773505,-3.383428204306,
    4.167655018238));
#6068 = CARTESIAN_POINT('',(-0.442891285381,-3.364093302424,
    4.333297001163));
#6069 = CARTESIAN_POINT('',(-0.445724345417,-3.385612529843,
    4.500115803424));
#6070 = CARTESIAN_POINT('',(-0.43697059507,-3.319121194645,
    4.665845506737));
#6071 = CARTESIAN_POINT('',(-0.468874847646,-3.561458052358,
    4.833154584436));
#6072 = CARTESIAN_POINT('',(-0.503189532666,-3.822103962229,
    4.999998997659));
#6073 = CARTESIAN_POINT('',(-0.538630648731,-4.091305965338,
    5.166849430487));
#6074 = CARTESIAN_POINT('',(-0.567136908863,-4.307832507979,
    5.334140349441));
#6075 = CARTESIAN_POINT('',(-0.560635920486,-4.258452598767,
    5.499937207133));
#6076 = CARTESIAN_POINT('',(-0.557878364248,-4.237506879665,
    5.666505372662));
#6077 = CARTESIAN_POINT('',(-0.534674834581,-4.061258573642,
    5.833078555327));
#6078 = CARTESIAN_POINT('',(-0.463012275065,-3.516927392776,
    5.942735729628));
#6079 = CARTESIAN_POINT('',(-0.486351942316,-3.694209766075,6.));
#6080 = ORIENTED_EDGE('',*,*,#817,.T.);
#6081 = ( BOUNDED_SURFACE() B_SPLINE_SURFACE(1,3,(
    (#6082,#6083,#6084,#6085,#6086,#6087,#6088,#6089,#6090,#6091,#6092
      ,#6093,#6094,#6095,#6096,#6097,#6098,#6099,#6100,#6101,#6102,#6103
      ,#6104,#6105,#6106,#6107,#6108,#6109,#6110,#6111,#6112,#6113,#6114
      ,#6115,#6116,#6117,#6118,#6119,#6120,#6121,#6122,#6123,#6124,#6125
      ,#6126)
    ,(#6127,#6128,#6129,#6130,#6131,#6132,#6133,#6134,#6135,#6136,#6137
      ,#6138,#6139,#6140,#6141,#6142,#6143,#6144,#6145,#6146,#6147,#6148
      ,#6149,#6150,#6151,#6152,#6153,#6154,#6155,#6156,#6157,#6158,#6159
      ,#6160,#6161,#6162,#6163,#6164,#6165,#6166,#6167,#6168,#6169,#6170
,#6171
    )),.UNSPECIFIED.,.F.,.F.,.F.) B_SPLINE_SURFACE_WITH_KNOTS((2,2),(4,1
    ,1,1,1,1,1,1,1,1,1,1,1,1,1,1,1,1,1,1,1,1,1,1,1,1,1,1,1,1,1,1,1,1,1,1
    ,1,1,1,1,1,1,4),(34.,35.),(0.,2.367208350872E-02,4.740980147591E-02,
    7.134334288179E-02,9.527688428768E-02,0.119185059348,0.142857142857,
    0.166529226366,0.190437401427,0.214370942832,0.238304484238,
    0.262042202206,0.285714285714,0.309386369223,0.33312408719,
    0.357057628596,0.380991170002,0.404899345063,0.428571428571,
    0.45224351208,0.476151687141,0.500085228547,0.524018769953,
    0.54775648792,0.571428571429,0.595100654937,0.618838372904,
    0.64277191431,0.666705455716,0.690613630777,0.714285714286,
    0.737957797794,0.761865972855,0.785799514261,0.809733055667,
    0.833470773634,0.857142857143,0.880814940652,0.904552658619,
    0.928486200025,0.952419741431,0.976327916491,1.),.UNSPECIFIED.) 
GEOMETRIC_REPRESENTATION_ITEM() RATIONAL_B_SPLINE_SURFACE((
    (1.,1.000000000024,0.999999999989,1.000000000003,0.999999999999,1.
      ,1.,1.,1.,1.,1.,1.,1.,1.,1.,1.,1.,1.,1.,1.,1.,1.,1.,1.,1.,1.,1.,1.
      ,1.,1.,1.,1.,1.,1.,1.,1.,1.,1.,1.,1.,1.000000000002,0.999999999993
      ,1.000000000024,0.999999999948,1.)
    ,(1.,1.000000000024,0.999999999989,1.000000000003,0.999999999999,1.
      ,1.,1.,1.,1.,1.,1.,1.,1.,1.,1.,1.,1.,1.,1.,1.,1.,1.,1.,1.,1.,1.,1.
      ,1.,1.,1.,1.,1.,1.,1.,1.,1.,1.,1.,1.,1.000000000002,0.999999999993
,1.000000000024,0.999999999948,1.
  ))) REPRESENTATION_ITEM('') SURFACE() );
#6082 = CARTESIAN_POINT('',(-1.01502077688,-3.788109110055,-1.));
#6083 = CARTESIAN_POINT('',(-1.032365793521,-3.852841593688,
    -0.945915960696));
#6084 = CARTESIAN_POINT('',(-1.094452039516,-4.084550617796,
    -0.832465754706));
#6085 = CARTESIAN_POINT('',(-1.116491356222,-4.166802467666,
    -0.666031992455));
#6086 = CARTESIAN_POINT('',(-1.117354522728,-4.170023848879,
    -0.500065658372));
#6087 = CARTESIAN_POINT('',(-1.091633367286,-4.07403118995,
    -0.333310426054));
#6088 = CARTESIAN_POINT('',(-1.011739513797,-3.775863269515,
    -0.167651462254));
#6089 = CARTESIAN_POINT('',(-0.953163520069,-3.557254684819,
    -9.481367651137E-07));
#6090 = CARTESIAN_POINT('',(-0.860510082478,-3.211467348233,
    0.167655273713));
#6091 = CARTESIAN_POINT('',(-0.883905929792,-3.298781839093,
    0.333296937213));
#6092 = CARTESIAN_POINT('',(-0.883880977129,-3.298688714488,
    0.500115802373));
#6093 = CARTESIAN_POINT('',(-0.86054249859,-3.211588326812,
    0.665845574726));
#6094 = CARTESIAN_POINT('',(-0.953104597632,-3.557034783289,
    0.833154316416));
#6095 = CARTESIAN_POINT('',(-1.011315533908,-3.77428095503,
    0.999999999649));
#6096 = CARTESIAN_POINT('',(-1.091778474718,-4.074572738257,
    1.16684568499));
#6097 = CARTESIAN_POINT('',(-1.117215165936,-4.16950376226,
    1.334154420322));
#6098 = CARTESIAN_POINT('',(-1.117159894011,-4.169297484628,
    1.499884216189));
#6099 = CARTESIAN_POINT('',(-1.091685473512,-4.074225653032,
    1.666702993586));
#6100 = CARTESIAN_POINT('',(-1.011725711906,-3.775811760158,
    1.832344983153));
#6101 = CARTESIAN_POINT('',(-0.953167201525,-3.557268424201,2.));
#6102 = CARTESIAN_POINT('',(-0.86050908511,-3.211463626006,
    2.167655016847));
#6103 = CARTESIAN_POINT('',(-0.883906198478,-3.298782841844,
    2.333297006412));
#6104 = CARTESIAN_POINT('',(-0.883880905082,-3.298688445606,
    2.500115783817));
#6105 = CARTESIAN_POINT('',(-0.860542517721,-3.211588398208,
    2.665845579653));
#6106 = CARTESIAN_POINT('',(-0.95310459254,-3.557034764285,
    2.833154315104));
#6107 = CARTESIAN_POINT('',(-1.01131553527,-3.774280960111,3.));
#6108 = CARTESIAN_POINT('',(-1.091778474357,-4.07457273691,
    3.166845684896));
#6109 = CARTESIAN_POINT('',(-1.117215166016,-4.169503762557,
    3.334154420345));
#6110 = CARTESIAN_POINT('',(-1.117159894058,-4.169297484803,
    3.49988421619));
#6111 = CARTESIAN_POINT('',(-1.091685473244,-4.074225652033,
    3.666702993561));
#6112 = CARTESIAN_POINT('',(-1.011725712924,-3.775811763958,
    3.832344983253));
#6113 = CARTESIAN_POINT('',(-0.953167197761,-3.557268410152,
    3.999999999629));
#6114 = CARTESIAN_POINT('',(-0.860509099224,-3.211463678681,
    4.167655018238));
#6115 = CARTESIAN_POINT('',(-0.883906145191,-3.298782642977,
    4.333297001163));
#6116 = CARTESIAN_POINT('',(-0.883881104119,-3.298689188423,
    4.500115803424));
#6117 = CARTESIAN_POINT('',(-0.860541777517,-3.211585635731,
    4.665845506737));
#6118 = CARTESIAN_POINT('',(-0.953107326659,-3.557044968159,
    4.833154584436));
#6119 = CARTESIAN_POINT('',(-1.011305360023,-3.774242985571,
    4.999998997659));
#6120 = CARTESIAN_POINT('',(-1.091816497651,-4.074714641776,
    5.166849430487));
#6121 = CARTESIAN_POINT('',(-1.117072325486,-4.168970674445,
    5.334140349441));
#6122 = CARTESIAN_POINT('',(-1.117697830653,-4.171305091499,
    5.499937207133));
#6123 = CARTESIAN_POINT('',(-1.089679328283,-4.06673861714,
    5.666505372662));
#6124 = CARTESIAN_POINT('',(-1.019172556538,-3.803603762566,
    5.833078555327));
#6125 = CARTESIAN_POINT('',(-0.956740670942,-3.570604793867,
    5.942735729628));
#6126 = CARTESIAN_POINT('',(-0.947502765114,-3.536128459719,6.));
#6127 = CARTESIAN_POINT('',(-0.503377097823,-3.823528661037,-1.));
#6128 = CARTESIAN_POINT('',(-0.482640138499,-3.666015816809,
    -0.945915960696));
#6129 = CARTESIAN_POINT('',(-0.553593101125,-4.204957074718,
    -0.832465754706));
#6130 = CARTESIAN_POINT('',(-0.563381646004,-4.279308454648,
    -0.666031992455));
#6131 = CARTESIAN_POINT('',(-0.560532054143,-4.257663655575,
    -0.500065658372));
#6132 = CARTESIAN_POINT('',(-0.562057564557,-4.269251057568,
    -0.333310426054));
#6133 = CARTESIAN_POINT('',(-0.518150660349,-3.935745009356,
    -0.167651462254));
#6134 = CARTESIAN_POINT('',(-0.488618357591,-3.711424899224,
    -9.481367651137E-07));
#6135 = CARTESIAN_POINT('',(-0.445442355374,-3.38347060281,
    0.167655273713));
#6136 = CARTESIAN_POINT('',(-0.44288989197,-3.364082718419,
    0.333296937213));
#6137 = CARTESIAN_POINT('',(-0.445724307178,-3.385612239385,
    0.500115802373));
#6138 = CARTESIAN_POINT('',(-0.436972137595,-3.319132911284,
    0.665845574726));
#6139 = CARTESIAN_POINT('',(-0.468868780912,-3.56141197094,
    0.833154316416));
#6140 = CARTESIAN_POINT('',(-0.503212209501,-3.822276209894,
    0.999999999649));
#6141 = CARTESIAN_POINT('',(-0.538545882374,-4.09066210093,1.16684568499
    ));
#6142 = CARTESIAN_POINT('',(-0.5674553543,-4.310251341215,1.334154420322
    ));
#6143 = CARTESIAN_POINT('',(-0.559436654891,-4.249343272201,
    1.499884216189));
#6144 = CARTESIAN_POINT('',(-0.562350826118,-4.271478600281,
    1.666702993586));
#6145 = CARTESIAN_POINT('',(-0.518072981263,-3.935154978119,
    1.832344983153));
#6146 = CARTESIAN_POINT('',(-0.488639077373,-3.711582281591,2.));
#6147 = CARTESIAN_POINT('',(-0.445436742039,-3.3834279653,2.167655016847
    ));
#6148 = CARTESIAN_POINT('',(-0.442891404177,-3.364094204765,
    2.333297006412));
#6149 = CARTESIAN_POINT('',(-0.445723901688,-3.385609159386,
    2.500115783817));
#6150 = CARTESIAN_POINT('',(-0.436972245266,-3.319133729127,
    2.665845579653));
#6151 = CARTESIAN_POINT('',(-0.468868752251,-3.561411753241,
    2.833154315104));
#6152 = CARTESIAN_POINT('',(-0.503212217168,-3.82227626813,3.));
#6153 = CARTESIAN_POINT('',(-0.538545880324,-4.090662085364,
    3.166845684896));
#6154 = CARTESIAN_POINT('',(-0.567455354815,-4.310251345122,
    3.334154420345));
#6155 = CARTESIAN_POINT('',(-0.559436654906,-4.249343272309,
    3.49988421619));
#6156 = CARTESIAN_POINT('',(-0.562350825546,-4.271478595933,
    3.666702993561));
#6157 = CARTESIAN_POINT('',(-0.518072983526,-3.93515499531,
    3.832344983253));
#6158 = CARTESIAN_POINT('',(-0.488639068982,-3.711582217859,
    3.999999999629));
#6159 = CARTESIAN_POINT('',(-0.445436773505,-3.383428204306,
    4.167655018238));
#6160 = CARTESIAN_POINT('',(-0.442891285381,-3.364093302424,
    4.333297001163));
#6161 = CARTESIAN_POINT('',(-0.445724345417,-3.385612529843,
    4.500115803424));
#6162 = CARTESIAN_POINT('',(-0.43697059507,-3.319121194645,
    4.665845506737));
#6163 = CARTESIAN_POINT('',(-0.468874847646,-3.561458052358,
    4.833154584436));
#6164 = CARTESIAN_POINT('',(-0.503189532666,-3.822103962229,
    4.999998997659));
#6165 = CARTESIAN_POINT('',(-0.538630648731,-4.091305965338,
    5.166849430487));
#6166 = CARTESIAN_POINT('',(-0.567136908863,-4.307832507979,
    5.334140349441));
#6167 = CARTESIAN_POINT('',(-0.560635920486,-4.258452598767,
    5.499937207133));
#6168 = CARTESIAN_POINT('',(-0.557878364248,-4.237506879665,
    5.666505372662));
#6169 = CARTESIAN_POINT('',(-0.534674834581,-4.061258573642,
    5.833078555327));
#6170 = CARTESIAN_POINT('',(-0.463012275065,-3.516927392776,
    5.942735729628));
#6171 = CARTESIAN_POINT('',(-0.486351942316,-3.694209766075,6.));
#6172 = ADVANCED_FACE('',(#6173),#6226,.F.);
#6173 = FACE_BOUND('',#6174,.F.);
#6174 = EDGE_LOOP('',(#6175,#6176,#6177,#6225));
#6175 = ORIENTED_EDGE('',*,*,#6033,.F.);
#6176 = ORIENTED_EDGE('',*,*,#292,.F.);
#6177 = ORIENTED_EDGE('',*,*,#6178,.T.);
#6178 = EDGE_CURVE('',#283,#798,#6179,.T.);
#6179 = ( BOUNDED_CURVE() B_SPLINE_CURVE(3,(#6180,#6181,#6182,#6183,
    #6184,#6185,#6186,#6187,#6188,#6189,#6190,#6191,#6192,#6193,#6194,
    #6195,#6196,#6197,#6198,#6199,#6200,#6201,#6202,#6203,#6204,#6205,
    #6206,#6207,#6208,#6209,#6210,#6211,#6212,#6213,#6214,#6215,#6216,
    #6217,#6218,#6219,#6220,#6221,#6222,#6223,#6224),.UNSPECIFIED.,.F.,
.F.) B_SPLINE_CURVE_WITH_KNOTS((4,1,1,1,1,1,1,1,1,1,1,1,1,1,1,1,1,1,1,1,
    1,1,1,1,1,1,1,1,1,1,1,1,1,1,1,1,1,1,1,1,1,1,4),(0.,
    2.367208350872E-02,4.740980147591E-02,7.134334288179E-02,
    9.527688428768E-02,0.119185059348,0.142857142857,0.166529226366,
    0.190437401427,0.214370942832,0.238304484238,0.262042202206,
    0.285714285714,0.309386369223,0.33312408719,0.357057628596,
    0.380991170002,0.404899345063,0.428571428571,0.45224351208,
    0.476151687141,0.500085228547,0.524018769953,0.54775648792,
    0.571428571429,0.595100654937,0.618838372904,0.64277191431,
    0.666705455716,0.690613630777,0.714285714286,0.737957797794,
    0.761865972855,0.785799514261,0.809733055667,0.833470773634,
    0.857142857143,0.880814940652,0.904552658619,0.928486200025,
0.952419741431,0.976327916491,1.),.UNSPECIFIED.) CURVE() 
GEOMETRIC_REPRESENTATION_ITEM() RATIONAL_B_SPLINE_CURVE((1.,
    1.000000000024,0.999999999989,1.000000000003,0.999999999999,1.,1.,1.
    ,1.,1.,1.,1.,1.,1.,1.,1.,1.,1.,1.,1.,1.,1.,1.,1.,1.,1.,1.,1.,1.,1.,
    1.,1.,1.,1.,1.,1.,1.,1.,1.,1.,1.000000000002,0.999999999993,
1.000000000024,0.999999999948,1.)) REPRESENTATION_ITEM('') );
#6180 = CARTESIAN_POINT('',(-6.964513101238E-16,-3.791304347826,-1.));
#6181 = CARTESIAN_POINT('',(-6.332609955386E-16,-3.447312297162,
    -0.945915960696));
#6182 = CARTESIAN_POINT('',(-7.78018421497E-16,-4.235335020841,
    -0.832465754706));
#6183 = CARTESIAN_POINT('',(-7.939744310173E-16,-4.322195491099,
    -0.666031992455));
#6184 = CARTESIAN_POINT('',(-7.855547535507E-16,-4.276360901755,
    -0.500065658372));
#6185 = CARTESIAN_POINT('',(-8.031604194274E-16,-4.372201682895,
    -0.333310426054));
#6186 = CARTESIAN_POINT('',(-7.414452867735E-16,-4.036240148532,
    -0.167651462254));
#6187 = CARTESIAN_POINT('',(-6.985243552757E-16,-3.802589480015,
    -9.481367651137E-07));
#6188 = CARTESIAN_POINT('',(-6.431238021804E-16,-3.501002915715,
    0.167655273713));
#6189 = CARTESIAN_POINT('',(-6.192347572494E-16,-3.370957012153,
    0.333296937213));
#6190 = CARTESIAN_POINT('',(-6.272577658131E-16,-3.414632236548,
    0.500115802373));
#6191 = CARTESIAN_POINT('',(-6.191783158536E-16,-3.370649759504,
    0.665845574726));
#6192 = CARTESIAN_POINT('',(-6.432713445902E-16,-3.501806099185,
    0.833154316416));
#6193 = CARTESIAN_POINT('',(-6.985958314868E-16,-3.802978578385,
    0.999999999649));
#6194 = CARTESIAN_POINT('',(-7.410412981811E-16,-4.034040937066,
    1.16684568499));
#6195 = CARTESIAN_POINT('',(-8.039851855974E-16,-4.376691500805,
    1.334154420322));
#6196 = CARTESIAN_POINT('',(-7.828629130272E-16,-4.261707204462,
    1.499884216189));
#6197 = CARTESIAN_POINT('',(-8.038810821028E-16,-4.376124787775,
    1.666702993586));
#6198 = CARTESIAN_POINT('',(-7.412543977338E-16,-4.035200997,
    1.832344983153));
#6199 = CARTESIAN_POINT('',(-6.985752721883E-16,-3.802866658777,2.));
#6200 = CARTESIAN_POINT('',(-6.431100079386E-16,-3.50092782336,
    2.167655016847));
#6201 = CARTESIAN_POINT('',(-6.192384733538E-16,-3.370977241683,
    2.333297006412));
#6202 = CARTESIAN_POINT('',(-6.272567693606E-16,-3.414626812113,
    2.500115783817));
#6203 = CARTESIAN_POINT('',(-6.191785804453E-16,-3.370651199875,
    2.665845579653));
#6204 = CARTESIAN_POINT('',(-6.432712741592E-16,-3.501805715776,
    2.833154315104));
#6205 = CARTESIAN_POINT('',(-6.98595850328E-16,-3.802978680952,3.));
#6206 = CARTESIAN_POINT('',(-7.410412931427E-16,-4.034040909638,
    3.166845684896));
#6207 = CARTESIAN_POINT('',(-8.0398518687E-16,-4.376691507732,
    3.334154420345));
#6208 = CARTESIAN_POINT('',(-7.828629130294E-16,-4.261707204474,
    3.49988421619));
#6209 = CARTESIAN_POINT('',(-8.038810808181E-16,-4.376124780782,
    3.666702993561));
#6210 = CARTESIAN_POINT('',(-7.412544028426E-16,-4.035201024811,
    3.832344983253));
#6211 = CARTESIAN_POINT('',(-6.985752532412E-16,-3.802866555633,
    3.999999999629));
#6212 = CARTESIAN_POINT('',(-6.431100789962E-16,-3.50092821018,
    4.167655018238));
#6213 = CARTESIAN_POINT('',(-6.192382050839E-16,-3.370975781289,
    4.333297001163));
#6214 = CARTESIAN_POINT('',(-6.272577714122E-16,-3.414632267028,
    4.500115803424));
#6215 = CARTESIAN_POINT('',(-6.191748538894E-16,-3.37063091345,
    4.665845506737));
#6216 = CARTESIAN_POINT('',(-6.432850390875E-16,-3.501880648553,
    4.833154584436));
#6217 = CARTESIAN_POINT('',(-6.98544623037E-16,-3.802699812579,
    4.999998997659));
#6218 = CARTESIAN_POINT('',(-7.412327214491E-16,-4.035082996763,
    5.166849430487));
#6219 = CARTESIAN_POINT('',(-8.032660561059E-16,-4.372776742334,
    5.334140349441));
#6220 = CARTESIAN_POINT('',(-7.855711552589E-16,-4.276450187948,
    5.499937207133));
#6221 = CARTESIAN_POINT('',(-7.937811423621E-16,-4.321143278714,
    5.666505372662));
#6222 = CARTESIAN_POINT('',(-7.787455431245E-16,-4.239293279029,
    5.833078555327));
#6223 = CARTESIAN_POINT('',(-6.327998039863E-16,-3.444801703472,
    5.942735729628));
#6224 = CARTESIAN_POINT('',(-6.964513101238E-16,-3.791304347826,6.));
#6225 = ORIENTED_EDGE('',*,*,#807,.T.);
#6226 = ( BOUNDED_SURFACE() B_SPLINE_SURFACE(1,3,(
    (#6227,#6228,#6229,#6230,#6231,#6232,#6233,#6234,#6235,#6236,#6237
      ,#6238,#6239,#6240,#6241,#6242,#6243,#6244,#6245,#6246,#6247,#6248
      ,#6249,#6250,#6251,#6252,#6253,#6254,#6255,#6256,#6257,#6258,#6259
      ,#6260,#6261,#6262,#6263,#6264,#6265,#6266,#6267,#6268,#6269,#6270
      ,#6271)
    ,(#6272,#6273,#6274,#6275,#6276,#6277,#6278,#6279,#6280,#6281,#6282
      ,#6283,#6284,#6285,#6286,#6287,#6288,#6289,#6290,#6291,#6292,#6293
      ,#6294,#6295,#6296,#6297,#6298,#6299,#6300,#6301,#6302,#6303,#6304
      ,#6305,#6306,#6307,#6308,#6309,#6310,#6311,#6312,#6313,#6314,#6315
,#6316
    )),.UNSPECIFIED.,.F.,.F.,.F.) B_SPLINE_SURFACE_WITH_KNOTS((2,2),(4,1
    ,1,1,1,1,1,1,1,1,1,1,1,1,1,1,1,1,1,1,1,1,1,1,1,1,1,1,1,1,1,1,1,1,1,1
    ,1,1,1,1,1,1,4),(35.,36.),(0.,2.367208350872E-02,4.740980147591E-02,
    7.134334288179E-02,9.527688428768E-02,0.119185059348,0.142857142857,
    0.166529226366,0.190437401427,0.214370942832,0.238304484238,
    0.262042202206,0.285714285714,0.309386369223,0.33312408719,
    0.357057628596,0.380991170002,0.404899345063,0.428571428571,
    0.45224351208,0.476151687141,0.500085228547,0.524018769953,
    0.54775648792,0.571428571429,0.595100654937,0.618838372904,
    0.64277191431,0.666705455716,0.690613630777,0.714285714286,
    0.737957797794,0.761865972855,0.785799514261,0.809733055667,
    0.833470773634,0.857142857143,0.880814940652,0.904552658619,
    0.928486200025,0.952419741431,0.976327916491,1.),.UNSPECIFIED.) 
GEOMETRIC_REPRESENTATION_ITEM() RATIONAL_B_SPLINE_SURFACE((
    (1.,1.000000000024,0.999999999989,1.000000000003,0.999999999999,1.
      ,1.,1.,1.,1.,1.,1.,1.,1.,1.,1.,1.,1.,1.,1.,1.,1.,1.,1.,1.,1.,1.,1.
      ,1.,1.,1.,1.,1.,1.,1.,1.,1.,1.,1.,1.,1.000000000002,0.999999999993
      ,1.000000000024,0.999999999948,1.)
    ,(1.,1.000000000024,0.999999999989,1.000000000003,0.999999999999,1.
      ,1.,1.,1.,1.,1.,1.,1.,1.,1.,1.,1.,1.,1.,1.,1.,1.,1.,1.,1.,1.,1.,1.
      ,1.,1.,1.,1.,1.,1.,1.,1.,1.,1.,1.,1.,1.000000000002,0.999999999993
,1.000000000024,0.999999999948,1.
  ))) REPRESENTATION_ITEM('') SURFACE() );
#6227 = CARTESIAN_POINT('',(-0.503377097823,-3.823528661037,-1.));
#6228 = CARTESIAN_POINT('',(-0.482640138499,-3.666015816809,
    -0.945915960696));
#6229 = CARTESIAN_POINT('',(-0.553593101125,-4.204957074718,
    -0.832465754706));
#6230 = CARTESIAN_POINT('',(-0.563381646004,-4.279308454648,
    -0.666031992455));
#6231 = CARTESIAN_POINT('',(-0.560532054143,-4.257663655575,
    -0.500065658372));
#6232 = CARTESIAN_POINT('',(-0.562057564557,-4.269251057568,
    -0.333310426054));
#6233 = CARTESIAN_POINT('',(-0.518150660349,-3.935745009356,
    -0.167651462254));
#6234 = CARTESIAN_POINT('',(-0.488618357591,-3.711424899224,
    -9.481367651137E-07));
#6235 = CARTESIAN_POINT('',(-0.445442355374,-3.38347060281,
    0.167655273713));
#6236 = CARTESIAN_POINT('',(-0.44288989197,-3.364082718419,
    0.333296937213));
#6237 = CARTESIAN_POINT('',(-0.445724307178,-3.385612239385,
    0.500115802373));
#6238 = CARTESIAN_POINT('',(-0.436972137595,-3.319132911284,
    0.665845574726));
#6239 = CARTESIAN_POINT('',(-0.468868780912,-3.56141197094,
    0.833154316416));
#6240 = CARTESIAN_POINT('',(-0.503212209501,-3.822276209894,
    0.999999999649));
#6241 = CARTESIAN_POINT('',(-0.538545882374,-4.09066210093,1.16684568499
    ));
#6242 = CARTESIAN_POINT('',(-0.5674553543,-4.310251341215,1.334154420322
    ));
#6243 = CARTESIAN_POINT('',(-0.559436654891,-4.249343272201,
    1.499884216189));
#6244 = CARTESIAN_POINT('',(-0.562350826118,-4.271478600281,
    1.666702993586));
#6245 = CARTESIAN_POINT('',(-0.518072981263,-3.935154978119,
    1.832344983153));
#6246 = CARTESIAN_POINT('',(-0.488639077373,-3.711582281591,2.));
#6247 = CARTESIAN_POINT('',(-0.445436742039,-3.3834279653,2.167655016847
    ));
#6248 = CARTESIAN_POINT('',(-0.442891404177,-3.364094204765,
    2.333297006412));
#6249 = CARTESIAN_POINT('',(-0.445723901688,-3.385609159386,
    2.500115783817));
#6250 = CARTESIAN_POINT('',(-0.436972245266,-3.319133729127,
    2.665845579653));
#6251 = CARTESIAN_POINT('',(-0.468868752251,-3.561411753241,
    2.833154315104));
#6252 = CARTESIAN_POINT('',(-0.503212217168,-3.82227626813,3.));
#6253 = CARTESIAN_POINT('',(-0.538545880324,-4.090662085364,
    3.166845684896));
#6254 = CARTESIAN_POINT('',(-0.567455354815,-4.310251345122,
    3.334154420345));
#6255 = CARTESIAN_POINT('',(-0.559436654906,-4.249343272309,
    3.49988421619));
#6256 = CARTESIAN_POINT('',(-0.562350825546,-4.271478595933,
    3.666702993561));
#6257 = CARTESIAN_POINT('',(-0.518072983526,-3.93515499531,
    3.832344983253));
#6258 = CARTESIAN_POINT('',(-0.488639068982,-3.711582217859,
    3.999999999629));
#6259 = CARTESIAN_POINT('',(-0.445436773505,-3.383428204306,
    4.167655018238));
#6260 = CARTESIAN_POINT('',(-0.442891285381,-3.364093302424,
    4.333297001163));
#6261 = CARTESIAN_POINT('',(-0.445724345417,-3.385612529843,
    4.500115803424));
#6262 = CARTESIAN_POINT('',(-0.43697059507,-3.319121194645,
    4.665845506737));
#6263 = CARTESIAN_POINT('',(-0.468874847646,-3.561458052358,
    4.833154584436));
#6264 = CARTESIAN_POINT('',(-0.503189532666,-3.822103962229,
    4.999998997659));
#6265 = CARTESIAN_POINT('',(-0.538630648731,-4.091305965338,
    5.166849430487));
#6266 = CARTESIAN_POINT('',(-0.567136908863,-4.307832507979,
    5.334140349441));
#6267 = CARTESIAN_POINT('',(-0.560635920486,-4.258452598767,
    5.499937207133));
#6268 = CARTESIAN_POINT('',(-0.557878364248,-4.237506879665,
    5.666505372662));
#6269 = CARTESIAN_POINT('',(-0.534674834581,-4.061258573642,
    5.833078555327));
#6270 = CARTESIAN_POINT('',(-0.463012275065,-3.516927392776,
    5.942735729628));
#6271 = CARTESIAN_POINT('',(-0.486351942316,-3.694209766075,6.));
#6272 = CARTESIAN_POINT('',(-6.964513101238E-16,-3.791304347826,-1.));
#6273 = CARTESIAN_POINT('',(-6.332609955386E-16,-3.447312297162,
    -0.945915960696));
#6274 = CARTESIAN_POINT('',(-7.78018421497E-16,-4.235335020841,
    -0.832465754706));
#6275 = CARTESIAN_POINT('',(-7.939744310173E-16,-4.322195491099,
    -0.666031992455));
#6276 = CARTESIAN_POINT('',(-7.855547535507E-16,-4.276360901755,
    -0.500065658372));
#6277 = CARTESIAN_POINT('',(-8.031604194274E-16,-4.372201682895,
    -0.333310426054));
#6278 = CARTESIAN_POINT('',(-7.414452867735E-16,-4.036240148532,
    -0.167651462254));
#6279 = CARTESIAN_POINT('',(-6.985243552757E-16,-3.802589480015,
    -9.481367651137E-07));
#6280 = CARTESIAN_POINT('',(-6.431238021804E-16,-3.501002915715,
    0.167655273713));
#6281 = CARTESIAN_POINT('',(-6.192347572494E-16,-3.370957012153,
    0.333296937213));
#6282 = CARTESIAN_POINT('',(-6.272577658131E-16,-3.414632236548,
    0.500115802373));
#6283 = CARTESIAN_POINT('',(-6.191783158536E-16,-3.370649759504,
    0.665845574726));
#6284 = CARTESIAN_POINT('',(-6.432713445902E-16,-3.501806099185,
    0.833154316416));
#6285 = CARTESIAN_POINT('',(-6.985958314868E-16,-3.802978578385,
    0.999999999649));
#6286 = CARTESIAN_POINT('',(-7.410412981811E-16,-4.034040937066,
    1.16684568499));
#6287 = CARTESIAN_POINT('',(-8.039851855974E-16,-4.376691500805,
    1.334154420322));
#6288 = CARTESIAN_POINT('',(-7.828629130272E-16,-4.261707204462,
    1.499884216189));
#6289 = CARTESIAN_POINT('',(-8.038810821028E-16,-4.376124787775,
    1.666702993586));
#6290 = CARTESIAN_POINT('',(-7.412543977338E-16,-4.035200997,
    1.832344983153));
#6291 = CARTESIAN_POINT('',(-6.985752721883E-16,-3.802866658777,2.));
#6292 = CARTESIAN_POINT('',(-6.431100079386E-16,-3.50092782336,
    2.167655016847));
#6293 = CARTESIAN_POINT('',(-6.192384733538E-16,-3.370977241683,
    2.333297006412));
#6294 = CARTESIAN_POINT('',(-6.272567693606E-16,-3.414626812113,
    2.500115783817));
#6295 = CARTESIAN_POINT('',(-6.191785804453E-16,-3.370651199875,
    2.665845579653));
#6296 = CARTESIAN_POINT('',(-6.432712741592E-16,-3.501805715776,
    2.833154315104));
#6297 = CARTESIAN_POINT('',(-6.98595850328E-16,-3.802978680952,3.));
#6298 = CARTESIAN_POINT('',(-7.410412931427E-16,-4.034040909638,
    3.166845684896));
#6299 = CARTESIAN_POINT('',(-8.0398518687E-16,-4.376691507732,
    3.334154420345));
#6300 = CARTESIAN_POINT('',(-7.828629130294E-16,-4.261707204474,
    3.49988421619));
#6301 = CARTESIAN_POINT('',(-8.038810808181E-16,-4.376124780782,
    3.666702993561));
#6302 = CARTESIAN_POINT('',(-7.412544028426E-16,-4.035201024811,
    3.832344983253));
#6303 = CARTESIAN_POINT('',(-6.985752532412E-16,-3.802866555633,
    3.999999999629));
#6304 = CARTESIAN_POINT('',(-6.431100789962E-16,-3.50092821018,
    4.167655018238));
#6305 = CARTESIAN_POINT('',(-6.192382050839E-16,-3.370975781289,
    4.333297001163));
#6306 = CARTESIAN_POINT('',(-6.272577714122E-16,-3.414632267028,
    4.500115803424));
#6307 = CARTESIAN_POINT('',(-6.191748538894E-16,-3.37063091345,
    4.665845506737));
#6308 = CARTESIAN_POINT('',(-6.432850390875E-16,-3.501880648553,
    4.833154584436));
#6309 = CARTESIAN_POINT('',(-6.98544623037E-16,-3.802699812579,
    4.999998997659));
#6310 = CARTESIAN_POINT('',(-7.412327214491E-16,-4.035082996763,
    5.166849430487));
#6311 = CARTESIAN_POINT('',(-8.032660561059E-16,-4.372776742334,
    5.334140349441));
#6312 = CARTESIAN_POINT('',(-7.855711552589E-16,-4.276450187948,
    5.499937207133));
#6313 = CARTESIAN_POINT('',(-7.937811423621E-16,-4.321143278714,
    5.666505372662));
#6314 = CARTESIAN_POINT('',(-7.787455431245E-16,-4.239293279029,
    5.833078555327));
#6315 = CARTESIAN_POINT('',(-6.327998039863E-16,-3.444801703472,
    5.942735729628));
#6316 = CARTESIAN_POINT('',(-6.964513101238E-16,-3.791304347826,6.));
#6317 = ADVANCED_FACE('',(#6318),#6371,.F.);
#6318 = FACE_BOUND('',#6319,.F.);
#6319 = EDGE_LOOP('',(#6320,#6321,#6322,#6370));
#6320 = ORIENTED_EDGE('',*,*,#6178,.F.);
#6321 = ORIENTED_EDGE('',*,*,#282,.F.);
#6322 = ORIENTED_EDGE('',*,*,#6323,.T.);
#6323 = EDGE_CURVE('',#273,#788,#6324,.T.);
#6324 = ( BOUNDED_CURVE() B_SPLINE_CURVE(3,(#6325,#6326,#6327,#6328,
    #6329,#6330,#6331,#6332,#6333,#6334,#6335,#6336,#6337,#6338,#6339,
    #6340,#6341,#6342,#6343,#6344,#6345,#6346,#6347,#6348,#6349,#6350,
    #6351,#6352,#6353,#6354,#6355,#6356,#6357,#6358,#6359,#6360,#6361,
    #6362,#6363,#6364,#6365,#6366,#6367,#6368,#6369),.UNSPECIFIED.,.F.,
.F.) B_SPLINE_CURVE_WITH_KNOTS((4,1,1,1,1,1,1,1,1,1,1,1,1,1,1,1,1,1,1,1,
    1,1,1,1,1,1,1,1,1,1,1,1,1,1,1,1,1,1,1,1,1,1,4),(0.,
    2.367208350872E-02,4.740980147591E-02,7.134334288179E-02,
    9.527688428768E-02,0.119185059348,0.142857142857,0.166529226366,
    0.190437401427,0.214370942832,0.238304484238,0.262042202206,
    0.285714285714,0.309386369223,0.33312408719,0.357057628596,
    0.380991170002,0.404899345063,0.428571428571,0.45224351208,
    0.476151687141,0.500085228547,0.524018769953,0.54775648792,
    0.571428571429,0.595100654937,0.618838372904,0.64277191431,
    0.666705455716,0.690613630777,0.714285714286,0.737957797794,
    0.761865972855,0.785799514261,0.809733055667,0.833470773634,
    0.857142857143,0.880814940652,0.904552658619,0.928486200025,
0.952419741431,0.976327916491,1.),.UNSPECIFIED.) CURVE() 
GEOMETRIC_REPRESENTATION_ITEM() RATIONAL_B_SPLINE_CURVE((1.,
    1.000000000024,0.999999999989,1.000000000003,0.999999999999,1.,1.,1.
    ,1.,1.,1.,1.,1.,1.,1.,1.,1.,1.,1.,1.,1.,1.,1.,1.,1.,1.,1.,1.,1.,1.,
    1.,1.,1.,1.,1.,1.,1.,1.,1.,1.,1.000000000002,0.999999999993,
1.000000000024,0.999999999948,1.)) REPRESENTATION_ITEM('') );
#6325 = CARTESIAN_POINT('',(0.486351942316,-3.694209766075,-1.));
#6326 = CARTESIAN_POINT('',(0.463035420207,-3.517103197381,
    -0.945915960696));
#6327 = CARTESIAN_POINT('',(0.534371367127,-4.058953509574,
    -0.832465754706));
#6328 = CARTESIAN_POINT('',(0.557997964975,-4.238415337355,
    -0.666031992455));
#6329 = CARTESIAN_POINT('',(0.560626385133,-4.258380170577,
    -0.500065658372));
#6330 = CARTESIAN_POINT('',(0.567077162131,-4.30737868649,
    -0.333310426054));
#6331 = CARTESIAN_POINT('',(0.538761389387,-4.092299039211,
    -0.167651462254));
#6332 = CARTESIAN_POINT('',(0.50319164462,-3.822120004109,
    -9.481367651137E-07));
#6333 = CARTESIAN_POINT('',(0.468738318274,-3.560421008821,
    0.167655273713));
#6334 = CARTESIAN_POINT('',(0.437038649568,-3.319638119872,
    0.333296937213));
#6335 = CARTESIAN_POINT('',(0.445708111392,-3.385489220182,
    0.500115802373));
#6336 = CARTESIAN_POINT('',(0.44287404062,-3.363962315459,0.665845574726
    ));
#6337 = CARTESIAN_POINT('',(0.44552913213,-3.384129737713,0.833154316416
    ));
#6338 = CARTESIAN_POINT('',(0.488663902281,-3.711770845491,
    0.999999999649));
#6339 = CARTESIAN_POINT('',(0.517914092117,-3.933948095237,1.16684568499
    ));
#6340 = CARTESIAN_POINT('',(0.562453415438,-4.272257843529,
    1.334154420322));
#6341 = CARTESIAN_POINT('',(0.559428337373,-4.249280094373,
    1.499884216189));
#6342 = CARTESIAN_POINT('',(0.567397904871,-4.309814969474,
    1.666702993586));
#6343 = CARTESIAN_POINT('',(0.53867643109,-4.091653716877,1.832344983153
    ));
#6344 = CARTESIAN_POINT('',(0.503214306027,-3.822292134583,2.));
#6345 = CARTESIAN_POINT('',(0.46873217892,-3.560374375801,2.167655016847
    ));
#6346 = CARTESIAN_POINT('',(0.437040303481,-3.31965068259,2.333297006412
    ));
#6347 = CARTESIAN_POINT('',(0.445707667905,-3.38548585156,2.500115783817
    ));
#6348 = CARTESIAN_POINT('',(0.442874158381,-3.363963209942,
    2.665845579653));
#6349 = CARTESIAN_POINT('',(0.445529100783,-3.384129499613,
    2.833154315104));
#6350 = CARTESIAN_POINT('',(0.488663910667,-3.711770909188,3.));
#6351 = CARTESIAN_POINT('',(0.517914089874,-3.933948078197,
    3.166845684896));
#6352 = CARTESIAN_POINT('',(0.562453416008,-4.272257847858,
    3.334154420345));
#6353 = CARTESIAN_POINT('',(0.55942833736,-4.249280094278,3.49988421619)
  );
#6354 = CARTESIAN_POINT('',(0.567397904349,-4.309814965513,
    3.666702993561));
#6355 = CARTESIAN_POINT('',(0.538676433177,-4.091653732732,
    3.832344983253));
#6356 = CARTESIAN_POINT('',(0.503214298282,-3.822292075756,
    3.999999999629));
#6357 = CARTESIAN_POINT('',(0.468732207966,-3.560374596426,
    4.167655018238));
#6358 = CARTESIAN_POINT('',(0.437040193821,-3.319649849644,
    4.333297001163));
#6359 = CARTESIAN_POINT('',(0.445708077509,-3.38548896281,4.500115803424
    ));
#6360 = CARTESIAN_POINT('',(0.442872635094,-3.363951639431,
    4.665845506737));
#6361 = CARTESIAN_POINT('',(0.445534727408,-3.384172238069,
    4.833154584436));
#6362 = CARTESIAN_POINT('',(0.48864297073,-3.711611854577,4.999998997659
    ));
#6363 = CARTESIAN_POINT('',(0.517992339115,-3.934542440194,
    5.166849430487));
#6364 = CARTESIAN_POINT('',(0.562159460335,-4.270025032844,
    5.334140349441));
#6365 = CARTESIAN_POINT('',(0.560535372695,-4.257688862494,
    5.499937207133));
#6366 = CARTESIAN_POINT('',(0.563269400395,-4.278455864561,
    5.666505372662));
#6367 = CARTESIAN_POINT('',(0.554001508826,-4.208059239362,
    5.833078555327));
#6368 = CARTESIAN_POINT('',(0.482313141355,-3.663532026556,
    5.942735729628));
#6369 = CARTESIAN_POINT('',(0.503377097823,-3.823528661037,6.));
#6370 = ORIENTED_EDGE('',*,*,#797,.T.);
#6371 = ( BOUNDED_SURFACE() B_SPLINE_SURFACE(1,3,(
    (#6372,#6373,#6374,#6375,#6376,#6377,#6378,#6379,#6380,#6381,#6382
      ,#6383,#6384,#6385,#6386,#6387,#6388,#6389,#6390,#6391,#6392,#6393
      ,#6394,#6395,#6396,#6397,#6398,#6399,#6400,#6401,#6402,#6403,#6404
      ,#6405,#6406,#6407,#6408,#6409,#6410,#6411,#6412,#6413,#6414,#6415
      ,#6416)
    ,(#6417,#6418,#6419,#6420,#6421,#6422,#6423,#6424,#6425,#6426,#6427
      ,#6428,#6429,#6430,#6431,#6432,#6433,#6434,#6435,#6436,#6437,#6438
      ,#6439,#6440,#6441,#6442,#6443,#6444,#6445,#6446,#6447,#6448,#6449
      ,#6450,#6451,#6452,#6453,#6454,#6455,#6456,#6457,#6458,#6459,#6460
,#6461
    )),.UNSPECIFIED.,.F.,.F.,.F.) B_SPLINE_SURFACE_WITH_KNOTS((2,2),(4,1
    ,1,1,1,1,1,1,1,1,1,1,1,1,1,1,1,1,1,1,1,1,1,1,1,1,1,1,1,1,1,1,1,1,1,1
    ,1,1,1,1,1,1,4),(36.,37.),(0.,2.367208350872E-02,4.740980147591E-02,
    7.134334288179E-02,9.527688428768E-02,0.119185059348,0.142857142857,
    0.166529226366,0.190437401427,0.214370942832,0.238304484238,
    0.262042202206,0.285714285714,0.309386369223,0.33312408719,
    0.357057628596,0.380991170002,0.404899345063,0.428571428571,
    0.45224351208,0.476151687141,0.500085228547,0.524018769953,
    0.54775648792,0.571428571429,0.595100654937,0.618838372904,
    0.64277191431,0.666705455716,0.690613630777,0.714285714286,
    0.737957797794,0.761865972855,0.785799514261,0.809733055667,
    0.833470773634,0.857142857143,0.880814940652,0.904552658619,
    0.928486200025,0.952419741431,0.976327916491,1.),.UNSPECIFIED.) 
GEOMETRIC_REPRESENTATION_ITEM() RATIONAL_B_SPLINE_SURFACE((
    (1.,1.000000000024,0.999999999989,1.000000000003,0.999999999999,1.
      ,1.,1.,1.,1.,1.,1.,1.,1.,1.,1.,1.,1.,1.,1.,1.,1.,1.,1.,1.,1.,1.,1.
      ,1.,1.,1.,1.,1.,1.,1.,1.,1.,1.,1.,1.,1.000000000002,0.999999999993
      ,1.000000000024,0.999999999948,1.)
    ,(1.,1.000000000024,0.999999999989,1.000000000003,0.999999999999,1.
      ,1.,1.,1.,1.,1.,1.,1.,1.,1.,1.,1.,1.,1.,1.,1.,1.,1.,1.,1.,1.,1.,1.
      ,1.,1.,1.,1.,1.,1.,1.,1.,1.,1.,1.,1.,1.000000000002,0.999999999993
,1.000000000024,0.999999999948,1.
  ))) REPRESENTATION_ITEM('') SURFACE() );
#6372 = CARTESIAN_POINT('',(-6.964513101238E-16,-3.791304347826,-1.));
#6373 = CARTESIAN_POINT('',(-6.332609955386E-16,-3.447312297162,
    -0.945915960696));
#6374 = CARTESIAN_POINT('',(-7.78018421497E-16,-4.235335020841,
    -0.832465754706));
#6375 = CARTESIAN_POINT('',(-7.939744310173E-16,-4.322195491099,
    -0.666031992455));
#6376 = CARTESIAN_POINT('',(-7.855547535507E-16,-4.276360901755,
    -0.500065658372));
#6377 = CARTESIAN_POINT('',(-8.031604194274E-16,-4.372201682895,
    -0.333310426054));
#6378 = CARTESIAN_POINT('',(-7.414452867735E-16,-4.036240148532,
    -0.167651462254));
#6379 = CARTESIAN_POINT('',(-6.985243552757E-16,-3.802589480015,
    -9.481367651137E-07));
#6380 = CARTESIAN_POINT('',(-6.431238021804E-16,-3.501002915715,
    0.167655273713));
#6381 = CARTESIAN_POINT('',(-6.192347572494E-16,-3.370957012153,
    0.333296937213));
#6382 = CARTESIAN_POINT('',(-6.272577658131E-16,-3.414632236548,
    0.500115802373));
#6383 = CARTESIAN_POINT('',(-6.191783158536E-16,-3.370649759504,
    0.665845574726));
#6384 = CARTESIAN_POINT('',(-6.432713445902E-16,-3.501806099185,
    0.833154316416));
#6385 = CARTESIAN_POINT('',(-6.985958314868E-16,-3.802978578385,
    0.999999999649));
#6386 = CARTESIAN_POINT('',(-7.410412981811E-16,-4.034040937066,
    1.16684568499));
#6387 = CARTESIAN_POINT('',(-8.039851855974E-16,-4.376691500805,
    1.334154420322));
#6388 = CARTESIAN_POINT('',(-7.828629130272E-16,-4.261707204462,
    1.499884216189));
#6389 = CARTESIAN_POINT('',(-8.038810821028E-16,-4.376124787775,
    1.666702993586));
#6390 = CARTESIAN_POINT('',(-7.412543977338E-16,-4.035200997,
    1.832344983153));
#6391 = CARTESIAN_POINT('',(-6.985752721883E-16,-3.802866658777,2.));
#6392 = CARTESIAN_POINT('',(-6.431100079386E-16,-3.50092782336,
    2.167655016847));
#6393 = CARTESIAN_POINT('',(-6.192384733538E-16,-3.370977241683,
    2.333297006412));
#6394 = CARTESIAN_POINT('',(-6.272567693606E-16,-3.414626812113,
    2.500115783817));
#6395 = CARTESIAN_POINT('',(-6.191785804453E-16,-3.370651199875,
    2.665845579653));
#6396 = CARTESIAN_POINT('',(-6.432712741592E-16,-3.501805715776,
    2.833154315104));
#6397 = CARTESIAN_POINT('',(-6.98595850328E-16,-3.802978680952,3.));
#6398 = CARTESIAN_POINT('',(-7.410412931427E-16,-4.034040909638,
    3.166845684896));
#6399 = CARTESIAN_POINT('',(-8.0398518687E-16,-4.376691507732,
    3.334154420345));
#6400 = CARTESIAN_POINT('',(-7.828629130294E-16,-4.261707204474,
    3.49988421619));
#6401 = CARTESIAN_POINT('',(-8.038810808181E-16,-4.376124780782,
    3.666702993561));
#6402 = CARTESIAN_POINT('',(-7.412544028426E-16,-4.035201024811,
    3.832344983253));
#6403 = CARTESIAN_POINT('',(-6.985752532412E-16,-3.802866555633,
    3.999999999629));
#6404 = CARTESIAN_POINT('',(-6.431100789962E-16,-3.50092821018,
    4.167655018238));
#6405 = CARTESIAN_POINT('',(-6.192382050839E-16,-3.370975781289,
    4.333297001163));
#6406 = CARTESIAN_POINT('',(-6.272577714122E-16,-3.414632267028,
    4.500115803424));
#6407 = CARTESIAN_POINT('',(-6.191748538894E-16,-3.37063091345,
    4.665845506737));
#6408 = CARTESIAN_POINT('',(-6.432850390875E-16,-3.501880648553,
    4.833154584436));
#6409 = CARTESIAN_POINT('',(-6.98544623037E-16,-3.802699812579,
    4.999998997659));
#6410 = CARTESIAN_POINT('',(-7.412327214491E-16,-4.035082996763,
    5.166849430487));
#6411 = CARTESIAN_POINT('',(-8.032660561059E-16,-4.372776742334,
    5.334140349441));
#6412 = CARTESIAN_POINT('',(-7.855711552589E-16,-4.276450187948,
    5.499937207133));
#6413 = CARTESIAN_POINT('',(-7.937811423621E-16,-4.321143278714,
    5.666505372662));
#6414 = CARTESIAN_POINT('',(-7.787455431245E-16,-4.239293279029,
    5.833078555327));
#6415 = CARTESIAN_POINT('',(-6.327998039863E-16,-3.444801703472,
    5.942735729628));
#6416 = CARTESIAN_POINT('',(-6.964513101238E-16,-3.791304347826,6.));
#6417 = CARTESIAN_POINT('',(0.486351942316,-3.694209766075,-1.));
#6418 = CARTESIAN_POINT('',(0.463035420207,-3.517103197381,
    -0.945915960696));
#6419 = CARTESIAN_POINT('',(0.534371367127,-4.058953509574,
    -0.832465754706));
#6420 = CARTESIAN_POINT('',(0.557997964975,-4.238415337355,
    -0.666031992455));
#6421 = CARTESIAN_POINT('',(0.560626385133,-4.258380170577,
    -0.500065658372));
#6422 = CARTESIAN_POINT('',(0.567077162131,-4.30737868649,
    -0.333310426054));
#6423 = CARTESIAN_POINT('',(0.538761389387,-4.092299039211,
    -0.167651462254));
#6424 = CARTESIAN_POINT('',(0.50319164462,-3.822120004109,
    -9.481367651137E-07));
#6425 = CARTESIAN_POINT('',(0.468738318274,-3.560421008821,
    0.167655273713));
#6426 = CARTESIAN_POINT('',(0.437038649568,-3.319638119872,
    0.333296937213));
#6427 = CARTESIAN_POINT('',(0.445708111392,-3.385489220182,
    0.500115802373));
#6428 = CARTESIAN_POINT('',(0.44287404062,-3.363962315459,0.665845574726
    ));
#6429 = CARTESIAN_POINT('',(0.44552913213,-3.384129737713,0.833154316416
    ));
#6430 = CARTESIAN_POINT('',(0.488663902281,-3.711770845491,
    0.999999999649));
#6431 = CARTESIAN_POINT('',(0.517914092117,-3.933948095237,1.16684568499
    ));
#6432 = CARTESIAN_POINT('',(0.562453415438,-4.272257843529,
    1.334154420322));
#6433 = CARTESIAN_POINT('',(0.559428337373,-4.249280094373,
    1.499884216189));
#6434 = CARTESIAN_POINT('',(0.567397904871,-4.309814969474,
    1.666702993586));
#6435 = CARTESIAN_POINT('',(0.53867643109,-4.091653716877,1.832344983153
    ));
#6436 = CARTESIAN_POINT('',(0.503214306027,-3.822292134583,2.));
#6437 = CARTESIAN_POINT('',(0.46873217892,-3.560374375801,2.167655016847
    ));
#6438 = CARTESIAN_POINT('',(0.437040303481,-3.31965068259,2.333297006412
    ));
#6439 = CARTESIAN_POINT('',(0.445707667905,-3.38548585156,2.500115783817
    ));
#6440 = CARTESIAN_POINT('',(0.442874158381,-3.363963209942,
    2.665845579653));
#6441 = CARTESIAN_POINT('',(0.445529100783,-3.384129499613,
    2.833154315104));
#6442 = CARTESIAN_POINT('',(0.488663910667,-3.711770909188,3.));
#6443 = CARTESIAN_POINT('',(0.517914089874,-3.933948078197,
    3.166845684896));
#6444 = CARTESIAN_POINT('',(0.562453416008,-4.272257847858,
    3.334154420345));
#6445 = CARTESIAN_POINT('',(0.55942833736,-4.249280094278,3.49988421619)
  );
#6446 = CARTESIAN_POINT('',(0.567397904349,-4.309814965513,
    3.666702993561));
#6447 = CARTESIAN_POINT('',(0.538676433177,-4.091653732732,
    3.832344983253));
#6448 = CARTESIAN_POINT('',(0.503214298282,-3.822292075756,
    3.999999999629));
#6449 = CARTESIAN_POINT('',(0.468732207966,-3.560374596426,
    4.167655018238));
#6450 = CARTESIAN_POINT('',(0.437040193821,-3.319649849644,
    4.333297001163));
#6451 = CARTESIAN_POINT('',(0.445708077509,-3.38548896281,4.500115803424
    ));
#6452 = CARTESIAN_POINT('',(0.442872635094,-3.363951639431,
    4.665845506737));
#6453 = CARTESIAN_POINT('',(0.445534727408,-3.384172238069,
    4.833154584436));
#6454 = CARTESIAN_POINT('',(0.48864297073,-3.711611854577,4.999998997659
    ));
#6455 = CARTESIAN_POINT('',(0.517992339115,-3.934542440194,
    5.166849430487));
#6456 = CARTESIAN_POINT('',(0.562159460335,-4.270025032844,
    5.334140349441));
#6457 = CARTESIAN_POINT('',(0.560535372695,-4.257688862494,
    5.499937207133));
#6458 = CARTESIAN_POINT('',(0.563269400395,-4.278455864561,
    5.666505372662));
#6459 = CARTESIAN_POINT('',(0.554001508826,-4.208059239362,
    5.833078555327));
#6460 = CARTESIAN_POINT('',(0.482313141355,-3.663532026556,
    5.942735729628));
#6461 = CARTESIAN_POINT('',(0.503377097823,-3.823528661037,6.));
#6462 = ADVANCED_FACE('',(#6463),#6516,.F.);
#6463 = FACE_BOUND('',#6464,.F.);
#6464 = EDGE_LOOP('',(#6465,#6466,#6467,#6515));
#6465 = ORIENTED_EDGE('',*,*,#6323,.F.);
#6466 = ORIENTED_EDGE('',*,*,#272,.F.);
#6467 = ORIENTED_EDGE('',*,*,#6468,.T.);
#6468 = EDGE_CURVE('',#263,#778,#6469,.T.);
#6469 = ( BOUNDED_CURVE() B_SPLINE_CURVE(3,(#6470,#6471,#6472,#6473,
    #6474,#6475,#6476,#6477,#6478,#6479,#6480,#6481,#6482,#6483,#6484,
    #6485,#6486,#6487,#6488,#6489,#6490,#6491,#6492,#6493,#6494,#6495,
    #6496,#6497,#6498,#6499,#6500,#6501,#6502,#6503,#6504,#6505,#6506,
    #6507,#6508,#6509,#6510,#6511,#6512,#6513,#6514),.UNSPECIFIED.,.F.,
.F.) B_SPLINE_CURVE_WITH_KNOTS((4,1,1,1,1,1,1,1,1,1,1,1,1,1,1,1,1,1,1,1,
    1,1,1,1,1,1,1,1,1,1,1,1,1,1,1,1,1,1,1,1,1,1,4),(0.,
    2.367208350872E-02,4.740980147591E-02,7.134334288179E-02,
    9.527688428768E-02,0.119185059348,0.142857142857,0.166529226366,
    0.190437401427,0.214370942832,0.238304484238,0.262042202206,
    0.285714285714,0.309386369223,0.33312408719,0.357057628596,
    0.380991170002,0.404899345063,0.428571428571,0.45224351208,
    0.476151687141,0.500085228547,0.524018769953,0.54775648792,
    0.571428571429,0.595100654937,0.618838372904,0.64277191431,
    0.666705455716,0.690613630777,0.714285714286,0.737957797794,
    0.761865972855,0.785799514261,0.809733055667,0.833470773634,
    0.857142857143,0.880814940652,0.904552658619,0.928486200025,
0.952419741431,0.976327916491,1.),.UNSPECIFIED.) CURVE() 
GEOMETRIC_REPRESENTATION_ITEM() RATIONAL_B_SPLINE_CURVE((1.,
    1.000000000024,0.999999999989,1.000000000003,0.999999999999,1.,1.,1.
    ,1.,1.,1.,1.,1.,1.,1.,1.,1.,1.,1.,1.,1.,1.,1.,1.,1.,1.,1.,1.,1.,1.,
    1.,1.,1.,1.,1.,1.,1.,1.,1.,1.,1.000000000002,0.999999999993,
1.000000000024,0.999999999948,1.)) REPRESENTATION_ITEM('') );
#6470 = CARTESIAN_POINT('',(0.947502765114,-3.536128459719,-1.));
#6471 = CARTESIAN_POINT('',(0.956192293466,-3.568558221411,
    -0.945915960696));
#6472 = CARTESIAN_POINT('',(1.019040062412,-3.803109287689,
    -0.832465754706));
#6473 = CARTESIAN_POINT('',(1.089879607676,-4.067486070028,
    -0.666031992455));
#6474 = CARTESIAN_POINT('',(1.117686844838,-4.171264091875,
    -0.500065658372));
#6475 = CARTESIAN_POINT('',(1.116980672887,-4.16862862229,
    -0.333310426054));
#6476 = CARTESIAN_POINT('',(1.092036026438,-4.075533934362,
    -0.167651462254));
#6477 = CARTESIAN_POINT('',(1.011342220274,-3.774380549902,
    -9.481367651137E-07));
#6478 = CARTESIAN_POINT('',(0.952793129303,-3.555872367661,
    0.167655273713));
#6479 = CARTESIAN_POINT('',(0.860727221769,-3.212277723098,
    0.333296937213));
#6480 = CARTESIAN_POINT('',(0.88381679371,-3.298449178709,0.500115802373
    ));
#6481 = CARTESIAN_POINT('',(0.883921995943,-3.298841798787,
    0.665845574726));
#6482 = CARTESIAN_POINT('',(0.860648130168,-3.211982549225,
    0.833154316416));
#6483 = CARTESIAN_POINT('',(0.953233389242,-3.557515440122,
    0.999999999649));
#6484 = CARTESIAN_POINT('',(1.011403125494,-3.774607851277,1.16684568499
    ));
#6485 = CARTESIAN_POINT('',(1.0919471428,-4.075202216108,1.334154420322)
  );
#6486 = CARTESIAN_POINT('',(1.117130895256,-4.169189259799,
    1.499884216189));
#6487 = CARTESIAN_POINT('',(1.117129512356,-4.169184098746,
    1.666702993586));
#6488 = CARTESIAN_POINT('',(1.091996601858,-4.075386799827,
    1.832344983153));
#6489 = CARTESIAN_POINT('',(1.011352736215,-3.774419795929,2.));
#6490 = CARTESIAN_POINT('',(0.952790280359,-3.555861735258,
    2.167655016847));
#6491 = CARTESIAN_POINT('',(0.860727989261,-3.212280587418,
    2.333297006412));
#6492 = CARTESIAN_POINT('',(0.883816587912,-3.298448410658,
    2.500115783817));
#6493 = CARTESIAN_POINT('',(0.88392205059,-3.298842002731,2.665845579653
    ));
#6494 = CARTESIAN_POINT('',(0.860648115621,-3.211982494937,
    2.833154315104));
#6495 = CARTESIAN_POINT('',(0.953233393134,-3.557515454648,3.));
#6496 = CARTESIAN_POINT('',(1.01140312445,-3.774607847381,3.166845684896
    ));
#6497 = CARTESIAN_POINT('',(1.091947143075,-4.075202217136,
    3.334154420345));
#6498 = CARTESIAN_POINT('',(1.117130895209,-4.169189259623,3.49988421619
    ));
#6499 = CARTESIAN_POINT('',(1.117129512268,-4.169184098418,
    3.666702993561));
#6500 = CARTESIAN_POINT('',(1.091996602255,-4.075386801309,
    3.832344983253));
#6501 = CARTESIAN_POINT('',(1.011352734731,-3.774419790391,
    3.999999999629));
#6502 = CARTESIAN_POINT('',(0.952790285927,-3.555861756037,
    4.167655018238));
#6503 = CARTESIAN_POINT('',(0.860727968239,-3.212280508965,
    4.333297001163));
#6504 = CARTESIAN_POINT('',(0.883816666432,-3.2984487037,4.500115803424)
  );
#6505 = CARTESIAN_POINT('',(0.883921758578,-3.298840912928,
    4.665845506737));
#6506 = CARTESIAN_POINT('',(0.860649194237,-3.211986520385,
    4.833154584436));
#6507 = CARTESIAN_POINT('',(0.95322937898,-3.557500473621,4.999998997659
    ));
#6508 = CARTESIAN_POINT('',(1.011418124712,-3.774663829118,
    5.166849430487));
#6509 = CARTESIAN_POINT('',(1.091890792213,-4.074991912873,
    5.334140349441));
#6510 = CARTESIAN_POINT('',(1.117343112225,-4.169981264242,
    5.499937207133));
#6511 = CARTESIAN_POINT('',(1.116338084239,-4.166230449065,
    5.666505372662));
#6512 = CARTESIAN_POINT('',(1.094934396319,-4.086350797054,
    5.833078555327));
#6513 = CARTESIAN_POINT('',(1.031879729025,-3.851027578073,
    5.942735729628));
#6514 = CARTESIAN_POINT('',(1.01502077688,-3.788109110055,6.));
#6515 = ORIENTED_EDGE('',*,*,#787,.T.);
#6516 = ( BOUNDED_SURFACE() B_SPLINE_SURFACE(1,3,(
    (#6517,#6518,#6519,#6520,#6521,#6522,#6523,#6524,#6525,#6526,#6527
      ,#6528,#6529,#6530,#6531,#6532,#6533,#6534,#6535,#6536,#6537,#6538
      ,#6539,#6540,#6541,#6542,#6543,#6544,#6545,#6546,#6547,#6548,#6549
      ,#6550,#6551,#6552,#6553,#6554,#6555,#6556,#6557,#6558,#6559,#6560
      ,#6561)
    ,(#6562,#6563,#6564,#6565,#6566,#6567,#6568,#6569,#6570,#6571,#6572
      ,#6573,#6574,#6575,#6576,#6577,#6578,#6579,#6580,#6581,#6582,#6583
      ,#6584,#6585,#6586,#6587,#6588,#6589,#6590,#6591,#6592,#6593,#6594
      ,#6595,#6596,#6597,#6598,#6599,#6600,#6601,#6602,#6603,#6604,#6605
,#6606
    )),.UNSPECIFIED.,.F.,.F.,.F.) B_SPLINE_SURFACE_WITH_KNOTS((2,2),(4,1
    ,1,1,1,1,1,1,1,1,1,1,1,1,1,1,1,1,1,1,1,1,1,1,1,1,1,1,1,1,1,1,1,1,1,1
    ,1,1,1,1,1,1,4),(37.,38.),(0.,2.367208350872E-02,4.740980147591E-02,
    7.134334288179E-02,9.527688428768E-02,0.119185059348,0.142857142857,
    0.166529226366,0.190437401427,0.214370942832,0.238304484238,
    0.262042202206,0.285714285714,0.309386369223,0.33312408719,
    0.357057628596,0.380991170002,0.404899345063,0.428571428571,
    0.45224351208,0.476151687141,0.500085228547,0.524018769953,
    0.54775648792,0.571428571429,0.595100654937,0.618838372904,
    0.64277191431,0.666705455716,0.690613630777,0.714285714286,
    0.737957797794,0.761865972855,0.785799514261,0.809733055667,
    0.833470773634,0.857142857143,0.880814940652,0.904552658619,
    0.928486200025,0.952419741431,0.976327916491,1.),.UNSPECIFIED.) 
GEOMETRIC_REPRESENTATION_ITEM() RATIONAL_B_SPLINE_SURFACE((
    (1.,1.000000000024,0.999999999989,1.000000000003,0.999999999999,1.
      ,1.,1.,1.,1.,1.,1.,1.,1.,1.,1.,1.,1.,1.,1.,1.,1.,1.,1.,1.,1.,1.,1.
      ,1.,1.,1.,1.,1.,1.,1.,1.,1.,1.,1.,1.,1.000000000002,0.999999999993
      ,1.000000000024,0.999999999948,1.)
    ,(1.,1.000000000024,0.999999999989,1.000000000003,0.999999999999,1.
      ,1.,1.,1.,1.,1.,1.,1.,1.,1.,1.,1.,1.,1.,1.,1.,1.,1.,1.,1.,1.,1.,1.
      ,1.,1.,1.,1.,1.,1.,1.,1.,1.,1.,1.,1.,1.000000000002,0.999999999993
,1.000000000024,0.999999999948,1.
  ))) REPRESENTATION_ITEM('') SURFACE() );
#6517 = CARTESIAN_POINT('',(0.486351942316,-3.694209766075,-1.));
#6518 = CARTESIAN_POINT('',(0.463035420207,-3.517103197381,
    -0.945915960696));
#6519 = CARTESIAN_POINT('',(0.534371367127,-4.058953509574,
    -0.832465754706));
#6520 = CARTESIAN_POINT('',(0.557997964975,-4.238415337355,
    -0.666031992455));
#6521 = CARTESIAN_POINT('',(0.560626385133,-4.258380170577,
    -0.500065658372));
#6522 = CARTESIAN_POINT('',(0.567077162131,-4.30737868649,
    -0.333310426054));
#6523 = CARTESIAN_POINT('',(0.538761389387,-4.092299039211,
    -0.167651462254));
#6524 = CARTESIAN_POINT('',(0.50319164462,-3.822120004109,
    -9.481367651137E-07));
#6525 = CARTESIAN_POINT('',(0.468738318274,-3.560421008821,
    0.167655273713));
#6526 = CARTESIAN_POINT('',(0.437038649568,-3.319638119872,
    0.333296937213));
#6527 = CARTESIAN_POINT('',(0.445708111392,-3.385489220182,
    0.500115802373));
#6528 = CARTESIAN_POINT('',(0.44287404062,-3.363962315459,0.665845574726
    ));
#6529 = CARTESIAN_POINT('',(0.44552913213,-3.384129737713,0.833154316416
    ));
#6530 = CARTESIAN_POINT('',(0.488663902281,-3.711770845491,
    0.999999999649));
#6531 = CARTESIAN_POINT('',(0.517914092117,-3.933948095237,1.16684568499
    ));
#6532 = CARTESIAN_POINT('',(0.562453415438,-4.272257843529,
    1.334154420322));
#6533 = CARTESIAN_POINT('',(0.559428337373,-4.249280094373,
    1.499884216189));
#6534 = CARTESIAN_POINT('',(0.567397904871,-4.309814969474,
    1.666702993586));
#6535 = CARTESIAN_POINT('',(0.53867643109,-4.091653716877,1.832344983153
    ));
#6536 = CARTESIAN_POINT('',(0.503214306027,-3.822292134583,2.));
#6537 = CARTESIAN_POINT('',(0.46873217892,-3.560374375801,2.167655016847
    ));
#6538 = CARTESIAN_POINT('',(0.437040303481,-3.31965068259,2.333297006412
    ));
#6539 = CARTESIAN_POINT('',(0.445707667905,-3.38548585156,2.500115783817
    ));
#6540 = CARTESIAN_POINT('',(0.442874158381,-3.363963209942,
    2.665845579653));
#6541 = CARTESIAN_POINT('',(0.445529100783,-3.384129499613,
    2.833154315104));
#6542 = CARTESIAN_POINT('',(0.488663910667,-3.711770909188,3.));
#6543 = CARTESIAN_POINT('',(0.517914089874,-3.933948078197,
    3.166845684896));
#6544 = CARTESIAN_POINT('',(0.562453416008,-4.272257847858,
    3.334154420345));
#6545 = CARTESIAN_POINT('',(0.55942833736,-4.249280094278,3.49988421619)
  );
#6546 = CARTESIAN_POINT('',(0.567397904349,-4.309814965513,
    3.666702993561));
#6547 = CARTESIAN_POINT('',(0.538676433177,-4.091653732732,
    3.832344983253));
#6548 = CARTESIAN_POINT('',(0.503214298282,-3.822292075756,
    3.999999999629));
#6549 = CARTESIAN_POINT('',(0.468732207966,-3.560374596426,
    4.167655018238));
#6550 = CARTESIAN_POINT('',(0.437040193821,-3.319649849644,
    4.333297001163));
#6551 = CARTESIAN_POINT('',(0.445708077509,-3.38548896281,4.500115803424
    ));
#6552 = CARTESIAN_POINT('',(0.442872635094,-3.363951639431,
    4.665845506737));
#6553 = CARTESIAN_POINT('',(0.445534727408,-3.384172238069,
    4.833154584436));
#6554 = CARTESIAN_POINT('',(0.48864297073,-3.711611854577,4.999998997659
    ));
#6555 = CARTESIAN_POINT('',(0.517992339115,-3.934542440194,
    5.166849430487));
#6556 = CARTESIAN_POINT('',(0.562159460335,-4.270025032844,
    5.334140349441));
#6557 = CARTESIAN_POINT('',(0.560535372695,-4.257688862494,
    5.499937207133));
#6558 = CARTESIAN_POINT('',(0.563269400395,-4.278455864561,
    5.666505372662));
#6559 = CARTESIAN_POINT('',(0.554001508826,-4.208059239362,
    5.833078555327));
#6560 = CARTESIAN_POINT('',(0.482313141355,-3.663532026556,
    5.942735729628));
#6561 = CARTESIAN_POINT('',(0.503377097823,-3.823528661037,6.));
#6562 = CARTESIAN_POINT('',(0.947502765114,-3.536128459719,-1.));
#6563 = CARTESIAN_POINT('',(0.956192293466,-3.568558221411,
    -0.945915960696));
#6564 = CARTESIAN_POINT('',(1.019040062412,-3.803109287689,
    -0.832465754706));
#6565 = CARTESIAN_POINT('',(1.089879607676,-4.067486070028,
    -0.666031992455));
#6566 = CARTESIAN_POINT('',(1.117686844838,-4.171264091875,
    -0.500065658372));
#6567 = CARTESIAN_POINT('',(1.116980672887,-4.16862862229,
    -0.333310426054));
#6568 = CARTESIAN_POINT('',(1.092036026438,-4.075533934362,
    -0.167651462254));
#6569 = CARTESIAN_POINT('',(1.011342220274,-3.774380549902,
    -9.481367651137E-07));
#6570 = CARTESIAN_POINT('',(0.952793129303,-3.555872367661,
    0.167655273713));
#6571 = CARTESIAN_POINT('',(0.860727221769,-3.212277723098,
    0.333296937213));
#6572 = CARTESIAN_POINT('',(0.88381679371,-3.298449178709,0.500115802373
    ));
#6573 = CARTESIAN_POINT('',(0.883921995943,-3.298841798787,
    0.665845574726));
#6574 = CARTESIAN_POINT('',(0.860648130168,-3.211982549225,
    0.833154316416));
#6575 = CARTESIAN_POINT('',(0.953233389242,-3.557515440122,
    0.999999999649));
#6576 = CARTESIAN_POINT('',(1.011403125494,-3.774607851277,1.16684568499
    ));
#6577 = CARTESIAN_POINT('',(1.0919471428,-4.075202216108,1.334154420322)
  );
#6578 = CARTESIAN_POINT('',(1.117130895256,-4.169189259799,
    1.499884216189));
#6579 = CARTESIAN_POINT('',(1.117129512356,-4.169184098746,
    1.666702993586));
#6580 = CARTESIAN_POINT('',(1.091996601858,-4.075386799827,
    1.832344983153));
#6581 = CARTESIAN_POINT('',(1.011352736215,-3.774419795929,2.));
#6582 = CARTESIAN_POINT('',(0.952790280359,-3.555861735258,
    2.167655016847));
#6583 = CARTESIAN_POINT('',(0.860727989261,-3.212280587418,
    2.333297006412));
#6584 = CARTESIAN_POINT('',(0.883816587912,-3.298448410658,
    2.500115783817));
#6585 = CARTESIAN_POINT('',(0.88392205059,-3.298842002731,2.665845579653
    ));
#6586 = CARTESIAN_POINT('',(0.860648115621,-3.211982494937,
    2.833154315104));
#6587 = CARTESIAN_POINT('',(0.953233393134,-3.557515454648,3.));
#6588 = CARTESIAN_POINT('',(1.01140312445,-3.774607847381,3.166845684896
    ));
#6589 = CARTESIAN_POINT('',(1.091947143075,-4.075202217136,
    3.334154420345));
#6590 = CARTESIAN_POINT('',(1.117130895209,-4.169189259623,3.49988421619
    ));
#6591 = CARTESIAN_POINT('',(1.117129512268,-4.169184098418,
    3.666702993561));
#6592 = CARTESIAN_POINT('',(1.091996602255,-4.075386801309,
    3.832344983253));
#6593 = CARTESIAN_POINT('',(1.011352734731,-3.774419790391,
    3.999999999629));
#6594 = CARTESIAN_POINT('',(0.952790285927,-3.555861756037,
    4.167655018238));
#6595 = CARTESIAN_POINT('',(0.860727968239,-3.212280508965,
    4.333297001163));
#6596 = CARTESIAN_POINT('',(0.883816666432,-3.2984487037,4.500115803424)
  );
#6597 = CARTESIAN_POINT('',(0.883921758578,-3.298840912928,
    4.665845506737));
#6598 = CARTESIAN_POINT('',(0.860649194237,-3.211986520385,
    4.833154584436));
#6599 = CARTESIAN_POINT('',(0.95322937898,-3.557500473621,4.999998997659
    ));
#6600 = CARTESIAN_POINT('',(1.011418124712,-3.774663829118,
    5.166849430487));
#6601 = CARTESIAN_POINT('',(1.091890792213,-4.074991912873,
    5.334140349441));
#6602 = CARTESIAN_POINT('',(1.117343112225,-4.169981264242,
    5.499937207133));
#6603 = CARTESIAN_POINT('',(1.116338084239,-4.166230449065,
    5.666505372662));
#6604 = CARTESIAN_POINT('',(1.094934396319,-4.086350797054,
    5.833078555327));
#6605 = CARTESIAN_POINT('',(1.031879729025,-3.851027578073,
    5.942735729628));
#6606 = CARTESIAN_POINT('',(1.01502077688,-3.788109110055,6.));
#6607 = ADVANCED_FACE('',(#6608),#6661,.F.);
#6608 = FACE_BOUND('',#6609,.F.);
#6609 = EDGE_LOOP('',(#6610,#6611,#6612,#6660));
#6610 = ORIENTED_EDGE('',*,*,#6468,.F.);
#6611 = ORIENTED_EDGE('',*,*,#262,.F.);
#6612 = ORIENTED_EDGE('',*,*,#6613,.T.);
#6613 = EDGE_CURVE('',#253,#768,#6614,.T.);
#6614 = ( BOUNDED_CURVE() B_SPLINE_CURVE(3,(#6615,#6616,#6617,#6618,
    #6619,#6620,#6621,#6622,#6623,#6624,#6625,#6626,#6627,#6628,#6629,
    #6630,#6631,#6632,#6633,#6634,#6635,#6636,#6637,#6638,#6639,#6640,
    #6641,#6642,#6643,#6644,#6645,#6646,#6647,#6648,#6649,#6650,#6651,
    #6652,#6653,#6654,#6655,#6656,#6657,#6658,#6659),.UNSPECIFIED.,.F.,
.F.) B_SPLINE_CURVE_WITH_KNOTS((4,1,1,1,1,1,1,1,1,1,1,1,1,1,1,1,1,1,1,1,
    1,1,1,1,1,1,1,1,1,1,1,1,1,1,1,1,1,1,1,1,1,1,4),(0.,
    2.367208350872E-02,4.740980147591E-02,7.134334288179E-02,
    9.527688428768E-02,0.119185059348,0.142857142857,0.166529226366,
    0.190437401427,0.214370942832,0.238304484238,0.262042202206,
    0.285714285714,0.309386369223,0.33312408719,0.357057628596,
    0.380991170002,0.404899345063,0.428571428571,0.45224351208,
    0.476151687141,0.500085228547,0.524018769953,0.54775648792,
    0.571428571429,0.595100654937,0.618838372904,0.64277191431,
    0.666705455716,0.690613630777,0.714285714286,0.737957797794,
    0.761865972855,0.785799514261,0.809733055667,0.833470773634,
    0.857142857143,0.880814940652,0.904552658619,0.928486200025,
0.952419741431,0.976327916491,1.),.UNSPECIFIED.) CURVE() 
GEOMETRIC_REPRESENTATION_ITEM() RATIONAL_B_SPLINE_CURVE((1.,
    1.000000000024,0.999999999989,1.000000000003,0.999999999999,1.,1.,1.
    ,1.,1.,1.,1.,1.,1.,1.,1.,1.,1.,1.,1.,1.,1.,1.,1.,1.,1.,1.,1.,1.,1.,
    1.,1.,1.,1.,1.,1.,1.,1.,1.,1.,1.000000000002,0.999999999993,
1.000000000024,0.999999999948,1.)) REPRESENTATION_ITEM('') );
#6615 = CARTESIAN_POINT('',(1.375996515504,-3.321949449508,-1.));
#6616 = CARTESIAN_POINT('',(1.470053342449,-3.549022716772,
    -0.945915960696));
#6617 = CARTESIAN_POINT('',(1.446752796794,-3.492770223412,
    -0.832465754706));
#6618 = CARTESIAN_POINT('',(1.586986403189,-3.831324097883,
    -0.666031992455));
#6619 = CARTESIAN_POINT('',(1.661436151093,-4.011061688986,
    -0.500065658372));
#6620 = CARTESIAN_POINT('',(1.640712475229,-3.961030309653,
    -0.333310426054));
#6621 = CARTESIAN_POINT('',(1.648934776588,-3.980880701108,
    -0.167651462254));
#6622 = CARTESIAN_POINT('',(1.518403700908,-3.665750807889,
    -9.481367651137E-07));
#6623 = CARTESIAN_POINT('',(1.432050038303,-3.457274624469,
    0.167655273713));
#6624 = CARTESIAN_POINT('',(1.306369345143,-3.153854590512,
    0.333296937213));
#6625 = CARTESIAN_POINT('',(1.298379432208,-3.134565234344,
    0.500115802373));
#6626 = CARTESIAN_POINT('',(1.306829014772,-3.154964331165,
    0.665845574726));
#6627 = CARTESIAN_POINT('',(1.281235643123,-3.093176466223,
    0.833154316416));
#6628 = CARTESIAN_POINT('',(1.374820417428,-3.319110097582,
    0.999999999649));
#6629 = CARTESIAN_POINT('',(1.475468302012,-3.56209558557,1.16684568499)
  );
#6630 = CARTESIAN_POINT('',(1.579212302621,-3.812555758854,
    1.334154420322));
#6631 = CARTESIAN_POINT('',(1.663526566833,-4.016108399017,
    1.499884216189));
#6632 = CARTESIAN_POINT('',(1.640152826696,-3.959679198575,
    1.666702993586));
#6633 = CARTESIAN_POINT('',(1.649083016222,-3.981238583242,
    1.832344983153));
#6634 = CARTESIAN_POINT('',(1.518364160113,-3.665655347965,2.));
#6635 = CARTESIAN_POINT('',(1.432060750565,-3.457300486156,
    2.167655016847));
#6636 = CARTESIAN_POINT('',(1.306366459309,-3.153847623494,
    2.333297006412));
#6637 = CARTESIAN_POINT('',(1.298380206028,-3.13456710251,2.500115783817
    ));
#6638 = CARTESIAN_POINT('',(1.306828809297,-3.154963835104,
    2.665845579653));
#6639 = CARTESIAN_POINT('',(1.281235697818,-3.093176598268,
    2.833154315104));
#6640 = CARTESIAN_POINT('',(1.374820402797,-3.319110062261,3.));
#6641 = CARTESIAN_POINT('',(1.47546830592,-3.562095595004,3.166845684896
    ));
#6642 = CARTESIAN_POINT('',(1.579212301651,-3.812555756513,
    3.334154420345));
#6643 = CARTESIAN_POINT('',(1.663526566762,-4.016108398846,3.49988421619
    ));
#6644 = CARTESIAN_POINT('',(1.640152827952,-3.959679201606,
    3.666702993561));
#6645 = CARTESIAN_POINT('',(1.649083011297,-3.981238571352,
    3.832344983253));
#6646 = CARTESIAN_POINT('',(1.518364178362,-3.665655392022,
    3.999999999629));
#6647 = CARTESIAN_POINT('',(1.432060682129,-3.457300320938,
    4.167655018238));
#6648 = CARTESIAN_POINT('',(1.30636671768,-3.153848247256,4.333297001163
    ));
#6649 = CARTESIAN_POINT('',(1.298379240953,-3.134564772613,
    4.500115803424));
#6650 = CARTESIAN_POINT('',(1.306832398339,-3.154972499819,
    4.665845506737));
#6651 = CARTESIAN_POINT('',(1.281222440828,-3.093144593063,
    4.833154584436));
#6652 = CARTESIAN_POINT('',(1.374869739755,-3.319229172211,
    4.999998997659));
#6653 = CARTESIAN_POINT('',(1.475283941492,-3.561650499907,
    5.166849430487));
#6654 = CARTESIAN_POINT('',(1.579904895838,-3.814227826769,
    5.334140349441));
#6655 = CARTESIAN_POINT('',(1.660918261126,-4.00981139209,5.499937207133
    ));
#6656 = CARTESIAN_POINT('',(1.649880069523,-3.983162839809,
    5.666505372662));
#6657 = CARTESIAN_POINT('',(1.612975328079,-3.894066914018,
    5.833078555327));
#6658 = CARTESIAN_POINT('',(1.638797038864,-3.956406034648,
    5.942735729628));
#6659 = CARTESIAN_POINT('',(1.52574220643,-3.683467527447,6.));
#6660 = ORIENTED_EDGE('',*,*,#777,.T.);
#6661 = ( BOUNDED_SURFACE() B_SPLINE_SURFACE(1,3,(
    (#6662,#6663,#6664,#6665,#6666,#6667,#6668,#6669,#6670,#6671,#6672
      ,#6673,#6674,#6675,#6676,#6677,#6678,#6679,#6680,#6681,#6682,#6683
      ,#6684,#6685,#6686,#6687,#6688,#6689,#6690,#6691,#6692,#6693,#6694
      ,#6695,#6696,#6697,#6698,#6699,#6700,#6701,#6702,#6703,#6704,#6705
      ,#6706)
    ,(#6707,#6708,#6709,#6710,#6711,#6712,#6713,#6714,#6715,#6716,#6717
      ,#6718,#6719,#6720,#6721,#6722,#6723,#6724,#6725,#6726,#6727,#6728
      ,#6729,#6730,#6731,#6732,#6733,#6734,#6735,#6736,#6737,#6738,#6739
      ,#6740,#6741,#6742,#6743,#6744,#6745,#6746,#6747,#6748,#6749,#6750
,#6751
    )),.UNSPECIFIED.,.F.,.F.,.F.) B_SPLINE_SURFACE_WITH_KNOTS((2,2),(4,1
    ,1,1,1,1,1,1,1,1,1,1,1,1,1,1,1,1,1,1,1,1,1,1,1,1,1,1,1,1,1,1,1,1,1,1
    ,1,1,1,1,1,1,4),(38.,39.),(0.,2.367208350872E-02,4.740980147591E-02,
    7.134334288179E-02,9.527688428768E-02,0.119185059348,0.142857142857,
    0.166529226366,0.190437401427,0.214370942832,0.238304484238,
    0.262042202206,0.285714285714,0.309386369223,0.33312408719,
    0.357057628596,0.380991170002,0.404899345063,0.428571428571,
    0.45224351208,0.476151687141,0.500085228547,0.524018769953,
    0.54775648792,0.571428571429,0.595100654937,0.618838372904,
    0.64277191431,0.666705455716,0.690613630777,0.714285714286,
    0.737957797794,0.761865972855,0.785799514261,0.809733055667,
    0.833470773634,0.857142857143,0.880814940652,0.904552658619,
    0.928486200025,0.952419741431,0.976327916491,1.),.UNSPECIFIED.) 
GEOMETRIC_REPRESENTATION_ITEM() RATIONAL_B_SPLINE_SURFACE((
    (1.,1.000000000024,0.999999999989,1.000000000003,0.999999999999,1.
      ,1.,1.,1.,1.,1.,1.,1.,1.,1.,1.,1.,1.,1.,1.,1.,1.,1.,1.,1.,1.,1.,1.
      ,1.,1.,1.,1.,1.,1.,1.,1.,1.,1.,1.,1.,1.000000000002,0.999999999993
      ,1.000000000024,0.999999999948,1.)
    ,(1.,1.000000000024,0.999999999989,1.000000000003,0.999999999999,1.
      ,1.,1.,1.,1.,1.,1.,1.,1.,1.,1.,1.,1.,1.,1.,1.,1.,1.,1.,1.,1.,1.,1.
      ,1.,1.,1.,1.,1.,1.,1.,1.,1.,1.,1.,1.,1.000000000002,0.999999999993
,1.000000000024,0.999999999948,1.
  ))) REPRESENTATION_ITEM('') SURFACE() );
#6662 = CARTESIAN_POINT('',(0.947502765114,-3.536128459719,-1.));
#6663 = CARTESIAN_POINT('',(0.956192293466,-3.568558221411,
    -0.945915960696));
#6664 = CARTESIAN_POINT('',(1.019040062412,-3.803109287689,
    -0.832465754706));
#6665 = CARTESIAN_POINT('',(1.089879607676,-4.067486070028,
    -0.666031992455));
#6666 = CARTESIAN_POINT('',(1.117686844838,-4.171264091875,
    -0.500065658372));
#6667 = CARTESIAN_POINT('',(1.116980672887,-4.16862862229,
    -0.333310426054));
#6668 = CARTESIAN_POINT('',(1.092036026438,-4.075533934362,
    -0.167651462254));
#6669 = CARTESIAN_POINT('',(1.011342220274,-3.774380549902,
    -9.481367651137E-07));
#6670 = CARTESIAN_POINT('',(0.952793129303,-3.555872367661,
    0.167655273713));
#6671 = CARTESIAN_POINT('',(0.860727221769,-3.212277723098,
    0.333296937213));
#6672 = CARTESIAN_POINT('',(0.88381679371,-3.298449178709,0.500115802373
    ));
#6673 = CARTESIAN_POINT('',(0.883921995943,-3.298841798787,
    0.665845574726));
#6674 = CARTESIAN_POINT('',(0.860648130168,-3.211982549225,
    0.833154316416));
#6675 = CARTESIAN_POINT('',(0.953233389242,-3.557515440122,
    0.999999999649));
#6676 = CARTESIAN_POINT('',(1.011403125494,-3.774607851277,1.16684568499
    ));
#6677 = CARTESIAN_POINT('',(1.0919471428,-4.075202216108,1.334154420322)
  );
#6678 = CARTESIAN_POINT('',(1.117130895256,-4.169189259799,
    1.499884216189));
#6679 = CARTESIAN_POINT('',(1.117129512356,-4.169184098746,
    1.666702993586));
#6680 = CARTESIAN_POINT('',(1.091996601858,-4.075386799827,
    1.832344983153));
#6681 = CARTESIAN_POINT('',(1.011352736215,-3.774419795929,2.));
#6682 = CARTESIAN_POINT('',(0.952790280359,-3.555861735258,
    2.167655016847));
#6683 = CARTESIAN_POINT('',(0.860727989261,-3.212280587418,
    2.333297006412));
#6684 = CARTESIAN_POINT('',(0.883816587912,-3.298448410658,
    2.500115783817));
#6685 = CARTESIAN_POINT('',(0.88392205059,-3.298842002731,2.665845579653
    ));
#6686 = CARTESIAN_POINT('',(0.860648115621,-3.211982494937,
    2.833154315104));
#6687 = CARTESIAN_POINT('',(0.953233393134,-3.557515454648,3.));
#6688 = CARTESIAN_POINT('',(1.01140312445,-3.774607847381,3.166845684896
    ));
#6689 = CARTESIAN_POINT('',(1.091947143075,-4.075202217136,
    3.334154420345));
#6690 = CARTESIAN_POINT('',(1.117130895209,-4.169189259623,3.49988421619
    ));
#6691 = CARTESIAN_POINT('',(1.117129512268,-4.169184098418,
    3.666702993561));
#6692 = CARTESIAN_POINT('',(1.091996602255,-4.075386801309,
    3.832344983253));
#6693 = CARTESIAN_POINT('',(1.011352734731,-3.774419790391,
    3.999999999629));
#6694 = CARTESIAN_POINT('',(0.952790285927,-3.555861756037,
    4.167655018238));
#6695 = CARTESIAN_POINT('',(0.860727968239,-3.212280508965,
    4.333297001163));
#6696 = CARTESIAN_POINT('',(0.883816666432,-3.2984487037,4.500115803424)
  );
#6697 = CARTESIAN_POINT('',(0.883921758578,-3.298840912928,
    4.665845506737));
#6698 = CARTESIAN_POINT('',(0.860649194237,-3.211986520385,
    4.833154584436));
#6699 = CARTESIAN_POINT('',(0.95322937898,-3.557500473621,4.999998997659
    ));
#6700 = CARTESIAN_POINT('',(1.011418124712,-3.774663829118,
    5.166849430487));
#6701 = CARTESIAN_POINT('',(1.091890792213,-4.074991912873,
    5.334140349441));
#6702 = CARTESIAN_POINT('',(1.117343112225,-4.169981264242,
    5.499937207133));
#6703 = CARTESIAN_POINT('',(1.116338084239,-4.166230449065,
    5.666505372662));
#6704 = CARTESIAN_POINT('',(1.094934396319,-4.086350797054,
    5.833078555327));
#6705 = CARTESIAN_POINT('',(1.031879729025,-3.851027578073,
    5.942735729628));
#6706 = CARTESIAN_POINT('',(1.01502077688,-3.788109110055,6.));
#6707 = CARTESIAN_POINT('',(1.375996515504,-3.321949449508,-1.));
#6708 = CARTESIAN_POINT('',(1.470053342449,-3.549022716772,
    -0.945915960696));
#6709 = CARTESIAN_POINT('',(1.446752796794,-3.492770223412,
    -0.832465754706));
#6710 = CARTESIAN_POINT('',(1.586986403189,-3.831324097883,
    -0.666031992455));
#6711 = CARTESIAN_POINT('',(1.661436151093,-4.011061688986,
    -0.500065658372));
#6712 = CARTESIAN_POINT('',(1.640712475229,-3.961030309653,
    -0.333310426054));
#6713 = CARTESIAN_POINT('',(1.648934776588,-3.980880701108,
    -0.167651462254));
#6714 = CARTESIAN_POINT('',(1.518403700908,-3.665750807889,
    -9.481367651137E-07));
#6715 = CARTESIAN_POINT('',(1.432050038303,-3.457274624469,
    0.167655273713));
#6716 = CARTESIAN_POINT('',(1.306369345143,-3.153854590512,
    0.333296937213));
#6717 = CARTESIAN_POINT('',(1.298379432208,-3.134565234344,
    0.500115802373));
#6718 = CARTESIAN_POINT('',(1.306829014772,-3.154964331165,
    0.665845574726));
#6719 = CARTESIAN_POINT('',(1.281235643123,-3.093176466223,
    0.833154316416));
#6720 = CARTESIAN_POINT('',(1.374820417428,-3.319110097582,
    0.999999999649));
#6721 = CARTESIAN_POINT('',(1.475468302012,-3.56209558557,1.16684568499)
  );
#6722 = CARTESIAN_POINT('',(1.579212302621,-3.812555758854,
    1.334154420322));
#6723 = CARTESIAN_POINT('',(1.663526566833,-4.016108399017,
    1.499884216189));
#6724 = CARTESIAN_POINT('',(1.640152826696,-3.959679198575,
    1.666702993586));
#6725 = CARTESIAN_POINT('',(1.649083016222,-3.981238583242,
    1.832344983153));
#6726 = CARTESIAN_POINT('',(1.518364160113,-3.665655347965,2.));
#6727 = CARTESIAN_POINT('',(1.432060750565,-3.457300486156,
    2.167655016847));
#6728 = CARTESIAN_POINT('',(1.306366459309,-3.153847623494,
    2.333297006412));
#6729 = CARTESIAN_POINT('',(1.298380206028,-3.13456710251,2.500115783817
    ));
#6730 = CARTESIAN_POINT('',(1.306828809297,-3.154963835104,
    2.665845579653));
#6731 = CARTESIAN_POINT('',(1.281235697818,-3.093176598268,
    2.833154315104));
#6732 = CARTESIAN_POINT('',(1.374820402797,-3.319110062261,3.));
#6733 = CARTESIAN_POINT('',(1.47546830592,-3.562095595004,3.166845684896
    ));
#6734 = CARTESIAN_POINT('',(1.579212301651,-3.812555756513,
    3.334154420345));
#6735 = CARTESIAN_POINT('',(1.663526566762,-4.016108398846,3.49988421619
    ));
#6736 = CARTESIAN_POINT('',(1.640152827952,-3.959679201606,
    3.666702993561));
#6737 = CARTESIAN_POINT('',(1.649083011297,-3.981238571352,
    3.832344983253));
#6738 = CARTESIAN_POINT('',(1.518364178362,-3.665655392022,
    3.999999999629));
#6739 = CARTESIAN_POINT('',(1.432060682129,-3.457300320938,
    4.167655018238));
#6740 = CARTESIAN_POINT('',(1.30636671768,-3.153848247256,4.333297001163
    ));
#6741 = CARTESIAN_POINT('',(1.298379240953,-3.134564772613,
    4.500115803424));
#6742 = CARTESIAN_POINT('',(1.306832398339,-3.154972499819,
    4.665845506737));
#6743 = CARTESIAN_POINT('',(1.281222440828,-3.093144593063,
    4.833154584436));
#6744 = CARTESIAN_POINT('',(1.374869739755,-3.319229172211,
    4.999998997659));
#6745 = CARTESIAN_POINT('',(1.475283941492,-3.561650499907,
    5.166849430487));
#6746 = CARTESIAN_POINT('',(1.579904895838,-3.814227826769,
    5.334140349441));
#6747 = CARTESIAN_POINT('',(1.660918261126,-4.00981139209,5.499937207133
    ));
#6748 = CARTESIAN_POINT('',(1.649880069523,-3.983162839809,
    5.666505372662));
#6749 = CARTESIAN_POINT('',(1.612975328079,-3.894066914018,
    5.833078555327));
#6750 = CARTESIAN_POINT('',(1.638797038864,-3.956406034648,
    5.942735729628));
#6751 = CARTESIAN_POINT('',(1.52574220643,-3.683467527447,6.));
#6752 = ADVANCED_FACE('',(#6753),#6806,.F.);
#6753 = FACE_BOUND('',#6754,.F.);
#6754 = EDGE_LOOP('',(#6755,#6756,#6757,#6805));
#6755 = ORIENTED_EDGE('',*,*,#6613,.F.);
#6756 = ORIENTED_EDGE('',*,*,#252,.F.);
#6757 = ORIENTED_EDGE('',*,*,#6758,.T.);
#6758 = EDGE_CURVE('',#243,#758,#6759,.T.);
#6759 = ( BOUNDED_CURVE() B_SPLINE_CURVE(3,(#6760,#6761,#6762,#6763,
    #6764,#6765,#6766,#6767,#6768,#6769,#6770,#6771,#6772,#6773,#6774,
    #6775,#6776,#6777,#6778,#6779,#6780,#6781,#6782,#6783,#6784,#6785,
    #6786,#6787,#6788,#6789,#6790,#6791,#6792,#6793,#6794,#6795,#6796,
    #6797,#6798,#6799,#6800,#6801,#6802,#6803,#6804),.UNSPECIFIED.,.F.,
.F.) B_SPLINE_CURVE_WITH_KNOTS((4,1,1,1,1,1,1,1,1,1,1,1,1,1,1,1,1,1,1,1,
    1,1,1,1,1,1,1,1,1,1,1,1,1,1,1,1,1,1,1,1,1,1,4),(0.,
    2.367208350872E-02,4.740980147591E-02,7.134334288179E-02,
    9.527688428768E-02,0.119185059348,0.142857142857,0.166529226366,
    0.190437401427,0.214370942832,0.238304484238,0.262042202206,
    0.285714285714,0.309386369223,0.33312408719,0.357057628596,
    0.380991170002,0.404899345063,0.428571428571,0.45224351208,
    0.476151687141,0.500085228547,0.524018769953,0.54775648792,
    0.571428571429,0.595100654937,0.618838372904,0.64277191431,
    0.666705455716,0.690613630777,0.714285714286,0.737957797794,
    0.761865972855,0.785799514261,0.809733055667,0.833470773634,
    0.857142857143,0.880814940652,0.904552658619,0.928486200025,
0.952419741431,0.976327916491,1.),.UNSPECIFIED.) CURVE() 
GEOMETRIC_REPRESENTATION_ITEM() RATIONAL_B_SPLINE_CURVE((1.,
    1.000000000024,0.999999999989,1.000000000003,0.999999999999,1.,1.,1.
    ,1.,1.,1.,1.,1.,1.,1.,1.,1.,1.,1.,1.,1.,1.,1.,1.,1.,1.,1.,1.,1.,1.,
    1.,1.,1.,1.,1.,1.,1.,1.,1.,1.,1.000000000002,0.999999999993,
1.000000000024,0.999999999948,1.)) REPRESENTATION_ITEM('') );
#6760 = CARTESIAN_POINT('',(1.765217391304,-3.057446208143,-1.));
#6761 = CARTESIAN_POINT('',(1.984089668503,-3.436544112456,
    -0.945915960696));
#6762 = CARTESIAN_POINT('',(1.816561461249,-3.14637674603,
    -0.832465754706));
#6763 = CARTESIAN_POINT('',(2.040452183897,-3.534166852903,
    -0.666031992455));
#6764 = CARTESIAN_POINT('',(2.181863346817,-3.779098171865,
    -0.500065658372));
#6765 = CARTESIAN_POINT('',(2.132498603543,-3.693595928405,
    -0.333310426054));
#6766 = CARTESIAN_POINT('',(2.187951359619,-3.789642919351,
    -0.167651462254));
#6767 = CARTESIAN_POINT('',(2.017023395094,-3.493587000357,
    -9.481367651137E-07));
#6768 = CARTESIAN_POINT('',(1.900657588485,-3.292035511047,
    0.167655273713));
#6769 = CARTESIAN_POINT('',(1.751129806218,-3.033045795018,
    0.333296937213));
#6770 = CARTESIAN_POINT('',(1.685366888883,-2.91914108094,0.500115802373
    ));
#6771 = CARTESIAN_POINT('',(1.707319361544,-2.957163878941,
    0.665845574726));
#6772 = CARTESIAN_POINT('',(1.685377262648,-2.919159048828,
    0.833154316416));
#6773 = CARTESIAN_POINT('',(1.751089930212,-3.03297672775,0.999999999649
    ));
#6774 = CARTESIAN_POINT('',(1.901645705406,-3.293746979758,1.16684568499
    ));
#6775 = CARTESIAN_POINT('',(2.017417469174,-3.494269556686,
    1.334154420322));
#6776 = CARTESIAN_POINT('',(2.188057263374,-3.789826350034,
    1.499884216189));
#6777 = CARTESIAN_POINT('',(2.130840361,-3.69072376807,1.666702993586));
#6778 = CARTESIAN_POINT('',(2.188390594698,-3.790403696823,
    1.832344983153));
#6779 = CARTESIAN_POINT('',(2.016906235439,-3.493384073882,2.));
#6780 = CARTESIAN_POINT('',(1.900689328992,-3.292090487218,
    2.167655016847));
#6781 = CARTESIAN_POINT('',(1.751121255474,-3.033030984694,
    2.333297006412));
#6782 = CARTESIAN_POINT('',(1.685369181717,-2.919145052245,
    2.500115783817));
#6783 = CARTESIAN_POINT('',(1.70731875272,-2.957162824425,2.665845579653
    ));
#6784 = CARTESIAN_POINT('',(1.68537742471,-2.919159329526,2.833154315104
    ));
#6785 = CARTESIAN_POINT('',(1.75108988686,-3.032976652662,3.));
#6786 = CARTESIAN_POINT('',(1.901645716994,-3.293746999829,
    3.166845684896));
#6787 = CARTESIAN_POINT('',(2.017417466265,-3.494269551648,
    3.334154420345));
#6788 = CARTESIAN_POINT('',(2.188057263296,-3.789826349898,3.49988421619
    ));
#6789 = CARTESIAN_POINT('',(2.130840364228,-3.690723773662,
    3.666702993561));
#6790 = CARTESIAN_POINT('',(2.188390581932,-3.790403674712,
    3.832344983253));
#6791 = CARTESIAN_POINT('',(2.016906282765,-3.493384155855,
    3.999999999629));
#6792 = CARTESIAN_POINT('',(1.900689151506,-3.292090179803,
    4.167655018238));
#6793 = CARTESIAN_POINT('',(1.75112192555,-3.033032145301,4.333297001163
    ));
#6794 = CARTESIAN_POINT('',(1.685366678823,-2.919140717105,
    4.500115803424));
#6795 = CARTESIAN_POINT('',(1.707328060799,-2.957178946491,
    4.665845506737));
#6796 = CARTESIAN_POINT('',(1.685343043086,-2.919099778808,
    4.833154584436));
#6797 = CARTESIAN_POINT('',(1.751217840846,-3.033198275463,
    4.999998997659));
#6798 = CARTESIAN_POINT('',(1.901167573129,-3.292918830375,
    5.166849430487));
#6799 = CARTESIAN_POINT('',(2.019213689452,-3.497380701423,
    5.334140349441));
#6800 = CARTESIAN_POINT('',(2.181292697331,-3.778109778136,
    5.499937207133));
#6801 = CARTESIAN_POINT('',(2.15606768665,-3.734418777167,5.666505372662
    ));
#6802 = CARTESIAN_POINT('',(2.094746339648,-3.628207091718,
    5.833078555327));
#6803 = CARTESIAN_POINT('',(2.273586743007,-3.937967749019,
    5.942735729628));
#6804 = CARTESIAN_POINT('',(2.026086956522,-3.509285549248,6.));
#6805 = ORIENTED_EDGE('',*,*,#767,.T.);
#6806 = ( BOUNDED_SURFACE() B_SPLINE_SURFACE(1,3,(
    (#6807,#6808,#6809,#6810,#6811,#6812,#6813,#6814,#6815,#6816,#6817
      ,#6818,#6819,#6820,#6821,#6822,#6823,#6824,#6825,#6826,#6827,#6828
      ,#6829,#6830,#6831,#6832,#6833,#6834,#6835,#6836,#6837,#6838,#6839
      ,#6840,#6841,#6842,#6843,#6844,#6845,#6846,#6847,#6848,#6849,#6850
      ,#6851)
    ,(#6852,#6853,#6854,#6855,#6856,#6857,#6858,#6859,#6860,#6861,#6862
      ,#6863,#6864,#6865,#6866,#6867,#6868,#6869,#6870,#6871,#6872,#6873
      ,#6874,#6875,#6876,#6877,#6878,#6879,#6880,#6881,#6882,#6883,#6884
      ,#6885,#6886,#6887,#6888,#6889,#6890,#6891,#6892,#6893,#6894,#6895
,#6896
    )),.UNSPECIFIED.,.F.,.F.,.F.) B_SPLINE_SURFACE_WITH_KNOTS((2,2),(4,1
    ,1,1,1,1,1,1,1,1,1,1,1,1,1,1,1,1,1,1,1,1,1,1,1,1,1,1,1,1,1,1,1,1,1,1
    ,1,1,1,1,1,1,4),(39.,40.),(0.,2.367208350872E-02,4.740980147591E-02,
    7.134334288179E-02,9.527688428768E-02,0.119185059348,0.142857142857,
    0.166529226366,0.190437401427,0.214370942832,0.238304484238,
    0.262042202206,0.285714285714,0.309386369223,0.33312408719,
    0.357057628596,0.380991170002,0.404899345063,0.428571428571,
    0.45224351208,0.476151687141,0.500085228547,0.524018769953,
    0.54775648792,0.571428571429,0.595100654937,0.618838372904,
    0.64277191431,0.666705455716,0.690613630777,0.714285714286,
    0.737957797794,0.761865972855,0.785799514261,0.809733055667,
    0.833470773634,0.857142857143,0.880814940652,0.904552658619,
    0.928486200025,0.952419741431,0.976327916491,1.),.UNSPECIFIED.) 
GEOMETRIC_REPRESENTATION_ITEM() RATIONAL_B_SPLINE_SURFACE((
    (1.,1.000000000024,0.999999999989,1.000000000003,0.999999999999,1.
      ,1.,1.,1.,1.,1.,1.,1.,1.,1.,1.,1.,1.,1.,1.,1.,1.,1.,1.,1.,1.,1.,1.
      ,1.,1.,1.,1.,1.,1.,1.,1.,1.,1.,1.,1.,1.000000000002,0.999999999993
      ,1.000000000024,0.999999999948,1.)
    ,(1.,1.000000000024,0.999999999989,1.000000000003,0.999999999999,1.
      ,1.,1.,1.,1.,1.,1.,1.,1.,1.,1.,1.,1.,1.,1.,1.,1.,1.,1.,1.,1.,1.,1.
      ,1.,1.,1.,1.,1.,1.,1.,1.,1.,1.,1.,1.,1.000000000002,0.999999999993
,1.000000000024,0.999999999948,1.
  ))) REPRESENTATION_ITEM('') SURFACE() );
#6807 = CARTESIAN_POINT('',(1.375996515504,-3.321949449508,-1.));
#6808 = CARTESIAN_POINT('',(1.470053342449,-3.549022716772,
    -0.945915960696));
#6809 = CARTESIAN_POINT('',(1.446752796794,-3.492770223412,
    -0.832465754706));
#6810 = CARTESIAN_POINT('',(1.586986403189,-3.831324097883,
    -0.666031992455));
#6811 = CARTESIAN_POINT('',(1.661436151093,-4.011061688986,
    -0.500065658372));
#6812 = CARTESIAN_POINT('',(1.640712475229,-3.961030309653,
    -0.333310426054));
#6813 = CARTESIAN_POINT('',(1.648934776588,-3.980880701108,
    -0.167651462254));
#6814 = CARTESIAN_POINT('',(1.518403700908,-3.665750807889,
    -9.481367651137E-07));
#6815 = CARTESIAN_POINT('',(1.432050038303,-3.457274624469,
    0.167655273713));
#6816 = CARTESIAN_POINT('',(1.306369345143,-3.153854590512,
    0.333296937213));
#6817 = CARTESIAN_POINT('',(1.298379432208,-3.134565234344,
    0.500115802373));
#6818 = CARTESIAN_POINT('',(1.306829014772,-3.154964331165,
    0.665845574726));
#6819 = CARTESIAN_POINT('',(1.281235643123,-3.093176466223,
    0.833154316416));
#6820 = CARTESIAN_POINT('',(1.374820417428,-3.319110097582,
    0.999999999649));
#6821 = CARTESIAN_POINT('',(1.475468302012,-3.56209558557,1.16684568499)
  );
#6822 = CARTESIAN_POINT('',(1.579212302621,-3.812555758854,
    1.334154420322));
#6823 = CARTESIAN_POINT('',(1.663526566833,-4.016108399017,
    1.499884216189));
#6824 = CARTESIAN_POINT('',(1.640152826696,-3.959679198575,
    1.666702993586));
#6825 = CARTESIAN_POINT('',(1.649083016222,-3.981238583242,
    1.832344983153));
#6826 = CARTESIAN_POINT('',(1.518364160113,-3.665655347965,2.));
#6827 = CARTESIAN_POINT('',(1.432060750565,-3.457300486156,
    2.167655016847));
#6828 = CARTESIAN_POINT('',(1.306366459309,-3.153847623494,
    2.333297006412));
#6829 = CARTESIAN_POINT('',(1.298380206028,-3.13456710251,2.500115783817
    ));
#6830 = CARTESIAN_POINT('',(1.306828809297,-3.154963835104,
    2.665845579653));
#6831 = CARTESIAN_POINT('',(1.281235697818,-3.093176598268,
    2.833154315104));
#6832 = CARTESIAN_POINT('',(1.374820402797,-3.319110062261,3.));
#6833 = CARTESIAN_POINT('',(1.47546830592,-3.562095595004,3.166845684896
    ));
#6834 = CARTESIAN_POINT('',(1.579212301651,-3.812555756513,
    3.334154420345));
#6835 = CARTESIAN_POINT('',(1.663526566762,-4.016108398846,3.49988421619
    ));
#6836 = CARTESIAN_POINT('',(1.640152827952,-3.959679201606,
    3.666702993561));
#6837 = CARTESIAN_POINT('',(1.649083011297,-3.981238571352,
    3.832344983253));
#6838 = CARTESIAN_POINT('',(1.518364178362,-3.665655392022,
    3.999999999629));
#6839 = CARTESIAN_POINT('',(1.432060682129,-3.457300320938,
    4.167655018238));
#6840 = CARTESIAN_POINT('',(1.30636671768,-3.153848247256,4.333297001163
    ));
#6841 = CARTESIAN_POINT('',(1.298379240953,-3.134564772613,
    4.500115803424));
#6842 = CARTESIAN_POINT('',(1.306832398339,-3.154972499819,
    4.665845506737));
#6843 = CARTESIAN_POINT('',(1.281222440828,-3.093144593063,
    4.833154584436));
#6844 = CARTESIAN_POINT('',(1.374869739755,-3.319229172211,
    4.999998997659));
#6845 = CARTESIAN_POINT('',(1.475283941492,-3.561650499907,
    5.166849430487));
#6846 = CARTESIAN_POINT('',(1.579904895838,-3.814227826769,
    5.334140349441));
#6847 = CARTESIAN_POINT('',(1.660918261126,-4.00981139209,5.499937207133
    ));
#6848 = CARTESIAN_POINT('',(1.649880069523,-3.983162839809,
    5.666505372662));
#6849 = CARTESIAN_POINT('',(1.612975328079,-3.894066914018,
    5.833078555327));
#6850 = CARTESIAN_POINT('',(1.638797038864,-3.956406034648,
    5.942735729628));
#6851 = CARTESIAN_POINT('',(1.52574220643,-3.683467527447,6.));
#6852 = CARTESIAN_POINT('',(1.765217391304,-3.057446208143,-1.));
#6853 = CARTESIAN_POINT('',(1.984089668503,-3.436544112456,
    -0.945915960696));
#6854 = CARTESIAN_POINT('',(1.816561461249,-3.14637674603,
    -0.832465754706));
#6855 = CARTESIAN_POINT('',(2.040452183897,-3.534166852903,
    -0.666031992455));
#6856 = CARTESIAN_POINT('',(2.181863346817,-3.779098171865,
    -0.500065658372));
#6857 = CARTESIAN_POINT('',(2.132498603543,-3.693595928405,
    -0.333310426054));
#6858 = CARTESIAN_POINT('',(2.187951359619,-3.789642919351,
    -0.167651462254));
#6859 = CARTESIAN_POINT('',(2.017023395094,-3.493587000357,
    -9.481367651137E-07));
#6860 = CARTESIAN_POINT('',(1.900657588485,-3.292035511047,
    0.167655273713));
#6861 = CARTESIAN_POINT('',(1.751129806218,-3.033045795018,
    0.333296937213));
#6862 = CARTESIAN_POINT('',(1.685366888883,-2.91914108094,0.500115802373
    ));
#6863 = CARTESIAN_POINT('',(1.707319361544,-2.957163878941,
    0.665845574726));
#6864 = CARTESIAN_POINT('',(1.685377262648,-2.919159048828,
    0.833154316416));
#6865 = CARTESIAN_POINT('',(1.751089930212,-3.03297672775,0.999999999649
    ));
#6866 = CARTESIAN_POINT('',(1.901645705406,-3.293746979758,1.16684568499
    ));
#6867 = CARTESIAN_POINT('',(2.017417469174,-3.494269556686,
    1.334154420322));
#6868 = CARTESIAN_POINT('',(2.188057263374,-3.789826350034,
    1.499884216189));
#6869 = CARTESIAN_POINT('',(2.130840361,-3.69072376807,1.666702993586));
#6870 = CARTESIAN_POINT('',(2.188390594698,-3.790403696823,
    1.832344983153));
#6871 = CARTESIAN_POINT('',(2.016906235439,-3.493384073882,2.));
#6872 = CARTESIAN_POINT('',(1.900689328992,-3.292090487218,
    2.167655016847));
#6873 = CARTESIAN_POINT('',(1.751121255474,-3.033030984694,
    2.333297006412));
#6874 = CARTESIAN_POINT('',(1.685369181717,-2.919145052245,
    2.500115783817));
#6875 = CARTESIAN_POINT('',(1.70731875272,-2.957162824425,2.665845579653
    ));
#6876 = CARTESIAN_POINT('',(1.68537742471,-2.919159329526,2.833154315104
    ));
#6877 = CARTESIAN_POINT('',(1.75108988686,-3.032976652662,3.));
#6878 = CARTESIAN_POINT('',(1.901645716994,-3.293746999829,
    3.166845684896));
#6879 = CARTESIAN_POINT('',(2.017417466265,-3.494269551648,
    3.334154420345));
#6880 = CARTESIAN_POINT('',(2.188057263296,-3.789826349898,3.49988421619
    ));
#6881 = CARTESIAN_POINT('',(2.130840364228,-3.690723773662,
    3.666702993561));
#6882 = CARTESIAN_POINT('',(2.188390581932,-3.790403674712,
    3.832344983253));
#6883 = CARTESIAN_POINT('',(2.016906282765,-3.493384155855,
    3.999999999629));
#6884 = CARTESIAN_POINT('',(1.900689151506,-3.292090179803,
    4.167655018238));
#6885 = CARTESIAN_POINT('',(1.75112192555,-3.033032145301,4.333297001163
    ));
#6886 = CARTESIAN_POINT('',(1.685366678823,-2.919140717105,
    4.500115803424));
#6887 = CARTESIAN_POINT('',(1.707328060799,-2.957178946491,
    4.665845506737));
#6888 = CARTESIAN_POINT('',(1.685343043086,-2.919099778808,
    4.833154584436));
#6889 = CARTESIAN_POINT('',(1.751217840846,-3.033198275463,
    4.999998997659));
#6890 = CARTESIAN_POINT('',(1.901167573129,-3.292918830375,
    5.166849430487));
#6891 = CARTESIAN_POINT('',(2.019213689452,-3.497380701423,
    5.334140349441));
#6892 = CARTESIAN_POINT('',(2.181292697331,-3.778109778136,
    5.499937207133));
#6893 = CARTESIAN_POINT('',(2.15606768665,-3.734418777167,5.666505372662
    ));
#6894 = CARTESIAN_POINT('',(2.094746339648,-3.628207091718,
    5.833078555327));
#6895 = CARTESIAN_POINT('',(2.273586743007,-3.937967749019,
    5.942735729628));
#6896 = CARTESIAN_POINT('',(2.026086956522,-3.509285549248,6.));
#6897 = ADVANCED_FACE('',(#6898),#6951,.F.);
#6898 = FACE_BOUND('',#6899,.F.);
#6899 = EDGE_LOOP('',(#6900,#6901,#6902,#6950));
#6900 = ORIENTED_EDGE('',*,*,#6758,.F.);
#6901 = ORIENTED_EDGE('',*,*,#242,.F.);
#6902 = ORIENTED_EDGE('',*,*,#6903,.T.);
#6903 = EDGE_CURVE('',#233,#748,#6904,.T.);
#6904 = ( BOUNDED_CURVE() B_SPLINE_CURVE(3,(#6905,#6906,#6907,#6908,
    #6909,#6910,#6911,#6912,#6913,#6914,#6915,#6916,#6917,#6918,#6919,
    #6920,#6921,#6922,#6923,#6924,#6925,#6926,#6927,#6928,#6929,#6930,
    #6931,#6932,#6933,#6934,#6935,#6936,#6937,#6938,#6939,#6940,#6941,
    #6942,#6943,#6944,#6945,#6946,#6947,#6948,#6949),.UNSPECIFIED.,.F.,
.F.) B_SPLINE_CURVE_WITH_KNOTS((4,1,1,1,1,1,1,1,1,1,1,1,1,1,1,1,1,1,1,1,
    1,1,1,1,1,1,1,1,1,1,1,1,1,1,1,1,1,1,1,1,1,1,4),(0.,
    2.367208350872E-02,4.740980147591E-02,7.134334288179E-02,
    9.527688428768E-02,0.119185059348,0.142857142857,0.166529226366,
    0.190437401427,0.214370942832,0.238304484238,0.262042202206,
    0.285714285714,0.309386369223,0.33312408719,0.357057628596,
    0.380991170002,0.404899345063,0.428571428571,0.45224351208,
    0.476151687141,0.500085228547,0.524018769953,0.54775648792,
    0.571428571429,0.595100654937,0.618838372904,0.64277191431,
    0.666705455716,0.690613630777,0.714285714286,0.737957797794,
    0.761865972855,0.785799514261,0.809733055667,0.833470773634,
    0.857142857143,0.880814940652,0.904552658619,0.928486200025,
0.952419741431,0.976327916491,1.),.UNSPECIFIED.) CURVE() 
GEOMETRIC_REPRESENTATION_ITEM() RATIONAL_B_SPLINE_CURVE((1.,
    1.000000000024,0.999999999989,1.000000000003,0.999999999999,1.,1.,1.
    ,1.,1.,1.,1.,1.,1.,1.,1.,1.,1.,1.,1.,1.,1.,1.,1.,1.,1.,1.,1.,1.,1.,
    1.,1.,1.,1.,1.,1.,1.,1.,1.,1.,1.000000000002,0.999999999993,
1.000000000024,0.999999999948,1.)) REPRESENTATION_ITEM('') );
#6905 = CARTESIAN_POINT('',(2.109490690956,-2.749141792227,-1.));
#6906 = CARTESIAN_POINT('',(2.314565530532,-3.016400526374,
    -0.945915960696));
#6907 = CARTESIAN_POINT('',(2.200434634265,-2.867662246709,
    -0.832465754706));
#6908 = CARTESIAN_POINT('',(2.437356993075,-3.176425476033,
    -0.666031992455));
#6909 = CARTESIAN_POINT('',(2.616983843479,-3.410519745141,
    -0.500065658372));
#6910 = CARTESIAN_POINT('',(2.610677175201,-3.402300735018,
    -0.333310426054));
#6911 = CARTESIAN_POINT('',(2.646198745542,-3.448593346772,
    -0.167651462254));
#6912 = CARTESIAN_POINT('',(2.511713498449,-3.273328760486,
    -9.481367651137E-07));
#6913 = CARTESIAN_POINT('',(2.34589753302,-3.057233187117,0.167655273713
    ));
#6914 = CARTESIAN_POINT('',(2.187092028667,-2.850273824497,
    0.333296937213));
#6915 = CARTESIAN_POINT('',(2.038194881529,-2.656227284403,
    0.500115802373));
#6916 = CARTESIAN_POINT('',(2.078698207015,-2.709012245861,
    0.665845574726));
#6917 = CARTESIAN_POINT('',(2.065497620764,-2.691808906922,
    0.833154316416));
#6918 = CARTESIAN_POINT('',(2.07808247892,-2.708209813386,0.999999999649
    ));
#6919 = CARTESIAN_POINT('',(2.2792907774,-2.97042957319,1.16684568499));
#6920 = CARTESIAN_POINT('',(2.416008401697,-3.148603450089,
    1.334154420322));
#6921 = CARTESIAN_POINT('',(2.622724370123,-3.418000945113,
    1.499884216189));
#6922 = CARTESIAN_POINT('',(2.609140314732,-3.400297859462,
    1.666702993586));
#6923 = CARTESIAN_POINT('',(2.646605828952,-3.4491238682,1.832344983153)
  );
#6924 = CARTESIAN_POINT('',(2.51160491479,-3.273187251507,2.));
#6925 = CARTESIAN_POINT('',(2.345926950146,-3.057271524263,
    2.167655016847));
#6926 = CARTESIAN_POINT('',(2.18708410383,-2.850263496649,2.333297006412
    ));
#6927 = CARTESIAN_POINT('',(2.038197006529,-2.656230053758,
    2.500115783817));
#6928 = CARTESIAN_POINT('',(2.078697642755,-2.709011510504,
    2.665845579653));
#6929 = CARTESIAN_POINT('',(2.065497770962,-2.691809102665,
    2.833154315104));
#6930 = CARTESIAN_POINT('',(2.07808243874,-2.708209761022,3.));
#6931 = CARTESIAN_POINT('',(2.279290788145,-2.970429587194,
    3.166845684896));
#6932 = CARTESIAN_POINT('',(2.41600839898,-3.148603446548,3.334154420345
    ));
#6933 = CARTESIAN_POINT('',(2.622724370129,-3.418000945121,3.49988421619
    ));
#6934 = CARTESIAN_POINT('',(2.609140317431,-3.40029786298,3.666702993561
    ));
#6935 = CARTESIAN_POINT('',(2.646605818207,-3.449123854197,
    3.832344983253));
#6936 = CARTESIAN_POINT('',(2.511604954642,-3.273187303443,
    3.999999999629));
#6937 = CARTESIAN_POINT('',(2.345926800689,-3.057271329486,
    4.167655018238));
#6938 = CARTESIAN_POINT('',(2.18708466809,-2.850264232007,4.333297001163
    ));
#6939 = CARTESIAN_POINT('',(2.038194898885,-2.656227307022,
    4.500115803424));
#6940 = CARTESIAN_POINT('',(2.07870548093,-2.709021725412,4.665845506737
    ));
#6941 = CARTESIAN_POINT('',(2.065468818783,-2.691771371453,
    4.833154584436));
#6942 = CARTESIAN_POINT('',(2.078190186611,-2.708350180771,
    4.999998997659));
#6943 = CARTESIAN_POINT('',(2.278888151348,-2.969904860739,
    5.166849430487));
#6944 = CARTESIAN_POINT('',(2.417520967907,-3.150574664618,
    5.334140349441));
#6945 = CARTESIAN_POINT('',(2.617028044443,-3.410577349458,
    5.499937207133));
#6946 = CARTESIAN_POINT('',(2.630383815603,-3.427982926931,
    5.666505372662));
#6947 = CARTESIAN_POINT('',(2.567749598094,-3.346356434296,
    5.833078555327));
#6948 = CARTESIAN_POINT('',(2.724627199808,-3.550803283486,
    5.942735729628));
#6949 = CARTESIAN_POINT('',(2.506509014223,-3.26654614459,6.));
#6950 = ORIENTED_EDGE('',*,*,#757,.T.);
#6951 = ( BOUNDED_SURFACE() B_SPLINE_SURFACE(1,3,(
    (#6952,#6953,#6954,#6955,#6956,#6957,#6958,#6959,#6960,#6961,#6962
      ,#6963,#6964,#6965,#6966,#6967,#6968,#6969,#6970,#6971,#6972,#6973
      ,#6974,#6975,#6976,#6977,#6978,#6979,#6980,#6981,#6982,#6983,#6984
      ,#6985,#6986,#6987,#6988,#6989,#6990,#6991,#6992,#6993,#6994,#6995
      ,#6996)
    ,(#6997,#6998,#6999,#7000,#7001,#7002,#7003,#7004,#7005,#7006,#7007
      ,#7008,#7009,#7010,#7011,#7012,#7013,#7014,#7015,#7016,#7017,#7018
      ,#7019,#7020,#7021,#7022,#7023,#7024,#7025,#7026,#7027,#7028,#7029
      ,#7030,#7031,#7032,#7033,#7034,#7035,#7036,#7037,#7038,#7039,#7040
,#7041
    )),.UNSPECIFIED.,.F.,.F.,.F.) B_SPLINE_SURFACE_WITH_KNOTS((2,2),(4,1
    ,1,1,1,1,1,1,1,1,1,1,1,1,1,1,1,1,1,1,1,1,1,1,1,1,1,1,1,1,1,1,1,1,1,1
    ,1,1,1,1,1,1,4),(40.,41.),(0.,2.367208350872E-02,4.740980147591E-02,
    7.134334288179E-02,9.527688428768E-02,0.119185059348,0.142857142857,
    0.166529226366,0.190437401427,0.214370942832,0.238304484238,
    0.262042202206,0.285714285714,0.309386369223,0.33312408719,
    0.357057628596,0.380991170002,0.404899345063,0.428571428571,
    0.45224351208,0.476151687141,0.500085228547,0.524018769953,
    0.54775648792,0.571428571429,0.595100654937,0.618838372904,
    0.64277191431,0.666705455716,0.690613630777,0.714285714286,
    0.737957797794,0.761865972855,0.785799514261,0.809733055667,
    0.833470773634,0.857142857143,0.880814940652,0.904552658619,
    0.928486200025,0.952419741431,0.976327916491,1.),.UNSPECIFIED.) 
GEOMETRIC_REPRESENTATION_ITEM() RATIONAL_B_SPLINE_SURFACE((
    (1.,1.000000000024,0.999999999989,1.000000000003,0.999999999999,1.
      ,1.,1.,1.,1.,1.,1.,1.,1.,1.,1.,1.,1.,1.,1.,1.,1.,1.,1.,1.,1.,1.,1.
      ,1.,1.,1.,1.,1.,1.,1.,1.,1.,1.,1.,1.,1.000000000002,0.999999999993
      ,1.000000000024,0.999999999948,1.)
    ,(1.,1.000000000024,0.999999999989,1.000000000003,0.999999999999,1.
      ,1.,1.,1.,1.,1.,1.,1.,1.,1.,1.,1.,1.,1.,1.,1.,1.,1.,1.,1.,1.,1.,1.
      ,1.,1.,1.,1.,1.,1.,1.,1.,1.,1.,1.,1.,1.000000000002,0.999999999993
,1.000000000024,0.999999999948,1.
  ))) REPRESENTATION_ITEM('') SURFACE() );
#6952 = CARTESIAN_POINT('',(1.765217391304,-3.057446208143,-1.));
#6953 = CARTESIAN_POINT('',(1.984089668503,-3.436544112456,
    -0.945915960696));
#6954 = CARTESIAN_POINT('',(1.816561461249,-3.14637674603,
    -0.832465754706));
#6955 = CARTESIAN_POINT('',(2.040452183897,-3.534166852903,
    -0.666031992455));
#6956 = CARTESIAN_POINT('',(2.181863346817,-3.779098171865,
    -0.500065658372));
#6957 = CARTESIAN_POINT('',(2.132498603543,-3.693595928405,
    -0.333310426054));
#6958 = CARTESIAN_POINT('',(2.187951359619,-3.789642919351,
    -0.167651462254));
#6959 = CARTESIAN_POINT('',(2.017023395094,-3.493587000357,
    -9.481367651137E-07));
#6960 = CARTESIAN_POINT('',(1.900657588485,-3.292035511047,
    0.167655273713));
#6961 = CARTESIAN_POINT('',(1.751129806218,-3.033045795018,
    0.333296937213));
#6962 = CARTESIAN_POINT('',(1.685366888883,-2.91914108094,0.500115802373
    ));
#6963 = CARTESIAN_POINT('',(1.707319361544,-2.957163878941,
    0.665845574726));
#6964 = CARTESIAN_POINT('',(1.685377262648,-2.919159048828,
    0.833154316416));
#6965 = CARTESIAN_POINT('',(1.751089930212,-3.03297672775,0.999999999649
    ));
#6966 = CARTESIAN_POINT('',(1.901645705406,-3.293746979758,1.16684568499
    ));
#6967 = CARTESIAN_POINT('',(2.017417469174,-3.494269556686,
    1.334154420322));
#6968 = CARTESIAN_POINT('',(2.188057263374,-3.789826350034,
    1.499884216189));
#6969 = CARTESIAN_POINT('',(2.130840361,-3.69072376807,1.666702993586));
#6970 = CARTESIAN_POINT('',(2.188390594698,-3.790403696823,
    1.832344983153));
#6971 = CARTESIAN_POINT('',(2.016906235439,-3.493384073882,2.));
#6972 = CARTESIAN_POINT('',(1.900689328992,-3.292090487218,
    2.167655016847));
#6973 = CARTESIAN_POINT('',(1.751121255474,-3.033030984694,
    2.333297006412));
#6974 = CARTESIAN_POINT('',(1.685369181717,-2.919145052245,
    2.500115783817));
#6975 = CARTESIAN_POINT('',(1.70731875272,-2.957162824425,2.665845579653
    ));
#6976 = CARTESIAN_POINT('',(1.68537742471,-2.919159329526,2.833154315104
    ));
#6977 = CARTESIAN_POINT('',(1.75108988686,-3.032976652662,3.));
#6978 = CARTESIAN_POINT('',(1.901645716994,-3.293746999829,
    3.166845684896));
#6979 = CARTESIAN_POINT('',(2.017417466265,-3.494269551648,
    3.334154420345));
#6980 = CARTESIAN_POINT('',(2.188057263296,-3.789826349898,3.49988421619
    ));
#6981 = CARTESIAN_POINT('',(2.130840364228,-3.690723773662,
    3.666702993561));
#6982 = CARTESIAN_POINT('',(2.188390581932,-3.790403674712,
    3.832344983253));
#6983 = CARTESIAN_POINT('',(2.016906282765,-3.493384155855,
    3.999999999629));
#6984 = CARTESIAN_POINT('',(1.900689151506,-3.292090179803,
    4.167655018238));
#6985 = CARTESIAN_POINT('',(1.75112192555,-3.033032145301,4.333297001163
    ));
#6986 = CARTESIAN_POINT('',(1.685366678823,-2.919140717105,
    4.500115803424));
#6987 = CARTESIAN_POINT('',(1.707328060799,-2.957178946491,
    4.665845506737));
#6988 = CARTESIAN_POINT('',(1.685343043086,-2.919099778808,
    4.833154584436));
#6989 = CARTESIAN_POINT('',(1.751217840846,-3.033198275463,
    4.999998997659));
#6990 = CARTESIAN_POINT('',(1.901167573129,-3.292918830375,
    5.166849430487));
#6991 = CARTESIAN_POINT('',(2.019213689452,-3.497380701423,
    5.334140349441));
#6992 = CARTESIAN_POINT('',(2.181292697331,-3.778109778136,
    5.499937207133));
#6993 = CARTESIAN_POINT('',(2.15606768665,-3.734418777167,5.666505372662
    ));
#6994 = CARTESIAN_POINT('',(2.094746339648,-3.628207091718,
    5.833078555327));
#6995 = CARTESIAN_POINT('',(2.273586743007,-3.937967749019,
    5.942735729628));
#6996 = CARTESIAN_POINT('',(2.026086956522,-3.509285549248,6.));
#6997 = CARTESIAN_POINT('',(2.109490690956,-2.749141792227,-1.));
#6998 = CARTESIAN_POINT('',(2.314565530532,-3.016400526374,
    -0.945915960696));
#6999 = CARTESIAN_POINT('',(2.200434634265,-2.867662246709,
    -0.832465754706));
#7000 = CARTESIAN_POINT('',(2.437356993075,-3.176425476033,
    -0.666031992455));
#7001 = CARTESIAN_POINT('',(2.616983843479,-3.410519745141,
    -0.500065658372));
#7002 = CARTESIAN_POINT('',(2.610677175201,-3.402300735018,
    -0.333310426054));
#7003 = CARTESIAN_POINT('',(2.646198745542,-3.448593346772,
    -0.167651462254));
#7004 = CARTESIAN_POINT('',(2.511713498449,-3.273328760486,
    -9.481367651137E-07));
#7005 = CARTESIAN_POINT('',(2.34589753302,-3.057233187117,0.167655273713
    ));
#7006 = CARTESIAN_POINT('',(2.187092028667,-2.850273824497,
    0.333296937213));
#7007 = CARTESIAN_POINT('',(2.038194881529,-2.656227284403,
    0.500115802373));
#7008 = CARTESIAN_POINT('',(2.078698207015,-2.709012245861,
    0.665845574726));
#7009 = CARTESIAN_POINT('',(2.065497620764,-2.691808906922,
    0.833154316416));
#7010 = CARTESIAN_POINT('',(2.07808247892,-2.708209813386,0.999999999649
    ));
#7011 = CARTESIAN_POINT('',(2.2792907774,-2.97042957319,1.16684568499));
#7012 = CARTESIAN_POINT('',(2.416008401697,-3.148603450089,
    1.334154420322));
#7013 = CARTESIAN_POINT('',(2.622724370123,-3.418000945113,
    1.499884216189));
#7014 = CARTESIAN_POINT('',(2.609140314732,-3.400297859462,
    1.666702993586));
#7015 = CARTESIAN_POINT('',(2.646605828952,-3.4491238682,1.832344983153)
  );
#7016 = CARTESIAN_POINT('',(2.51160491479,-3.273187251507,2.));
#7017 = CARTESIAN_POINT('',(2.345926950146,-3.057271524263,
    2.167655016847));
#7018 = CARTESIAN_POINT('',(2.18708410383,-2.850263496649,2.333297006412
    ));
#7019 = CARTESIAN_POINT('',(2.038197006529,-2.656230053758,
    2.500115783817));
#7020 = CARTESIAN_POINT('',(2.078697642755,-2.709011510504,
    2.665845579653));
#7021 = CARTESIAN_POINT('',(2.065497770962,-2.691809102665,
    2.833154315104));
#7022 = CARTESIAN_POINT('',(2.07808243874,-2.708209761022,3.));
#7023 = CARTESIAN_POINT('',(2.279290788145,-2.970429587194,
    3.166845684896));
#7024 = CARTESIAN_POINT('',(2.41600839898,-3.148603446548,3.334154420345
    ));
#7025 = CARTESIAN_POINT('',(2.622724370129,-3.418000945121,3.49988421619
    ));
#7026 = CARTESIAN_POINT('',(2.609140317431,-3.40029786298,3.666702993561
    ));
#7027 = CARTESIAN_POINT('',(2.646605818207,-3.449123854197,
    3.832344983253));
#7028 = CARTESIAN_POINT('',(2.511604954642,-3.273187303443,
    3.999999999629));
#7029 = CARTESIAN_POINT('',(2.345926800689,-3.057271329486,
    4.167655018238));
#7030 = CARTESIAN_POINT('',(2.18708466809,-2.850264232007,4.333297001163
    ));
#7031 = CARTESIAN_POINT('',(2.038194898885,-2.656227307022,
    4.500115803424));
#7032 = CARTESIAN_POINT('',(2.07870548093,-2.709021725412,4.665845506737
    ));
#7033 = CARTESIAN_POINT('',(2.065468818783,-2.691771371453,
    4.833154584436));
#7034 = CARTESIAN_POINT('',(2.078190186611,-2.708350180771,
    4.999998997659));
#7035 = CARTESIAN_POINT('',(2.278888151348,-2.969904860739,
    5.166849430487));
#7036 = CARTESIAN_POINT('',(2.417520967907,-3.150574664618,
    5.334140349441));
#7037 = CARTESIAN_POINT('',(2.617028044443,-3.410577349458,
    5.499937207133));
#7038 = CARTESIAN_POINT('',(2.630383815603,-3.427982926931,
    5.666505372662));
#7039 = CARTESIAN_POINT('',(2.567749598094,-3.346356434296,
    5.833078555327));
#7040 = CARTESIAN_POINT('',(2.724627199808,-3.550803283486,
    5.942735729628));
#7041 = CARTESIAN_POINT('',(2.506509014223,-3.26654614459,6.));
#7042 = ADVANCED_FACE('',(#7043),#7096,.F.);
#7043 = FACE_BOUND('',#7044,.F.);
#7044 = EDGE_LOOP('',(#7045,#7046,#7047,#7095));
#7045 = ORIENTED_EDGE('',*,*,#6903,.F.);
#7046 = ORIENTED_EDGE('',*,*,#232,.F.);
#7047 = ORIENTED_EDGE('',*,*,#7048,.T.);
#7048 = EDGE_CURVE('',#223,#738,#7049,.T.);
#7049 = ( BOUNDED_CURVE() B_SPLINE_CURVE(3,(#7050,#7051,#7052,#7053,
    #7054,#7055,#7056,#7057,#7058,#7059,#7060,#7061,#7062,#7063,#7064,
    #7065,#7066,#7067,#7068,#7069,#7070,#7071,#7072,#7073,#7074,#7075,
    #7076,#7077,#7078,#7079,#7080,#7081,#7082,#7083,#7084,#7085,#7086,
    #7087,#7088,#7089,#7090,#7091,#7092,#7093,#7094),.UNSPECIFIED.,.F.,
.F.) B_SPLINE_CURVE_WITH_KNOTS((4,1,1,1,1,1,1,1,1,1,1,1,1,1,1,1,1,1,1,1,
    1,1,1,1,1,1,1,1,1,1,1,1,1,1,1,1,1,1,1,1,1,1,4),(0.,
    2.367208350872E-02,4.740980147591E-02,7.134334288179E-02,
    9.527688428768E-02,0.119185059348,0.142857142857,0.166529226366,
    0.190437401427,0.214370942832,0.238304484238,0.262042202206,
    0.285714285714,0.309386369223,0.33312408719,0.357057628596,
    0.380991170002,0.404899345063,0.428571428571,0.45224351208,
    0.476151687141,0.500085228547,0.524018769953,0.54775648792,
    0.571428571429,0.595100654937,0.618838372904,0.64277191431,
    0.666705455716,0.690613630777,0.714285714286,0.737957797794,
    0.761865972855,0.785799514261,0.809733055667,0.833470773634,
    0.857142857143,0.880814940652,0.904552658619,0.928486200025,
0.952419741431,0.976327916491,1.),.UNSPECIFIED.) CURVE() 
GEOMETRIC_REPRESENTATION_ITEM() RATIONAL_B_SPLINE_CURVE((1.,
    1.000000000024,0.999999999989,1.000000000003,0.999999999999,1.,1.,1.
    ,1.,1.,1.,1.,1.,1.,1.,1.,1.,1.,1.,1.,1.,1.,1.,1.,1.,1.,1.,1.,1.,1.,
    1.,1.,1.,1.,1.,1.,1.,1.,1.,1.,1.000000000002,0.999999999993,
1.000000000024,0.999999999948,1.)) REPRESENTATION_ITEM('') );
#7050 = CARTESIAN_POINT('',(2.404163056034,-2.404163056034,-1.));
#7051 = CARTESIAN_POINT('',(2.533590250757,-2.533590250669,
    -0.945915960696));
#7052 = CARTESIAN_POINT('',(2.559037925345,-2.559037925386,
    -0.832465754706));
#7053 = CARTESIAN_POINT('',(2.776136335212,-2.776136335201,
    -0.666031992455));
#7054 = CARTESIAN_POINT('',(2.979175772141,-2.979175772144,
    -0.500065658372));
#7055 = CARTESIAN_POINT('',(3.052995586144,-3.052995586143,
    -0.333310426054));
#7056 = CARTESIAN_POINT('',(3.052109572672,-3.052109572672,
    -0.167651462254));
#7057 = CARTESIAN_POINT('',(2.98273782968,-2.98273782968,
    -9.481367651137E-07));
#7058 = CARTESIAN_POINT('',(2.761742541024,-2.761742541024,
    0.167655273713));
#7059 = CARTESIAN_POINT('',(2.604383464652,-2.604383464652,
    0.333296937213));
#7060 = CARTESIAN_POINT('',(2.351450076714,-2.351450076714,
    0.500115802373));
#7061 = CARTESIAN_POINT('',(2.414532657588,-2.414532657588,
    0.665845574726));
#7062 = CARTESIAN_POINT('',(2.414792146538,-2.414792146538,
    0.833154316416));
#7063 = CARTESIAN_POINT('',(2.351480276247,-2.351480276247,
    0.999999999649));
#7064 = CARTESIAN_POINT('',(2.604557226748,-2.604557226748,1.16684568499
    ));
#7065 = CARTESIAN_POINT('',(2.763812971085,-2.763812971085,
    1.334154420322));
#7066 = CARTESIAN_POINT('',(2.982489461502,-2.982489461502,
    1.499884216189));
#7067 = CARTESIAN_POINT('',(3.052108441375,-3.052108441375,
    1.666702993586));
#7068 = CARTESIAN_POINT('',(3.052344559468,-3.052344559468,
    1.832344983153));
#7069 = CARTESIAN_POINT('',(2.982675150323,-2.982675150323,2.));
#7070 = CARTESIAN_POINT('',(2.761759521909,-2.761759521909,
    2.167655016847));
#7071 = CARTESIAN_POINT('',(2.604378890081,-2.604378890081,
    2.333297006412));
#7072 = CARTESIAN_POINT('',(2.35145130336,-2.35145130336,2.500115783817)
  );
#7073 = CARTESIAN_POINT('',(2.414532331872,-2.414532331872,
    2.665845579653));
#7074 = CARTESIAN_POINT('',(2.414792233241,-2.414792233241,
    2.833154315104));
#7075 = CARTESIAN_POINT('',(2.351480253051,-2.351480253051,3.));
#7076 = CARTESIAN_POINT('',(2.604557232959,-2.604557232959,
    3.166845684896));
#7077 = CARTESIAN_POINT('',(2.763812969484,-2.763812969484,
    3.334154420345));
#7078 = CARTESIAN_POINT('',(2.982489461627,-2.982489461627,3.49988421619
    ));
#7079 = CARTESIAN_POINT('',(3.052108442476,-3.052108442476,
    3.666702993561));
#7080 = CARTESIAN_POINT('',(3.05234455496,-3.05234455496,3.832344983253)
  );
#7081 = CARTESIAN_POINT('',(2.982675167074,-2.982675167074,
    3.999999999629));
#7082 = CARTESIAN_POINT('',(2.76175945908,-2.76175945908,4.167655018238)
  );
#7083 = CARTESIAN_POINT('',(2.604379127285,-2.604379127285,
    4.333297001163));
#7084 = CARTESIAN_POINT('',(2.351450417345,-2.351450417345,
    4.500115803424));
#7085 = CARTESIAN_POINT('',(2.414535626897,-2.414535626896,
    4.665845506737));
#7086 = CARTESIAN_POINT('',(2.414780062277,-2.414780062278,
    4.833154584436));
#7087 = CARTESIAN_POINT('',(2.351525548273,-2.351525548271,
    4.999998997659));
#7088 = CARTESIAN_POINT('',(2.604387971856,-2.604387971866,
    5.166849430487));
#7089 = CARTESIAN_POINT('',(2.764448825638,-2.764448825602,
    5.334140349441));
#7090 = CARTESIAN_POINT('',(2.980094831092,-2.980094831225,
    5.499937207133));
#7091 = CARTESIAN_POINT('',(3.061038818339,-3.061038817842,
    5.666505372662));
#7092 = CARTESIAN_POINT('',(3.019194850565,-3.019194852412,
    5.833078555327));
#7093 = CARTESIAN_POINT('',(3.0765173693,-3.076517365361,5.942735729628)
  );
#7094 = CARTESIAN_POINT('',(2.957550971745,-2.957550971745,6.));
#7095 = ORIENTED_EDGE('',*,*,#747,.T.);
#7096 = ( BOUNDED_SURFACE() B_SPLINE_SURFACE(1,3,(
    (#7097,#7098,#7099,#7100,#7101,#7102,#7103,#7104,#7105,#7106,#7107
      ,#7108,#7109,#7110,#7111,#7112,#7113,#7114,#7115,#7116,#7117,#7118
      ,#7119,#7120,#7121,#7122,#7123,#7124,#7125,#7126,#7127,#7128,#7129
      ,#7130,#7131,#7132,#7133,#7134,#7135,#7136,#7137,#7138,#7139,#7140
      ,#7141)
    ,(#7142,#7143,#7144,#7145,#7146,#7147,#7148,#7149,#7150,#7151,#7152
      ,#7153,#7154,#7155,#7156,#7157,#7158,#7159,#7160,#7161,#7162,#7163
      ,#7164,#7165,#7166,#7167,#7168,#7169,#7170,#7171,#7172,#7173,#7174
      ,#7175,#7176,#7177,#7178,#7179,#7180,#7181,#7182,#7183,#7184,#7185
,#7186
    )),.UNSPECIFIED.,.F.,.F.,.F.) B_SPLINE_SURFACE_WITH_KNOTS((2,2),(4,1
    ,1,1,1,1,1,1,1,1,1,1,1,1,1,1,1,1,1,1,1,1,1,1,1,1,1,1,1,1,1,1,1,1,1,1
    ,1,1,1,1,1,1,4),(41.,42.),(0.,2.367208350872E-02,4.740980147591E-02,
    7.134334288179E-02,9.527688428768E-02,0.119185059348,0.142857142857,
    0.166529226366,0.190437401427,0.214370942832,0.238304484238,
    0.262042202206,0.285714285714,0.309386369223,0.33312408719,
    0.357057628596,0.380991170002,0.404899345063,0.428571428571,
    0.45224351208,0.476151687141,0.500085228547,0.524018769953,
    0.54775648792,0.571428571429,0.595100654937,0.618838372904,
    0.64277191431,0.666705455716,0.690613630777,0.714285714286,
    0.737957797794,0.761865972855,0.785799514261,0.809733055667,
    0.833470773634,0.857142857143,0.880814940652,0.904552658619,
    0.928486200025,0.952419741431,0.976327916491,1.),.UNSPECIFIED.) 
GEOMETRIC_REPRESENTATION_ITEM() RATIONAL_B_SPLINE_SURFACE((
    (1.,1.000000000024,0.999999999989,1.000000000003,0.999999999999,1.
      ,1.,1.,1.,1.,1.,1.,1.,1.,1.,1.,1.,1.,1.,1.,1.,1.,1.,1.,1.,1.,1.,1.
      ,1.,1.,1.,1.,1.,1.,1.,1.,1.,1.,1.,1.,1.000000000002,0.999999999993
      ,1.000000000024,0.999999999948,1.)
    ,(1.,1.000000000024,0.999999999989,1.000000000003,0.999999999999,1.
      ,1.,1.,1.,1.,1.,1.,1.,1.,1.,1.,1.,1.,1.,1.,1.,1.,1.,1.,1.,1.,1.,1.
      ,1.,1.,1.,1.,1.,1.,1.,1.,1.,1.,1.,1.,1.000000000002,0.999999999993
,1.000000000024,0.999999999948,1.
  ))) REPRESENTATION_ITEM('') SURFACE() );
#7097 = CARTESIAN_POINT('',(2.109490690956,-2.749141792227,-1.));
#7098 = CARTESIAN_POINT('',(2.314565530532,-3.016400526374,
    -0.945915960696));
#7099 = CARTESIAN_POINT('',(2.200434634265,-2.867662246709,
    -0.832465754706));
#7100 = CARTESIAN_POINT('',(2.437356993075,-3.176425476033,
    -0.666031992455));
#7101 = CARTESIAN_POINT('',(2.616983843479,-3.410519745141,
    -0.500065658372));
#7102 = CARTESIAN_POINT('',(2.610677175201,-3.402300735018,
    -0.333310426054));
#7103 = CARTESIAN_POINT('',(2.646198745542,-3.448593346772,
    -0.167651462254));
#7104 = CARTESIAN_POINT('',(2.511713498449,-3.273328760486,
    -9.481367651137E-07));
#7105 = CARTESIAN_POINT('',(2.34589753302,-3.057233187117,0.167655273713
    ));
#7106 = CARTESIAN_POINT('',(2.187092028667,-2.850273824497,
    0.333296937213));
#7107 = CARTESIAN_POINT('',(2.038194881529,-2.656227284403,
    0.500115802373));
#7108 = CARTESIAN_POINT('',(2.078698207015,-2.709012245861,
    0.665845574726));
#7109 = CARTESIAN_POINT('',(2.065497620764,-2.691808906922,
    0.833154316416));
#7110 = CARTESIAN_POINT('',(2.07808247892,-2.708209813386,0.999999999649
    ));
#7111 = CARTESIAN_POINT('',(2.2792907774,-2.97042957319,1.16684568499));
#7112 = CARTESIAN_POINT('',(2.416008401697,-3.148603450089,
    1.334154420322));
#7113 = CARTESIAN_POINT('',(2.622724370123,-3.418000945113,
    1.499884216189));
#7114 = CARTESIAN_POINT('',(2.609140314732,-3.400297859462,
    1.666702993586));
#7115 = CARTESIAN_POINT('',(2.646605828952,-3.4491238682,1.832344983153)
  );
#7116 = CARTESIAN_POINT('',(2.51160491479,-3.273187251507,2.));
#7117 = CARTESIAN_POINT('',(2.345926950146,-3.057271524263,
    2.167655016847));
#7118 = CARTESIAN_POINT('',(2.18708410383,-2.850263496649,2.333297006412
    ));
#7119 = CARTESIAN_POINT('',(2.038197006529,-2.656230053758,
    2.500115783817));
#7120 = CARTESIAN_POINT('',(2.078697642755,-2.709011510504,
    2.665845579653));
#7121 = CARTESIAN_POINT('',(2.065497770962,-2.691809102665,
    2.833154315104));
#7122 = CARTESIAN_POINT('',(2.07808243874,-2.708209761022,3.));
#7123 = CARTESIAN_POINT('',(2.279290788145,-2.970429587194,
    3.166845684896));
#7124 = CARTESIAN_POINT('',(2.41600839898,-3.148603446548,3.334154420345
    ));
#7125 = CARTESIAN_POINT('',(2.622724370129,-3.418000945121,3.49988421619
    ));
#7126 = CARTESIAN_POINT('',(2.609140317431,-3.40029786298,3.666702993561
    ));
#7127 = CARTESIAN_POINT('',(2.646605818207,-3.449123854197,
    3.832344983253));
#7128 = CARTESIAN_POINT('',(2.511604954642,-3.273187303443,
    3.999999999629));
#7129 = CARTESIAN_POINT('',(2.345926800689,-3.057271329486,
    4.167655018238));
#7130 = CARTESIAN_POINT('',(2.18708466809,-2.850264232007,4.333297001163
    ));
#7131 = CARTESIAN_POINT('',(2.038194898885,-2.656227307022,
    4.500115803424));
#7132 = CARTESIAN_POINT('',(2.07870548093,-2.709021725412,4.665845506737
    ));
#7133 = CARTESIAN_POINT('',(2.065468818783,-2.691771371453,
    4.833154584436));
#7134 = CARTESIAN_POINT('',(2.078190186611,-2.708350180771,
    4.999998997659));
#7135 = CARTESIAN_POINT('',(2.278888151348,-2.969904860739,
    5.166849430487));
#7136 = CARTESIAN_POINT('',(2.417520967907,-3.150574664618,
    5.334140349441));
#7137 = CARTESIAN_POINT('',(2.617028044443,-3.410577349458,
    5.499937207133));
#7138 = CARTESIAN_POINT('',(2.630383815603,-3.427982926931,
    5.666505372662));
#7139 = CARTESIAN_POINT('',(2.567749598094,-3.346356434296,
    5.833078555327));
#7140 = CARTESIAN_POINT('',(2.724627199808,-3.550803283486,
    5.942735729628));
#7141 = CARTESIAN_POINT('',(2.506509014223,-3.26654614459,6.));
#7142 = CARTESIAN_POINT('',(2.404163056034,-2.404163056034,-1.));
#7143 = CARTESIAN_POINT('',(2.533590250757,-2.533590250669,
    -0.945915960696));
#7144 = CARTESIAN_POINT('',(2.559037925345,-2.559037925386,
    -0.832465754706));
#7145 = CARTESIAN_POINT('',(2.776136335212,-2.776136335201,
    -0.666031992455));
#7146 = CARTESIAN_POINT('',(2.979175772141,-2.979175772144,
    -0.500065658372));
#7147 = CARTESIAN_POINT('',(3.052995586144,-3.052995586143,
    -0.333310426054));
#7148 = CARTESIAN_POINT('',(3.052109572672,-3.052109572672,
    -0.167651462254));
#7149 = CARTESIAN_POINT('',(2.98273782968,-2.98273782968,
    -9.481367651137E-07));
#7150 = CARTESIAN_POINT('',(2.761742541024,-2.761742541024,
    0.167655273713));
#7151 = CARTESIAN_POINT('',(2.604383464652,-2.604383464652,
    0.333296937213));
#7152 = CARTESIAN_POINT('',(2.351450076714,-2.351450076714,
    0.500115802373));
#7153 = CARTESIAN_POINT('',(2.414532657588,-2.414532657588,
    0.665845574726));
#7154 = CARTESIAN_POINT('',(2.414792146538,-2.414792146538,
    0.833154316416));
#7155 = CARTESIAN_POINT('',(2.351480276247,-2.351480276247,
    0.999999999649));
#7156 = CARTESIAN_POINT('',(2.604557226748,-2.604557226748,1.16684568499
    ));
#7157 = CARTESIAN_POINT('',(2.763812971085,-2.763812971085,
    1.334154420322));
#7158 = CARTESIAN_POINT('',(2.982489461502,-2.982489461502,
    1.499884216189));
#7159 = CARTESIAN_POINT('',(3.052108441375,-3.052108441375,
    1.666702993586));
#7160 = CARTESIAN_POINT('',(3.052344559468,-3.052344559468,
    1.832344983153));
#7161 = CARTESIAN_POINT('',(2.982675150323,-2.982675150323,2.));
#7162 = CARTESIAN_POINT('',(2.761759521909,-2.761759521909,
    2.167655016847));
#7163 = CARTESIAN_POINT('',(2.604378890081,-2.604378890081,
    2.333297006412));
#7164 = CARTESIAN_POINT('',(2.35145130336,-2.35145130336,2.500115783817)
  );
#7165 = CARTESIAN_POINT('',(2.414532331872,-2.414532331872,
    2.665845579653));
#7166 = CARTESIAN_POINT('',(2.414792233241,-2.414792233241,
    2.833154315104));
#7167 = CARTESIAN_POINT('',(2.351480253051,-2.351480253051,3.));
#7168 = CARTESIAN_POINT('',(2.604557232959,-2.604557232959,
    3.166845684896));
#7169 = CARTESIAN_POINT('',(2.763812969484,-2.763812969484,
    3.334154420345));
#7170 = CARTESIAN_POINT('',(2.982489461627,-2.982489461627,3.49988421619
    ));
#7171 = CARTESIAN_POINT('',(3.052108442476,-3.052108442476,
    3.666702993561));
#7172 = CARTESIAN_POINT('',(3.05234455496,-3.05234455496,3.832344983253)
  );
#7173 = CARTESIAN_POINT('',(2.982675167074,-2.982675167074,
    3.999999999629));
#7174 = CARTESIAN_POINT('',(2.76175945908,-2.76175945908,4.167655018238)
  );
#7175 = CARTESIAN_POINT('',(2.604379127285,-2.604379127285,
    4.333297001163));
#7176 = CARTESIAN_POINT('',(2.351450417345,-2.351450417345,
    4.500115803424));
#7177 = CARTESIAN_POINT('',(2.414535626897,-2.414535626896,
    4.665845506737));
#7178 = CARTESIAN_POINT('',(2.414780062277,-2.414780062278,
    4.833154584436));
#7179 = CARTESIAN_POINT('',(2.351525548273,-2.351525548271,
    4.999998997659));
#7180 = CARTESIAN_POINT('',(2.604387971856,-2.604387971866,
    5.166849430487));
#7181 = CARTESIAN_POINT('',(2.764448825638,-2.764448825602,
    5.334140349441));
#7182 = CARTESIAN_POINT('',(2.980094831092,-2.980094831225,
    5.499937207133));
#7183 = CARTESIAN_POINT('',(3.061038818339,-3.061038817842,
    5.666505372662));
#7184 = CARTESIAN_POINT('',(3.019194850565,-3.019194852412,
    5.833078555327));
#7185 = CARTESIAN_POINT('',(3.0765173693,-3.076517365361,5.942735729628)
  );
#7186 = CARTESIAN_POINT('',(2.957550971745,-2.957550971745,6.));
#7187 = ADVANCED_FACE('',(#7188),#7241,.F.);
#7188 = FACE_BOUND('',#7189,.F.);
#7189 = EDGE_LOOP('',(#7190,#7191,#7192,#7240));
#7190 = ORIENTED_EDGE('',*,*,#7048,.F.);
#7191 = ORIENTED_EDGE('',*,*,#222,.F.);
#7192 = ORIENTED_EDGE('',*,*,#7193,.T.);
#7193 = EDGE_CURVE('',#213,#728,#7194,.T.);
#7194 = ( BOUNDED_CURVE() B_SPLINE_CURVE(3,(#7195,#7196,#7197,#7198,
    #7199,#7200,#7201,#7202,#7203,#7204,#7205,#7206,#7207,#7208,#7209,
    #7210,#7211,#7212,#7213,#7214,#7215,#7216,#7217,#7218,#7219,#7220,
    #7221,#7222,#7223,#7224,#7225,#7226,#7227,#7228,#7229,#7230,#7231,
    #7232,#7233,#7234,#7235,#7236,#7237,#7238,#7239),.UNSPECIFIED.,.F.,
.F.) B_SPLINE_CURVE_WITH_KNOTS((4,1,1,1,1,1,1,1,1,1,1,1,1,1,1,1,1,1,1,1,
    1,1,1,1,1,1,1,1,1,1,1,1,1,1,1,1,1,1,1,1,1,1,4),(0.,
    2.367208350872E-02,4.740980147591E-02,7.134334288179E-02,
    9.527688428768E-02,0.119185059348,0.142857142857,0.166529226366,
    0.190437401427,0.214370942832,0.238304484238,0.262042202206,
    0.285714285714,0.309386369223,0.33312408719,0.357057628596,
    0.380991170002,0.404899345063,0.428571428571,0.45224351208,
    0.476151687141,0.500085228547,0.524018769953,0.54775648792,
    0.571428571429,0.595100654937,0.618838372904,0.64277191431,
    0.666705455716,0.690613630777,0.714285714286,0.737957797794,
    0.761865972855,0.785799514261,0.809733055667,0.833470773634,
    0.857142857143,0.880814940652,0.904552658619,0.928486200025,
0.952419741431,0.976327916491,1.),.UNSPECIFIED.) CURVE() 
GEOMETRIC_REPRESENTATION_ITEM() RATIONAL_B_SPLINE_CURVE((1.,
    1.000000000024,0.999999999989,1.000000000003,0.999999999999,1.,1.,1.
    ,1.,1.,1.,1.,1.,1.,1.,1.,1.,1.,1.,1.,1.,1.,1.,1.,1.,1.,1.,1.,1.,1.,
    1.,1.,1.,1.,1.,1.,1.,1.,1.,1.,1.000000000002,0.999999999993,
1.000000000024,0.999999999948,1.)) REPRESENTATION_ITEM('') );
#7195 = CARTESIAN_POINT('',(2.69740135699,-2.06978885863,-1.));
#7196 = CARTESIAN_POINT('',(2.675560559162,-2.053029825082,
    -0.945915960696));
#7197 = CARTESIAN_POINT('',(2.871541160302,-2.203411029362,
    -0.832465754706));
#7198 = CARTESIAN_POINT('',(3.053902981854,-2.343342176654,
    -0.666031992455));
#7199 = CARTESIAN_POINT('',(3.274382761546,-2.512522261905,
    -0.500065658372));
#7200 = CARTESIAN_POINT('',(3.448384308891,-2.646038345136,
    -0.333310426054));
#7201 = CARTESIAN_POINT('',(3.400598097838,-2.609370695741,
    -0.167651462254));
#7202 = CARTESIAN_POINT('',(3.418103961449,-2.622803417337,
    -9.481367651137E-07));
#7203 = CARTESIAN_POINT('',(3.14618916391,-2.414155854755,0.167655273713
    ));
#7204 = CARTESIAN_POINT('',(2.970280250955,-2.279176198419,
    0.333296937213));
#7205 = CARTESIAN_POINT('',(2.708187739585,-2.078065541098,
    0.500115802373));
#7206 = CARTESIAN_POINT('',(2.691771810998,-2.06546915606,0.665845574726
    ));
#7207 = CARTESIAN_POINT('',(2.709107231087,-2.078771091742,
    0.833154316416));
#7208 = CARTESIAN_POINT('',(2.656274882078,-2.038231404509,
    0.999999999649));
#7209 = CARTESIAN_POINT('',(2.850429441379,-2.1872114377,1.16684568499)
  );
#7210 = CARTESIAN_POINT('',(3.059618522112,-2.347727864937,
    1.334154420322));
#7211 = CARTESIAN_POINT('',(3.272845882107,-2.511342972837,
    1.499884216189));
#7212 = CARTESIAN_POINT('',(3.448795764041,-2.646354065776,
    1.666702993586));
#7213 = CARTESIAN_POINT('',(3.400489111649,-2.609287067697,
    1.832344983153));
#7214 = CARTESIAN_POINT('',(3.418133031951,-2.622825723918,2.));
#7215 = CARTESIAN_POINT('',(3.146181288226,-2.41414981153,2.167655016847
    ));
#7216 = CARTESIAN_POINT('',(2.970282372628,-2.279177826435,
    2.333297006412));
#7217 = CARTESIAN_POINT('',(2.708187170671,-2.078065104554,
    2.500115783817));
#7218 = CARTESIAN_POINT('',(2.691771962064,-2.065469271977,
    2.665845579653));
#7219 = CARTESIAN_POINT('',(2.709107190876,-2.078771060887,
    2.833154315104));
#7220 = CARTESIAN_POINT('',(2.656274892832,-2.038231412761,3.));
#7221 = CARTESIAN_POINT('',(2.850429438515,-2.187211435502,
    3.166845684896));
#7222 = CARTESIAN_POINT('',(3.059618522792,-2.347727865459,
    3.334154420345));
#7223 = CARTESIAN_POINT('',(3.272845882283,-2.511342972971,3.49988421619
    ));
#7224 = CARTESIAN_POINT('',(3.448795762658,-2.646354064715,
    3.666702993561));
#7225 = CARTESIAN_POINT('',(3.400489116977,-2.609287071785,
    3.832344983253));
#7226 = CARTESIAN_POINT('',(3.418133012235,-2.62282570879,3.999999999629
    ));
#7227 = CARTESIAN_POINT('',(3.146181362156,-2.414149868259,
    4.167655018238));
#7228 = CARTESIAN_POINT('',(2.970282093516,-2.279177612265,
    4.333297001163));
#7229 = CARTESIAN_POINT('',(2.708188213218,-2.078065904529,
    4.500115803424));
#7230 = CARTESIAN_POINT('',(2.691768084907,-2.06546629693,4.665845506737
    ));
#7231 = CARTESIAN_POINT('',(2.709121512083,-2.078782049936,
    4.833154584436));
#7232 = CARTESIAN_POINT('',(2.656221595304,-2.038190516129,
    4.999998997659));
#7233 = CARTESIAN_POINT('',(2.850628602971,-2.187364259766,
    5.166849430487));
#7234 = CARTESIAN_POINT('',(3.058870329953,-2.347153756897,
    5.334140349441));
#7235 = CARTESIAN_POINT('',(3.275663572114,-2.51350506244,5.499937207133
    ));
#7236 = CARTESIAN_POINT('',(3.438287657596,-2.638290912045,
    5.666505372662));
#7237 = CARTESIAN_POINT('',(3.43949537852,-2.639217629203,5.833078555327
    ));
#7238 = CARTESIAN_POINT('',(3.329085315717,-2.554497007531,
    5.942735729628));
#7239 = CARTESIAN_POINT('',(3.370027015063,-2.585912678876,6.));
#7240 = ORIENTED_EDGE('',*,*,#737,.T.);
#7241 = ( BOUNDED_SURFACE() B_SPLINE_SURFACE(1,3,(
    (#7242,#7243,#7244,#7245,#7246,#7247,#7248,#7249,#7250,#7251,#7252
      ,#7253,#7254,#7255,#7256,#7257,#7258,#7259,#7260,#7261,#7262,#7263
      ,#7264,#7265,#7266,#7267,#7268,#7269,#7270,#7271,#7272,#7273,#7274
      ,#7275,#7276,#7277,#7278,#7279,#7280,#7281,#7282,#7283,#7284,#7285
      ,#7286)
    ,(#7287,#7288,#7289,#7290,#7291,#7292,#7293,#7294,#7295,#7296,#7297
      ,#7298,#7299,#7300,#7301,#7302,#7303,#7304,#7305,#7306,#7307,#7308
      ,#7309,#7310,#7311,#7312,#7313,#7314,#7315,#7316,#7317,#7318,#7319
      ,#7320,#7321,#7322,#7323,#7324,#7325,#7326,#7327,#7328,#7329,#7330
,#7331
    )),.UNSPECIFIED.,.F.,.F.,.F.) B_SPLINE_SURFACE_WITH_KNOTS((2,2),(4,1
    ,1,1,1,1,1,1,1,1,1,1,1,1,1,1,1,1,1,1,1,1,1,1,1,1,1,1,1,1,1,1,1,1,1,1
    ,1,1,1,1,1,1,4),(42.,43.),(0.,2.367208350872E-02,4.740980147591E-02,
    7.134334288179E-02,9.527688428768E-02,0.119185059348,0.142857142857,
    0.166529226366,0.190437401427,0.214370942832,0.238304484238,
    0.262042202206,0.285714285714,0.309386369223,0.33312408719,
    0.357057628596,0.380991170002,0.404899345063,0.428571428571,
    0.45224351208,0.476151687141,0.500085228547,0.524018769953,
    0.54775648792,0.571428571429,0.595100654937,0.618838372904,
    0.64277191431,0.666705455716,0.690613630777,0.714285714286,
    0.737957797794,0.761865972855,0.785799514261,0.809733055667,
    0.833470773634,0.857142857143,0.880814940652,0.904552658619,
    0.928486200025,0.952419741431,0.976327916491,1.),.UNSPECIFIED.) 
GEOMETRIC_REPRESENTATION_ITEM() RATIONAL_B_SPLINE_SURFACE((
    (1.,1.000000000024,0.999999999989,1.000000000003,0.999999999999,1.
      ,1.,1.,1.,1.,1.,1.,1.,1.,1.,1.,1.,1.,1.,1.,1.,1.,1.,1.,1.,1.,1.,1.
      ,1.,1.,1.,1.,1.,1.,1.,1.,1.,1.,1.,1.,1.000000000002,0.999999999993
      ,1.000000000024,0.999999999948,1.)
    ,(1.,1.000000000024,0.999999999989,1.000000000003,0.999999999999,1.
      ,1.,1.,1.,1.,1.,1.,1.,1.,1.,1.,1.,1.,1.,1.,1.,1.,1.,1.,1.,1.,1.,1.
      ,1.,1.,1.,1.,1.,1.,1.,1.,1.,1.,1.,1.,1.000000000002,0.999999999993
,1.000000000024,0.999999999948,1.
  ))) REPRESENTATION_ITEM('') SURFACE() );
#7242 = CARTESIAN_POINT('',(2.404163056034,-2.404163056034,-1.));
#7243 = CARTESIAN_POINT('',(2.533590250757,-2.533590250669,
    -0.945915960696));
#7244 = CARTESIAN_POINT('',(2.559037925345,-2.559037925386,
    -0.832465754706));
#7245 = CARTESIAN_POINT('',(2.776136335212,-2.776136335201,
    -0.666031992455));
#7246 = CARTESIAN_POINT('',(2.979175772141,-2.979175772144,
    -0.500065658372));
#7247 = CARTESIAN_POINT('',(3.052995586144,-3.052995586143,
    -0.333310426054));
#7248 = CARTESIAN_POINT('',(3.052109572672,-3.052109572672,
    -0.167651462254));
#7249 = CARTESIAN_POINT('',(2.98273782968,-2.98273782968,
    -9.481367651137E-07));
#7250 = CARTESIAN_POINT('',(2.761742541024,-2.761742541024,
    0.167655273713));
#7251 = CARTESIAN_POINT('',(2.604383464652,-2.604383464652,
    0.333296937213));
#7252 = CARTESIAN_POINT('',(2.351450076714,-2.351450076714,
    0.500115802373));
#7253 = CARTESIAN_POINT('',(2.414532657588,-2.414532657588,
    0.665845574726));
#7254 = CARTESIAN_POINT('',(2.414792146538,-2.414792146538,
    0.833154316416));
#7255 = CARTESIAN_POINT('',(2.351480276247,-2.351480276247,
    0.999999999649));
#7256 = CARTESIAN_POINT('',(2.604557226748,-2.604557226748,1.16684568499
    ));
#7257 = CARTESIAN_POINT('',(2.763812971085,-2.763812971085,
    1.334154420322));
#7258 = CARTESIAN_POINT('',(2.982489461502,-2.982489461502,
    1.499884216189));
#7259 = CARTESIAN_POINT('',(3.052108441375,-3.052108441375,
    1.666702993586));
#7260 = CARTESIAN_POINT('',(3.052344559468,-3.052344559468,
    1.832344983153));
#7261 = CARTESIAN_POINT('',(2.982675150323,-2.982675150323,2.));
#7262 = CARTESIAN_POINT('',(2.761759521909,-2.761759521909,
    2.167655016847));
#7263 = CARTESIAN_POINT('',(2.604378890081,-2.604378890081,
    2.333297006412));
#7264 = CARTESIAN_POINT('',(2.35145130336,-2.35145130336,2.500115783817)
  );
#7265 = CARTESIAN_POINT('',(2.414532331872,-2.414532331872,
    2.665845579653));
#7266 = CARTESIAN_POINT('',(2.414792233241,-2.414792233241,
    2.833154315104));
#7267 = CARTESIAN_POINT('',(2.351480253051,-2.351480253051,3.));
#7268 = CARTESIAN_POINT('',(2.604557232959,-2.604557232959,
    3.166845684896));
#7269 = CARTESIAN_POINT('',(2.763812969484,-2.763812969484,
    3.334154420345));
#7270 = CARTESIAN_POINT('',(2.982489461627,-2.982489461627,3.49988421619
    ));
#7271 = CARTESIAN_POINT('',(3.052108442476,-3.052108442476,
    3.666702993561));
#7272 = CARTESIAN_POINT('',(3.05234455496,-3.05234455496,3.832344983253)
  );
#7273 = CARTESIAN_POINT('',(2.982675167074,-2.982675167074,
    3.999999999629));
#7274 = CARTESIAN_POINT('',(2.76175945908,-2.76175945908,4.167655018238)
  );
#7275 = CARTESIAN_POINT('',(2.604379127285,-2.604379127285,
    4.333297001163));
#7276 = CARTESIAN_POINT('',(2.351450417345,-2.351450417345,
    4.500115803424));
#7277 = CARTESIAN_POINT('',(2.414535626897,-2.414535626896,
    4.665845506737));
#7278 = CARTESIAN_POINT('',(2.414780062277,-2.414780062278,
    4.833154584436));
#7279 = CARTESIAN_POINT('',(2.351525548273,-2.351525548271,
    4.999998997659));
#7280 = CARTESIAN_POINT('',(2.604387971856,-2.604387971866,
    5.166849430487));
#7281 = CARTESIAN_POINT('',(2.764448825638,-2.764448825602,
    5.334140349441));
#7282 = CARTESIAN_POINT('',(2.980094831092,-2.980094831225,
    5.499937207133));
#7283 = CARTESIAN_POINT('',(3.061038818339,-3.061038817842,
    5.666505372662));
#7284 = CARTESIAN_POINT('',(3.019194850565,-3.019194852412,
    5.833078555327));
#7285 = CARTESIAN_POINT('',(3.0765173693,-3.076517365361,5.942735729628)
  );
#7286 = CARTESIAN_POINT('',(2.957550971745,-2.957550971745,6.));
#7287 = CARTESIAN_POINT('',(2.69740135699,-2.06978885863,-1.));
#7288 = CARTESIAN_POINT('',(2.675560559162,-2.053029825082,
    -0.945915960696));
#7289 = CARTESIAN_POINT('',(2.871541160302,-2.203411029362,
    -0.832465754706));
#7290 = CARTESIAN_POINT('',(3.053902981854,-2.343342176654,
    -0.666031992455));
#7291 = CARTESIAN_POINT('',(3.274382761546,-2.512522261905,
    -0.500065658372));
#7292 = CARTESIAN_POINT('',(3.448384308891,-2.646038345136,
    -0.333310426054));
#7293 = CARTESIAN_POINT('',(3.400598097838,-2.609370695741,
    -0.167651462254));
#7294 = CARTESIAN_POINT('',(3.418103961449,-2.622803417337,
    -9.481367651137E-07));
#7295 = CARTESIAN_POINT('',(3.14618916391,-2.414155854755,0.167655273713
    ));
#7296 = CARTESIAN_POINT('',(2.970280250955,-2.279176198419,
    0.333296937213));
#7297 = CARTESIAN_POINT('',(2.708187739585,-2.078065541098,
    0.500115802373));
#7298 = CARTESIAN_POINT('',(2.691771810998,-2.06546915606,0.665845574726
    ));
#7299 = CARTESIAN_POINT('',(2.709107231087,-2.078771091742,
    0.833154316416));
#7300 = CARTESIAN_POINT('',(2.656274882078,-2.038231404509,
    0.999999999649));
#7301 = CARTESIAN_POINT('',(2.850429441379,-2.1872114377,1.16684568499)
  );
#7302 = CARTESIAN_POINT('',(3.059618522112,-2.347727864937,
    1.334154420322));
#7303 = CARTESIAN_POINT('',(3.272845882107,-2.511342972837,
    1.499884216189));
#7304 = CARTESIAN_POINT('',(3.448795764041,-2.646354065776,
    1.666702993586));
#7305 = CARTESIAN_POINT('',(3.400489111649,-2.609287067697,
    1.832344983153));
#7306 = CARTESIAN_POINT('',(3.418133031951,-2.622825723918,2.));
#7307 = CARTESIAN_POINT('',(3.146181288226,-2.41414981153,2.167655016847
    ));
#7308 = CARTESIAN_POINT('',(2.970282372628,-2.279177826435,
    2.333297006412));
#7309 = CARTESIAN_POINT('',(2.708187170671,-2.078065104554,
    2.500115783817));
#7310 = CARTESIAN_POINT('',(2.691771962064,-2.065469271977,
    2.665845579653));
#7311 = CARTESIAN_POINT('',(2.709107190876,-2.078771060887,
    2.833154315104));
#7312 = CARTESIAN_POINT('',(2.656274892832,-2.038231412761,3.));
#7313 = CARTESIAN_POINT('',(2.850429438515,-2.187211435502,
    3.166845684896));
#7314 = CARTESIAN_POINT('',(3.059618522792,-2.347727865459,
    3.334154420345));
#7315 = CARTESIAN_POINT('',(3.272845882283,-2.511342972971,3.49988421619
    ));
#7316 = CARTESIAN_POINT('',(3.448795762658,-2.646354064715,
    3.666702993561));
#7317 = CARTESIAN_POINT('',(3.400489116977,-2.609287071785,
    3.832344983253));
#7318 = CARTESIAN_POINT('',(3.418133012235,-2.62282570879,3.999999999629
    ));
#7319 = CARTESIAN_POINT('',(3.146181362156,-2.414149868259,
    4.167655018238));
#7320 = CARTESIAN_POINT('',(2.970282093516,-2.279177612265,
    4.333297001163));
#7321 = CARTESIAN_POINT('',(2.708188213218,-2.078065904529,
    4.500115803424));
#7322 = CARTESIAN_POINT('',(2.691768084907,-2.06546629693,4.665845506737
    ));
#7323 = CARTESIAN_POINT('',(2.709121512083,-2.078782049936,
    4.833154584436));
#7324 = CARTESIAN_POINT('',(2.656221595304,-2.038190516129,
    4.999998997659));
#7325 = CARTESIAN_POINT('',(2.850628602971,-2.187364259766,
    5.166849430487));
#7326 = CARTESIAN_POINT('',(3.058870329953,-2.347153756897,
    5.334140349441));
#7327 = CARTESIAN_POINT('',(3.275663572114,-2.51350506244,5.499937207133
    ));
#7328 = CARTESIAN_POINT('',(3.438287657596,-2.638290912045,
    5.666505372662));
#7329 = CARTESIAN_POINT('',(3.43949537852,-2.639217629203,5.833078555327
    ));
#7330 = CARTESIAN_POINT('',(3.329085315717,-2.554497007531,
    5.942735729628));
#7331 = CARTESIAN_POINT('',(3.370027015063,-2.585912678876,6.));
#7332 = ADVANCED_FACE('',(#7333),#7386,.F.);
#7333 = FACE_BOUND('',#7334,.F.);
#7334 = EDGE_LOOP('',(#7335,#7336,#7337,#7385));
#7335 = ORIENTED_EDGE('',*,*,#7193,.F.);
#7336 = ORIENTED_EDGE('',*,*,#212,.F.);
#7337 = ORIENTED_EDGE('',*,*,#7338,.T.);
#7338 = EDGE_CURVE('',#203,#718,#7339,.T.);
#7339 = ( BOUNDED_CURVE() B_SPLINE_CURVE(3,(#7340,#7341,#7342,#7343,
    #7344,#7345,#7346,#7347,#7348,#7349,#7350,#7351,#7352,#7353,#7354,
    #7355,#7356,#7357,#7358,#7359,#7360,#7361,#7362,#7363,#7364,#7365,
    #7366,#7367,#7368,#7369,#7370,#7371,#7372,#7373,#7374,#7375,#7376,
    #7377,#7378,#7379,#7380,#7381,#7382,#7383,#7384),.UNSPECIFIED.,.F.,
.F.) B_SPLINE_CURVE_WITH_KNOTS((4,1,1,1,1,1,1,1,1,1,1,1,1,1,1,1,1,1,1,1,
    1,1,1,1,1,1,1,1,1,1,1,1,1,1,1,1,1,1,1,1,1,1,4),(0.,
    2.367208350872E-02,4.740980147591E-02,7.134334288179E-02,
    9.527688428768E-02,0.119185059348,0.142857142857,0.166529226366,
    0.190437401427,0.214370942832,0.238304484238,0.262042202206,
    0.285714285714,0.309386369223,0.33312408719,0.357057628596,
    0.380991170002,0.404899345063,0.428571428571,0.45224351208,
    0.476151687141,0.500085228547,0.524018769953,0.54775648792,
    0.571428571429,0.595100654937,0.618838372904,0.64277191431,
    0.666705455716,0.690613630777,0.714285714286,0.737957797794,
    0.761865972855,0.785799514261,0.809733055667,0.833470773634,
    0.857142857143,0.880814940652,0.904552658619,0.928486200025,
0.952419741431,0.976327916491,1.),.UNSPECIFIED.) CURVE() 
GEOMETRIC_REPRESENTATION_ITEM() RATIONAL_B_SPLINE_CURVE((1.,
    1.000000000024,0.999999999989,1.000000000003,0.999999999999,1.,1.,1.
    ,1.,1.,1.,1.,1.,1.,1.,1.,1.,1.,1.,1.,1.,1.,1.,1.,1.,1.,1.,1.,1.,1.,
    1.,1.,1.,1.,1.,1.,1.,1.,1.,1.,1.000000000002,0.999999999993,
1.000000000024,0.999999999948,1.)) REPRESENTATION_ITEM('') );
#7340 = CARTESIAN_POINT('',(2.944486372867,-1.7,-1.));
#7341 = CARTESIAN_POINT('',(2.743369404449,-1.583885064214,
    -0.945915960696));
#7342 = CARTESIAN_POINT('',(3.13265131399,-1.808637079377,
    -0.832465754706));
#7343 = CARTESIAN_POINT('',(3.26776710771,-1.886646219294,
    -0.666031992455));
#7344 = CARTESIAN_POINT('',(3.500120255233,-2.020795371552,
    -0.500065658372));
#7345 = CARTESIAN_POINT('',(3.787998861604,-2.187002162438,
    -0.333310426054));
#7346 = CARTESIAN_POINT('',(3.691422461943,-2.131243752095,
    -0.167651462254));
#7347 = CARTESIAN_POINT('',(3.789771513518,-2.188025603497,
    -9.481367651137E-07));
#7348 = CARTESIAN_POINT('',(3.491633157759,-2.015895343544,
    0.167655273713));
#7349 = CARTESIAN_POINT('',(3.293590555161,-1.901555393623,
    0.333296937213));
#7350 = CARTESIAN_POINT('',(3.032977876675,-1.751090593545,
    0.500115802373));
#7351 = CARTESIAN_POINT('',(2.919393710761,-1.685512744779,
    0.665845574726));
#7352 = CARTESIAN_POINT('',(2.957053724759,-1.707255763998,
    0.833154316416));
#7353 = CARTESIAN_POINT('',(2.919207450581,-1.685405207413,
    0.999999999649));
#7354 = CARTESIAN_POINT('',(3.033174889449,-1.751204338922,1.16684568499
    ));
#7355 = CARTESIAN_POINT('',(3.294698193292,-1.902194888796,
    1.334154420322));
#7356 = CARTESIAN_POINT('',(3.492878624551,-2.016614414131,
    1.499884216189));
#7357 = CARTESIAN_POINT('',(3.789937599391,-2.18812149322,1.666702993586
    ));
#7358 = CARTESIAN_POINT('',(3.690908929319,-2.130947263897,
    1.832344983153));
#7359 = CARTESIAN_POINT('',(3.789908490977,-2.18810468747,2.));
#7360 = CARTESIAN_POINT('',(3.491596048278,-2.015873918375,
    2.167655016847));
#7361 = CARTESIAN_POINT('',(3.293600552282,-1.901561165463,
    2.333297006412));
#7362 = CARTESIAN_POINT('',(3.032975196003,-1.751089045858,
    2.500115783817));
#7363 = CARTESIAN_POINT('',(2.91939442257,-1.685513155741,2.665845579653
    ));
#7364 = CARTESIAN_POINT('',(2.957053535285,-1.707255654605,
    2.833154315104));
#7365 = CARTESIAN_POINT('',(2.919207501264,-1.685405236675,3.));
#7366 = CARTESIAN_POINT('',(3.033174875908,-1.751204331105,
    3.166845684896));
#7367 = CARTESIAN_POINT('',(3.294698196663,-1.902194890742,
    3.334154420345));
#7368 = CARTESIAN_POINT('',(3.492878624758,-2.016614414251,3.49988421619
    ));
#7369 = CARTESIAN_POINT('',(3.789937595186,-2.188121490793,
    3.666702993561));
#7370 = CARTESIAN_POINT('',(3.690908945843,-2.130947273437,
    3.832344983253));
#7371 = CARTESIAN_POINT('',(3.789908429744,-2.188104652117,
    3.999999999629));
#7372 = CARTESIAN_POINT('',(3.491596277908,-2.015874050952,
    4.167655018238));
#7373 = CARTESIAN_POINT('',(3.293599685342,-1.901560664935,
    4.333297001163));
#7374 = CARTESIAN_POINT('',(3.032978434228,-1.751090915448,
    4.500115803424));
#7375 = CARTESIAN_POINT('',(2.919382379851,-1.685506202875,
    4.665845506737));
#7376 = CARTESIAN_POINT('',(2.957098017955,-1.707281336686,
    4.833154584436));
#7377 = CARTESIAN_POINT('',(2.91904195542,-1.68530965874,4.999998997659)
  );
#7378 = CARTESIAN_POINT('',(3.033793494615,-1.751561490774,
    5.166849430487));
#7379 = CARTESIAN_POINT('',(3.292374257475,-1.900853163855,
    5.334140349441));
#7380 = CARTESIAN_POINT('',(3.501630566076,-2.021667349817,
    5.499937207133));
#7381 = CARTESIAN_POINT('',(3.757298687294,-2.169277408945,
    5.666505372662));
#7382 = CARTESIAN_POINT('',(3.812065117213,-2.200896820071,
    5.833078555327));
#7383 = CARTESIAN_POINT('',(3.498636777649,-2.019938888614,
    5.942735729628));
#7384 = CARTESIAN_POINT('',(3.723909236273,-2.15,6.));
#7385 = ORIENTED_EDGE('',*,*,#727,.T.);
#7386 = ( BOUNDED_SURFACE() B_SPLINE_SURFACE(1,3,(
    (#7387,#7388,#7389,#7390,#7391,#7392,#7393,#7394,#7395,#7396,#7397
      ,#7398,#7399,#7400,#7401,#7402,#7403,#7404,#7405,#7406,#7407,#7408
      ,#7409,#7410,#7411,#7412,#7413,#7414,#7415,#7416,#7417,#7418,#7419
      ,#7420,#7421,#7422,#7423,#7424,#7425,#7426,#7427,#7428,#7429,#7430
      ,#7431)
    ,(#7432,#7433,#7434,#7435,#7436,#7437,#7438,#7439,#7440,#7441,#7442
      ,#7443,#7444,#7445,#7446,#7447,#7448,#7449,#7450,#7451,#7452,#7453
      ,#7454,#7455,#7456,#7457,#7458,#7459,#7460,#7461,#7462,#7463,#7464
      ,#7465,#7466,#7467,#7468,#7469,#7470,#7471,#7472,#7473,#7474,#7475
,#7476
    )),.UNSPECIFIED.,.F.,.F.,.F.) B_SPLINE_SURFACE_WITH_KNOTS((2,2),(4,1
    ,1,1,1,1,1,1,1,1,1,1,1,1,1,1,1,1,1,1,1,1,1,1,1,1,1,1,1,1,1,1,1,1,1,1
    ,1,1,1,1,1,1,4),(43.,44.),(0.,2.367208350872E-02,4.740980147591E-02,
    7.134334288179E-02,9.527688428768E-02,0.119185059348,0.142857142857,
    0.166529226366,0.190437401427,0.214370942832,0.238304484238,
    0.262042202206,0.285714285714,0.309386369223,0.33312408719,
    0.357057628596,0.380991170002,0.404899345063,0.428571428571,
    0.45224351208,0.476151687141,0.500085228547,0.524018769953,
    0.54775648792,0.571428571429,0.595100654937,0.618838372904,
    0.64277191431,0.666705455716,0.690613630777,0.714285714286,
    0.737957797794,0.761865972855,0.785799514261,0.809733055667,
    0.833470773634,0.857142857143,0.880814940652,0.904552658619,
    0.928486200025,0.952419741431,0.976327916491,1.),.UNSPECIFIED.) 
GEOMETRIC_REPRESENTATION_ITEM() RATIONAL_B_SPLINE_SURFACE((
    (1.,1.000000000024,0.999999999989,1.000000000003,0.999999999999,1.
      ,1.,1.,1.,1.,1.,1.,1.,1.,1.,1.,1.,1.,1.,1.,1.,1.,1.,1.,1.,1.,1.,1.
      ,1.,1.,1.,1.,1.,1.,1.,1.,1.,1.,1.,1.,1.000000000002,0.999999999993
      ,1.000000000024,0.999999999948,1.)
    ,(1.,1.000000000024,0.999999999989,1.000000000003,0.999999999999,1.
      ,1.,1.,1.,1.,1.,1.,1.,1.,1.,1.,1.,1.,1.,1.,1.,1.,1.,1.,1.,1.,1.,1.
      ,1.,1.,1.,1.,1.,1.,1.,1.,1.,1.,1.,1.,1.000000000002,0.999999999993
,1.000000000024,0.999999999948,1.
  ))) REPRESENTATION_ITEM('') SURFACE() );
#7387 = CARTESIAN_POINT('',(2.69740135699,-2.06978885863,-1.));
#7388 = CARTESIAN_POINT('',(2.675560559162,-2.053029825082,
    -0.945915960696));
#7389 = CARTESIAN_POINT('',(2.871541160302,-2.203411029362,
    -0.832465754706));
#7390 = CARTESIAN_POINT('',(3.053902981854,-2.343342176654,
    -0.666031992455));
#7391 = CARTESIAN_POINT('',(3.274382761546,-2.512522261905,
    -0.500065658372));
#7392 = CARTESIAN_POINT('',(3.448384308891,-2.646038345136,
    -0.333310426054));
#7393 = CARTESIAN_POINT('',(3.400598097838,-2.609370695741,
    -0.167651462254));
#7394 = CARTESIAN_POINT('',(3.418103961449,-2.622803417337,
    -9.481367651137E-07));
#7395 = CARTESIAN_POINT('',(3.14618916391,-2.414155854755,0.167655273713
    ));
#7396 = CARTESIAN_POINT('',(2.970280250955,-2.279176198419,
    0.333296937213));
#7397 = CARTESIAN_POINT('',(2.708187739585,-2.078065541098,
    0.500115802373));
#7398 = CARTESIAN_POINT('',(2.691771810998,-2.06546915606,0.665845574726
    ));
#7399 = CARTESIAN_POINT('',(2.709107231087,-2.078771091742,
    0.833154316416));
#7400 = CARTESIAN_POINT('',(2.656274882078,-2.038231404509,
    0.999999999649));
#7401 = CARTESIAN_POINT('',(2.850429441379,-2.1872114377,1.16684568499)
  );
#7402 = CARTESIAN_POINT('',(3.059618522112,-2.347727864937,
    1.334154420322));
#7403 = CARTESIAN_POINT('',(3.272845882107,-2.511342972837,
    1.499884216189));
#7404 = CARTESIAN_POINT('',(3.448795764041,-2.646354065776,
    1.666702993586));
#7405 = CARTESIAN_POINT('',(3.400489111649,-2.609287067697,
    1.832344983153));
#7406 = CARTESIAN_POINT('',(3.418133031951,-2.622825723918,2.));
#7407 = CARTESIAN_POINT('',(3.146181288226,-2.41414981153,2.167655016847
    ));
#7408 = CARTESIAN_POINT('',(2.970282372628,-2.279177826435,
    2.333297006412));
#7409 = CARTESIAN_POINT('',(2.708187170671,-2.078065104554,
    2.500115783817));
#7410 = CARTESIAN_POINT('',(2.691771962064,-2.065469271977,
    2.665845579653));
#7411 = CARTESIAN_POINT('',(2.709107190876,-2.078771060887,
    2.833154315104));
#7412 = CARTESIAN_POINT('',(2.656274892832,-2.038231412761,3.));
#7413 = CARTESIAN_POINT('',(2.850429438515,-2.187211435502,
    3.166845684896));
#7414 = CARTESIAN_POINT('',(3.059618522792,-2.347727865459,
    3.334154420345));
#7415 = CARTESIAN_POINT('',(3.272845882283,-2.511342972971,3.49988421619
    ));
#7416 = CARTESIAN_POINT('',(3.448795762658,-2.646354064715,
    3.666702993561));
#7417 = CARTESIAN_POINT('',(3.400489116977,-2.609287071785,
    3.832344983253));
#7418 = CARTESIAN_POINT('',(3.418133012235,-2.62282570879,3.999999999629
    ));
#7419 = CARTESIAN_POINT('',(3.146181362156,-2.414149868259,
    4.167655018238));
#7420 = CARTESIAN_POINT('',(2.970282093516,-2.279177612265,
    4.333297001163));
#7421 = CARTESIAN_POINT('',(2.708188213218,-2.078065904529,
    4.500115803424));
#7422 = CARTESIAN_POINT('',(2.691768084907,-2.06546629693,4.665845506737
    ));
#7423 = CARTESIAN_POINT('',(2.709121512083,-2.078782049936,
    4.833154584436));
#7424 = CARTESIAN_POINT('',(2.656221595304,-2.038190516129,
    4.999998997659));
#7425 = CARTESIAN_POINT('',(2.850628602971,-2.187364259766,
    5.166849430487));
#7426 = CARTESIAN_POINT('',(3.058870329953,-2.347153756897,
    5.334140349441));
#7427 = CARTESIAN_POINT('',(3.275663572114,-2.51350506244,5.499937207133
    ));
#7428 = CARTESIAN_POINT('',(3.438287657596,-2.638290912045,
    5.666505372662));
#7429 = CARTESIAN_POINT('',(3.43949537852,-2.639217629203,5.833078555327
    ));
#7430 = CARTESIAN_POINT('',(3.329085315717,-2.554497007531,
    5.942735729628));
#7431 = CARTESIAN_POINT('',(3.370027015063,-2.585912678876,6.));
#7432 = CARTESIAN_POINT('',(2.944486372867,-1.7,-1.));
#7433 = CARTESIAN_POINT('',(2.743369404449,-1.583885064214,
    -0.945915960696));
#7434 = CARTESIAN_POINT('',(3.13265131399,-1.808637079377,
    -0.832465754706));
#7435 = CARTESIAN_POINT('',(3.26776710771,-1.886646219294,
    -0.666031992455));
#7436 = CARTESIAN_POINT('',(3.500120255233,-2.020795371552,
    -0.500065658372));
#7437 = CARTESIAN_POINT('',(3.787998861604,-2.187002162438,
    -0.333310426054));
#7438 = CARTESIAN_POINT('',(3.691422461943,-2.131243752095,
    -0.167651462254));
#7439 = CARTESIAN_POINT('',(3.789771513518,-2.188025603497,
    -9.481367651137E-07));
#7440 = CARTESIAN_POINT('',(3.491633157759,-2.015895343544,
    0.167655273713));
#7441 = CARTESIAN_POINT('',(3.293590555161,-1.901555393623,
    0.333296937213));
#7442 = CARTESIAN_POINT('',(3.032977876675,-1.751090593545,
    0.500115802373));
#7443 = CARTESIAN_POINT('',(2.919393710761,-1.685512744779,
    0.665845574726));
#7444 = CARTESIAN_POINT('',(2.957053724759,-1.707255763998,
    0.833154316416));
#7445 = CARTESIAN_POINT('',(2.919207450581,-1.685405207413,
    0.999999999649));
#7446 = CARTESIAN_POINT('',(3.033174889449,-1.751204338922,1.16684568499
    ));
#7447 = CARTESIAN_POINT('',(3.294698193292,-1.902194888796,
    1.334154420322));
#7448 = CARTESIAN_POINT('',(3.492878624551,-2.016614414131,
    1.499884216189));
#7449 = CARTESIAN_POINT('',(3.789937599391,-2.18812149322,1.666702993586
    ));
#7450 = CARTESIAN_POINT('',(3.690908929319,-2.130947263897,
    1.832344983153));
#7451 = CARTESIAN_POINT('',(3.789908490977,-2.18810468747,2.));
#7452 = CARTESIAN_POINT('',(3.491596048278,-2.015873918375,
    2.167655016847));
#7453 = CARTESIAN_POINT('',(3.293600552282,-1.901561165463,
    2.333297006412));
#7454 = CARTESIAN_POINT('',(3.032975196003,-1.751089045858,
    2.500115783817));
#7455 = CARTESIAN_POINT('',(2.91939442257,-1.685513155741,2.665845579653
    ));
#7456 = CARTESIAN_POINT('',(2.957053535285,-1.707255654605,
    2.833154315104));
#7457 = CARTESIAN_POINT('',(2.919207501264,-1.685405236675,3.));
#7458 = CARTESIAN_POINT('',(3.033174875908,-1.751204331105,
    3.166845684896));
#7459 = CARTESIAN_POINT('',(3.294698196663,-1.902194890742,
    3.334154420345));
#7460 = CARTESIAN_POINT('',(3.492878624758,-2.016614414251,3.49988421619
    ));
#7461 = CARTESIAN_POINT('',(3.789937595186,-2.188121490793,
    3.666702993561));
#7462 = CARTESIAN_POINT('',(3.690908945843,-2.130947273437,
    3.832344983253));
#7463 = CARTESIAN_POINT('',(3.789908429744,-2.188104652117,
    3.999999999629));
#7464 = CARTESIAN_POINT('',(3.491596277908,-2.015874050952,
    4.167655018238));
#7465 = CARTESIAN_POINT('',(3.293599685342,-1.901560664935,
    4.333297001163));
#7466 = CARTESIAN_POINT('',(3.032978434228,-1.751090915448,
    4.500115803424));
#7467 = CARTESIAN_POINT('',(2.919382379851,-1.685506202875,
    4.665845506737));
#7468 = CARTESIAN_POINT('',(2.957098017955,-1.707281336686,
    4.833154584436));
#7469 = CARTESIAN_POINT('',(2.91904195542,-1.68530965874,4.999998997659)
  );
#7470 = CARTESIAN_POINT('',(3.033793494615,-1.751561490774,
    5.166849430487));
#7471 = CARTESIAN_POINT('',(3.292374257475,-1.900853163855,
    5.334140349441));
#7472 = CARTESIAN_POINT('',(3.501630566076,-2.021667349817,
    5.499937207133));
#7473 = CARTESIAN_POINT('',(3.757298687294,-2.169277408945,
    5.666505372662));
#7474 = CARTESIAN_POINT('',(3.812065117213,-2.200896820071,
    5.833078555327));
#7475 = CARTESIAN_POINT('',(3.498636777649,-2.019938888614,
    5.942735729628));
#7476 = CARTESIAN_POINT('',(3.723909236273,-2.15,6.));
#7477 = ADVANCED_FACE('',(#7478),#7531,.F.);
#7478 = FACE_BOUND('',#7479,.F.);
#7479 = EDGE_LOOP('',(#7480,#7481,#7482,#7530));
#7480 = ORIENTED_EDGE('',*,*,#7338,.F.);
#7481 = ORIENTED_EDGE('',*,*,#202,.F.);
#7482 = ORIENTED_EDGE('',*,*,#7483,.T.);
#7483 = EDGE_CURVE('',#193,#708,#7484,.T.);
#7484 = ( BOUNDED_CURVE() B_SPLINE_CURVE(3,(#7485,#7486,#7487,#7488,
    #7489,#7490,#7491,#7492,#7493,#7494,#7495,#7496,#7497,#7498,#7499,
    #7500,#7501,#7502,#7503,#7504,#7505,#7506,#7507,#7508,#7509,#7510,
    #7511,#7512,#7513,#7514,#7515,#7516,#7517,#7518,#7519,#7520,#7521,
    #7522,#7523,#7524,#7525,#7526,#7527,#7528,#7529),.UNSPECIFIED.,.F.,
.F.) B_SPLINE_CURVE_WITH_KNOTS((4,1,1,1,1,1,1,1,1,1,1,1,1,1,1,1,1,1,1,1,
    1,1,1,1,1,1,1,1,1,1,1,1,1,1,1,1,1,1,1,1,1,1,4),(0.,
    2.367208350872E-02,4.740980147591E-02,7.134334288179E-02,
    9.527688428768E-02,0.119185059348,0.142857142857,0.166529226366,
    0.190437401427,0.214370942832,0.238304484238,0.262042202206,
    0.285714285714,0.309386369223,0.33312408719,0.357057628596,
    0.380991170002,0.404899345063,0.428571428571,0.45224351208,
    0.476151687141,0.500085228547,0.524018769953,0.54775648792,
    0.571428571429,0.595100654937,0.618838372904,0.64277191431,
    0.666705455716,0.690613630777,0.714285714286,0.737957797794,
    0.761865972855,0.785799514261,0.809733055667,0.833470773634,
    0.857142857143,0.880814940652,0.904552658619,0.928486200025,
0.952419741431,0.976327916491,1.),.UNSPECIFIED.) CURVE() 
GEOMETRIC_REPRESENTATION_ITEM() RATIONAL_B_SPLINE_CURVE((1.,
    1.000000000024,0.999999999989,1.000000000003,0.999999999999,1.,1.,1.
    ,1.,1.,1.,1.,1.,1.,1.,1.,1.,1.,1.,1.,1.,1.,1.,1.,1.,1.,1.,1.,1.,1.,
    1.,1.,1.,1.,1.,1.,1.,1.,1.,1.,1.000000000002,0.999999999993,
1.000000000024,0.999999999948,1.)) REPRESENTATION_ITEM('') );
#7485 = CARTESIAN_POINT('',(3.141190410538,-1.301123670041,-1.));
#7486 = CARTESIAN_POINT('',(2.909861115075,-1.205303938477,
    -0.945915960696));
#7487 = CARTESIAN_POINT('',(3.261501528763,-1.350958166919,
    -0.832465754706));
#7488 = CARTESIAN_POINT('',(3.431086172374,-1.421202426267,
    -0.666031992455));
#7489 = CARTESIAN_POINT('',(3.672986009401,-1.521400619501,
    -0.500065658372));
#7490 = CARTESIAN_POINT('',(3.978328585563,-1.647877655717,
    -0.333310426054));
#7491 = CARTESIAN_POINT('',(3.960281507528,-1.640402311233,
    -0.167651462254));
#7492 = CARTESIAN_POINT('',(4.016201916032,-1.663565302849,
    -9.481367651137E-07));
#7493 = CARTESIAN_POINT('',(3.810134682419,-1.578209459926,
    0.167655273713));
#7494 = CARTESIAN_POINT('',(3.561753846108,-1.475326748892,
    0.333296937213));
#7495 = CARTESIAN_POINT('',(3.319190554585,-1.37485374381,0.500115802373
    ));
#7496 = CARTESIAN_POINT('',(3.093711543142,-1.281457279239,
    0.665845574726));
#7497 = CARTESIAN_POINT('',(3.154617981994,-1.306685552248,
    0.833154316416));
#7498 = CARTESIAN_POINT('',(3.134660354595,-1.298418832306,
    0.999999999649));
#7499 = CARTESIAN_POINT('',(3.153919274007,-1.306396137924,1.16684568499
    ));
#7500 = CARTESIAN_POINT('',(3.460211735776,-1.433266629641,
    1.334154420322));
#7501 = CARTESIAN_POINT('',(3.665154294897,-1.518156617136,
    1.499884216189));
#7502 = CARTESIAN_POINT('',(3.980425301278,-1.648746143802,
    1.666702993586));
#7503 = CARTESIAN_POINT('',(3.95972612973,-1.640172266217,1.832344983153
    ));
#7504 = CARTESIAN_POINT('',(4.016350055092,-1.663626664057,2.));
#7505 = CARTESIAN_POINT('',(3.810094549074,-1.57819283615,2.167655016847
    ));
#7506 = CARTESIAN_POINT('',(3.561764657843,-1.47533122726,2.333297006412
    ));
#7507 = CARTESIAN_POINT('',(3.319187655479,-1.374852542961,
    2.500115783817));
#7508 = CARTESIAN_POINT('',(3.093712312952,-1.281457598105,
    2.665845579653));
#7509 = CARTESIAN_POINT('',(3.15461777708,-1.30668546737,2.833154315104)
  );
#7510 = CARTESIAN_POINT('',(3.134660409411,-1.298418855012,3.));
#7511 = CARTESIAN_POINT('',(3.153919259352,-1.306396131853,
    3.166845684896));
#7512 = CARTESIAN_POINT('',(3.460211739466,-1.433266631169,
    3.334154420345));
#7513 = CARTESIAN_POINT('',(3.665154294951,-1.518156617159,3.49988421619
    ));
#7514 = CARTESIAN_POINT('',(3.980425297362,-1.64874614218,3.666702993561
    ));
#7515 = CARTESIAN_POINT('',(3.959726145257,-1.640172272649,
    3.832344983253));
#7516 = CARTESIAN_POINT('',(4.016349997521,-1.663626640211,
    3.999999999629));
#7517 = CARTESIAN_POINT('',(3.810094764977,-1.57819292558,4.167655018238
    ));
#7518 = CARTESIAN_POINT('',(3.561763842726,-1.475330889627,
    4.333297001163));
#7519 = CARTESIAN_POINT('',(3.319190700135,-1.374853804098,
    4.500115803424));
#7520 = CARTESIAN_POINT('',(3.093700990103,-1.281452908028,
    4.665845506737));
#7521 = CARTESIAN_POINT('',(3.15465960074,-1.306702791297,4.833154584436
    ));
#7522 = CARTESIAN_POINT('',(3.134504759288,-1.298354382622,
    4.999998997659));
#7523 = CARTESIAN_POINT('',(3.154500899312,-1.306637055007,
    5.166849430487));
#7524 = CARTESIAN_POINT('',(3.458026716798,-1.432361565171,
    5.334140349441));
#7525 = CARTESIAN_POINT('',(3.673383077473,-1.521565090389,
    5.499937207133));
#7526 = CARTESIAN_POINT('',(3.94973742309,-1.636034808802,5.666505372662
    ));
#7527 = CARTESIAN_POINT('',(4.073640047232,-1.687356954506,
    5.833078555327));
#7528 = CARTESIAN_POINT('',(3.754601826617,-1.555207000632,
    5.942735729628));
#7529 = CARTESIAN_POINT('',(3.972681989799,-1.64553875917,6.));
#7530 = ORIENTED_EDGE('',*,*,#717,.T.);
#7531 = ( BOUNDED_SURFACE() B_SPLINE_SURFACE(1,3,(
    (#7532,#7533,#7534,#7535,#7536,#7537,#7538,#7539,#7540,#7541,#7542
      ,#7543,#7544,#7545,#7546,#7547,#7548,#7549,#7550,#7551,#7552,#7553
      ,#7554,#7555,#7556,#7557,#7558,#7559,#7560,#7561,#7562,#7563,#7564
      ,#7565,#7566,#7567,#7568,#7569,#7570,#7571,#7572,#7573,#7574,#7575
      ,#7576)
    ,(#7577,#7578,#7579,#7580,#7581,#7582,#7583,#7584,#7585,#7586,#7587
      ,#7588,#7589,#7590,#7591,#7592,#7593,#7594,#7595,#7596,#7597,#7598
      ,#7599,#7600,#7601,#7602,#7603,#7604,#7605,#7606,#7607,#7608,#7609
      ,#7610,#7611,#7612,#7613,#7614,#7615,#7616,#7617,#7618,#7619,#7620
,#7621
    )),.UNSPECIFIED.,.F.,.F.,.F.) B_SPLINE_SURFACE_WITH_KNOTS((2,2),(4,1
    ,1,1,1,1,1,1,1,1,1,1,1,1,1,1,1,1,1,1,1,1,1,1,1,1,1,1,1,1,1,1,1,1,1,1
    ,1,1,1,1,1,1,4),(44.,45.),(0.,2.367208350872E-02,4.740980147591E-02,
    7.134334288179E-02,9.527688428768E-02,0.119185059348,0.142857142857,
    0.166529226366,0.190437401427,0.214370942832,0.238304484238,
    0.262042202206,0.285714285714,0.309386369223,0.33312408719,
    0.357057628596,0.380991170002,0.404899345063,0.428571428571,
    0.45224351208,0.476151687141,0.500085228547,0.524018769953,
    0.54775648792,0.571428571429,0.595100654937,0.618838372904,
    0.64277191431,0.666705455716,0.690613630777,0.714285714286,
    0.737957797794,0.761865972855,0.785799514261,0.809733055667,
    0.833470773634,0.857142857143,0.880814940652,0.904552658619,
    0.928486200025,0.952419741431,0.976327916491,1.),.UNSPECIFIED.) 
GEOMETRIC_REPRESENTATION_ITEM() RATIONAL_B_SPLINE_SURFACE((
    (1.,1.000000000024,0.999999999989,1.000000000003,0.999999999999,1.
      ,1.,1.,1.,1.,1.,1.,1.,1.,1.,1.,1.,1.,1.,1.,1.,1.,1.,1.,1.,1.,1.,1.
      ,1.,1.,1.,1.,1.,1.,1.,1.,1.,1.,1.,1.,1.000000000002,0.999999999993
      ,1.000000000024,0.999999999948,1.)
    ,(1.,1.000000000024,0.999999999989,1.000000000003,0.999999999999,1.
      ,1.,1.,1.,1.,1.,1.,1.,1.,1.,1.,1.,1.,1.,1.,1.,1.,1.,1.,1.,1.,1.,1.
      ,1.,1.,1.,1.,1.,1.,1.,1.,1.,1.,1.,1.,1.000000000002,0.999999999993
,1.000000000024,0.999999999948,1.
  ))) REPRESENTATION_ITEM('') SURFACE() );
#7532 = CARTESIAN_POINT('',(2.944486372867,-1.7,-1.));
#7533 = CARTESIAN_POINT('',(2.743369404449,-1.583885064214,
    -0.945915960696));
#7534 = CARTESIAN_POINT('',(3.13265131399,-1.808637079377,
    -0.832465754706));
#7535 = CARTESIAN_POINT('',(3.26776710771,-1.886646219294,
    -0.666031992455));
#7536 = CARTESIAN_POINT('',(3.500120255233,-2.020795371552,
    -0.500065658372));
#7537 = CARTESIAN_POINT('',(3.787998861604,-2.187002162438,
    -0.333310426054));
#7538 = CARTESIAN_POINT('',(3.691422461943,-2.131243752095,
    -0.167651462254));
#7539 = CARTESIAN_POINT('',(3.789771513518,-2.188025603497,
    -9.481367651137E-07));
#7540 = CARTESIAN_POINT('',(3.491633157759,-2.015895343544,
    0.167655273713));
#7541 = CARTESIAN_POINT('',(3.293590555161,-1.901555393623,
    0.333296937213));
#7542 = CARTESIAN_POINT('',(3.032977876675,-1.751090593545,
    0.500115802373));
#7543 = CARTESIAN_POINT('',(2.919393710761,-1.685512744779,
    0.665845574726));
#7544 = CARTESIAN_POINT('',(2.957053724759,-1.707255763998,
    0.833154316416));
#7545 = CARTESIAN_POINT('',(2.919207450581,-1.685405207413,
    0.999999999649));
#7546 = CARTESIAN_POINT('',(3.033174889449,-1.751204338922,1.16684568499
    ));
#7547 = CARTESIAN_POINT('',(3.294698193292,-1.902194888796,
    1.334154420322));
#7548 = CARTESIAN_POINT('',(3.492878624551,-2.016614414131,
    1.499884216189));
#7549 = CARTESIAN_POINT('',(3.789937599391,-2.18812149322,1.666702993586
    ));
#7550 = CARTESIAN_POINT('',(3.690908929319,-2.130947263897,
    1.832344983153));
#7551 = CARTESIAN_POINT('',(3.789908490977,-2.18810468747,2.));
#7552 = CARTESIAN_POINT('',(3.491596048278,-2.015873918375,
    2.167655016847));
#7553 = CARTESIAN_POINT('',(3.293600552282,-1.901561165463,
    2.333297006412));
#7554 = CARTESIAN_POINT('',(3.032975196003,-1.751089045858,
    2.500115783817));
#7555 = CARTESIAN_POINT('',(2.91939442257,-1.685513155741,2.665845579653
    ));
#7556 = CARTESIAN_POINT('',(2.957053535285,-1.707255654605,
    2.833154315104));
#7557 = CARTESIAN_POINT('',(2.919207501264,-1.685405236675,3.));
#7558 = CARTESIAN_POINT('',(3.033174875908,-1.751204331105,
    3.166845684896));
#7559 = CARTESIAN_POINT('',(3.294698196663,-1.902194890742,
    3.334154420345));
#7560 = CARTESIAN_POINT('',(3.492878624758,-2.016614414251,3.49988421619
    ));
#7561 = CARTESIAN_POINT('',(3.789937595186,-2.188121490793,
    3.666702993561));
#7562 = CARTESIAN_POINT('',(3.690908945843,-2.130947273437,
    3.832344983253));
#7563 = CARTESIAN_POINT('',(3.789908429744,-2.188104652117,
    3.999999999629));
#7564 = CARTESIAN_POINT('',(3.491596277908,-2.015874050952,
    4.167655018238));
#7565 = CARTESIAN_POINT('',(3.293599685342,-1.901560664935,
    4.333297001163));
#7566 = CARTESIAN_POINT('',(3.032978434228,-1.751090915448,
    4.500115803424));
#7567 = CARTESIAN_POINT('',(2.919382379851,-1.685506202875,
    4.665845506737));
#7568 = CARTESIAN_POINT('',(2.957098017955,-1.707281336686,
    4.833154584436));
#7569 = CARTESIAN_POINT('',(2.91904195542,-1.68530965874,4.999998997659)
  );
#7570 = CARTESIAN_POINT('',(3.033793494615,-1.751561490774,
    5.166849430487));
#7571 = CARTESIAN_POINT('',(3.292374257475,-1.900853163855,
    5.334140349441));
#7572 = CARTESIAN_POINT('',(3.501630566076,-2.021667349817,
    5.499937207133));
#7573 = CARTESIAN_POINT('',(3.757298687294,-2.169277408945,
    5.666505372662));
#7574 = CARTESIAN_POINT('',(3.812065117213,-2.200896820071,
    5.833078555327));
#7575 = CARTESIAN_POINT('',(3.498636777649,-2.019938888614,
    5.942735729628));
#7576 = CARTESIAN_POINT('',(3.723909236273,-2.15,6.));
#7577 = CARTESIAN_POINT('',(3.141190410538,-1.301123670041,-1.));
#7578 = CARTESIAN_POINT('',(2.909861115075,-1.205303938477,
    -0.945915960696));
#7579 = CARTESIAN_POINT('',(3.261501528763,-1.350958166919,
    -0.832465754706));
#7580 = CARTESIAN_POINT('',(3.431086172374,-1.421202426267,
    -0.666031992455));
#7581 = CARTESIAN_POINT('',(3.672986009401,-1.521400619501,
    -0.500065658372));
#7582 = CARTESIAN_POINT('',(3.978328585563,-1.647877655717,
    -0.333310426054));
#7583 = CARTESIAN_POINT('',(3.960281507528,-1.640402311233,
    -0.167651462254));
#7584 = CARTESIAN_POINT('',(4.016201916032,-1.663565302849,
    -9.481367651137E-07));
#7585 = CARTESIAN_POINT('',(3.810134682419,-1.578209459926,
    0.167655273713));
#7586 = CARTESIAN_POINT('',(3.561753846108,-1.475326748892,
    0.333296937213));
#7587 = CARTESIAN_POINT('',(3.319190554585,-1.37485374381,0.500115802373
    ));
#7588 = CARTESIAN_POINT('',(3.093711543142,-1.281457279239,
    0.665845574726));
#7589 = CARTESIAN_POINT('',(3.154617981994,-1.306685552248,
    0.833154316416));
#7590 = CARTESIAN_POINT('',(3.134660354595,-1.298418832306,
    0.999999999649));
#7591 = CARTESIAN_POINT('',(3.153919274007,-1.306396137924,1.16684568499
    ));
#7592 = CARTESIAN_POINT('',(3.460211735776,-1.433266629641,
    1.334154420322));
#7593 = CARTESIAN_POINT('',(3.665154294897,-1.518156617136,
    1.499884216189));
#7594 = CARTESIAN_POINT('',(3.980425301278,-1.648746143802,
    1.666702993586));
#7595 = CARTESIAN_POINT('',(3.95972612973,-1.640172266217,1.832344983153
    ));
#7596 = CARTESIAN_POINT('',(4.016350055092,-1.663626664057,2.));
#7597 = CARTESIAN_POINT('',(3.810094549074,-1.57819283615,2.167655016847
    ));
#7598 = CARTESIAN_POINT('',(3.561764657843,-1.47533122726,2.333297006412
    ));
#7599 = CARTESIAN_POINT('',(3.319187655479,-1.374852542961,
    2.500115783817));
#7600 = CARTESIAN_POINT('',(3.093712312952,-1.281457598105,
    2.665845579653));
#7601 = CARTESIAN_POINT('',(3.15461777708,-1.30668546737,2.833154315104)
  );
#7602 = CARTESIAN_POINT('',(3.134660409411,-1.298418855012,3.));
#7603 = CARTESIAN_POINT('',(3.153919259352,-1.306396131853,
    3.166845684896));
#7604 = CARTESIAN_POINT('',(3.460211739466,-1.433266631169,
    3.334154420345));
#7605 = CARTESIAN_POINT('',(3.665154294951,-1.518156617159,3.49988421619
    ));
#7606 = CARTESIAN_POINT('',(3.980425297362,-1.64874614218,3.666702993561
    ));
#7607 = CARTESIAN_POINT('',(3.959726145257,-1.640172272649,
    3.832344983253));
#7608 = CARTESIAN_POINT('',(4.016349997521,-1.663626640211,
    3.999999999629));
#7609 = CARTESIAN_POINT('',(3.810094764977,-1.57819292558,4.167655018238
    ));
#7610 = CARTESIAN_POINT('',(3.561763842726,-1.475330889627,
    4.333297001163));
#7611 = CARTESIAN_POINT('',(3.319190700135,-1.374853804098,
    4.500115803424));
#7612 = CARTESIAN_POINT('',(3.093700990103,-1.281452908028,
    4.665845506737));
#7613 = CARTESIAN_POINT('',(3.15465960074,-1.306702791297,4.833154584436
    ));
#7614 = CARTESIAN_POINT('',(3.134504759288,-1.298354382622,
    4.999998997659));
#7615 = CARTESIAN_POINT('',(3.154500899312,-1.306637055007,
    5.166849430487));
#7616 = CARTESIAN_POINT('',(3.458026716798,-1.432361565171,
    5.334140349441));
#7617 = CARTESIAN_POINT('',(3.673383077473,-1.521565090389,
    5.499937207133));
#7618 = CARTESIAN_POINT('',(3.94973742309,-1.636034808802,5.666505372662
    ));
#7619 = CARTESIAN_POINT('',(4.073640047232,-1.687356954506,
    5.833078555327));
#7620 = CARTESIAN_POINT('',(3.754601826617,-1.555207000632,
    5.942735729628));
#7621 = CARTESIAN_POINT('',(3.972681989799,-1.64553875917,6.));
#7622 = ADVANCED_FACE('',(#7623),#7676,.F.);
#7623 = FACE_BOUND('',#7624,.F.);
#7624 = EDGE_LOOP('',(#7625,#7626,#7627,#7675));
#7625 = ORIENTED_EDGE('',*,*,#7483,.F.);
#7626 = ORIENTED_EDGE('',*,*,#192,.F.);
#7627 = ORIENTED_EDGE('',*,*,#7628,.T.);
#7628 = EDGE_CURVE('',#183,#698,#7629,.T.);
#7629 = ( BOUNDED_CURVE() B_SPLINE_CURVE(3,(#7630,#7631,#7632,#7633,
    #7634,#7635,#7636,#7637,#7638,#7639,#7640,#7641,#7642,#7643,#7644,
    #7645,#7646,#7647,#7648,#7649,#7650,#7651,#7652,#7653,#7654,#7655,
    #7656,#7657,#7658,#7659,#7660,#7661,#7662,#7663,#7664,#7665,#7666,
    #7667,#7668,#7669,#7670,#7671,#7672,#7673,#7674),.UNSPECIFIED.,.F.,
.F.) B_SPLINE_CURVE_WITH_KNOTS((4,1,1,1,1,1,1,1,1,1,1,1,1,1,1,1,1,1,1,1,
    1,1,1,1,1,1,1,1,1,1,1,1,1,1,1,1,1,1,1,1,1,1,4),(0.,
    2.367208350872E-02,4.740980147591E-02,7.134334288179E-02,
    9.527688428768E-02,0.119185059348,0.142857142857,0.166529226366,
    0.190437401427,0.214370942832,0.238304484238,0.262042202206,
    0.285714285714,0.309386369223,0.33312408719,0.357057628596,
    0.380991170002,0.404899345063,0.428571428571,0.45224351208,
    0.476151687141,0.500085228547,0.524018769953,0.54775648792,
    0.571428571429,0.595100654937,0.618838372904,0.64277191431,
    0.666705455716,0.690613630777,0.714285714286,0.737957797794,
    0.761865972855,0.785799514261,0.809733055667,0.833470773634,
    0.857142857143,0.880814940652,0.904552658619,0.928486200025,
0.952419741431,0.976327916491,1.),.UNSPECIFIED.) CURVE() 
GEOMETRIC_REPRESENTATION_ITEM() RATIONAL_B_SPLINE_CURVE((1.,
    1.000000000024,0.999999999989,1.000000000003,0.999999999999,1.,1.,1.
    ,1.,1.,1.,1.,1.,1.,1.,1.,1.,1.,1.,1.,1.,1.,1.,1.,1.,1.,1.,1.,1.,1.,
    1.,1.,1.,1.,1.,1.,1.,1.,1.,1.,1.000000000002,0.999999999993,
1.000000000024,0.999999999948,1.)) REPRESENTATION_ITEM('') );
#7630 = CARTESIAN_POINT('',(3.284147809383,-0.879984753349,-1.));
#7631 = CARTESIAN_POINT('',(3.064129032969,-0.82103089983,
    -0.945915960696));
#7632 = CARTESIAN_POINT('',(3.307970910692,-0.886368134133,
    -0.832465754706));
#7633 = CARTESIAN_POINT('',(3.533151260245,-0.946705026912,
    -0.666031992455));
#7634 = CARTESIAN_POINT('',(3.780936601348,-1.013098908967,
    -0.500065658372));
#7635 = CARTESIAN_POINT('',(4.072331650359,-1.091177977025,
    -0.333310426054));
#7636 = CARTESIAN_POINT('',(4.169473675786,-1.11720710429,
    -0.167651462254));
#7637 = CARTESIAN_POINT('',(4.169505083012,-1.117215519831,
    -9.481367651137E-07));
#7638 = CARTESIAN_POINT('',(4.073072681768,-1.091376535793,
    0.167655273713));
#7639 = CARTESIAN_POINT('',(3.774068422351,-1.011258585949,
    0.333296937213));
#7640 = CARTESIAN_POINT('',(3.557682287209,-0.953278095784,
    0.500115802373));
#7641 = CARTESIAN_POINT('',(3.21283978203,-0.860877825005,0.665845574726
    ));
#7642 = CARTESIAN_POINT('',(3.298239936514,-0.883760727433,
    0.833154316416));
#7643 = CARTESIAN_POINT('',(3.298577012185,-0.883851046587,
    0.999999999649));
#7644 = CARTESIAN_POINT('',(3.212258856717,-0.860722166537,1.16684568499
    ));
#7645 = CARTESIAN_POINT('',(3.559063224097,-0.953648116708,
    1.334154420322));
#7646 = CARTESIAN_POINT('',(3.773969007269,-1.011231947758,
    1.499884216189));
#7647 = CARTESIAN_POINT('',(4.074197022749,-1.091677802051,
    1.666702993586));
#7648 = CARTESIAN_POINT('',(4.168979576179,-1.117074710699,
    1.832344983153));
#7649 = CARTESIAN_POINT('',(4.169636876993,-1.117250833921,2.));
#7650 = CARTESIAN_POINT('',(4.073036976578,-1.091366968616,
    2.167655016847));
#7651 = CARTESIAN_POINT('',(3.774078041163,-1.011261163302,
    2.333297006412));
#7652 = CARTESIAN_POINT('',(3.557679707978,-0.953277404681,
    2.500115783817));
#7653 = CARTESIAN_POINT('',(3.212840466902,-0.860878008516,
    2.665845579653));
#7654 = CARTESIAN_POINT('',(3.298239754208,-0.883760678584,
    2.833154315104));
#7655 = CARTESIAN_POINT('',(3.298577060956,-0.883851059655,3.));
#7656 = CARTESIAN_POINT('',(3.212258843666,-0.86072216304,3.166845684896
    ));
#7657 = CARTESIAN_POINT('',(3.55906322743,-0.953648117601,3.334154420345
    ));
#7658 = CARTESIAN_POINT('',(3.773969007129,-1.01123194772,3.49988421619)
  );
#7659 = CARTESIAN_POINT('',(4.074197019969,-1.091677801306,
    3.666702993561));
#7660 = CARTESIAN_POINT('',(4.168979587381,-1.117074713701,
    3.832344983253));
#7661 = CARTESIAN_POINT('',(4.169636835414,-1.11725082278,3.999999999629
    ));
#7662 = CARTESIAN_POINT('',(4.073037132522,-1.091367010401,
    4.167655018238));
#7663 = CARTESIAN_POINT('',(3.774077452414,-1.011261005547,
    4.333297001163));
#7664 = CARTESIAN_POINT('',(3.557681907097,-0.953277993934,
    4.500115803424));
#7665 = CARTESIAN_POINT('',(3.212832288541,-0.860875817131,
    4.665845506737));
#7666 = CARTESIAN_POINT('',(3.298269962946,-0.883768772991,
    4.833154584436));
#7667 = CARTESIAN_POINT('',(3.298464636701,-0.883820935668,
    4.999998997659));
#7668 = CARTESIAN_POINT('',(3.212678955375,-0.86083473163,5.166849430487
    ));
#7669 = CARTESIAN_POINT('',(3.557485011229,-0.953225235855,
    5.334140349441));
#7670 = CARTESIAN_POINT('',(3.779912560062,-1.012824517889,
    5.499937207133));
#7671 = CARTESIAN_POINT('',(4.052031528944,-1.085738576035,
    5.666505372662));
#7672 = CARTESIAN_POINT('',(4.251258260362,-1.139121217126,
    5.833078555327));
#7673 = CARTESIAN_POINT('',(3.993948592513,-1.070175301157,
    5.942735729628));
#7674 = CARTESIAN_POINT('',(4.153481053043,-1.112921893941,6.));
#7675 = ORIENTED_EDGE('',*,*,#707,.T.);
#7676 = ( BOUNDED_SURFACE() B_SPLINE_SURFACE(1,3,(
    (#7677,#7678,#7679,#7680,#7681,#7682,#7683,#7684,#7685,#7686,#7687
      ,#7688,#7689,#7690,#7691,#7692,#7693,#7694,#7695,#7696,#7697,#7698
      ,#7699,#7700,#7701,#7702,#7703,#7704,#7705,#7706,#7707,#7708,#7709
      ,#7710,#7711,#7712,#7713,#7714,#7715,#7716,#7717,#7718,#7719,#7720
      ,#7721)
    ,(#7722,#7723,#7724,#7725,#7726,#7727,#7728,#7729,#7730,#7731,#7732
      ,#7733,#7734,#7735,#7736,#7737,#7738,#7739,#7740,#7741,#7742,#7743
      ,#7744,#7745,#7746,#7747,#7748,#7749,#7750,#7751,#7752,#7753,#7754
      ,#7755,#7756,#7757,#7758,#7759,#7760,#7761,#7762,#7763,#7764,#7765
,#7766
    )),.UNSPECIFIED.,.F.,.F.,.F.) B_SPLINE_SURFACE_WITH_KNOTS((2,2),(4,1
    ,1,1,1,1,1,1,1,1,1,1,1,1,1,1,1,1,1,1,1,1,1,1,1,1,1,1,1,1,1,1,1,1,1,1
    ,1,1,1,1,1,1,4),(45.,46.),(0.,2.367208350872E-02,4.740980147591E-02,
    7.134334288179E-02,9.527688428768E-02,0.119185059348,0.142857142857,
    0.166529226366,0.190437401427,0.214370942832,0.238304484238,
    0.262042202206,0.285714285714,0.309386369223,0.33312408719,
    0.357057628596,0.380991170002,0.404899345063,0.428571428571,
    0.45224351208,0.476151687141,0.500085228547,0.524018769953,
    0.54775648792,0.571428571429,0.595100654937,0.618838372904,
    0.64277191431,0.666705455716,0.690613630777,0.714285714286,
    0.737957797794,0.761865972855,0.785799514261,0.809733055667,
    0.833470773634,0.857142857143,0.880814940652,0.904552658619,
    0.928486200025,0.952419741431,0.976327916491,1.),.UNSPECIFIED.) 
GEOMETRIC_REPRESENTATION_ITEM() RATIONAL_B_SPLINE_SURFACE((
    (1.,1.000000000024,0.999999999989,1.000000000003,0.999999999999,1.
      ,1.,1.,1.,1.,1.,1.,1.,1.,1.,1.,1.,1.,1.,1.,1.,1.,1.,1.,1.,1.,1.,1.
      ,1.,1.,1.,1.,1.,1.,1.,1.,1.,1.,1.,1.,1.000000000002,0.999999999993
      ,1.000000000024,0.999999999948,1.)
    ,(1.,1.000000000024,0.999999999989,1.000000000003,0.999999999999,1.
      ,1.,1.,1.,1.,1.,1.,1.,1.,1.,1.,1.,1.,1.,1.,1.,1.,1.,1.,1.,1.,1.,1.
      ,1.,1.,1.,1.,1.,1.,1.,1.,1.,1.,1.,1.,1.000000000002,0.999999999993
,1.000000000024,0.999999999948,1.
  ))) REPRESENTATION_ITEM('') SURFACE() );
#7677 = CARTESIAN_POINT('',(3.141190410538,-1.301123670041,-1.));
#7678 = CARTESIAN_POINT('',(2.909861115075,-1.205303938477,
    -0.945915960696));
#7679 = CARTESIAN_POINT('',(3.261501528763,-1.350958166919,
    -0.832465754706));
#7680 = CARTESIAN_POINT('',(3.431086172374,-1.421202426267,
    -0.666031992455));
#7681 = CARTESIAN_POINT('',(3.672986009401,-1.521400619501,
    -0.500065658372));
#7682 = CARTESIAN_POINT('',(3.978328585563,-1.647877655717,
    -0.333310426054));
#7683 = CARTESIAN_POINT('',(3.960281507528,-1.640402311233,
    -0.167651462254));
#7684 = CARTESIAN_POINT('',(4.016201916032,-1.663565302849,
    -9.481367651137E-07));
#7685 = CARTESIAN_POINT('',(3.810134682419,-1.578209459926,
    0.167655273713));
#7686 = CARTESIAN_POINT('',(3.561753846108,-1.475326748892,
    0.333296937213));
#7687 = CARTESIAN_POINT('',(3.319190554585,-1.37485374381,0.500115802373
    ));
#7688 = CARTESIAN_POINT('',(3.093711543142,-1.281457279239,
    0.665845574726));
#7689 = CARTESIAN_POINT('',(3.154617981994,-1.306685552248,
    0.833154316416));
#7690 = CARTESIAN_POINT('',(3.134660354595,-1.298418832306,
    0.999999999649));
#7691 = CARTESIAN_POINT('',(3.153919274007,-1.306396137924,1.16684568499
    ));
#7692 = CARTESIAN_POINT('',(3.460211735776,-1.433266629641,
    1.334154420322));
#7693 = CARTESIAN_POINT('',(3.665154294897,-1.518156617136,
    1.499884216189));
#7694 = CARTESIAN_POINT('',(3.980425301278,-1.648746143802,
    1.666702993586));
#7695 = CARTESIAN_POINT('',(3.95972612973,-1.640172266217,1.832344983153
    ));
#7696 = CARTESIAN_POINT('',(4.016350055092,-1.663626664057,2.));
#7697 = CARTESIAN_POINT('',(3.810094549074,-1.57819283615,2.167655016847
    ));
#7698 = CARTESIAN_POINT('',(3.561764657843,-1.47533122726,2.333297006412
    ));
#7699 = CARTESIAN_POINT('',(3.319187655479,-1.374852542961,
    2.500115783817));
#7700 = CARTESIAN_POINT('',(3.093712312952,-1.281457598105,
    2.665845579653));
#7701 = CARTESIAN_POINT('',(3.15461777708,-1.30668546737,2.833154315104)
  );
#7702 = CARTESIAN_POINT('',(3.134660409411,-1.298418855012,3.));
#7703 = CARTESIAN_POINT('',(3.153919259352,-1.306396131853,
    3.166845684896));
#7704 = CARTESIAN_POINT('',(3.460211739466,-1.433266631169,
    3.334154420345));
#7705 = CARTESIAN_POINT('',(3.665154294951,-1.518156617159,3.49988421619
    ));
#7706 = CARTESIAN_POINT('',(3.980425297362,-1.64874614218,3.666702993561
    ));
#7707 = CARTESIAN_POINT('',(3.959726145257,-1.640172272649,
    3.832344983253));
#7708 = CARTESIAN_POINT('',(4.016349997521,-1.663626640211,
    3.999999999629));
#7709 = CARTESIAN_POINT('',(3.810094764977,-1.57819292558,4.167655018238
    ));
#7710 = CARTESIAN_POINT('',(3.561763842726,-1.475330889627,
    4.333297001163));
#7711 = CARTESIAN_POINT('',(3.319190700135,-1.374853804098,
    4.500115803424));
#7712 = CARTESIAN_POINT('',(3.093700990103,-1.281452908028,
    4.665845506737));
#7713 = CARTESIAN_POINT('',(3.15465960074,-1.306702791297,4.833154584436
    ));
#7714 = CARTESIAN_POINT('',(3.134504759288,-1.298354382622,
    4.999998997659));
#7715 = CARTESIAN_POINT('',(3.154500899312,-1.306637055007,
    5.166849430487));
#7716 = CARTESIAN_POINT('',(3.458026716798,-1.432361565171,
    5.334140349441));
#7717 = CARTESIAN_POINT('',(3.673383077473,-1.521565090389,
    5.499937207133));
#7718 = CARTESIAN_POINT('',(3.94973742309,-1.636034808802,5.666505372662
    ));
#7719 = CARTESIAN_POINT('',(4.073640047232,-1.687356954506,
    5.833078555327));
#7720 = CARTESIAN_POINT('',(3.754601826617,-1.555207000632,
    5.942735729628));
#7721 = CARTESIAN_POINT('',(3.972681989799,-1.64553875917,6.));
#7722 = CARTESIAN_POINT('',(3.284147809383,-0.879984753349,-1.));
#7723 = CARTESIAN_POINT('',(3.064129032969,-0.82103089983,
    -0.945915960696));
#7724 = CARTESIAN_POINT('',(3.307970910692,-0.886368134133,
    -0.832465754706));
#7725 = CARTESIAN_POINT('',(3.533151260245,-0.946705026912,
    -0.666031992455));
#7726 = CARTESIAN_POINT('',(3.780936601348,-1.013098908967,
    -0.500065658372));
#7727 = CARTESIAN_POINT('',(4.072331650359,-1.091177977025,
    -0.333310426054));
#7728 = CARTESIAN_POINT('',(4.169473675786,-1.11720710429,
    -0.167651462254));
#7729 = CARTESIAN_POINT('',(4.169505083012,-1.117215519831,
    -9.481367651137E-07));
#7730 = CARTESIAN_POINT('',(4.073072681768,-1.091376535793,
    0.167655273713));
#7731 = CARTESIAN_POINT('',(3.774068422351,-1.011258585949,
    0.333296937213));
#7732 = CARTESIAN_POINT('',(3.557682287209,-0.953278095784,
    0.500115802373));
#7733 = CARTESIAN_POINT('',(3.21283978203,-0.860877825005,0.665845574726
    ));
#7734 = CARTESIAN_POINT('',(3.298239936514,-0.883760727433,
    0.833154316416));
#7735 = CARTESIAN_POINT('',(3.298577012185,-0.883851046587,
    0.999999999649));
#7736 = CARTESIAN_POINT('',(3.212258856717,-0.860722166537,1.16684568499
    ));
#7737 = CARTESIAN_POINT('',(3.559063224097,-0.953648116708,
    1.334154420322));
#7738 = CARTESIAN_POINT('',(3.773969007269,-1.011231947758,
    1.499884216189));
#7739 = CARTESIAN_POINT('',(4.074197022749,-1.091677802051,
    1.666702993586));
#7740 = CARTESIAN_POINT('',(4.168979576179,-1.117074710699,
    1.832344983153));
#7741 = CARTESIAN_POINT('',(4.169636876993,-1.117250833921,2.));
#7742 = CARTESIAN_POINT('',(4.073036976578,-1.091366968616,
    2.167655016847));
#7743 = CARTESIAN_POINT('',(3.774078041163,-1.011261163302,
    2.333297006412));
#7744 = CARTESIAN_POINT('',(3.557679707978,-0.953277404681,
    2.500115783817));
#7745 = CARTESIAN_POINT('',(3.212840466902,-0.860878008516,
    2.665845579653));
#7746 = CARTESIAN_POINT('',(3.298239754208,-0.883760678584,
    2.833154315104));
#7747 = CARTESIAN_POINT('',(3.298577060956,-0.883851059655,3.));
#7748 = CARTESIAN_POINT('',(3.212258843666,-0.86072216304,3.166845684896
    ));
#7749 = CARTESIAN_POINT('',(3.55906322743,-0.953648117601,3.334154420345
    ));
#7750 = CARTESIAN_POINT('',(3.773969007129,-1.01123194772,3.49988421619)
  );
#7751 = CARTESIAN_POINT('',(4.074197019969,-1.091677801306,
    3.666702993561));
#7752 = CARTESIAN_POINT('',(4.168979587381,-1.117074713701,
    3.832344983253));
#7753 = CARTESIAN_POINT('',(4.169636835414,-1.11725082278,3.999999999629
    ));
#7754 = CARTESIAN_POINT('',(4.073037132522,-1.091367010401,
    4.167655018238));
#7755 = CARTESIAN_POINT('',(3.774077452414,-1.011261005547,
    4.333297001163));
#7756 = CARTESIAN_POINT('',(3.557681907097,-0.953277993934,
    4.500115803424));
#7757 = CARTESIAN_POINT('',(3.212832288541,-0.860875817131,
    4.665845506737));
#7758 = CARTESIAN_POINT('',(3.298269962946,-0.883768772991,
    4.833154584436));
#7759 = CARTESIAN_POINT('',(3.298464636701,-0.883820935668,
    4.999998997659));
#7760 = CARTESIAN_POINT('',(3.212678955375,-0.86083473163,5.166849430487
    ));
#7761 = CARTESIAN_POINT('',(3.557485011229,-0.953225235855,
    5.334140349441));
#7762 = CARTESIAN_POINT('',(3.779912560062,-1.012824517889,
    5.499937207133));
#7763 = CARTESIAN_POINT('',(4.052031528944,-1.085738576035,
    5.666505372662));
#7764 = CARTESIAN_POINT('',(4.251258260362,-1.139121217126,
    5.833078555327));
#7765 = CARTESIAN_POINT('',(3.993948592513,-1.070175301157,
    5.942735729628));
#7766 = CARTESIAN_POINT('',(4.153481053043,-1.112921893941,6.));
#7767 = ADVANCED_FACE('',(#7768),#7821,.F.);
#7768 = FACE_BOUND('',#7769,.F.);
#7769 = EDGE_LOOP('',(#7770,#7771,#7772,#7820));
#7770 = ORIENTED_EDGE('',*,*,#7628,.F.);
#7771 = ORIENTED_EDGE('',*,*,#182,.F.);
#7772 = ORIENTED_EDGE('',*,*,#7773,.T.);
#7773 = EDGE_CURVE('',#173,#688,#7774,.T.);
#7774 = ( BOUNDED_CURVE() B_SPLINE_CURVE(3,(#7775,#7776,#7777,#7778,
    #7779,#7780,#7781,#7782,#7783,#7784,#7785,#7786,#7787,#7788,#7789,
    #7790,#7791,#7792,#7793,#7794,#7795,#7796,#7797,#7798,#7799,#7800,
    #7801,#7802,#7803,#7804,#7805,#7806,#7807,#7808,#7809,#7810,#7811,
    #7812,#7813,#7814,#7815,#7816,#7817,#7818,#7819),.UNSPECIFIED.,.F.,
.F.) B_SPLINE_CURVE_WITH_KNOTS((4,1,1,1,1,1,1,1,1,1,1,1,1,1,1,1,1,1,1,1,
    1,1,1,1,1,1,1,1,1,1,1,1,1,1,1,1,1,1,1,1,1,1,4),(0.,
    2.367208350872E-02,4.740980147591E-02,7.134334288179E-02,
    9.527688428768E-02,0.119185059348,0.142857142857,0.166529226366,
    0.190437401427,0.214370942832,0.238304484238,0.262042202206,
    0.285714285714,0.309386369223,0.33312408719,0.357057628596,
    0.380991170002,0.404899345063,0.428571428571,0.45224351208,
    0.476151687141,0.500085228547,0.524018769953,0.54775648792,
    0.571428571429,0.595100654937,0.618838372904,0.64277191431,
    0.666705455716,0.690613630777,0.714285714286,0.737957797794,
    0.761865972855,0.785799514261,0.809733055667,0.833470773634,
    0.857142857143,0.880814940652,0.904552658619,0.928486200025,
0.952419741431,0.976327916491,1.),.UNSPECIFIED.) CURVE() 
GEOMETRIC_REPRESENTATION_ITEM() RATIONAL_B_SPLINE_CURVE((1.,
    1.000000000024,0.999999999989,1.000000000003,0.999999999999,1.,1.,1.
    ,1.,1.,1.,1.,1.,1.,1.,1.,1.,1.,1.,1.,1.,1.,1.,1.,1.,1.,1.,1.,1.,1.,
    1.,1.,1.,1.,1.,1.,1.,1.,1.,1.,1.000000000002,0.999999999993,
1.000000000024,0.999999999948,1.)) REPRESENTATION_ITEM('') );
#7775 = CARTESIAN_POINT('',(3.370912528671,-0.443789053548,-1.));
#7776 = CARTESIAN_POINT('',(3.320575028993,-0.437161995995,
    -0.945915960696));
#7777 = CARTESIAN_POINT('',(3.339490603514,-0.439652278621,
    -0.832465754706));
#7778 = CARTESIAN_POINT('',(3.557775726791,-0.468390060288,
    -0.666031992455));
#7779 = CARTESIAN_POINT('',(3.823593103457,-0.503385581828,
    -0.500065658372));
#7780 = CARTESIAN_POINT('',(4.089656747397,-0.53841352507,
    -0.333310426054));
#7781 = CARTESIAN_POINT('',(4.309451034645,-0.567349991942,
    -0.167651462254));
#7782 = CARTESIAN_POINT('',(4.249896448232,-0.559509481898,
    -9.481367651137E-07));
#7783 = CARTESIAN_POINT('',(4.270506216993,-0.56222280943,0.167655273713
    ));
#7784 = CARTESIAN_POINT('',(3.933221711145,-0.517818461837,
    0.333296937213));
#7785 = CARTESIAN_POINT('',(3.71188624103,-0.488679094392,0.500115802373
    ));
#7786 = CARTESIAN_POINT('',(3.385306821391,-0.445684098136,
    0.665845574726));
#7787 = CARTESIAN_POINT('',(3.363666922876,-0.442835151449,
    0.833154316416));
#7788 = CARTESIAN_POINT('',(3.385558902112,-0.445717285192,
    0.999999999649));
#7789 = CARTESIAN_POINT('',(3.3194914221,-0.437019336439,1.16684568499)
  );
#7790 = CARTESIAN_POINT('',(3.563190071635,-0.469102872309,
    1.334154420322));
#7791 = CARTESIAN_POINT('',(3.822137213918,-0.503193910334,
    1.499884216189));
#7792 = CARTESIAN_POINT('',(4.090046519837,-0.538464839585,
    1.666702993586));
#7793 = CARTESIAN_POINT('',(4.30934779177,-0.567336399759,1.832344983153
    ));
#7794 = CARTESIAN_POINT('',(4.249923986788,-0.559513107417,2.));
#7795 = CARTESIAN_POINT('',(4.270498756339,-0.562221827216,
    2.167655016847));
#7796 = CARTESIAN_POINT('',(3.93322372101,-0.517818726441,2.333297006412
    ));
#7797 = CARTESIAN_POINT('',(3.711885702096,-0.48867902344,2.500115783817
    ));
#7798 = CARTESIAN_POINT('',(3.385306964496,-0.445684116976,
    2.665845579653));
#7799 = CARTESIAN_POINT('',(3.363666884782,-0.442835146434,
    2.833154315104));
#7800 = CARTESIAN_POINT('',(3.385558912306,-0.445717286534,3.));
#7801 = CARTESIAN_POINT('',(3.31949141936,-0.437019336079,3.166845684896
    ));
#7802 = CARTESIAN_POINT('',(3.56319007238,-0.469102872407,3.334154420345
    ));
#7803 = CARTESIAN_POINT('',(3.822137213707,-0.503193910306,3.49988421619
    ));
#7804 = CARTESIAN_POINT('',(4.090046519935,-0.538464839598,
    3.666702993561));
#7805 = CARTESIAN_POINT('',(4.309347791591,-0.567336399736,
    3.832344983253));
#7806 = CARTESIAN_POINT('',(4.249923987399,-0.559513107498,
    3.999999999629));
#7807 = CARTESIAN_POINT('',(4.27049875406,-0.562221826916,4.167655018238
    ));
#7808 = CARTESIAN_POINT('',(3.93322372961,-0.517818727573,4.333297001163
    ));
#7809 = CARTESIAN_POINT('',(3.711885669975,-0.488679019211,
    4.500115803424));
#7810 = CARTESIAN_POINT('',(3.385307083951,-0.445684132702,
    4.665845506737));
#7811 = CARTESIAN_POINT('',(3.363666443545,-0.442835088344,
    4.833154584436));
#7812 = CARTESIAN_POINT('',(3.385560554403,-0.44571750272,4.999998997659
    ));
#7813 = CARTESIAN_POINT('',(3.319485283101,-0.437018528226,
    5.166849430487));
#7814 = CARTESIAN_POINT('',(3.563213124208,-0.469105907235,
    5.334140349441));
#7815 = CARTESIAN_POINT('',(3.822050400658,-0.503182481165,
    5.499937207133));
#7816 = CARTESIAN_POINT('',(4.090370274749,-0.538507462677,
    5.666505372662));
#7817 = CARTESIAN_POINT('',(4.308146008309,-0.567178182154,
    5.833078555327));
#7818 = CARTESIAN_POINT('',(4.272229247302,-0.56244965027,5.942735729628
    ));
#7819 = CARTESIAN_POINT('',(4.263212903907,-0.561262626546,6.));
#7820 = ORIENTED_EDGE('',*,*,#697,.T.);
#7821 = ( BOUNDED_SURFACE() B_SPLINE_SURFACE(1,3,(
    (#7822,#7823,#7824,#7825,#7826,#7827,#7828,#7829,#7830,#7831,#7832
      ,#7833,#7834,#7835,#7836,#7837,#7838,#7839,#7840,#7841,#7842,#7843
      ,#7844,#7845,#7846,#7847,#7848,#7849,#7850,#7851,#7852,#7853,#7854
      ,#7855,#7856,#7857,#7858,#7859,#7860,#7861,#7862,#7863,#7864,#7865
      ,#7866)
    ,(#7867,#7868,#7869,#7870,#7871,#7872,#7873,#7874,#7875,#7876,#7877
      ,#7878,#7879,#7880,#7881,#7882,#7883,#7884,#7885,#7886,#7887,#7888
      ,#7889,#7890,#7891,#7892,#7893,#7894,#7895,#7896,#7897,#7898,#7899
      ,#7900,#7901,#7902,#7903,#7904,#7905,#7906,#7907,#7908,#7909,#7910
,#7911
    )),.UNSPECIFIED.,.F.,.F.,.F.) B_SPLINE_SURFACE_WITH_KNOTS((2,2),(4,1
    ,1,1,1,1,1,1,1,1,1,1,1,1,1,1,1,1,1,1,1,1,1,1,1,1,1,1,1,1,1,1,1,1,1,1
    ,1,1,1,1,1,1,4),(46.,47.),(0.,2.367208350872E-02,4.740980147591E-02,
    7.134334288179E-02,9.527688428768E-02,0.119185059348,0.142857142857,
    0.166529226366,0.190437401427,0.214370942832,0.238304484238,
    0.262042202206,0.285714285714,0.309386369223,0.33312408719,
    0.357057628596,0.380991170002,0.404899345063,0.428571428571,
    0.45224351208,0.476151687141,0.500085228547,0.524018769953,
    0.54775648792,0.571428571429,0.595100654937,0.618838372904,
    0.64277191431,0.666705455716,0.690613630777,0.714285714286,
    0.737957797794,0.761865972855,0.785799514261,0.809733055667,
    0.833470773634,0.857142857143,0.880814940652,0.904552658619,
    0.928486200025,0.952419741431,0.976327916491,1.),.UNSPECIFIED.) 
GEOMETRIC_REPRESENTATION_ITEM() RATIONAL_B_SPLINE_SURFACE((
    (1.,1.000000000024,0.999999999989,1.000000000003,0.999999999999,1.
      ,1.,1.,1.,1.,1.,1.,1.,1.,1.,1.,1.,1.,1.,1.,1.,1.,1.,1.,1.,1.,1.,1.
      ,1.,1.,1.,1.,1.,1.,1.,1.,1.,1.,1.,1.,1.000000000002,0.999999999993
      ,1.000000000024,0.999999999948,1.)
    ,(1.,1.000000000024,0.999999999989,1.000000000003,0.999999999999,1.
      ,1.,1.,1.,1.,1.,1.,1.,1.,1.,1.,1.,1.,1.,1.,1.,1.,1.,1.,1.,1.,1.,1.
      ,1.,1.,1.,1.,1.,1.,1.,1.,1.,1.,1.,1.,1.000000000002,0.999999999993
,1.000000000024,0.999999999948,1.
  ))) REPRESENTATION_ITEM('') SURFACE() );
#7822 = CARTESIAN_POINT('',(3.284147809383,-0.879984753349,-1.));
#7823 = CARTESIAN_POINT('',(3.064129032969,-0.82103089983,
    -0.945915960696));
#7824 = CARTESIAN_POINT('',(3.307970910692,-0.886368134133,
    -0.832465754706));
#7825 = CARTESIAN_POINT('',(3.533151260245,-0.946705026912,
    -0.666031992455));
#7826 = CARTESIAN_POINT('',(3.780936601348,-1.013098908967,
    -0.500065658372));
#7827 = CARTESIAN_POINT('',(4.072331650359,-1.091177977025,
    -0.333310426054));
#7828 = CARTESIAN_POINT('',(4.169473675786,-1.11720710429,
    -0.167651462254));
#7829 = CARTESIAN_POINT('',(4.169505083012,-1.117215519831,
    -9.481367651137E-07));
#7830 = CARTESIAN_POINT('',(4.073072681768,-1.091376535793,
    0.167655273713));
#7831 = CARTESIAN_POINT('',(3.774068422351,-1.011258585949,
    0.333296937213));
#7832 = CARTESIAN_POINT('',(3.557682287209,-0.953278095784,
    0.500115802373));
#7833 = CARTESIAN_POINT('',(3.21283978203,-0.860877825005,0.665845574726
    ));
#7834 = CARTESIAN_POINT('',(3.298239936514,-0.883760727433,
    0.833154316416));
#7835 = CARTESIAN_POINT('',(3.298577012185,-0.883851046587,
    0.999999999649));
#7836 = CARTESIAN_POINT('',(3.212258856717,-0.860722166537,1.16684568499
    ));
#7837 = CARTESIAN_POINT('',(3.559063224097,-0.953648116708,
    1.334154420322));
#7838 = CARTESIAN_POINT('',(3.773969007269,-1.011231947758,
    1.499884216189));
#7839 = CARTESIAN_POINT('',(4.074197022749,-1.091677802051,
    1.666702993586));
#7840 = CARTESIAN_POINT('',(4.168979576179,-1.117074710699,
    1.832344983153));
#7841 = CARTESIAN_POINT('',(4.169636876993,-1.117250833921,2.));
#7842 = CARTESIAN_POINT('',(4.073036976578,-1.091366968616,
    2.167655016847));
#7843 = CARTESIAN_POINT('',(3.774078041163,-1.011261163302,
    2.333297006412));
#7844 = CARTESIAN_POINT('',(3.557679707978,-0.953277404681,
    2.500115783817));
#7845 = CARTESIAN_POINT('',(3.212840466902,-0.860878008516,
    2.665845579653));
#7846 = CARTESIAN_POINT('',(3.298239754208,-0.883760678584,
    2.833154315104));
#7847 = CARTESIAN_POINT('',(3.298577060956,-0.883851059655,3.));
#7848 = CARTESIAN_POINT('',(3.212258843666,-0.86072216304,3.166845684896
    ));
#7849 = CARTESIAN_POINT('',(3.55906322743,-0.953648117601,3.334154420345
    ));
#7850 = CARTESIAN_POINT('',(3.773969007129,-1.01123194772,3.49988421619)
  );
#7851 = CARTESIAN_POINT('',(4.074197019969,-1.091677801306,
    3.666702993561));
#7852 = CARTESIAN_POINT('',(4.168979587381,-1.117074713701,
    3.832344983253));
#7853 = CARTESIAN_POINT('',(4.169636835414,-1.11725082278,3.999999999629
    ));
#7854 = CARTESIAN_POINT('',(4.073037132522,-1.091367010401,
    4.167655018238));
#7855 = CARTESIAN_POINT('',(3.774077452414,-1.011261005547,
    4.333297001163));
#7856 = CARTESIAN_POINT('',(3.557681907097,-0.953277993934,
    4.500115803424));
#7857 = CARTESIAN_POINT('',(3.212832288541,-0.860875817131,
    4.665845506737));
#7858 = CARTESIAN_POINT('',(3.298269962946,-0.883768772991,
    4.833154584436));
#7859 = CARTESIAN_POINT('',(3.298464636701,-0.883820935668,
    4.999998997659));
#7860 = CARTESIAN_POINT('',(3.212678955375,-0.86083473163,5.166849430487
    ));
#7861 = CARTESIAN_POINT('',(3.557485011229,-0.953225235855,
    5.334140349441));
#7862 = CARTESIAN_POINT('',(3.779912560062,-1.012824517889,
    5.499937207133));
#7863 = CARTESIAN_POINT('',(4.052031528944,-1.085738576035,
    5.666505372662));
#7864 = CARTESIAN_POINT('',(4.251258260362,-1.139121217126,
    5.833078555327));
#7865 = CARTESIAN_POINT('',(3.993948592513,-1.070175301157,
    5.942735729628));
#7866 = CARTESIAN_POINT('',(4.153481053043,-1.112921893941,6.));
#7867 = CARTESIAN_POINT('',(3.370912528671,-0.443789053548,-1.));
#7868 = CARTESIAN_POINT('',(3.320575028993,-0.437161995995,
    -0.945915960696));
#7869 = CARTESIAN_POINT('',(3.339490603514,-0.439652278621,
    -0.832465754706));
#7870 = CARTESIAN_POINT('',(3.557775726791,-0.468390060288,
    -0.666031992455));
#7871 = CARTESIAN_POINT('',(3.823593103457,-0.503385581828,
    -0.500065658372));
#7872 = CARTESIAN_POINT('',(4.089656747397,-0.53841352507,
    -0.333310426054));
#7873 = CARTESIAN_POINT('',(4.309451034645,-0.567349991942,
    -0.167651462254));
#7874 = CARTESIAN_POINT('',(4.249896448232,-0.559509481898,
    -9.481367651137E-07));
#7875 = CARTESIAN_POINT('',(4.270506216993,-0.56222280943,0.167655273713
    ));
#7876 = CARTESIAN_POINT('',(3.933221711145,-0.517818461837,
    0.333296937213));
#7877 = CARTESIAN_POINT('',(3.71188624103,-0.488679094392,0.500115802373
    ));
#7878 = CARTESIAN_POINT('',(3.385306821391,-0.445684098136,
    0.665845574726));
#7879 = CARTESIAN_POINT('',(3.363666922876,-0.442835151449,
    0.833154316416));
#7880 = CARTESIAN_POINT('',(3.385558902112,-0.445717285192,
    0.999999999649));
#7881 = CARTESIAN_POINT('',(3.3194914221,-0.437019336439,1.16684568499)
  );
#7882 = CARTESIAN_POINT('',(3.563190071635,-0.469102872309,
    1.334154420322));
#7883 = CARTESIAN_POINT('',(3.822137213918,-0.503193910334,
    1.499884216189));
#7884 = CARTESIAN_POINT('',(4.090046519837,-0.538464839585,
    1.666702993586));
#7885 = CARTESIAN_POINT('',(4.30934779177,-0.567336399759,1.832344983153
    ));
#7886 = CARTESIAN_POINT('',(4.249923986788,-0.559513107417,2.));
#7887 = CARTESIAN_POINT('',(4.270498756339,-0.562221827216,
    2.167655016847));
#7888 = CARTESIAN_POINT('',(3.93322372101,-0.517818726441,2.333297006412
    ));
#7889 = CARTESIAN_POINT('',(3.711885702096,-0.48867902344,2.500115783817
    ));
#7890 = CARTESIAN_POINT('',(3.385306964496,-0.445684116976,
    2.665845579653));
#7891 = CARTESIAN_POINT('',(3.363666884782,-0.442835146434,
    2.833154315104));
#7892 = CARTESIAN_POINT('',(3.385558912306,-0.445717286534,3.));
#7893 = CARTESIAN_POINT('',(3.31949141936,-0.437019336079,3.166845684896
    ));
#7894 = CARTESIAN_POINT('',(3.56319007238,-0.469102872407,3.334154420345
    ));
#7895 = CARTESIAN_POINT('',(3.822137213707,-0.503193910306,3.49988421619
    ));
#7896 = CARTESIAN_POINT('',(4.090046519935,-0.538464839598,
    3.666702993561));
#7897 = CARTESIAN_POINT('',(4.309347791591,-0.567336399736,
    3.832344983253));
#7898 = CARTESIAN_POINT('',(4.249923987399,-0.559513107498,
    3.999999999629));
#7899 = CARTESIAN_POINT('',(4.27049875406,-0.562221826916,4.167655018238
    ));
#7900 = CARTESIAN_POINT('',(3.93322372961,-0.517818727573,4.333297001163
    ));
#7901 = CARTESIAN_POINT('',(3.711885669975,-0.488679019211,
    4.500115803424));
#7902 = CARTESIAN_POINT('',(3.385307083951,-0.445684132702,
    4.665845506737));
#7903 = CARTESIAN_POINT('',(3.363666443545,-0.442835088344,
    4.833154584436));
#7904 = CARTESIAN_POINT('',(3.385560554403,-0.44571750272,4.999998997659
    ));
#7905 = CARTESIAN_POINT('',(3.319485283101,-0.437018528226,
    5.166849430487));
#7906 = CARTESIAN_POINT('',(3.563213124208,-0.469105907235,
    5.334140349441));
#7907 = CARTESIAN_POINT('',(3.822050400658,-0.503182481165,
    5.499937207133));
#7908 = CARTESIAN_POINT('',(4.090370274749,-0.538507462677,
    5.666505372662));
#7909 = CARTESIAN_POINT('',(4.308146008309,-0.567178182154,
    5.833078555327));
#7910 = CARTESIAN_POINT('',(4.272229247302,-0.56244965027,5.942735729628
    ));
#7911 = CARTESIAN_POINT('',(4.263212903907,-0.561262626546,6.));
#7912 = ADVANCED_FACE('',(#7913),#7966,.F.);
#7913 = FACE_BOUND('',#7914,.F.);
#7914 = EDGE_LOOP('',(#7915,#7916,#7917,#7965));
#7915 = ORIENTED_EDGE('',*,*,#7773,.F.);
#7916 = ORIENTED_EDGE('',*,*,#172,.F.);
#7917 = ORIENTED_EDGE('',*,*,#7918,.T.);
#7918 = EDGE_CURVE('',#163,#678,#7919,.T.);
#7919 = ( BOUNDED_CURVE() B_SPLINE_CURVE(3,(#7920,#7921,#7922,#7923,
    #7924,#7925,#7926,#7927,#7928,#7929,#7930,#7931,#7932,#7933,#7934,
    #7935,#7936,#7937,#7938,#7939,#7940,#7941,#7942,#7943,#7944,#7945,
    #7946,#7947,#7948,#7949,#7950,#7951,#7952,#7953,#7954,#7955,#7956,
    #7957,#7958,#7959,#7960,#7961,#7962,#7963,#7964),.UNSPECIFIED.,.F.,
.F.) B_SPLINE_CURVE_WITH_KNOTS((4,1,1,1,1,1,1,1,1,1,1,1,1,1,1,1,1,1,1,1,
    1,1,1,1,1,1,1,1,1,1,1,1,1,1,1,1,1,1,1,1,1,1,4),(0.,
    2.367208350872E-02,4.740980147591E-02,7.134334288179E-02,
    9.527688428768E-02,0.119185059348,0.142857142857,0.166529226366,
    0.190437401427,0.214370942832,0.238304484238,0.262042202206,
    0.285714285714,0.309386369223,0.33312408719,0.357057628596,
    0.380991170002,0.404899345063,0.428571428571,0.45224351208,
    0.476151687141,0.500085228547,0.524018769953,0.54775648792,
    0.571428571429,0.595100654937,0.618838372904,0.64277191431,
    0.666705455716,0.690613630777,0.714285714286,0.737957797794,
    0.761865972855,0.785799514261,0.809733055667,0.833470773634,
    0.857142857143,0.880814940652,0.904552658619,0.928486200025,
0.952419741431,0.976327916491,1.),.UNSPECIFIED.) CURVE() 
GEOMETRIC_REPRESENTATION_ITEM() RATIONAL_B_SPLINE_CURVE((1.,
    1.000000000024,0.999999999989,1.000000000003,0.999999999999,1.,1.,1.
    ,1.,1.,1.,1.,1.,1.,1.,1.,1.,1.,1.,1.,1.,1.,1.,1.,1.,1.,1.,1.,1.,1.,
    1.,1.,1.,1.,1.,1.,1.,1.,1.,1.,1.000000000002,0.999999999993,
1.000000000024,0.999999999948,1.)) REPRESENTATION_ITEM('') );
#7920 = CARTESIAN_POINT('',(3.4,0.,-1.));
#7921 = CARTESIAN_POINT('',(3.525491853067,0.,-0.945915960696));
#7922 = CARTESIAN_POINT('',(3.312287918943,0.,-0.832465754706));
#7923 = CARTESIAN_POINT('',(3.519101601578,0.,-0.666031992455));
#7924 = CARTESIAN_POINT('',(3.798767123776,0.,-0.500065658372));
#7925 = CARTESIAN_POINT('',(4.03433756042,0.,-0.333310426054));
#7926 = CARTESIAN_POINT('',(4.375086735193,0.,-0.167651462254));
#7927 = CARTESIAN_POINT('',(4.262573355362,0.,-9.481367651137E-07));
#7928 = CARTESIAN_POINT('',(4.3753663864,0.,0.167655273713));
#7929 = CARTESIAN_POINT('',(4.033205426802,0.,0.333296937213));
#7930 = CARTESIAN_POINT('',(3.803016247989,0.,0.500115802373));
#7931 = CARTESIAN_POINT('',(3.503293990925,0.,0.665845574726));
#7932 = CARTESIAN_POINT('',(3.370678552746,0.,0.833154316416));
#7933 = CARTESIAN_POINT('',(3.414640401449,0.,0.999999999649));
#7934 = CARTESIAN_POINT('',(3.370678655969,0.,1.16684568499));
#7935 = CARTESIAN_POINT('',(3.503293575272,0.,1.334154420322));
#7936 = CARTESIAN_POINT('',(3.80301782091,0.,1.499884216189));
#7937 = CARTESIAN_POINT('',(4.03319955884,0.,1.666702993586));
#7938 = CARTESIAN_POINT('',(4.375388168909,0.,1.832344983153));
#7939 = CARTESIAN_POINT('',(4.262492952243,0.,2.));
#7940 = CARTESIAN_POINT('',(4.375388168948,0.,2.167655016847));
#7941 = CARTESIAN_POINT('',(4.033199558685,0.,2.333297006412));
#7942 = CARTESIAN_POINT('',(3.803017821492,0.,2.500115783817));
#7943 = CARTESIAN_POINT('',(3.503293573108,0.,2.665845579653));
#7944 = CARTESIAN_POINT('',(3.370678663962,0.,2.833154315104));
#7945 = CARTESIAN_POINT('',(3.414640371702,0.,3.));
#7946 = CARTESIAN_POINT('',(3.370678663906,0.,3.166845684896));
#7947 = CARTESIAN_POINT('',(3.503293573332,0.,3.334154420345));
#7948 = CARTESIAN_POINT('',(3.803017820642,0.,3.49988421619));
#7949 = CARTESIAN_POINT('',(4.033199561856,0.,3.666702993561));
#7950 = CARTESIAN_POINT('',(4.375388157175,0.,3.832344983253));
#7951 = CARTESIAN_POINT('',(4.262492995697,0.,3.999999999629));
#7952 = CARTESIAN_POINT('',(4.375388006,0.,4.167655018238));
#7953 = CARTESIAN_POINT('',(4.03320017387,0.,4.333297001163));
#7954 = CARTESIAN_POINT('',(3.803015523633,0.,4.500115803424));
#7955 = CARTESIAN_POINT('',(3.503302118674,0.,4.665845506737));
#7956 = CARTESIAN_POINT('',(3.370647098863,0.,4.833154584436));
#7957 = CARTESIAN_POINT('',(3.414757843765,0.,4.999998997659));
#7958 = CARTESIAN_POINT('',(3.370239689338,0.,5.166849430487));
#7959 = CARTESIAN_POINT('',(3.504942650853,0.,5.334140349441));
#7960 = CARTESIAN_POINT('',(3.796807404395,0.,5.499937207133));
#7961 = CARTESIAN_POINT('',(4.056360275178,0.,5.666505372662));
#7962 = CARTESIAN_POINT('',(4.28941520239,0.,5.833078555327));
#7963 = CARTESIAN_POINT('',(4.483348443856,0.,5.942735729628));
#7964 = CARTESIAN_POINT('',(4.3,0.,6.));
#7965 = ORIENTED_EDGE('',*,*,#687,.T.);
#7966 = ( BOUNDED_SURFACE() B_SPLINE_SURFACE(1,3,(
    (#7967,#7968,#7969,#7970,#7971,#7972,#7973,#7974,#7975,#7976,#7977
      ,#7978,#7979,#7980,#7981,#7982,#7983,#7984,#7985,#7986,#7987,#7988
      ,#7989,#7990,#7991,#7992,#7993,#7994,#7995,#7996,#7997,#7998,#7999
      ,#8000,#8001,#8002,#8003,#8004,#8005,#8006,#8007,#8008,#8009,#8010
      ,#8011)
    ,(#8012,#8013,#8014,#8015,#8016,#8017,#8018,#8019,#8020,#8021,#8022
      ,#8023,#8024,#8025,#8026,#8027,#8028,#8029,#8030,#8031,#8032,#8033
      ,#8034,#8035,#8036,#8037,#8038,#8039,#8040,#8041,#8042,#8043,#8044
      ,#8045,#8046,#8047,#8048,#8049,#8050,#8051,#8052,#8053,#8054,#8055
,#8056
    )),.UNSPECIFIED.,.F.,.F.,.F.) B_SPLINE_SURFACE_WITH_KNOTS((2,2),(4,1
    ,1,1,1,1,1,1,1,1,1,1,1,1,1,1,1,1,1,1,1,1,1,1,1,1,1,1,1,1,1,1,1,1,1,1
    ,1,1,1,1,1,1,4),(47.,48.),(0.,2.367208350872E-02,4.740980147591E-02,
    7.134334288179E-02,9.527688428768E-02,0.119185059348,0.142857142857,
    0.166529226366,0.190437401427,0.214370942832,0.238304484238,
    0.262042202206,0.285714285714,0.309386369223,0.33312408719,
    0.357057628596,0.380991170002,0.404899345063,0.428571428571,
    0.45224351208,0.476151687141,0.500085228547,0.524018769953,
    0.54775648792,0.571428571429,0.595100654937,0.618838372904,
    0.64277191431,0.666705455716,0.690613630777,0.714285714286,
    0.737957797794,0.761865972855,0.785799514261,0.809733055667,
    0.833470773634,0.857142857143,0.880814940652,0.904552658619,
    0.928486200025,0.952419741431,0.976327916491,1.),.UNSPECIFIED.) 
GEOMETRIC_REPRESENTATION_ITEM() RATIONAL_B_SPLINE_SURFACE((
    (1.,1.000000000024,0.999999999989,1.000000000003,0.999999999999,1.
      ,1.,1.,1.,1.,1.,1.,1.,1.,1.,1.,1.,1.,1.,1.,1.,1.,1.,1.,1.,1.,1.,1.
      ,1.,1.,1.,1.,1.,1.,1.,1.,1.,1.,1.,1.,1.000000000002,0.999999999993
      ,1.000000000024,0.999999999948,1.)
    ,(1.,1.000000000024,0.999999999989,1.000000000003,0.999999999999,1.
      ,1.,1.,1.,1.,1.,1.,1.,1.,1.,1.,1.,1.,1.,1.,1.,1.,1.,1.,1.,1.,1.,1.
      ,1.,1.,1.,1.,1.,1.,1.,1.,1.,1.,1.,1.,1.000000000002,0.999999999993
,1.000000000024,0.999999999948,1.
  ))) REPRESENTATION_ITEM('') SURFACE() );
#7967 = CARTESIAN_POINT('',(3.370912528671,-0.443789053548,-1.));
#7968 = CARTESIAN_POINT('',(3.320575028993,-0.437161995995,
    -0.945915960696));
#7969 = CARTESIAN_POINT('',(3.339490603514,-0.439652278621,
    -0.832465754706));
#7970 = CARTESIAN_POINT('',(3.557775726791,-0.468390060288,
    -0.666031992455));
#7971 = CARTESIAN_POINT('',(3.823593103457,-0.503385581828,
    -0.500065658372));
#7972 = CARTESIAN_POINT('',(4.089656747397,-0.53841352507,
    -0.333310426054));
#7973 = CARTESIAN_POINT('',(4.309451034645,-0.567349991942,
    -0.167651462254));
#7974 = CARTESIAN_POINT('',(4.249896448232,-0.559509481898,
    -9.481367651137E-07));
#7975 = CARTESIAN_POINT('',(4.270506216993,-0.56222280943,0.167655273713
    ));
#7976 = CARTESIAN_POINT('',(3.933221711145,-0.517818461837,
    0.333296937213));
#7977 = CARTESIAN_POINT('',(3.71188624103,-0.488679094392,0.500115802373
    ));
#7978 = CARTESIAN_POINT('',(3.385306821391,-0.445684098136,
    0.665845574726));
#7979 = CARTESIAN_POINT('',(3.363666922876,-0.442835151449,
    0.833154316416));
#7980 = CARTESIAN_POINT('',(3.385558902112,-0.445717285192,
    0.999999999649));
#7981 = CARTESIAN_POINT('',(3.3194914221,-0.437019336439,1.16684568499)
  );
#7982 = CARTESIAN_POINT('',(3.563190071635,-0.469102872309,
    1.334154420322));
#7983 = CARTESIAN_POINT('',(3.822137213918,-0.503193910334,
    1.499884216189));
#7984 = CARTESIAN_POINT('',(4.090046519837,-0.538464839585,
    1.666702993586));
#7985 = CARTESIAN_POINT('',(4.30934779177,-0.567336399759,1.832344983153
    ));
#7986 = CARTESIAN_POINT('',(4.249923986788,-0.559513107417,2.));
#7987 = CARTESIAN_POINT('',(4.270498756339,-0.562221827216,
    2.167655016847));
#7988 = CARTESIAN_POINT('',(3.93322372101,-0.517818726441,2.333297006412
    ));
#7989 = CARTESIAN_POINT('',(3.711885702096,-0.48867902344,2.500115783817
    ));
#7990 = CARTESIAN_POINT('',(3.385306964496,-0.445684116976,
    2.665845579653));
#7991 = CARTESIAN_POINT('',(3.363666884782,-0.442835146434,
    2.833154315104));
#7992 = CARTESIAN_POINT('',(3.385558912306,-0.445717286534,3.));
#7993 = CARTESIAN_POINT('',(3.31949141936,-0.437019336079,3.166845684896
    ));
#7994 = CARTESIAN_POINT('',(3.56319007238,-0.469102872407,3.334154420345
    ));
#7995 = CARTESIAN_POINT('',(3.822137213707,-0.503193910306,3.49988421619
    ));
#7996 = CARTESIAN_POINT('',(4.090046519935,-0.538464839598,
    3.666702993561));
#7997 = CARTESIAN_POINT('',(4.309347791591,-0.567336399736,
    3.832344983253));
#7998 = CARTESIAN_POINT('',(4.249923987399,-0.559513107498,
    3.999999999629));
#7999 = CARTESIAN_POINT('',(4.27049875406,-0.562221826916,4.167655018238
    ));
#8000 = CARTESIAN_POINT('',(3.93322372961,-0.517818727573,4.333297001163
    ));
#8001 = CARTESIAN_POINT('',(3.711885669975,-0.488679019211,
    4.500115803424));
#8002 = CARTESIAN_POINT('',(3.385307083951,-0.445684132702,
    4.665845506737));
#8003 = CARTESIAN_POINT('',(3.363666443545,-0.442835088344,
    4.833154584436));
#8004 = CARTESIAN_POINT('',(3.385560554403,-0.44571750272,4.999998997659
    ));
#8005 = CARTESIAN_POINT('',(3.319485283101,-0.437018528226,
    5.166849430487));
#8006 = CARTESIAN_POINT('',(3.563213124208,-0.469105907235,
    5.334140349441));
#8007 = CARTESIAN_POINT('',(3.822050400658,-0.503182481165,
    5.499937207133));
#8008 = CARTESIAN_POINT('',(4.090370274749,-0.538507462677,
    5.666505372662));
#8009 = CARTESIAN_POINT('',(4.308146008309,-0.567178182154,
    5.833078555327));
#8010 = CARTESIAN_POINT('',(4.272229247302,-0.56244965027,5.942735729628
    ));
#8011 = CARTESIAN_POINT('',(4.263212903907,-0.561262626546,6.));
#8012 = CARTESIAN_POINT('',(3.4,0.,-1.));
#8013 = CARTESIAN_POINT('',(3.525491853067,0.,-0.945915960696));
#8014 = CARTESIAN_POINT('',(3.312287918943,0.,-0.832465754706));
#8015 = CARTESIAN_POINT('',(3.519101601578,0.,-0.666031992455));
#8016 = CARTESIAN_POINT('',(3.798767123776,0.,-0.500065658372));
#8017 = CARTESIAN_POINT('',(4.03433756042,0.,-0.333310426054));
#8018 = CARTESIAN_POINT('',(4.375086735193,0.,-0.167651462254));
#8019 = CARTESIAN_POINT('',(4.262573355362,0.,-9.481367651137E-07));
#8020 = CARTESIAN_POINT('',(4.3753663864,0.,0.167655273713));
#8021 = CARTESIAN_POINT('',(4.033205426802,0.,0.333296937213));
#8022 = CARTESIAN_POINT('',(3.803016247989,0.,0.500115802373));
#8023 = CARTESIAN_POINT('',(3.503293990925,0.,0.665845574726));
#8024 = CARTESIAN_POINT('',(3.370678552746,0.,0.833154316416));
#8025 = CARTESIAN_POINT('',(3.414640401449,0.,0.999999999649));
#8026 = CARTESIAN_POINT('',(3.370678655969,0.,1.16684568499));
#8027 = CARTESIAN_POINT('',(3.503293575272,0.,1.334154420322));
#8028 = CARTESIAN_POINT('',(3.80301782091,0.,1.499884216189));
#8029 = CARTESIAN_POINT('',(4.03319955884,0.,1.666702993586));
#8030 = CARTESIAN_POINT('',(4.375388168909,0.,1.832344983153));
#8031 = CARTESIAN_POINT('',(4.262492952243,0.,2.));
#8032 = CARTESIAN_POINT('',(4.375388168948,0.,2.167655016847));
#8033 = CARTESIAN_POINT('',(4.033199558685,0.,2.333297006412));
#8034 = CARTESIAN_POINT('',(3.803017821492,0.,2.500115783817));
#8035 = CARTESIAN_POINT('',(3.503293573108,0.,2.665845579653));
#8036 = CARTESIAN_POINT('',(3.370678663962,0.,2.833154315104));
#8037 = CARTESIAN_POINT('',(3.414640371702,0.,3.));
#8038 = CARTESIAN_POINT('',(3.370678663906,0.,3.166845684896));
#8039 = CARTESIAN_POINT('',(3.503293573332,0.,3.334154420345));
#8040 = CARTESIAN_POINT('',(3.803017820642,0.,3.49988421619));
#8041 = CARTESIAN_POINT('',(4.033199561856,0.,3.666702993561));
#8042 = CARTESIAN_POINT('',(4.375388157175,0.,3.832344983253));
#8043 = CARTESIAN_POINT('',(4.262492995697,0.,3.999999999629));
#8044 = CARTESIAN_POINT('',(4.375388006,0.,4.167655018238));
#8045 = CARTESIAN_POINT('',(4.03320017387,0.,4.333297001163));
#8046 = CARTESIAN_POINT('',(3.803015523633,0.,4.500115803424));
#8047 = CARTESIAN_POINT('',(3.503302118674,0.,4.665845506737));
#8048 = CARTESIAN_POINT('',(3.370647098863,0.,4.833154584436));
#8049 = CARTESIAN_POINT('',(3.414757843765,0.,4.999998997659));
#8050 = CARTESIAN_POINT('',(3.370239689338,0.,5.166849430487));
#8051 = CARTESIAN_POINT('',(3.504942650853,0.,5.334140349441));
#8052 = CARTESIAN_POINT('',(3.796807404395,0.,5.499937207133));
#8053 = CARTESIAN_POINT('',(4.056360275178,0.,5.666505372662));
#8054 = CARTESIAN_POINT('',(4.28941520239,0.,5.833078555327));
#8055 = CARTESIAN_POINT('',(4.483348443856,0.,5.942735729628));
#8056 = CARTESIAN_POINT('',(4.3,0.,6.));
#8057 = ADVANCED_FACE('',(#8058),#8064,.F.);
#8058 = FACE_BOUND('',#8059,.F.);
#8059 = EDGE_LOOP('',(#8060,#8061,#8062,#8063));
#8060 = ORIENTED_EDGE('',*,*,#7918,.F.);
#8061 = ORIENTED_EDGE('',*,*,#162,.F.);
#8062 = ORIENTED_EDGE('',*,*,#1199,.T.);
#8063 = ORIENTED_EDGE('',*,*,#677,.T.);
#8064 = ( BOUNDED_SURFACE() B_SPLINE_SURFACE(1,3,(
    (#8065,#8066,#8067,#8068,#8069,#8070,#8071,#8072,#8073,#8074,#8075
      ,#8076,#8077,#8078,#8079,#8080,#8081,#8082,#8083,#8084,#8085,#8086
      ,#8087,#8088,#8089,#8090,#8091,#8092,#8093,#8094,#8095,#8096,#8097
      ,#8098,#8099,#8100,#8101,#8102,#8103,#8104,#8105,#8106,#8107,#8108
      ,#8109)
    ,(#8110,#8111,#8112,#8113,#8114,#8115,#8116,#8117,#8118,#8119,#8120
      ,#8121,#8122,#8123,#8124,#8125,#8126,#8127,#8128,#8129,#8130,#8131
      ,#8132,#8133,#8134,#8135,#8136,#8137,#8138,#8139,#8140,#8141,#8142
      ,#8143,#8144,#8145,#8146,#8147,#8148,#8149,#8150,#8151,#8152,#8153
,#8154
    )),.UNSPECIFIED.,.F.,.F.,.F.) B_SPLINE_SURFACE_WITH_KNOTS((2,2),(4,1
    ,1,1,1,1,1,1,1,1,1,1,1,1,1,1,1,1,1,1,1,1,1,1,1,1,1,1,1,1,1,1,1,1,1,1
    ,1,1,1,1,1,1,4),(0.,1.),(0.,2.367208350872E-02,4.740980147591E-02,
    7.134334288179E-02,9.527688428768E-02,0.119185059348,0.142857142857,
    0.166529226366,0.190437401427,0.214370942832,0.238304484238,
    0.262042202206,0.285714285714,0.309386369223,0.33312408719,
    0.357057628596,0.380991170002,0.404899345063,0.428571428571,
    0.45224351208,0.476151687141,0.500085228547,0.524018769953,
    0.54775648792,0.571428571429,0.595100654937,0.618838372904,
    0.64277191431,0.666705455716,0.690613630777,0.714285714286,
    0.737957797794,0.761865972855,0.785799514261,0.809733055667,
    0.833470773634,0.857142857143,0.880814940652,0.904552658619,
    0.928486200025,0.952419741431,0.976327916491,1.),.UNSPECIFIED.) 
GEOMETRIC_REPRESENTATION_ITEM() RATIONAL_B_SPLINE_SURFACE((
    (1.,1.000000000024,0.999999999989,1.000000000003,0.999999999999,1.
      ,1.,1.,1.,1.,1.,1.,1.,1.,1.,1.,1.,1.,1.,1.,1.,1.,1.,1.,1.,1.,1.,1.
      ,1.,1.,1.,1.,1.,1.,1.,1.,1.,1.,1.,1.,1.000000000002,0.999999999993
      ,1.000000000024,0.999999999948,1.)
    ,(1.,1.000000000024,0.999999999989,1.000000000003,0.999999999999,1.
      ,1.,1.,1.,1.,1.,1.,1.,1.,1.,1.,1.,1.,1.,1.,1.,1.,1.,1.,1.,1.,1.,1.
      ,1.,1.,1.,1.,1.,1.,1.,1.,1.,1.,1.,1.,1.000000000002,0.999999999993
,1.000000000024,0.999999999948,1.
  ))) REPRESENTATION_ITEM('') SURFACE() );
#8065 = CARTESIAN_POINT('',(3.4,0.,-1.));
#8066 = CARTESIAN_POINT('',(3.525491853067,0.,-0.945915960696));
#8067 = CARTESIAN_POINT('',(3.312287918943,0.,-0.832465754706));
#8068 = CARTESIAN_POINT('',(3.519101601578,0.,-0.666031992455));
#8069 = CARTESIAN_POINT('',(3.798767123776,0.,-0.500065658372));
#8070 = CARTESIAN_POINT('',(4.03433756042,0.,-0.333310426054));
#8071 = CARTESIAN_POINT('',(4.375086735193,0.,-0.167651462254));
#8072 = CARTESIAN_POINT('',(4.262573355362,0.,-9.481367651137E-07));
#8073 = CARTESIAN_POINT('',(4.3753663864,0.,0.167655273713));
#8074 = CARTESIAN_POINT('',(4.033205426802,0.,0.333296937213));
#8075 = CARTESIAN_POINT('',(3.803016247989,0.,0.500115802373));
#8076 = CARTESIAN_POINT('',(3.503293990925,0.,0.665845574726));
#8077 = CARTESIAN_POINT('',(3.370678552746,0.,0.833154316416));
#8078 = CARTESIAN_POINT('',(3.414640401449,0.,0.999999999649));
#8079 = CARTESIAN_POINT('',(3.370678655969,0.,1.16684568499));
#8080 = CARTESIAN_POINT('',(3.503293575272,0.,1.334154420322));
#8081 = CARTESIAN_POINT('',(3.80301782091,0.,1.499884216189));
#8082 = CARTESIAN_POINT('',(4.03319955884,0.,1.666702993586));
#8083 = CARTESIAN_POINT('',(4.375388168909,0.,1.832344983153));
#8084 = CARTESIAN_POINT('',(4.262492952243,0.,2.));
#8085 = CARTESIAN_POINT('',(4.375388168948,0.,2.167655016847));
#8086 = CARTESIAN_POINT('',(4.033199558685,0.,2.333297006412));
#8087 = CARTESIAN_POINT('',(3.803017821492,0.,2.500115783817));
#8088 = CARTESIAN_POINT('',(3.503293573108,0.,2.665845579653));
#8089 = CARTESIAN_POINT('',(3.370678663962,0.,2.833154315104));
#8090 = CARTESIAN_POINT('',(3.414640371702,0.,3.));
#8091 = CARTESIAN_POINT('',(3.370678663906,0.,3.166845684896));
#8092 = CARTESIAN_POINT('',(3.503293573332,0.,3.334154420345));
#8093 = CARTESIAN_POINT('',(3.803017820642,0.,3.49988421619));
#8094 = CARTESIAN_POINT('',(4.033199561856,0.,3.666702993561));
#8095 = CARTESIAN_POINT('',(4.375388157175,0.,3.832344983253));
#8096 = CARTESIAN_POINT('',(4.262492995697,0.,3.999999999629));
#8097 = CARTESIAN_POINT('',(4.375388006,0.,4.167655018238));
#8098 = CARTESIAN_POINT('',(4.03320017387,0.,4.333297001163));
#8099 = CARTESIAN_POINT('',(3.803015523633,0.,4.500115803424));
#8100 = CARTESIAN_POINT('',(3.503302118674,0.,4.665845506737));
#8101 = CARTESIAN_POINT('',(3.370647098863,0.,4.833154584436));
#8102 = CARTESIAN_POINT('',(3.414757843765,0.,4.999998997659));
#8103 = CARTESIAN_POINT('',(3.370239689338,0.,5.166849430487));
#8104 = CARTESIAN_POINT('',(3.504942650853,0.,5.334140349441));
#8105 = CARTESIAN_POINT('',(3.796807404395,0.,5.499937207133));
#8106 = CARTESIAN_POINT('',(4.056360275178,0.,5.666505372662));
#8107 = CARTESIAN_POINT('',(4.28941520239,0.,5.833078555327));
#8108 = CARTESIAN_POINT('',(4.483348443856,0.,5.942735729628));
#8109 = CARTESIAN_POINT('',(4.3,0.,6.));
#8110 = CARTESIAN_POINT('',(3.370912528671,0.443789053548,-1.));
#8111 = CARTESIAN_POINT('',(3.586840944058,0.472216568745,
    -0.945915960696));
#8112 = CARTESIAN_POINT('',(3.266619058018,0.43005855765,-0.832465754706
    ));
#8113 = CARTESIAN_POINT('',(3.411580559874,0.449143101429,
    -0.666031992455));
#8114 = CARTESIAN_POINT('',(3.704820867156,0.487748920275,
    -0.500065658372));
#8115 = CARTESIAN_POINT('',(3.935115126836,0.518067734742,
    -0.333310426054));
#8116 = CARTESIAN_POINT('',(4.269997760998,0.562155869928,
    -0.167651462254));
#8117 = CARTESIAN_POINT('',(4.25005762011,0.559530700578,
    -9.481367651137E-07));
#8118 = CARTESIAN_POINT('',(4.309311588258,0.567331633477,0.167655273713
    ));
#8119 = CARTESIAN_POINT('',(4.090056272944,0.538466123606,0.333296937213
    ));
#8120 = CARTESIAN_POINT('',(3.822134598492,0.503193566007,0.500115802373
    ));
#8121 = CARTESIAN_POINT('',(3.563190766809,0.469102963831,0.665845574726
    ));
#8122 = CARTESIAN_POINT('',(3.319491234507,0.437019311742,0.833154316416
    ));
#8123 = CARTESIAN_POINT('',(3.385558961774,0.445717293047,0.999999999649
    ));
#8124 = CARTESIAN_POINT('',(3.36366687149,0.442835144684,1.16684568499)
  );
#8125 = CARTESIAN_POINT('',(3.385306968095,0.44568411745,1.334154420322)
  );
#8126 = CARTESIAN_POINT('',(3.711885701128,0.488679023312,1.499884216189
    ));
#8127 = CARTESIAN_POINT('',(3.933223721269,0.517818726475,1.666702993586
    ));
#8128 = CARTESIAN_POINT('',(4.270498756269,0.562221827207,1.832344983153
    ));
#8129 = CARTESIAN_POINT('',(4.24992398681,0.55951310742,2.));
#8130 = CARTESIAN_POINT('',(4.309347791751,0.567336399757,2.167655016847
    ));
#8131 = CARTESIAN_POINT('',(4.090046519892,0.538464839592,2.333297006412
    ));
#8132 = CARTESIAN_POINT('',(3.822137213718,0.503193910308,2.500115783817
    ));
#8133 = CARTESIAN_POINT('',(3.563190072378,0.469102872407,2.665845579653
    ));
#8134 = CARTESIAN_POINT('',(3.319491419355,0.437019336078,2.833154315104
    ));
#8135 = CARTESIAN_POINT('',(3.385558912327,0.445717286537,3.));
#8136 = CARTESIAN_POINT('',(3.363666884703,0.442835146423,3.166845684896
    ));
#8137 = CARTESIAN_POINT('',(3.385306964791,0.445684117015,3.334154420345
    ));
#8138 = CARTESIAN_POINT('',(3.711885700986,0.488679023294,3.49988421619)
  );
#8139 = CARTESIAN_POINT('',(3.933223725149,0.517818726986,3.666702993561
    ));
#8140 = CARTESIAN_POINT('',(4.270498740976,0.562221825193,3.832344983253
    ));
#8141 = CARTESIAN_POINT('',(4.249924043493,0.559513114883,3.999999999629
    ));
#8142 = CARTESIAN_POINT('',(4.30934757918,0.567336371771,4.167655018238)
  );
#8143 = CARTESIAN_POINT('',(4.090047322427,0.538464945248,4.333297001163
    ));
#8144 = CARTESIAN_POINT('',(3.822134216062,0.503193515659,4.500115803424
    ));
#8145 = CARTESIAN_POINT('',(3.563201220441,0.469104340078,4.665845506737
    ));
#8146 = CARTESIAN_POINT('',(3.319450241309,0.437013914885,4.833154584436
    ));
#8147 = CARTESIAN_POINT('',(3.385712159744,0.445737461943,4.999998997659
    ));
#8148 = CARTESIAN_POINT('',(3.363094223275,0.442759754114,5.166849430487
    ));
#8149 = CARTESIAN_POINT('',(3.387458258185,0.445967340169,5.334140349441
    ));
#8150 = CARTESIAN_POINT('',(3.703783942713,0.487612406561,5.499937207133
    ));
#8151 = CARTESIAN_POINT('',(3.963437883639,0.521796496493,5.666505372662
    ));
#8152 = CARTESIAN_POINT('',(4.158343279889,0.547456278328,5.833078555327
    ));
#8153 = CARTESIAN_POINT('',(4.495945543168,0.591902460404,5.942735729628
    ));
#8154 = CARTESIAN_POINT('',(4.263212903907,0.561262626546,6.));
#8155 = ( GEOMETRIC_REPRESENTATION_CONTEXT(3) 
GLOBAL_UNCERTAINTY_ASSIGNED_CONTEXT((#8159)) 
GLOBAL_UNIT_ASSIGNED_CONTEXT((#8156,#8157,#8158)) REPRESENTATION_CONTEXT
('Context #1','3D Context with UNIT and UNCERTAINTY') );
#8156 = ( LENGTH_UNIT() NAMED_UNIT(*) SI_UNIT(.MILLI.,.METRE.) );
#8157 = ( NAMED_UNIT(*) PLANE_ANGLE_UNIT() SI_UNIT($,.RADIAN.) );
#8158 = ( NAMED_UNIT(*) SI_UNIT($,.STERADIAN.) SOLID_ANGLE_UNIT() );
#8159 = UNCERTAINTY_MEASURE_WITH_UNIT(LENGTH_MEASURE(5.E-06),#8156,
  'distance_accuracy_value','confusion accuracy');
#8160 = PRODUCT_RELATED_PRODUCT_CATEGORY('part',$,(#7));
ENDSEC;
END-ISO-10303-21;
